ticker,taxonomy,concept,label,category,unit,observations,first_filed,last_filed,first_period_end,last_period_end,forms,existing_extractor,accepted_by_filter,filter_rejections
ASTS,dei,EntityPublicFloat,Entity Public Float,other,USD,10,2020-03-30,2026-03-02,2019-06-30,2025-06-30,10-K; 10-K/A,False,not selected,{}
ASTS,us-gaap,AccountsPayableAndAccruedLiabilitiesCurrent,"Accounts Payable and Accrued Liabilities, Current",other,USD,14,2019-11-08,2021-05-18,2019-09-30,2021-03-31,10-K; 10-K/A; 10-Q,False,not selected,{}
ASTS,us-gaap,AccountsPayableAndAccruedLiabilitiesCurrentAndNoncurrent,Accounts Payable and Accrued Liabilities,other,USD,12,2020-05-14,2021-05-18,2019-09-30,2021-03-31,10-K; 10-K/A; 10-Q,False,not selected,{}
ASTS,us-gaap,AccountsPayableCurrent,"Accounts Payable, Current",other,USD,42,2021-08-16,2026-08-10,2020-12-31,2026-06-30,10-K; 10-Q,False,not selected,{}
ASTS,us-gaap,AccountsReceivableNetCurrent,"Accounts Receivable, after Allowance for Credit Loss, Current",other,USD,22,2021-08-16,2026-08-10,2020-12-31,2026-06-30,10-K; 10-Q,False,not selected,{}
ASTS,us-gaap,AccumulatedDepreciationDepletionAndAmortizationPropertyPlantAndEquipment,"Accumulated Depreciation, Depletion and Amortization, Property, Plant, and Equipment",other,USD,42,2021-08-16,2026-08-10,2020-12-31,2026-06-30,10-K; 10-Q,False,not selected,{}
ASTS,us-gaap,AccumulatedOtherComprehensiveIncomeLossNetOfTax,"Accumulated Other Comprehensive Income (Loss), Net of Tax",other,USD,42,2021-08-16,2026-08-10,2020-12-31,2026-06-30,10-K; 10-Q,False,not selected,{}
ASTS,us-gaap,AdditionalPaidInCapital,Additional Paid in Capital,other,USD,57,2019-11-08,2026-08-10,2019-09-13,2026-06-30,10-K; 10-K/A; 10-Q,False,not selected,{}
ASTS,us-gaap,AdjustmentsToAdditionalPaidInCapitalWarrantIssued,"Adjustments to Additional Paid in Capital, Warrant Issued",other,USD,25,2021-05-06,2026-08-10,2019-12-31,2026-06-30,10-K; 10-K/A; 10-Q,False,not selected,{}
ASTS,us-gaap,AllocatedShareBasedCompensationExpense,"Share-based Payment Arrangement, Expense",other,USD,66,2021-08-16,2026-08-10,2020-06-30,2026-06-30,10-K; 10-Q,False,not selected,{}
ASTS,us-gaap,AmortizationOfIntangibleAssets,Amortization of Intangible Assets,other,USD,11,2021-08-16,2022-05-16,2020-06-30,2022-03-31,10-K; 10-Q,False,not selected,{}
ASTS,us-gaap,Assets,Assets,other,USD,56,2019-11-08,2026-08-10,2019-09-30,2026-06-30,10-K; 10-K/A; 10-Q,False,not selected,{}
ASTS,us-gaap,AssetsCurrent,"Assets, Current",other,USD,56,2019-11-08,2026-08-10,2019-09-30,2026-06-30,10-K; 10-K/A; 10-Q,False,not selected,{}
ASTS,us-gaap,AssetsHeldInTrust,Assets Held-in-trust,other,USD,8,2019-11-08,2021-05-18,2019-09-19,2020-12-31,10-K; 10-K/A; 10-Q,False,not selected,{}
ASTS,us-gaap,AssetsHeldInTrustNoncurrent,"Assets Held-in-trust, Noncurrent",other,USD,6,2019-11-08,2021-03-01,2019-09-30,2020-12-31,10-K; 10-Q,False,not selected,{}
ASTS,us-gaap,AssetsNet,Net Assets,other,USD,7,2019-11-08,2021-05-06,2019-09-19,2020-12-31,10-K; 10-K/A; 10-Q,False,not selected,{}
ASTS,us-gaap,BusinessAcquisitionCostOfAcquiredEntityTransactionCosts,"Business Acquisition, Transaction Costs",other,USD,6,2019-11-08,2021-03-01,2019-09-30,2020-12-31,10-K; 10-Q,False,not selected,{}
ASTS,us-gaap,BusinessAcquisitionPercentageOfVotingInterestsAcquired,"Business Acquisition, Percentage of Voting Interests Acquired",other,pure,6,2019-11-08,2021-03-01,2019-09-30,2020-12-31,10-K; 10-Q,False,not selected,{}
ASTS,us-gaap,BusinessCombinationStepAcquisitionEquityInterestInAcquireePercentage,"Business Combination, Step Acquisition, Equity Interest in Acquiree, Percentage",other,pure,8,2019-11-08,2021-05-18,2019-09-30,2021-03-31,10-K; 10-K/A; 10-Q,False,not selected,{}
ASTS,us-gaap,CashAndCashEquivalentsAtCarryingValue,"Cash and Cash Equivalents, at Carrying Value",other,USD,57,2019-11-08,2026-08-10,2019-09-30,2026-06-30,10-K; 10-K/A; 10-Q,False,not selected,{}
ASTS,us-gaap,CashAndCashEquivalentsPeriodIncreaseDecrease,"Cash and Cash Equivalents, Period Increase (Decrease)",other,USD,3,2019-11-08,2020-05-14,2019-09-30,2020-03-31,10-K; 10-Q,False,not selected,{}
ASTS,us-gaap,CashCashEquivalentsRestrictedCashAndRestrictedCashEquivalentsIncludingDisposalGroupAndDiscontinuedOperations,"Cash, Cash Equivalents, Restricted Cash and Restricted Cash Equivalents, Including Disposal Group and Discontinued Operations",other,USD,87,2021-05-06,2026-08-10,2019-12-31,2026-06-30,10-K; 10-K/A; 10-Q,False,not selected,{}
ASTS,us-gaap,CashCashEquivalentsRestrictedCashAndRestrictedCashEquivalentsPeriodIncreaseDecreaseExcludingExchangeRateEffect,"Cash, Cash Equivalents, Restricted Cash and Restricted Cash Equivalents, Period Increase (Decrease), Excluding Exchange Rate Effect",other,USD,5,2020-08-13,2021-03-01,2019-09-30,2020-12-31,10-K; 10-Q,False,not selected,{}
ASTS,us-gaap,CashCashEquivalentsRestrictedCashAndRestrictedCashEquivalentsPeriodIncreaseDecreaseIncludingExchangeRateEffect,"Cash, Cash Equivalents, Restricted Cash and Restricted Cash Equivalents, Period Increase (Decrease), Including Exchange Rate Effect",other,USD,48,2021-05-06,2026-08-10,2019-12-31,2026-06-30,10-K; 10-K/A; 10-Q,False,not selected,{}
ASTS,us-gaap,CashEquivalentsAtCarryingValue,"Cash Equivalents, at Carrying Value",other,USD,1,2021-11-15,2021-11-15,2021-09-30,2021-09-30,10-Q,False,not selected,{}
ASTS,us-gaap,CashFDICInsuredAmount,"Cash, FDIC Insured Amount",other,USD,1,2021-05-18,2021-05-18,2021-03-31,2021-03-31,10-Q,False,not selected,{}
ASTS,us-gaap,ClassOfWarrantOrRightExercisePriceOfWarrantsOrRights1,"Class of Warrant or Right, Exercise Price of Warrants or Rights",other,USD/shares,6,2019-11-08,2021-05-06,2019-09-19,2020-03-31,10-K; 10-K/A; 10-Q,False,not selected,{}
ASTS,us-gaap,ComprehensiveIncomeNetOfTax,"Comprehensive Income (Loss), Net of Tax, Attributable to Parent",other,USD,66,2021-08-16,2026-08-10,2020-06-30,2026-06-30,10-K; 10-Q,False,not selected,{}
ASTS,us-gaap,ComprehensiveIncomeNetOfTaxAttributableToNoncontrollingInterest,"Comprehensive Income (Loss), Net of Tax, Attributable to Noncontrolling Interest",other,USD,66,2021-08-16,2026-08-10,2020-06-30,2026-06-30,10-K; 10-Q,False,not selected,{}
ASTS,us-gaap,ComprehensiveIncomeNetOfTaxIncludingPortionAttributableToNoncontrollingInterest,"Comprehensive Income (Loss), Net of Tax, Including Portion Attributable to Noncontrolling Interest",other,USD,66,2021-08-16,2026-08-10,2020-06-30,2026-06-30,10-K; 10-Q,False,not selected,{}
ASTS,us-gaap,ConstructionInProgressGross,"Construction in Progress, Gross",other,USD,16,2021-08-16,2023-05-15,2020-12-31,2023-03-31,10-K; 10-Q,False,not selected,{}
ASTS,us-gaap,ContractWithCustomerLiabilityCurrent,"Contract with Customer, Liability, Current",other,USD,22,2021-08-16,2026-08-10,2020-12-31,2026-06-30,10-K; 10-Q,False,not selected,{}
ASTS,us-gaap,CostOfRevenue,Cost of Revenue,revenue_candidate_VERIFY_scope_and_currency,USD,34,2021-08-16,2024-04-01,2020-06-30,2023-12-31,10-K; 10-Q,False,not selected,{}
ASTS,us-gaap,CurrentFederalTaxExpenseBenefit,Current Federal Tax Expense (Benefit),other,USD,17,2020-03-30,2026-03-02,2019-12-31,2025-12-31,10-K; 10-K/A,False,not selected,{}
ASTS,us-gaap,DeferredFederalIncomeTaxExpenseBenefit,Deferred Federal Income Tax Expense (Benefit),other,USD,17,2020-03-30,2026-03-02,2019-12-31,2025-12-31,10-K; 10-K/A,False,not selected,{}
ASTS,us-gaap,DeferredFinanceCostsNet,"Debt Issuance Costs, Net",other,USD,2,2021-08-16,2022-03-31,2020-06-30,2021-12-31,10-K; 10-Q,False,not selected,{}
ASTS,us-gaap,DeferredIncomeTaxesAndTaxCredits,Deferred Income Taxes and Tax Credits,other,USD,12,2019-11-08,2021-05-18,2019-09-30,2021-03-31,10-K; 10-K/A; 10-Q,False,not selected,{}
ASTS,us-gaap,DeferredIncomeTaxLiabilities,"Deferred Tax Liabilities, Gross",other,USD,5,2020-03-30,2026-03-02,2019-12-31,2025-12-31,10-K,False,not selected,{}
ASTS,us-gaap,DeferredIncomeTaxLiabilitiesNet,"Deferred Income Tax Liabilities, Net",other,USD,9,2020-08-13,2021-05-18,2019-12-31,2020-12-31,10-K; 10-K/A; 10-Q,False,not selected,{}
ASTS,us-gaap,DeferredTaxAssetsNet,"Deferred Tax Assets, Net of Valuation Allowance",other,USD,4,2021-08-16,2026-03-02,2021-06-30,2025-12-31,10-K; 10-Q,False,not selected,{}
ASTS,us-gaap,DeferredTaxLiabilities,"Deferred Tax Liabilities, Net",other,USD,4,2020-03-30,2026-03-02,2019-12-31,2025-12-31,10-K,False,not selected,{}
ASTS,us-gaap,DeferredTaxLiabilitiesNoncurrent,"Deferred Tax Liabilities, Net, Noncurrent",other,USD,4,2019-11-08,2020-05-14,2019-09-30,2020-03-31,10-K; 10-Q,False,not selected,{}
ASTS,us-gaap,DeferredTaxLiabilitiesOther,"Deferred Tax Liabilities, Other",other,USD,2,2021-05-06,2021-05-06,2019-12-31,2020-12-31,10-K/A,False,not selected,{}
ASTS,us-gaap,DepositsMoneyMarketDeposits,"Deposits, Money Market Deposits",other,USD,4,2020-08-13,2021-05-06,2020-06-30,2020-12-31,10-K; 10-K/A; 10-Q,False,not selected,{}
ASTS,us-gaap,Depreciation,Depreciation,other,USD,57,2021-08-16,2025-11-10,2020-06-30,2025-09-30,10-K; 10-Q,False,not selected,{}
ASTS,us-gaap,DepreciationAndAmortization,"Depreciation, Depletion and Amortization, Nonproduction",other,USD,66,2021-08-16,2026-08-10,2020-06-30,2026-06-30,10-K; 10-Q,False,not selected,{}
ASTS,us-gaap,DiscontinuedOperationProvisionForLossGainOnDisposalBeforeIncomeTax,"Discontinued Operation, Provision for Loss (Gain) on Disposal, before Income Tax",other,USD,5,2020-03-30,2021-05-06,2019-12-31,2020-12-31,10-K; 10-K/A,False,not selected,{}
ASTS,us-gaap,DueToRelatedPartiesCurrent,"Due to Related Parties, Current",other,USD,1,2021-05-18,2021-05-18,2021-03-31,2021-03-31,10-Q,False,not selected,{}
ASTS,us-gaap,EarningsPerShareBasic,"Earnings Per Share, Basic",other,USD/shares,10,2021-11-15,2022-11-14,2021-06-30,2022-09-30,10-Q,False,not selected,{}
ASTS,us-gaap,EarningsPerShareBasicAndDiluted,"Earnings Per Share, Basic and Diluted",other,USD/shares,28,2019-11-08,2022-05-16,2019-06-30,2022-03-31,10-K; 10-K/A; 10-Q,False,not selected,{}
ASTS,us-gaap,EarningsPerShareDiluted,"Earnings Per Share, Diluted",other,USD/shares,16,2019-11-08,2022-11-14,2019-09-30,2022-09-30,10-K; 10-Q,False,not selected,{}
ASTS,us-gaap,EffectiveIncomeTaxRateContinuingOperations,"Effective Income Tax Rate Reconciliation, Percent",other,pure,14,2021-05-06,2026-03-02,2019-12-31,2025-12-31,10-K; 10-K/A,False,not selected,{}
ASTS,us-gaap,EffectiveIncomeTaxRateReconciliationAtFederalStatutoryIncomeTaxRate,"Effective Income Tax Rate Reconciliation, at Federal Statutory Income Tax Rate, Percent",other,pure,33,2020-03-30,2026-08-10,2019-12-31,2026-06-30,10-K; 10-K/A; 10-Q,False,not selected,{}
ASTS,us-gaap,EffectiveIncomeTaxRateReconciliationTaxCredits,"Effective Income Tax Rate Reconciliation, Tax Credit, Percent",other,pure,53,2021-08-16,2026-08-10,2020-06-30,2026-06-30,10-Q,False,not selected,{}
ASTS,us-gaap,EffectOfExchangeRateOnCashAndCashEquivalents,Effect of Exchange Rate on Cash and Cash Equivalents,other,USD,8,2021-08-16,2022-05-16,2020-06-30,2022-03-31,10-K; 10-Q,False,not selected,{}
ASTS,us-gaap,EquityMethodInvestmentOwnershipPercentage,"Equity Method Investment, Ownership Percentage",other,pure,8,2019-11-08,2021-05-18,2019-09-30,2021-03-31,10-K; 10-K/A; 10-Q,False,not selected,{}
ASTS,us-gaap,FairValueAdjustmentOfWarrants,Fair Value Adjustment of Warrants,other,USD,74,2021-05-06,2026-08-10,2019-09-30,2026-06-30,10-K; 10-K/A; 10-Q,False,not selected,{}
ASTS,us-gaap,FairValueMeasurementWithUnobservableInputsReconciliationRecurringBasisAssetTransfersNet,"Fair Value, Measurement with Unobservable Inputs Reconciliation, Recurring Basis, Asset, Transfers, Net",other,USD,1,2021-05-06,2021-05-06,2019-12-31,2019-12-31,10-K/A,False,not selected,{}
ASTS,us-gaap,FederalDepositInsuranceCorporationPremiumExpense,Federal Deposit Insurance Corporation Premium Expense,other,USD,7,2019-11-08,2021-05-06,2019-09-30,2020-12-31,10-K; 10-K/A; 10-Q,False,not selected,{}
ASTS,us-gaap,FiniteLivedIntangibleAssetsAccumulatedAmortization,"Finite-Lived Intangible Assets, Accumulated Amortization",other,USD,6,2021-08-16,2022-03-31,2020-12-31,2021-12-31,10-K; 10-Q,False,not selected,{}
ASTS,us-gaap,FiniteLivedIntangibleAssetsAmortizationExpenseNextTwelveMonths,"Finite-Lived Intangible Asset, Expected Amortization, Year One",other,USD,3,2021-08-16,2022-03-31,2021-06-30,2021-12-31,10-K; 10-Q,False,not selected,{}
ASTS,us-gaap,FiniteLivedIntangibleAssetsAmortizationExpenseRemainderOfFiscalYear,"Finite-Lived Intangible Asset, Expected Amortization, Remainder of Fiscal Year",other,USD,2,2021-08-16,2021-11-15,2021-06-30,2021-09-30,10-Q,False,not selected,{}
ASTS,us-gaap,FiniteLivedIntangibleAssetsAmortizationExpenseYearFour,"Finite-Lived Intangible Asset, Expected Amortization, Year Four",other,USD,3,2021-08-16,2022-03-31,2021-06-30,2021-12-31,10-K; 10-Q,False,not selected,{}
ASTS,us-gaap,FiniteLivedIntangibleAssetsAmortizationExpenseYearThree,"Finite-Lived Intangible Asset, Expected Amortization, Year Three",other,USD,3,2021-08-16,2022-03-31,2021-06-30,2021-12-31,10-K; 10-Q,False,not selected,{}
ASTS,us-gaap,FiniteLivedIntangibleAssetsAmortizationExpenseYearTwo,"Finite-Lived Intangible Asset, Expected Amortization, Year Two",other,USD,3,2021-08-16,2022-03-31,2021-06-30,2021-12-31,10-K; 10-Q,False,not selected,{}
ASTS,us-gaap,FiniteLivedIntangibleAssetsGross,"Finite-Lived Intangible Assets, Gross",other,USD,6,2021-08-16,2022-03-31,2020-12-31,2021-12-31,10-K; 10-Q,False,not selected,{}
ASTS,us-gaap,FiniteLivedIntangibleAssetsNet,"Finite-Lived Intangible Assets, Net",other,USD,6,2021-08-16,2022-03-31,2020-12-31,2021-12-31,10-K; 10-Q,False,not selected,{}
ASTS,us-gaap,GeneralAndAdministrativeExpense,General and Administrative Expense,other,USD,66,2021-08-16,2026-08-10,2020-06-30,2026-06-30,10-K; 10-Q,False,not selected,{}
ASTS,us-gaap,Goodwill,Goodwill,other,USD,17,2021-08-16,2023-03-31,2019-12-31,2022-12-31,10-K; 10-Q,False,not selected,{}
ASTS,us-gaap,GoodwillForeignCurrencyTranslationGainLoss,"Goodwill, Foreign Currency Translation Gain (Loss)",other,USD,10,2021-08-16,2023-03-31,2020-12-31,2022-12-31,10-K; 10-Q,False,not selected,{}
ASTS,us-gaap,GoodwillImpairmentLoss,"Goodwill, Impairment Loss",other,USD,5,2021-08-16,2023-03-31,2020-06-30,2021-12-31,10-K; 10-Q,False,not selected,{}
ASTS,us-gaap,GrossProfit,Gross Profit,other,USD,34,2021-08-16,2024-04-01,2020-06-30,2023-12-31,10-K; 10-Q,False,not selected,{}
ASTS,us-gaap,IncomeLossFromContinuingOperationsBeforeIncomeTaxesExtraordinaryItemsNoncontrollingInterest,"Income (Loss) from Continuing Operations before Income Taxes, Noncontrolling Interest",other,USD,75,2019-11-08,2026-08-10,2019-06-30,2026-06-30,10-K; 10-Q,False,not selected,{}
ASTS,us-gaap,IncomeLossFromContinuingOperationsBeforeIncomeTaxesMinorityInterestAndIncomeLossFromEquityMethodInvestments,"Income (Loss) from Continuing Operations before Equity Method Investments, Income Taxes, Noncontrolling Interest",other,USD,8,2021-05-06,2021-08-16,2019-12-31,2021-06-30,10-K/A; 10-Q,False,not selected,{}
ASTS,us-gaap,IncomeTaxExaminationPenaltiesAndInterestAccrued,"Income Tax Examination, Penalties and Interest Accrued",other,USD,13,2021-08-16,2026-03-02,2020-12-31,2025-12-31,10-K; 10-Q,False,not selected,{}
ASTS,us-gaap,IncomeTaxExpenseBenefit,Income Tax Expense (Benefit),other,USD,78,2019-11-08,2026-08-10,2019-09-30,2026-06-30,10-K; 10-K/A; 10-Q,False,not selected,{}
ASTS,us-gaap,IncomeTaxesPaid,Income Taxes Paid,other,USD,5,2020-08-13,2021-05-18,2020-06-30,2021-03-31,10-K; 10-K/A; 10-Q,False,not selected,{}
ASTS,us-gaap,IncreaseDecreaseInAccountsPayableAndAccruedLiabilities,Increase (Decrease) in Accounts Payable and Accrued Liabilities,other,USD,57,2019-11-08,2026-08-10,2019-06-30,2026-06-30,10-K; 10-K/A; 10-Q,False,not selected,{}
ASTS,us-gaap,IncreaseDecreaseInAccountsReceivable,Increase (Decrease) in Accounts Receivable,other,USD,34,2021-08-16,2026-08-10,2020-06-30,2026-06-30,10-K; 10-Q,False,not selected,{}
ASTS,us-gaap,IncreaseDecreaseInAccruedIncomeTaxesPayable,Increase (Decrease) in Income Taxes Payable,other,USD,11,2019-11-08,2021-05-18,2019-09-30,2020-12-31,10-K; 10-K/A; 10-Q,False,not selected,{}
ASTS,us-gaap,IncreaseDecreaseInDeferredRevenue,Increase (Decrease) in Deferred Revenue,revenue_candidate_VERIFY_scope_and_currency,USD,22,2021-08-16,2024-04-01,2020-06-30,2023-12-31,10-K; 10-Q,False,not selected,{}
ASTS,us-gaap,IncreaseDecreaseInInventories,Increase (Decrease) in Inventories,other,USD,34,2021-08-16,2026-08-10,2020-06-30,2026-06-30,10-K; 10-Q,False,not selected,{}
ASTS,us-gaap,IncreaseDecreaseInOperatingLeaseLiability,,other,USD,37,2021-08-16,2025-11-10,2020-06-30,2025-09-30,10-K; 10-Q,False,not selected,{}
ASTS,us-gaap,IncreaseDecreaseInOtherOperatingCapitalNet,"Increase (Decrease) in Other Operating Assets and Liabilities, Net",other,USD,44,2021-08-16,2026-08-10,2020-06-30,2026-06-30,10-K; 10-Q,False,not selected,{}
ASTS,us-gaap,IncreaseDecreaseInPrepaidDeferredExpenseAndOtherAssets,Increase (Decrease) in Prepaid Expense and Other Assets,other,USD,48,2021-05-06,2026-08-10,2019-12-31,2026-06-30,10-K; 10-K/A; 10-Q,False,not selected,{}
ASTS,us-gaap,IncreaseDecreaseInPrepaidExpense,Increase (Decrease) in Prepaid Expense,other,USD,3,2019-11-08,2020-05-14,2019-09-30,2020-03-31,10-K; 10-Q,False,not selected,{}
ASTS,us-gaap,IncreaseDecreaseInPrepaidExpensesOther,"Increase (Decrease) in Prepaid Expenses, Other",other,USD,5,2020-08-13,2021-03-01,2019-09-30,2020-12-31,10-K; 10-Q,False,not selected,{}
ASTS,us-gaap,IncreaseDecreaseInPrepaidTaxes,Increase (Decrease) in Prepaid Taxes,other,USD,4,2020-08-13,2021-05-06,2020-06-30,2020-12-31,10-K; 10-K/A; 10-Q,False,not selected,{}
ASTS,us-gaap,IncrementalCommonSharesAttributableToCallOptionsAndWarrants,Incremental Common Shares Attributable to Dilutive Effect of Call Options and Warrants,other_share_concept_NOT_automatically_outstanding,shares,3,2021-11-15,2022-11-14,2021-09-30,2021-09-30,10-Q,False,not selected,{}
ASTS,us-gaap,IntangibleAssetsNetExcludingGoodwill,"Intangible Assets, Net (Excluding Goodwill)",other,USD,8,2021-08-16,2022-05-16,2020-12-31,2022-03-31,10-K; 10-Q,False,not selected,{}
ASTS,us-gaap,InterestIncomeExpenseNonoperatingNet,"Interest Income (Expense), Nonoperating, Net",other,USD,60,2021-08-16,2026-08-10,2020-06-30,2026-06-30,10-K; 10-Q,False,not selected,{}
ASTS,us-gaap,InterestIncomeOperating,"Interest Income, Operating",other,USD,6,2020-05-14,2021-05-18,2020-03-31,2021-03-31,10-K; 10-K/A; 10-Q,False,not selected,{}
ASTS,us-gaap,InterestIncomeOther,"Interest Income, Other",other,USD,34,2019-11-08,2026-08-10,2019-09-30,2026-06-30,10-K; 10-Q,False,not selected,{}
ASTS,us-gaap,InventoryNet,"Inventory, Net",other,USD,22,2021-08-16,2026-08-10,2020-12-31,2026-06-30,10-K; 10-Q,False,not selected,{}
ASTS,us-gaap,LeaseCost,"Lease, Cost",other,USD,20,2021-08-16,2026-03-02,2020-06-30,2025-12-31,10-K; 10-Q,False,not selected,{}
ASTS,us-gaap,LesseeOperatingLeaseDiscountRate,"Lessee, Operating Lease, Discount Rate",other,pure,3,2021-08-16,2022-03-31,2021-06-30,2021-12-31,10-K; 10-Q,False,not selected,{}
ASTS,us-gaap,LesseeOperatingLeaseLiabilityPaymentsDue,"Lessee, Operating Lease, Liability, to be Paid",other,USD,7,2021-08-16,2026-03-02,2021-06-30,2025-12-31,10-K; 10-Q,False,not selected,{}
ASTS,us-gaap,LesseeOperatingLeaseLiabilityPaymentsDueAfterYearFive,"Lessee, Operating Lease, Liability, to be Paid, after Year Five",other,USD,7,2021-08-16,2026-03-02,2021-06-30,2025-12-31,10-K; 10-Q,False,not selected,{}
ASTS,us-gaap,LesseeOperatingLeaseLiabilityPaymentsDueNextTwelveMonths,"Lessee, Operating Lease, Liability, to be Paid, Year One",other,USD,6,2021-08-16,2026-03-02,2021-06-30,2025-12-31,10-K; 10-Q,False,not selected,{}
ASTS,us-gaap,LesseeOperatingLeaseLiabilityPaymentsDueYearFive,"Lessee, Operating Lease, Liability, to be Paid, Year Five",other,USD,7,2021-08-16,2026-03-02,2021-06-30,2025-12-31,10-K; 10-Q,False,not selected,{}
ASTS,us-gaap,LesseeOperatingLeaseLiabilityPaymentsDueYearFour,"Lessee, Operating Lease, Liability, to be Paid, Year Four",other,USD,7,2021-08-16,2026-03-02,2021-06-30,2025-12-31,10-K; 10-Q,False,not selected,{}
ASTS,us-gaap,LesseeOperatingLeaseLiabilityPaymentsDueYearThree,"Lessee, Operating Lease, Liability, to be Paid, Year Three",other,USD,7,2021-08-16,2026-03-02,2021-06-30,2025-12-31,10-K; 10-Q,False,not selected,{}
ASTS,us-gaap,LesseeOperatingLeaseLiabilityPaymentsDueYearTwo,"Lessee, Operating Lease, Liability, to be Paid, Year Two",other,USD,7,2021-08-16,2026-03-02,2021-06-30,2025-12-31,10-K; 10-Q,False,not selected,{}
ASTS,us-gaap,LesseeOperatingLeaseLiabilityUndiscountedExcessAmount,"Lessee, Operating Lease, Liability, Undiscounted Excess Amount",other,USD,7,2021-08-16,2026-03-02,2021-06-30,2025-12-31,10-K; 10-Q,False,not selected,{}
ASTS,us-gaap,Liabilities,Liabilities,other,USD,61,2019-11-08,2026-08-10,2019-09-13,2026-06-30,10-K; 10-K/A; 10-Q,False,not selected,{}
ASTS,us-gaap,LiabilitiesAndStockholdersEquity,Liabilities and Equity,other,USD,56,2019-11-08,2026-08-10,2019-09-30,2026-06-30,10-K; 10-K/A; 10-Q,False,not selected,{}
ASTS,us-gaap,LiabilitiesCurrent,"Liabilities, Current",other,USD,56,2019-11-08,2026-08-10,2019-09-30,2026-06-30,10-K; 10-K/A; 10-Q,False,not selected,{}
ASTS,us-gaap,MarketableSecuritiesNoncurrent,"Marketable Securities, Noncurrent",other,USD,14,2019-11-08,2021-05-18,2019-09-30,2021-03-31,10-K; 10-K/A; 10-Q,False,not selected,{}
ASTS,us-gaap,MarketableSecuritiesUnrealizedGainLoss,"Marketable Securities, Unrealized Gain (Loss)",other,USD,15,2019-11-08,2021-05-18,2019-09-30,2020-12-31,10-K; 10-K/A; 10-Q,False,not selected,{}
ASTS,us-gaap,MinorityInterest,Stockholders' Equity Attributable to Noncontrolling Interest,other,USD,42,2021-08-16,2026-08-10,2020-12-31,2026-06-30,10-K; 10-Q,False,not selected,{}
ASTS,us-gaap,NetCashProvidedByUsedInFinancingActivities,Net Cash Provided by (Used in) Financing Activities,other,USD,51,2019-11-08,2026-08-10,2019-09-30,2026-06-30,10-K; 10-K/A; 10-Q,False,not selected,{}
ASTS,us-gaap,NetCashProvidedByUsedInInvestingActivities,Net Cash Provided by (Used in) Investing Activities,other,USD,56,2019-11-08,2026-08-10,2019-09-30,2026-06-30,10-K; 10-K/A; 10-Q,False,not selected,{}
ASTS,us-gaap,NetCashProvidedByUsedInOperatingActivities,Net Cash Provided by (Used in) Operating Activities,other,USD,57,2019-11-08,2026-08-10,2019-09-30,2026-06-30,10-K; 10-K/A; 10-Q,False,not selected,{}
ASTS,us-gaap,NetIncomeLoss,Net Income (Loss) Attributable to Parent,other,USD,88,2019-11-08,2026-08-10,2019-06-30,2026-06-30,10-K; 10-K/A; 10-Q; DEF 14A,False,not selected,{}
ASTS,us-gaap,NetIncomeLossAttributableToNoncontrollingInterest,Net Income (Loss) Attributable to Noncontrolling Interest,other,USD,66,2021-08-16,2026-08-10,2020-06-30,2026-06-30,10-K; 10-Q,False,not selected,{}
ASTS,us-gaap,NetIncomeLossAvailableToCommonStockholdersBasic,"Net Income (Loss) Available to Common Stockholders, Basic",other,USD,60,2021-08-16,2026-08-10,2020-06-30,2026-06-30,10-K; 10-Q,False,not selected,{}
ASTS,us-gaap,NetIncomeLossAvailableToCommonStockholdersDiluted,"Net Income (Loss) Available to Common Stockholders, Diluted",other,USD,48,2021-11-15,2026-08-10,2021-09-30,2026-06-30,10-K; 10-Q,False,not selected,{}
ASTS,us-gaap,NonoperatingIncomeExpense,Nonoperating Income (Expense),other,USD,77,2021-05-06,2026-08-10,2019-09-30,2026-06-30,10-K; 10-K/A; 10-Q,False,not selected,{}
ASTS,us-gaap,OperatingCostsAndExpenses,Operating Costs and Expenses,other,USD,13,2019-11-08,2021-03-01,2019-06-30,2020-12-31,10-K; 10-Q,False,not selected,{}
ASTS,us-gaap,OperatingExpenses,Operating Expenses,other,USD,70,2021-05-06,2026-08-10,2019-12-31,2026-06-30,10-K; 10-K/A; 10-Q,False,not selected,{}
ASTS,us-gaap,OperatingIncomeLoss,Operating Income (Loss),other,USD,17,2019-11-08,2021-05-18,2019-06-30,2021-03-31,10-K; 10-K/A; 10-Q,False,not selected,{}
ASTS,us-gaap,OperatingLeaseCost,"Operating Lease, Cost",other,USD,20,2021-08-16,2026-03-02,2020-06-30,2025-12-31,10-K; 10-Q,False,not selected,{}
ASTS,us-gaap,OperatingLeaseLiability,"Operating Lease, Liability",other,USD,11,2021-08-16,2026-03-02,2021-06-30,2025-12-31,10-K; 10-Q,False,not selected,{}
ASTS,us-gaap,OperatingLeaseLiabilityCurrent,"Operating Lease, Liability, Current",other,USD,42,2021-08-16,2026-08-10,2020-12-31,2026-06-30,10-K; 10-Q,False,not selected,{}
ASTS,us-gaap,OperatingLeaseLiabilityNoncurrent,"Operating Lease, Liability, Noncurrent",other,USD,42,2021-08-16,2026-08-10,2020-12-31,2026-06-30,10-K; 10-Q,False,not selected,{}
ASTS,us-gaap,OperatingLeasePayments,"Operating Lease, Payments",other,USD,17,2021-08-16,2026-03-02,2020-06-30,2025-12-31,10-K; 10-Q,False,not selected,{}
ASTS,us-gaap,OperatingLeaseRightOfUseAsset,"Operating Lease, Right-of-Use Asset",other,USD,42,2021-08-16,2026-08-10,2020-12-31,2026-06-30,10-K; 10-Q,False,not selected,{}
ASTS,us-gaap,OperatingLeaseWeightedAverageDiscountRatePercent,"Operating Lease, Weighted Average Discount Rate, Percent",weighted_average_NOT_outstanding,pure,13,2021-08-16,2026-03-02,2020-12-31,2025-12-31,10-K; 10-Q,False,not selected,{}
ASTS,us-gaap,OtherAssetsCurrent,"Other Assets, Current",other,USD,42,2021-08-16,2026-08-10,2020-12-31,2026-06-30,10-K; 10-Q,False,not selected,{}
ASTS,us-gaap,OtherAssetsNoncurrent,"Other Assets, Noncurrent",other,USD,20,2021-08-16,2023-11-14,2020-12-31,2023-09-30,10-K; 10-Q,False,not selected,{}
ASTS,us-gaap,OtherComprehensiveIncomeLossForeignCurrencyTransactionAndTranslationAdjustmentNetOfTax,"Other Comprehensive Income (Loss), Foreign Currency Transaction and Translation Adjustment, Net of Tax",other,USD,66,2021-08-16,2026-08-10,2020-06-30,2026-06-30,10-K; 10-Q,False,not selected,{}
ASTS,us-gaap,OtherComprehensiveIncomeLossNetOfTax,"Other Comprehensive Income (Loss), Net of Tax",other,USD,66,2021-08-16,2026-08-10,2020-06-30,2026-06-30,10-K; 10-Q,False,not selected,{}
ASTS,us-gaap,OtherGeneralExpense,Other General Expense,other,USD,66,2021-08-16,2026-08-10,2020-06-30,2026-06-30,10-K; 10-Q,False,not selected,{}
ASTS,us-gaap,OtherNonoperatingIncomeExpense,Other Nonoperating Income (Expense),other,USD,20,2019-11-08,2021-11-15,2019-09-30,2021-09-30,10-K; 10-Q,False,not selected,{}
ASTS,us-gaap,OtherUnderwritingExpense,Other Underwriting Expense,other,USD,6,2019-11-08,2021-03-01,2019-09-30,2020-12-31,10-K; 10-Q,False,not selected,{}
ASTS,us-gaap,PaymentsForRepurchaseOfInitialPublicOffering,Payments for Repurchase of Initial Public Offering,other,USD,1,2021-05-06,2021-05-06,2019-12-31,2019-12-31,10-K/A,False,not selected,{}
ASTS,us-gaap,PaymentsOfStockIssuanceCosts,Payments of Stock Issuance Costs,other,USD,24,2021-08-16,2026-08-10,2020-06-30,2026-06-30,10-K; 10-Q,False,not selected,{}
ASTS,us-gaap,PaymentsToAcquireMarketableSecurities,Payments to Acquire Marketable Securities,other,USD,3,2019-11-08,2020-05-14,2019-09-30,2020-03-31,10-K; 10-Q,False,not selected,{}
ASTS,us-gaap,PaymentsToAcquirePropertyPlantAndEquipment,"Payments to Acquire Property, Plant, and Equipment",other,USD,44,2021-08-16,2026-08-10,2020-06-30,2026-06-30,10-K; 10-Q,False,not selected,{}
ASTS,us-gaap,PaymentsToAcquireTrustPreferredInvestments,Payments to Acquire Trust Preferred Investments,other,USD,5,2019-11-08,2021-05-06,2019-09-30,2019-12-31,10-K; 10-K/A; 10-Q,False,not selected,{}
ASTS,us-gaap,PreferredStockParOrStatedValuePerShare,"Preferred Stock, Par or Stated Value Per Share",other,USD/shares,32,2019-11-08,2026-08-10,2019-09-30,2026-06-30,10-K; 10-K/A; 10-Q,False,not selected,{}
ASTS,us-gaap,PreferredStockSharesAuthorized,"Preferred Stock, Shares Authorized",other_share_concept_NOT_automatically_outstanding,shares,32,2019-11-08,2026-08-10,2019-09-30,2026-06-30,10-K; 10-K/A; 10-Q,False,not selected,{}
ASTS,us-gaap,PreferredStockSharesIssued,"Preferred Stock, Shares Issued",other_share_concept_NOT_automatically_outstanding,shares,4,2021-08-16,2026-08-10,2021-06-30,2026-06-30,10-K; 10-Q,False,not selected,{}
ASTS,us-gaap,PreferredStockSharesOutstanding,"Preferred Stock, Shares Outstanding",shares_outstanding_candidate_VERIFY_classes_and_ADS,shares,18,2021-08-16,2026-08-10,2021-06-30,2026-06-30,10-K; 10-Q,False,not selected,{}
ASTS,us-gaap,PrepaidExpenseCurrent,"Prepaid Expense, Current",other,USD,50,2019-11-08,2026-08-10,2019-09-30,2026-06-30,10-K; 10-K/A; 10-Q,False,not selected,{}
ASTS,us-gaap,PrepaidTaxes,Prepaid Taxes,other,USD,3,2020-08-13,2021-03-01,2020-06-30,2020-12-31,10-K; 10-Q,False,not selected,{}
ASTS,us-gaap,ProceedsFromIssuanceInitialPublicOffering,Proceeds from Issuance Initial Public Offering,other,USD,6,2019-11-08,2021-05-06,2019-09-30,2020-12-31,10-K; 10-K/A; 10-Q,False,not selected,{}
ASTS,us-gaap,ProceedsFromIssuanceOfPreferredStockAndPreferenceStock,Proceeds from Issuance of Preferred Stock and Preference Stock,other,USD,4,2021-08-16,2022-03-31,2020-06-30,2021-12-31,10-K; 10-Q,False,not selected,{}
ASTS,us-gaap,ProceedsFromIssuanceOfPrivatePlacement,Proceeds from Issuance of Private Placement,other,USD,6,2019-11-08,2021-05-06,2019-09-30,2019-12-31,10-K; 10-K/A; 10-Q,False,not selected,{}
ASTS,us-gaap,ProceedsFromRelatedPartyDebt,Proceeds from Related Party Debt,other,USD,6,2019-11-08,2021-05-18,2019-09-30,2021-03-31,10-K; 10-K/A; 10-Q,False,not selected,{}
ASTS,us-gaap,ProceedsFromRepaymentsOfRelatedPartyDebt,Proceeds from (Repayments of) Related Party Debt,other,USD,4,2019-11-08,2021-03-01,2019-09-30,2019-12-31,10-K; 10-Q,False,not selected,{}
ASTS,us-gaap,ProfitLoss,"Net Income (Loss), Including Portion Attributable to Noncontrolling Interest",other,USD,66,2021-08-16,2026-08-10,2020-06-30,2026-06-30,10-K; 10-Q,False,not selected,{}
ASTS,us-gaap,PropertyPlantAndEquipmentGross,"Property, Plant and Equipment, Gross",other,USD,22,2021-08-16,2024-04-01,2020-12-31,2023-12-31,10-K; 10-Q,False,not selected,{}
ASTS,us-gaap,PropertyPlantAndEquipmentNet,"Property, Plant and Equipment, Net",other,USD,42,2021-08-16,2026-08-10,2020-12-31,2026-06-30,10-K; 10-Q,False,not selected,{}
ASTS,us-gaap,RelatedPartyCosts,Related Party Costs,other,USD,20,2021-08-16,2023-08-14,2020-12-31,2022-12-31,10-K; 10-Q,False,not selected,{}
ASTS,us-gaap,RelatedPartyDepositLiabilities,Related Party Deposit Liabilities,other,USD,1,2021-05-18,2021-05-18,2021-03-31,2021-03-31,10-Q,False,not selected,{}
ASTS,us-gaap,RepaymentsOfLongTermDebt,Repayments of Long-term Debt,other,USD,4,2021-08-16,2022-03-31,2020-06-30,2021-12-31,10-K; 10-Q,False,not selected,{}
ASTS,us-gaap,RepaymentsOfRelatedPartyDebt,Repayments of Related Party Debt,other,USD,1,2021-05-06,2021-05-06,2019-12-31,2019-12-31,10-K/A,False,not selected,{}
ASTS,us-gaap,ResearchAndDevelopmentExpense,Research and Development Expense,other,USD,65,2021-08-16,2026-08-10,2020-06-30,2026-06-30,10-K; 10-Q,False,not selected,{}
ASTS,us-gaap,RestrictedInvestmentsPercentOfNetAssets,"Restricted Investments, Percent of Net Assets",other,pure,7,2019-11-08,2021-05-06,2019-09-19,2020-12-31,10-K; 10-K/A; 10-Q,False,not selected,{}
ASTS,us-gaap,RetainedEarningsAccumulatedDeficit,Retained Earnings (Accumulated Deficit),other,USD,61,2019-11-08,2026-08-10,2019-09-13,2026-06-30,10-K; 10-K/A; 10-Q,False,not selected,{}
ASTS,us-gaap,RevenueFromContractWithCustomerExcludingAssessedTax,"Revenue from Contract with Customer, Excluding Assessed Tax",revenue_candidate_VERIFY_scope_and_currency,USD,29,2021-08-16,2025-03-03,2020-06-30,2024-12-31,10-K; 10-Q,True,29,{}
ASTS,us-gaap,RevenueFromContractWithCustomerIncludingAssessedTax,"Revenue from Contract with Customer, Including Assessed Tax",revenue_candidate_VERIFY_scope_and_currency,USD,66,2021-08-16,2026-08-10,2020-06-30,2026-06-30,10-K; 10-Q,False,not selected,{}
ASTS,us-gaap,RightOfUseAssetObtainedInExchangeForOperatingLeaseLiability,Right-of-Use Asset Obtained in Exchange for Operating Lease Liability,other,USD,40,2021-08-16,2026-08-10,2020-06-30,2026-06-30,10-K; 10-Q,False,not selected,{}
ASTS,us-gaap,ShareBasedCompensation,"Share-based Payment Arrangement, Noncash Expense",other,USD,44,2021-08-16,2026-08-10,2020-06-30,2026-06-30,10-K; 10-Q,False,not selected,{}
ASTS,us-gaap,ShareBasedCompensationArrangementByShareBasedPaymentAwardFairValueAssumptionsExercisePrice,"Share-based Compensation Arrangement by Share-based Payment Award, Fair Value Assumptions, Exercise Price",other,USD/shares,2,2021-11-15,2023-03-31,2021-09-30,2021-12-31,10-K; 10-Q,False,not selected,{}
ASTS,us-gaap,ShareBasedCompensationArrangementByShareBasedPaymentAwardFairValueAssumptionsExpectedDividendRate,"Share-based Compensation Arrangement by Share-based Payment Award, Fair Value Assumptions, Expected Dividend Rate",other,pure,2,2021-11-15,2023-03-31,2021-09-30,2021-12-31,10-K; 10-Q,False,not selected,{}
ASTS,us-gaap,ShareBasedCompensationArrangementByShareBasedPaymentAwardFairValueAssumptionsExpectedVolatilityRate,"Share-based Compensation Arrangement by Share-based Payment Award, Fair Value Assumptions, Expected Volatility Rate",other,pure,2,2021-11-15,2023-03-31,2021-09-30,2021-12-31,10-K; 10-Q,False,not selected,{}
ASTS,us-gaap,ShareBasedCompensationArrangementByShareBasedPaymentAwardFairValueAssumptionsRiskFreeInterestRate,"Share-based Compensation Arrangement by Share-based Payment Award, Fair Value Assumptions, Risk Free Interest Rate",other,pure,2,2021-11-15,2023-03-31,2021-09-30,2021-12-31,10-K; 10-Q,False,not selected,{}
ASTS,us-gaap,ShareBasedCompensationArrangementByShareBasedPaymentAwardOptionsExercisableNumber,"Share-based Compensation Arrangement by Share-based Payment Award, Options, Exercisable, Number",other_share_concept_NOT_automatically_outstanding,shares,21,2021-08-16,2026-08-10,2021-06-30,2026-06-30,10-K; 10-Q,False,not selected,{}
ASTS,us-gaap,ShareBasedCompensationArrangementByShareBasedPaymentAwardOptionsExercisableWeightedAverageExercisePrice,"Share-based Compensation Arrangement by Share-based Payment Award, Options, Exercisable, Weighted Average Exercise Price",weighted_average_NOT_outstanding,USD/shares,21,2021-08-16,2026-08-10,2021-06-30,2026-06-30,10-K; 10-Q,False,not selected,{}
ASTS,us-gaap,ShareBasedCompensationArrangementByShareBasedPaymentAwardOptionsForfeituresAndExpirationsInPeriod,"Share-based Compensation Arrangement by Share-based Payment Award, Options, Forfeitures and Expirations in Period",other_share_concept_NOT_automatically_outstanding,shares,21,2021-08-16,2026-08-10,2021-06-30,2026-06-30,10-K; 10-Q,False,not selected,{}
ASTS,us-gaap,ShareBasedCompensationArrangementByShareBasedPaymentAwardOptionsForfeituresAndExpirationsInPeriodWeightedAverageExercisePrice,"Share-based Compensation Arrangement by Share-based Payment Award, Options, Forfeitures and Expirations in Period, Weighted Average Exercise Price",weighted_average_NOT_outstanding,USD/shares,21,2021-08-16,2026-08-10,2021-06-30,2026-06-30,10-K; 10-Q,False,not selected,{}
ASTS,us-gaap,ShareBasedCompensationArrangementByShareBasedPaymentAwardOptionsGrantsInPeriodGross,"Share-based Compensation Arrangement by Share-based Payment Award, Options, Grants in Period, Gross",other_share_concept_NOT_automatically_outstanding,shares,21,2021-08-16,2026-08-10,2021-06-30,2026-06-30,10-K; 10-Q,False,not selected,{}
ASTS,us-gaap,ShareBasedCompensationArrangementByShareBasedPaymentAwardOptionsGrantsInPeriodWeightedAverageGrantDateFairValue,"Share-based Compensation Arrangement by Share-based Payment Award, Options, Grants in Period, Weighted Average Grant Date Fair Value",weighted_average_NOT_outstanding,USD/shares,38,2021-08-16,2026-08-10,2020-09-30,2026-06-30,10-K; 10-Q,False,not selected,{}
ASTS,us-gaap,ShareBasedCompensationArrangementByShareBasedPaymentAwardOptionsOutstandingNumber,"Share-based Compensation Arrangement by Share-based Payment Award, Options, Outstanding, Number",other_share_concept_NOT_automatically_outstanding,shares,42,2021-08-16,2026-08-10,2020-12-31,2026-06-30,10-K; 10-Q,False,not selected,{}
ASTS,us-gaap,ShareBasedCompensationArrangementByShareBasedPaymentAwardOptionsOutstandingWeightedAverageExercisePrice,"Share-based Compensation Arrangement by Share-based Payment Award, Options, Outstanding, Weighted Average Exercise Price",weighted_average_NOT_outstanding,USD/shares,41,2021-08-16,2026-08-10,2020-12-31,2026-06-30,10-K; 10-Q,False,not selected,{}
ASTS,us-gaap,ShareBasedCompensationArrangementByShareBasedPaymentAwardOptionsVestedAndExpectedToVestExercisableNumber,"Share-based Compensation Arrangement by Share-based Payment Award, Options, Vested and Expected to Vest, Exercisable, Number",other_share_concept_NOT_automatically_outstanding,shares,21,2021-08-16,2026-08-10,2021-06-30,2026-06-30,10-K; 10-Q,False,not selected,{}
ASTS,us-gaap,ShareBasedCompensationArrangementByShareBasedPaymentAwardOptionsVestedAndExpectedToVestExercisableWeightedAverageExercisePrice,"Share-based Compensation Arrangement by Share-based Payment Award, Options, Vested and Expected to Vest, Exercisable, Weighted Average Exercise Price",weighted_average_NOT_outstanding,USD/shares,21,2021-08-16,2026-08-10,2021-06-30,2026-06-30,10-K; 10-Q,False,not selected,{}
ASTS,us-gaap,ShareBasedCompensationArrangementsByShareBasedPaymentAwardOptionsExercisesInPeriodWeightedAverageExercisePrice,"Share-based Compensation Arrangements by Share-based Payment Award, Options, Exercises in Period, Weighted Average Exercise Price",weighted_average_NOT_outstanding,USD/shares,22,2021-08-16,2026-08-10,2021-06-30,2026-06-30,10-K; 10-Q,False,not selected,{}
ASTS,us-gaap,ShareBasedCompensationArrangementsByShareBasedPaymentAwardOptionsGrantsInPeriodWeightedAverageExercisePrice,"Share-based Compensation Arrangements by Share-based Payment Award, Options, Grants in Period, Weighted Average Exercise Price",weighted_average_NOT_outstanding,USD/shares,20,2021-08-16,2026-08-10,2021-06-30,2026-06-30,10-K; 10-Q,False,not selected,{}
ASTS,us-gaap,SharebasedCompensationArrangementBySharebasedPaymentAwardOptionsNonvestedNumberOfShares,"Share-based Compensation Arrangement by Share-based Payment Award, Options, Nonvested, Number of Shares",other_share_concept_NOT_automatically_outstanding,shares,42,2021-08-16,2026-08-10,2020-12-31,2026-06-30,10-K; 10-Q,False,not selected,{}
ASTS,us-gaap,SharebasedCompensationArrangementBySharebasedPaymentAwardOptionsNonvestedOptionsForfeitedNumberOfShares,"Share-based Compensation Arrangement by Share-based Payment Award, Options, Nonvested Options Forfeited, Number of Shares",other_share_concept_NOT_automatically_outstanding,shares,21,2021-08-16,2026-08-10,2021-06-30,2026-06-30,10-K; 10-Q,False,not selected,{}
ASTS,us-gaap,SharebasedCompensationArrangementBySharebasedPaymentAwardOptionsNonvestedOptionsForfeitedWeightedAverageGrantDateFairValue,"Share-based Compensation Arrangement by Share-based Payment Award, Options, Nonvested Options Forfeited, Weighted Average Grant Date Fair Value",weighted_average_NOT_outstanding,USD/shares,21,2021-08-16,2026-08-10,2021-06-30,2026-06-30,10-K; 10-Q,False,not selected,{}
ASTS,us-gaap,SharebasedCompensationArrangementBySharebasedPaymentAwardOptionsNonvestedWeightedAverageGrantDateFairValue,"Share-based Compensation Arrangement by Share-based Payment Award, Option, Nonvested, Weighted Average Exercise Price",weighted_average_NOT_outstanding,USD/shares,42,2021-08-16,2026-08-10,2020-12-31,2026-06-30,10-K; 10-Q,False,not selected,{}
ASTS,us-gaap,SharebasedCompensationArrangementBySharebasedPaymentAwardOptionsVestedNumberOfShares,"Share-based Compensation Arrangement by Share-based Payment Award, Options, Vested, Number of Shares",other_share_concept_NOT_automatically_outstanding,shares,21,2021-08-16,2026-08-10,2021-06-30,2026-06-30,10-K; 10-Q,False,not selected,{}
ASTS,us-gaap,SharebasedCompensationArrangementBySharebasedPaymentAwardOptionsVestedWeightedAverageGrantDateFairValue,"Share-based Compensation Arrangement by Share-based Payment Award, Options, Vested, Weighted Average Grant Date Fair Value",weighted_average_NOT_outstanding,USD/shares,21,2021-08-16,2026-08-10,2021-06-30,2026-06-30,10-K; 10-Q,False,not selected,{}
ASTS,us-gaap,ShortTermInvestments,Short-term Investments,other,USD,38,2021-08-16,2026-08-10,2021-06-30,2026-06-30,10-K; 10-Q,False,not selected,{}
ASTS,us-gaap,ShortTermLeaseCost,"Short-term Lease, Cost",other,USD,20,2021-08-16,2026-03-02,2020-06-30,2025-12-31,10-K; 10-Q,False,not selected,{}
ASTS,us-gaap,StockholdersEquity,Stockholders' Equity Attributable to Parent,other,USD,27,2019-11-08,2021-05-18,2019-06-30,2021-03-31,10-K; 10-K/A; 10-Q,False,not selected,{}
ASTS,us-gaap,StockholdersEquityIncludingPortionAttributableToNoncontrollingInterest,"Stockholders' Equity, Including Portion Attributable to Noncontrolling Interest",other,USD,103,2021-08-16,2026-08-10,2019-12-31,2026-06-30,10-K; 10-Q,False,not selected,{}
ASTS,us-gaap,StockIssued1,Stock Issued,other,USD,1,2021-05-06,2021-05-06,2019-12-31,2019-12-31,10-K/A,False,not selected,{}
ASTS,us-gaap,StockIssuedDuringPeriodSharesNewIssues,"Stock Issued During Period, Shares, New Issues",other_share_concept_NOT_automatically_outstanding,shares,1,2021-05-06,2021-05-06,2020-12-31,2020-12-31,10-K/A,False,not selected,{}
ASTS,us-gaap,StockIssuedDuringPeriodSharesOther,"Stock Issued During Period, Shares, Other",other_share_concept_NOT_automatically_outstanding,shares,3,2019-11-08,2020-11-13,2019-09-30,2019-12-31,10-K; 10-Q,False,not selected,{}
ASTS,us-gaap,StockIssuedDuringPeriodSharesPurchaseOfAssets,"Stock Issued During Period, Shares, Purchase of Assets",other_share_concept_NOT_automatically_outstanding,shares,2,2021-05-06,2021-05-18,2020-12-31,2021-03-31,10-K/A; 10-Q,False,not selected,{}
ASTS,us-gaap,StockIssuedDuringPeriodSharesShareBasedCompensation,"Shares Issued, Shares, Share-based Payment Arrangement, after Forfeiture",other_share_concept_NOT_automatically_outstanding,shares,2,2019-11-08,2020-03-30,2019-09-30,2019-12-31,10-K; 10-Q,False,not selected,{}
ASTS,us-gaap,StockIssuedDuringPeriodSharesStockOptionsExercised,"Share-based Compensation Arrangement by Share-based Payment Award, Options, Exercises in Period",other_share_concept_NOT_automatically_outstanding,shares,21,2021-08-16,2026-08-10,2021-06-30,2026-06-30,10-K; 10-Q,False,not selected,{}
ASTS,us-gaap,StockIssuedDuringPeriodValueConversionOfConvertibleSecurities,"Stock Issued During Period, Value, Conversion of Convertible Securities",other,USD,3,2021-08-16,2022-03-31,2020-06-30,2020-12-31,10-K; 10-Q,False,not selected,{}
ASTS,us-gaap,StockIssuedDuringPeriodValueNewIssues,"Stock Issued During Period, Value, New Issues",other,USD,44,2019-11-08,2026-08-10,2019-06-30,2026-06-30,10-K; 10-K/A; 10-Q,False,not selected,{}
ASTS,us-gaap,StockIssuedDuringPeriodValueOther,"Stock Issued During Period, Value, Other",other,USD,12,2019-11-08,2023-03-31,2019-09-30,2021-12-31,10-K; 10-Q,False,not selected,{}
ASTS,us-gaap,StockIssuedDuringPeriodValueShareBasedCompensation,"Shares Issued, Value, Share-based Payment Arrangement, after Forfeiture",other,USD,59,2021-08-16,2026-08-10,2020-06-30,2026-06-30,10-K; 10-Q,False,not selected,{}
ASTS,us-gaap,StockRedeemedOrCalledDuringPeriodValue,"Stock Redeemed or Called During Period, Value",other,USD,5,2021-05-06,2025-03-03,2019-12-31,2024-12-31,10-K; 10-K/A; 10-Q,False,not selected,{}
ASTS,us-gaap,TangibleAssetImpairmentCharges,Tangible Asset Impairment Charges,other,USD,4,2021-08-16,2022-03-31,2020-06-30,2021-12-31,10-K; 10-Q,False,not selected,{}
ASTS,us-gaap,TaxesPayableCurrent,"Taxes Payable, Current",other,USD,8,2019-11-08,2021-05-06,2019-09-30,2020-03-31,10-K; 10-K/A; 10-Q,False,not selected,{}
ASTS,us-gaap,TemporaryEquityAggregateAmountOfRedemptionRequirement,"Temporary Equity, Aggregate Amount of Redemption Requirement",other,USD,4,2021-05-06,2021-05-18,2019-12-31,2021-03-31,10-K/A; 10-Q,False,not selected,{}
ASTS,us-gaap,TemporaryEquitySharesOutstanding,"Temporary Equity, Shares Outstanding",shares_outstanding_candidate_VERIFY_classes_and_ADS,shares,2,2021-05-06,2021-05-06,2019-12-31,2020-12-31,10-K/A,False,not selected,{}
ASTS,us-gaap,TemporaryEquityValueExcludingAdditionalPaidInCapital,"Temporary Equity, Par Value",other,USD,9,2021-05-06,2021-05-18,2019-09-13,2021-03-31,10-K/A; 10-Q,False,not selected,{}
ASTS,us-gaap,UnrealizedGainOnSecurities,Unrealized Gain on Securities,other,USD,3,2020-03-30,2021-03-01,2019-12-31,2020-12-31,10-K,False,not selected,{}
ASTS,us-gaap,UnrecognizedTaxBenefits,Unrecognized Tax Benefits,other,USD,41,2021-08-16,2026-08-10,2020-12-31,2026-06-30,10-K; 10-Q,False,not selected,{}
ASTS,us-gaap,WeightedAverageNumberOfDilutedSharesOutstanding,"Weighted Average Number of Shares Outstanding, Diluted",weighted_average_NOT_outstanding,shares,27,2021-11-15,2026-08-10,2021-06-30,2026-06-30,10-K; 10-Q,False,not selected,{}
ASTS,us-gaap,WeightedAverageNumberOfShareOutstandingBasicAndDiluted,"Weighted Average Number of Shares Outstanding, Basic and Diluted",weighted_average_NOT_outstanding,shares,28,2019-11-08,2022-05-16,2019-06-30,2022-03-31,10-K; 10-K/A; 10-Q,False,not selected,{}
ASTS,us-gaap,WeightedAverageNumberOfSharesOutstandingBasic,"Weighted Average Number of Shares Outstanding, Basic",weighted_average_NOT_outstanding,shares,27,2021-11-15,2026-08-10,2021-06-30,2026-06-30,10-K; 10-Q,False,not selected,{}
ASTS,us-gaap,AccountsPayableAndOtherAccruedLiabilitiesCurrent,"Accounts Payable and Other Accrued Liabilities, Current",other,USD,20,2022-03-31,2026-08-10,2020-12-31,2026-06-30,10-K; 10-Q,False,not selected,{}
ASTS,us-gaap,AccruedIncomeTaxesCurrent,"Accrued Income Taxes, Current",other,USD,2,2022-03-31,2022-03-31,2020-12-31,2021-12-31,10-K,False,not selected,{}
ASTS,us-gaap,AccruedProfessionalFeesCurrent,"Accrued Professional Fees, Current",other,USD,18,2022-03-31,2026-08-10,2020-12-31,2026-06-30,10-K; 10-Q,False,not selected,{}
ASTS,us-gaap,AssetsFairValueDisclosure,"Assets, Fair Value Disclosure",other,USD,17,2022-03-31,2024-04-01,2021-12-31,2023-12-31,10-K; 10-Q,False,not selected,{}
ASTS,us-gaap,ContractWithCustomerLiabilityRevenueRecognized,"Contract with Customer, Liability, Revenue Recognized",revenue_candidate_VERIFY_scope_and_currency,USD,5,2022-03-31,2023-03-31,2021-12-31,2022-12-31,10-K; 10-Q,False,not selected,{}
ASTS,us-gaap,CurrentForeignTaxExpenseBenefit,Current Foreign Tax Expense (Benefit),other,USD,12,2022-03-31,2026-03-02,2020-12-31,2025-12-31,10-K,False,not selected,{}
ASTS,us-gaap,CurrentIncomeTaxExpenseBenefit,Current Income Tax Expense (Benefit),other,USD,12,2022-03-31,2026-03-02,2020-12-31,2025-12-31,10-K,False,not selected,{}
ASTS,us-gaap,CurrentStateAndLocalTaxExpenseBenefit,Current State and Local Tax Expense (Benefit),other,USD,12,2022-03-31,2026-03-02,2020-12-31,2025-12-31,10-K,False,not selected,{}
ASTS,us-gaap,DebtInstrumentFaceAmount,"Debt Instrument, Face Amount",other,USD,26,2022-03-31,2026-08-10,2021-12-31,2026-06-30,10-K; 10-Q,False,not selected,{}
ASTS,us-gaap,DebtInstrumentInterestRateStatedPercentage,"Debt Instrument, Interest Rate, Stated Percentage",other,pure,14,2022-03-31,2026-03-02,2021-12-08,2023-06-30,10-K; 10-Q,False,not selected,{}
ASTS,us-gaap,DeferredForeignIncomeTaxExpenseBenefit,Deferred Foreign Income Tax Expense (Benefit),other,USD,12,2022-03-31,2026-03-02,2020-12-31,2025-12-31,10-K,False,not selected,{}
ASTS,us-gaap,DeferredIncomeTaxExpenseBenefit,Deferred Income Tax Expense (Benefit),other,USD,12,2022-03-31,2026-03-02,2020-12-31,2025-12-31,10-K,False,not selected,{}
ASTS,us-gaap,DeferredRevenue,Deferred Revenue,revenue_candidate_VERIFY_scope_and_currency,USD,10,2022-03-31,2023-03-31,2020-12-31,2022-12-31,10-K; 10-Q,False,not selected,{}
ASTS,us-gaap,DeferredStateAndLocalIncomeTaxExpenseBenefit,Deferred State and Local Income Tax Expense (Benefit),other,USD,12,2022-03-31,2026-03-02,2020-12-31,2025-12-31,10-K,False,not selected,{}
ASTS,us-gaap,DeferredTaxAssetsGross,"Deferred Tax Assets, Gross",other,USD,11,2022-03-31,2026-03-02,2020-12-31,2025-12-31,10-K,False,not selected,{}
ASTS,us-gaap,DeferredTaxAssetsLiabilitiesNet,"Deferred Tax Assets, Net",other,USD,10,2022-03-31,2026-03-02,2020-12-31,2024-12-31,10-K,False,not selected,{}
ASTS,us-gaap,DeferredTaxAssetsOperatingLossCarryforwards,"Deferred Tax Assets, Operating Loss Carryforwards",other,USD,11,2022-03-31,2026-03-02,2020-12-31,2025-12-31,10-K,False,not selected,{}
ASTS,us-gaap,DeferredTaxAssetsOther,"Deferred Tax Assets, Other",other,USD,11,2022-03-31,2026-03-02,2020-12-31,2025-12-31,10-K,False,not selected,{}
ASTS,us-gaap,DeferredTaxAssetsValuationAllowance,"Deferred Tax Assets, Valuation Allowance",other,USD,11,2022-03-31,2026-03-02,2020-12-31,2025-12-31,10-K,False,not selected,{}
ASTS,us-gaap,EffectiveIncomeTaxRateReconciliationChangeInDeferredTaxAssetsValuationAllowance,"Effective Income Tax Rate Reconciliation, Change in Deferred Tax Assets Valuation Allowance, Percent",other,pure,12,2022-03-31,2026-03-02,2020-12-31,2025-12-31,10-K,False,not selected,{}
ASTS,us-gaap,EffectiveIncomeTaxRateReconciliationMinorityInterestIncomeExpense,"Effective Income Tax Rate Reconciliation, Noncontrolling Interest Income (Loss), Percent",other,pure,12,2022-03-31,2026-03-02,2020-12-31,2025-12-31,10-K,False,not selected,{}
ASTS,us-gaap,EffectiveIncomeTaxRateReconciliationOtherReconcilingItemsPercent,"Effective Income Tax Rate Reconciliation,Other Reconciling Items, Percent",other,pure,11,2022-03-31,2026-03-02,2020-12-31,2024-12-31,10-K,False,not selected,{}
ASTS,us-gaap,FiniteLivedIntangibleAssetsAmortizationExpenseAfterYearFive,"Finite-Lived Intangible Asset, Expected Amortization, after Year Five",other,USD,1,2022-03-31,2022-03-31,2021-12-31,2021-12-31,10-K,False,not selected,{}
ASTS,us-gaap,FiniteLivedIntangibleAssetsAmortizationExpenseYearFive,"Finite-Lived Intangible Asset, Expected Amortization, Year Five",other,USD,1,2022-03-31,2022-03-31,2021-12-31,2021-12-31,10-K,False,not selected,{}
ASTS,us-gaap,IncomeLossFromContinuingOperationsBeforeIncomeTaxesDomestic,"Income (Loss) from Continuing Operations before Income Taxes, Domestic",other,USD,12,2022-03-31,2026-03-02,2020-12-31,2025-12-31,10-K,False,not selected,{}
ASTS,us-gaap,IncomeLossFromContinuingOperationsBeforeIncomeTaxesForeign,"Income (Loss) from Continuing Operations before Income Taxes, Foreign",other,USD,12,2022-03-31,2026-03-02,2020-12-31,2025-12-31,10-K,False,not selected,{}
ASTS,us-gaap,IncomeTaxesPaidNet,"Income Taxes Paid, Net",other,USD,28,2022-03-31,2026-08-10,2020-12-31,2026-06-30,10-K; 10-Q,False,not selected,{}
ASTS,us-gaap,InterestPaidNet,"Interest Paid, Excluding Capitalized Interest, Operating Activities",other,USD,30,2022-03-31,2026-08-10,2020-12-31,2026-06-30,10-K; 10-Q,False,not selected,{}
ASTS,us-gaap,LongTermDebtMaturitiesRepaymentsOfPrincipalAfterYearFive,"Long-Term Debt, Maturity, after Year Five",other,USD,5,2022-03-31,2026-03-02,2021-12-31,2025-12-31,10-K,False,not selected,{}
ASTS,us-gaap,LongTermDebtMaturitiesRepaymentsOfPrincipalInNextTwelveMonths,"Long-Term Debt, Maturity, Year One",other,USD,6,2022-03-31,2026-03-02,2021-12-31,2025-12-31,10-K; 10-Q,False,not selected,{}
ASTS,us-gaap,LongTermDebtMaturitiesRepaymentsOfPrincipalInYearFive,"Long-Term Debt, Maturity, Year Five",other,USD,5,2022-03-31,2026-03-02,2021-12-31,2025-12-31,10-K,False,not selected,{}
ASTS,us-gaap,LongTermDebtMaturitiesRepaymentsOfPrincipalInYearFour,"Long-Term Debt, Maturity, Year Four",other,USD,6,2022-03-31,2026-03-02,2021-12-31,2025-12-31,10-K; 10-Q,False,not selected,{}
ASTS,us-gaap,LongTermDebtMaturitiesRepaymentsOfPrincipalInYearThree,"Long-Term Debt, Maturity, Year Three",other,USD,6,2022-03-31,2026-03-02,2021-12-31,2025-12-31,10-K; 10-Q,False,not selected,{}
ASTS,us-gaap,LongTermDebtMaturitiesRepaymentsOfPrincipalInYearTwo,"Long-Term Debt, Maturity, Year Two",other,USD,6,2022-03-31,2026-03-02,2021-12-31,2025-12-31,10-K; 10-Q,False,not selected,{}
ASTS,us-gaap,LongTermDebtNoncurrent,"Long-term Debt, Excluding Current Maturities",other,USD,37,2022-03-31,2026-08-10,2021-12-31,2026-06-30,10-K; 10-Q,False,not selected,{}
ASTS,us-gaap,LongTermDebtPercentageBearingFixedInterestRate,"Long-term Debt, Percentage Bearing Fixed Interest, Percentage Rate",other,pure,11,2022-03-31,2026-03-02,2021-12-08,2021-12-08,10-K; 10-Q,False,not selected,{}
ASTS,us-gaap,LongTermPurchaseCommitmentAmount,"Long-term Purchase Commitment, Amount",other,USD,11,2022-03-31,2026-03-02,2021-12-31,2025-12-31,10-K; 10-Q,False,not selected,{}
ASTS,us-gaap,OtherAccruedLiabilitiesCurrent,"Other Accrued Liabilities, Current",other,USD,20,2022-03-31,2026-08-10,2020-12-31,2026-06-30,10-K; 10-Q,False,not selected,{}
ASTS,us-gaap,OtherCommitmentDueInNextTwelveMonths,"Other Commitment, to be Paid, Year One",other,USD,1,2022-03-31,2022-03-31,2021-12-31,2021-12-31,10-K,False,not selected,{}
ASTS,us-gaap,OtherCommitmentDueInSecondYear,"Other Commitment, to be Paid, Year Two",other,USD,1,2022-03-31,2022-03-31,2021-12-31,2021-12-31,10-K,False,not selected,{}
ASTS,us-gaap,PaymentsToAcquireIntangibleAssets,Payments to Acquire Intangible Assets,other,USD,11,2022-03-31,2026-08-10,2020-12-31,2026-06-30,10-K; 10-Q,False,not selected,{}
ASTS,us-gaap,ProceedsFromIssuanceOfDebt,Proceeds from Issuance of Debt,other,USD,36,2022-03-31,2026-08-10,2020-12-31,2026-06-30,10-K; 10-Q,False,not selected,{}
ASTS,us-gaap,ProceedsFromIssuanceOfWarrants,Proceeds from Issuance of Warrants,other,USD,10,2022-03-31,2025-03-03,2021-12-31,2022-12-31,10-K; 10-Q,False,not selected,{}
ASTS,us-gaap,ProceedsFromNotesPayable,Proceeds from Notes Payable,other,USD,2,2022-03-31,2022-03-31,2020-12-31,2021-12-31,10-K,False,not selected,{}
ASTS,us-gaap,ProceedsFromStockOptionsExercised,Proceeds from Stock Options Exercised,other,USD,1,2022-03-31,2022-03-31,2020-12-31,2020-12-31,10-K,False,not selected,{}
ASTS,us-gaap,ProceedsFromWarrantExercises,Proceeds from Warrant Exercises,other,USD,27,2022-03-31,2026-03-02,2020-12-31,2025-12-31,10-K; 10-Q,False,not selected,{}
ASTS,us-gaap,RestrictedCash,Restricted Cash,other,USD,29,2022-03-31,2026-03-02,2021-12-31,2025-09-30,10-K; 10-Q,False,not selected,{}
ASTS,us-gaap,RestrictedCashCurrent,"Restricted Cash, Current",other,USD,37,2022-03-31,2026-08-10,2021-12-31,2026-06-30,10-K; 10-Q,False,not selected,{}
ASTS,us-gaap,ShareBasedCompensationArrangementByShareBasedPaymentAwardOptionsOutstandingIntrinsicValue,"Share-based Compensation Arrangement by Share-based Payment Award, Options, Outstanding, Intrinsic Value",other,USD,10,2022-03-31,2026-03-02,2020-12-31,2025-12-31,10-K,False,not selected,{}
ASTS,us-gaap,ShareBasedCompensationArrangementByShareBasedPaymentAwardOptionsVestedAndExpectedToVestOutstandingAggregateIntrinsicValue,"Share-based Compensation Arrangement by Share-based Payment Award, Options, Vested and Expected to Vest, Outstanding, Aggregate Intrinsic Value",other,USD,5,2022-03-31,2026-03-02,2021-12-31,2025-12-31,10-K,False,not selected,{}
ASTS,us-gaap,SharebasedCompensationArrangementBySharebasedPaymentAwardOptionsExercisableIntrinsicValue1,"Share-based Compensation Arrangement by Share-based Payment Award, Options, Exercisable, Intrinsic Value",other,USD,5,2022-03-31,2026-03-02,2021-12-31,2025-12-31,10-K,False,not selected,{}
ASTS,us-gaap,UnrecognizedTaxBenefitsIncomeTaxPenaltiesAndInterestAccrued,"Unrecognized Tax Benefits, Income Tax Penalties and Interest Accrued",other,USD,5,2022-03-31,2026-03-02,2021-12-31,2025-12-31,10-K,False,not selected,{}
ASTS,us-gaap,InterestPayableCurrent,"Interest Payable, Current",other,USD,6,2022-05-16,2022-11-14,2021-12-31,2022-09-30,10-Q,False,not selected,{}
ASTS,us-gaap,LineOfCreditFacilityInterestRateDuringPeriod,"Line of Credit Facility, Interest Rate During Period",other,pure,4,2022-05-16,2023-03-31,2022-01-12,2022-01-12,10-K; 10-Q,False,not selected,{}
ASTS,us-gaap,LongTermDebt,Long-term Debt,other,USD,12,2022-05-16,2023-08-14,2021-12-31,2023-06-30,10-K; 10-Q,False,not selected,{}
ASTS,us-gaap,LongTermDebtCurrent,"Long-term Debt, Current Maturities",other,USD,36,2022-05-16,2026-08-10,2021-12-31,2026-06-30,10-K; 10-Q,False,not selected,{}
ASTS,us-gaap,StockIssuedDuringPeriodValueEmployeeStockPurchasePlan,"Stock Issued During Period, Value, Employee Stock Purchase Plan",other,USD,42,2022-05-16,2026-08-10,2022-03-31,2026-06-30,10-K; 10-Q,False,not selected,{}
ASTS,us-gaap,DepreciationDepletionAndAmortization,"Depreciation, Depletion and Amortization",other,USD,36,2022-08-16,2026-08-10,2021-06-30,2026-06-30,10-K; 10-Q,False,not selected,{}
ASTS,us-gaap,EffectOfExchangeRateOnCashCashEquivalentsRestrictedCashAndRestrictedCashEquivalentsIncludingDisposalGroupAndDiscontinuedOperations,"Effect of Exchange Rate on Cash, Cash Equivalents, Restricted Cash and Restricted Cash Equivalents, Including Disposal Group and Discontinued Operations",other,USD,36,2022-08-16,2026-08-10,2021-06-30,2026-06-30,10-K; 10-Q,False,not selected,{}
ASTS,us-gaap,LineOfCreditFacilityRemainingBorrowingCapacity,"Line of Credit Facility, Remaining Borrowing Capacity",other,USD,3,2022-08-16,2023-03-31,2022-06-30,2022-09-06,10-K; 10-Q,False,not selected,{}
ASTS,us-gaap,OtherPrepaidExpenseCurrent,"Other Prepaid Expense, Current",other,USD,14,2022-08-16,2024-04-01,2021-12-31,2023-12-31,10-K; 10-Q,False,not selected,{}
ASTS,us-gaap,ValueAddedTaxReceivableCurrent,"Value Added Tax Receivable, Current",other,USD,14,2022-08-16,2024-04-01,2021-12-31,2023-12-31,10-K; 10-Q,False,not selected,{}
ASTS,us-gaap,CapitalizedComputerSoftwareGross,"Capitalized Computer Software, Gross",other,USD,2,2022-11-14,2022-11-14,2021-12-31,2022-09-30,10-Q,False,not selected,{}
ASTS,us-gaap,CashCashEquivalentsRestrictedCashAndRestrictedCashEquivalents,"Cash, Cash Equivalents, Restricted Cash and Restricted Cash Equivalents",other,USD,32,2022-11-14,2026-08-10,2021-12-31,2026-06-30,10-K; 10-Q,False,not selected,{}
ASTS,us-gaap,ConsolidationLessThanWhollyOwnedSubsidiaryParentOwnershipInterestChangesPurchaseOfInterestByParent,"Consolidation, Less than Wholly Owned Subsidiary, Parent Ownership Interest, Changes, Purchase of Interest by Parent",other,EUR,2,2022-11-14,2023-03-31,2022-07-02,2022-07-02,10-K; 10-Q,False,not selected,{}
ASTS,us-gaap,ConsolidationLessThanWhollyOwnedSubsidiaryParentOwnershipInterestChangesSaleOfInterestByParent,"Consolidation, Less than Wholly Owned Subsidiary, Parent Ownership Interest, Changes, Sale of Interest by Parent",other,USD,2,2022-11-14,2023-03-31,2022-07-02,2022-07-02,10-K; 10-Q,False,not selected,{}
ASTS,us-gaap,DeconsolidationGainOrLossAmount,"Deconsolidation, Gain (Loss), Amount",other,USD,10,2022-11-14,2025-03-03,2022-09-30,2022-12-31,10-K; 10-Q,False,not selected,{}
ASTS,us-gaap,DepositsAssetsNoncurrent,"Deposits Assets, Noncurrent",other,USD,4,2022-11-14,2023-03-31,2021-12-31,2022-12-31,10-K; 10-Q,False,not selected,{}
ASTS,us-gaap,DilutiveSecurities,"Dilutive Securities, Effect on Basic Earnings Per Share",other,USD,2,2022-11-14,2022-11-14,2021-09-30,2021-09-30,10-Q,False,not selected,{}
ASTS,us-gaap,GainLossOnSaleOfStockInSubsidiaryOrEquityMethodInvestee,Gain (Loss) on Disposition of Stock in Subsidiary or Equity Method Investee,other,USD,11,2022-11-14,2025-03-03,2021-09-30,2024-12-31,10-K; 10-Q,False,not selected,{}
ASTS,us-gaap,NoncontrollingInterestDecreaseFromDeconsolidation,"Noncontrolling Interest, Decrease from Deconsolidation",other,USD,3,2022-11-14,2023-03-31,2022-09-30,2022-12-31,10-K; 10-Q,False,not selected,{}
ASTS,us-gaap,NotesAndLoansReceivableNetNoncurrent,"Financing Receivable, after Allowance for Credit Loss, Noncurrent",other,USD,2,2022-11-14,2022-11-14,2021-12-31,2022-09-30,10-Q,False,not selected,{}
ASTS,us-gaap,OtherAssetsMiscellaneousCurrent,"Other Assets, Miscellaneous, Current",other,USD,12,2022-11-14,2024-04-01,2021-12-31,2023-12-31,10-K; 10-Q,False,not selected,{}
ASTS,us-gaap,ProceedsFromIssuanceOfCommonStock,Proceeds from Issuance of Common Stock,other,USD,32,2022-11-14,2026-08-10,2021-09-30,2026-06-30,10-K; 10-Q,False,not selected,{}
ASTS,us-gaap,ProceedsFromStockPlans,Proceeds from Stock Plans,other,USD,33,2022-11-14,2026-08-10,2021-12-31,2026-06-30,10-K; 10-Q,False,not selected,{}
ASTS,us-gaap,StockIssuedDuringPeriodValueRestrictedStockAwardGross,"Stock Issued During Period, Value, Restricted Stock Award, Gross",other,USD,44,2022-11-14,2026-08-10,2022-09-30,2026-06-30,10-K; 10-Q,False,not selected,{}
ASTS,us-gaap,EmployeeRelatedLiabilitiesCurrent,"Employee-related Liabilities, Current",other,USD,18,2023-03-31,2026-08-10,2021-12-31,2026-06-30,10-K; 10-Q,False,not selected,{}
ASTS,us-gaap,GainLossOnSaleOfPropertyPlantEquipment,Gain (Loss) on Disposition of Property Plant Equipment,other,USD,23,2023-03-31,2026-08-10,2021-12-31,2026-06-30,10-K; 10-Q,False,not selected,{}
ASTS,us-gaap,ImpairmentOfLongLivedAssetsHeldForUse,Impairment of Long-Lived Assets Held-for-use,other,USD,10,2023-03-31,2026-03-02,2021-12-31,2025-12-31,10-K,False,not selected,{}
ASTS,us-gaap,ShareBasedCompensationArrangementByShareBasedPaymentAwardOptionsExercisesInPeriodTotalIntrinsicValue,"Share-based Compensation Arrangement by Share-based Payment Award, Options, Exercises in Period, Intrinsic Value",other,USD,2,2023-03-31,2024-04-01,2022-12-31,2023-12-31,10-K,False,not selected,{}
ASTS,us-gaap,ProceedsFromRepaymentsOfDebt,Proceeds from (Repayments of) Debt,other,USD,4,2023-05-15,2023-08-14,2022-03-31,2023-06-30,10-Q,False,not selected,{}
ASTS,us-gaap,ProceedsFromSaleOfInterestInPartnershipUnit,Proceeds from Sale of Interest in Partnership Unit,other,USD,5,2023-05-15,2025-03-03,2022-09-06,2022-09-06,10-K; 10-Q,False,not selected,{}
ASTS,us-gaap,AmortizationOfFinancingCosts,Amortization of Debt Issuance Costs,other,USD,37,2023-11-14,2026-08-10,2022-09-30,2026-06-30,10-K; 10-Q,False,not selected,{}
ASTS,us-gaap,InterestExpenseDebt,"Interest Expense, Debt",other,USD,35,2023-11-14,2026-08-10,2022-12-31,2026-06-30,10-K; 10-Q,False,not selected,{}
ASTS,us-gaap,LongTermDebtFairValue,"Long-term Debt, Fair Value",other,USD,24,2023-11-14,2026-08-10,2022-12-31,2026-06-30,10-K; 10-Q,False,not selected,{}
ASTS,us-gaap,LongTermDebtMaturitiesRepaymentsOfPrincipalRemainderOfFiscalYear,"Long-Term Debt, Maturity, Remainder of Fiscal Year",other,USD,1,2023-11-14,2023-11-14,2023-09-30,2023-09-30,10-Q,False,not selected,{}
ASTS,us-gaap,LongTermLineOfCredit,"Long-term Line of Credit, Noncurrent",other,USD,14,2023-11-14,2025-05-12,2022-12-31,2025-03-31,10-K; 10-Q,False,not selected,{}
ASTS,us-gaap,PaymentsOfDebtIssuanceCosts,Payments of Debt Issuance Costs,other,USD,26,2023-11-14,2026-08-10,2022-09-30,2026-06-30,10-K; 10-Q,False,not selected,{}
ASTS,us-gaap,ProceedsFromDivestitureOfBusinessesNetOfCashDivested,"Proceeds from Divestiture of Businesses, Net of Cash Divested",other,USD,7,2023-11-14,2025-03-03,2022-09-30,2024-12-31,10-K; 10-Q,False,not selected,{}
ASTS,us-gaap,RepaymentsOfDebt,Repayments of Debt,other,USD,26,2023-11-14,2026-08-10,2022-09-30,2026-06-30,10-K; 10-Q,False,not selected,{}
ASTS,us-gaap,SecuredLongTermDebt,"Secured Long-term Debt, Noncurrent",other,USD,12,2023-11-14,2025-03-03,2022-12-31,2024-12-31,10-K; 10-Q,False,not selected,{}
ASTS,us-gaap,UnamortizedDebtIssuanceExpense,Unamortized Debt Issuance Expense,other,USD,24,2023-11-14,2026-08-10,2022-12-31,2026-06-30,10-K; 10-Q,False,not selected,{}
ASTS,us-gaap,CapitalizedComputerSoftwareAdditions,"Capitalized Computer Software, Additions",other,USD,8,2024-04-01,2026-03-02,2022-12-31,2025-12-31,10-K,False,not selected,{}
ASTS,us-gaap,ContractWithCustomerLiability,"Contract with Customer, Liability",other,USD,20,2024-04-01,2026-08-10,2022-12-31,2026-06-30,10-K; 10-Q,False,not selected,{}
ASTS,us-gaap,DeferredTaxAssetsTaxCreditCarryforwardsForeign,"Deferred Tax Assets, Tax Credit Carryforwards, Foreign",other,USD,5,2024-04-01,2026-03-02,2023-12-31,2025-12-31,10-K,False,not selected,{}
ASTS,us-gaap,InterestIncomeExpenseNet,"Interest Income (Expense), Net",other,USD,12,2024-04-01,2024-11-14,2022-12-31,2024-09-30,10-K; 10-Q,False,not selected,{}
ASTS,us-gaap,PaymentsRelatedToTaxWithholdingForShareBasedCompensation,"Payment, Tax Withholding, Share-based Payment Arrangement",other,USD,24,2024-04-01,2026-08-10,2022-12-31,2026-06-30,10-K; 10-Q,False,not selected,{}
ASTS,us-gaap,ConvertibleDebtNoncurrent,"Convertible Debt, Noncurrent",other,USD,8,2024-05-15,2025-03-03,2023-12-31,2024-12-31,10-K; 10-Q,False,not selected,{}
ASTS,us-gaap,Revenues,Revenues,revenue_candidate_VERIFY_scope_and_currency,USD,7,2024-05-15,2025-03-03,2023-12-31,2024-12-31,10-K; 10-Q,True,7,{}
ASTS,us-gaap,IncreaseDecreaseInContractWithCustomerLiability,"Increase (Decrease) in Contract with Customer, Liability",other,USD,20,2024-08-14,2026-08-10,2022-12-31,2026-06-30,10-K; 10-Q,False,not selected,{}
ASTS,us-gaap,PaidInKindInterest,Paid-in-Kind Interest,other,USD,11,2024-08-14,2025-08-11,2022-12-31,2025-06-30,10-K; 10-Q,False,not selected,{}
ASTS,us-gaap,AntidilutiveSecuritiesExcludedFromComputationOfEarningsPerShareAmount,"Antidilutive Securities Excluded from Computation of Earnings Per Share, Amount",other_share_concept_NOT_automatically_outstanding,shares,7,2025-03-03,2026-08-10,2024-12-31,2026-06-30,10-K; 10-Q,False,not selected,{}
ASTS,us-gaap,GainsLossesOnExtinguishmentOfDebt,Gain (Loss) on Extinguishment of Debt,other,USD,6,2025-03-03,2026-03-02,2022-12-31,2025-12-31,10-K,False,not selected,{}
ASTS,us-gaap,InterestExpenseOther,"Interest Expense, Other",other,USD,22,2025-03-03,2026-08-10,2022-12-31,2026-06-30,10-K; 10-Q,False,not selected,{}
ASTS,us-gaap,NumberOfOperatingSegments,Number of Operating Segments,other,Segment,7,2025-03-03,2026-08-10,2024-12-31,2026-06-30,10-K; 10-Q,False,not selected,{}
ASTS,us-gaap,AccruedLiabilitiesCurrent,"Accrued Liabilities, Current",other,USD,12,2025-05-12,2026-08-10,2024-12-31,2026-06-30,10-K; 10-Q,False,not selected,{}
ASTS,us-gaap,PaymentsForDerivativeInstrumentFinancingActivities,"Payments for Derivative Instrument, Financing Activities",other,USD,13,2025-05-12,2026-08-10,2023-12-31,2026-06-30,10-K; 10-Q,False,not selected,{}
ASTS,us-gaap,DepositAssets,Deposit Assets,other,USD,5,2025-08-11,2026-08-10,2025-06-30,2025-12-31,10-K; 10-Q,False,not selected,{}
ASTS,us-gaap,AssetAcquisitionConsiderationTransferred,,other,USD,2,2025-11-10,2026-03-02,2025-09-30,2025-12-31,10-K; 10-Q,False,not selected,{}
ASTS,us-gaap,AssetAcquisitionConsiderationTransferredTransactionCost,,other,USD,2,2025-11-10,2026-03-02,2025-09-30,2025-12-31,10-K; 10-Q,False,not selected,{}
ASTS,us-gaap,BusinessCombinationRecognizedIdentifiableAssetsAcquiredAndLiabilitiesAssumedCurrentLiabilitiesAccountsPayable,"Business Combination, Recognized Identifiable Assets Acquired and Liabilities Assumed, Current Liabilities, Accounts Payable",other,USD,4,2025-11-10,2026-08-10,2025-09-30,2026-06-30,10-K; 10-Q,False,not selected,{}
ASTS,us-gaap,BusinessCombinationRecognizedIdentifiableAssetsAcquiredAndLiabilitiesAssumedDeferredTaxLiabilities,"Business Combination, Recognized Identifiable Assets Acquired and Liabilities Assumed, Deferred Tax Liabilities",other,USD,2,2025-11-10,2026-03-02,2025-09-30,2025-12-31,10-K; 10-Q,False,not selected,{}
ASTS,us-gaap,BusinessCombinationRecognizedIdentifiableAssetsAcquiredAndLiabilitiesAssumedIndefiniteLivedIntangibleAssets,"Business Combination, Recognized Identifiable Assets Acquired and Liabilities Assumed, Indefinite-Lived Intangible Assets",other,USD,2,2025-11-10,2026-03-02,2025-09-30,2025-12-31,10-K; 10-Q,False,not selected,{}
ASTS,us-gaap,ContractWithCustomerLiabilityNoncurrent,"Contract with Customer, Liability, Noncurrent",other,USD,8,2025-11-10,2026-08-10,2024-12-31,2026-06-30,10-K; 10-Q,False,not selected,{}
ASTS,us-gaap,InducedConversionOfConvertibleDebtExpense,Induced Conversion of Convertible Debt Expense,other,USD,9,2025-11-10,2026-08-10,2023-12-31,2026-06-30,10-K; 10-Q,False,not selected,{}
ASTS,us-gaap,IntangibleAssetsNetIncludingGoodwill,"Intangible Assets, Net (Including Goodwill)",other,USD,8,2025-11-10,2026-08-10,2024-12-31,2026-06-30,10-K; 10-Q,False,not selected,{}
ASTS,us-gaap,NoncashOrPartNoncashAcquisitionIntangibleAssetsAcquired1,"Noncash or Part Noncash Acquisition, Intangible Assets Acquired",other,USD,9,2025-11-10,2026-08-10,2023-12-31,2026-06-30,10-K; 10-Q,False,not selected,{}
ASTS,us-gaap,OtherAmortizationOfDeferredCharges,Amortization of Other Deferred Charges,other,USD,6,2025-11-10,2026-08-10,2025-09-30,2026-06-30,10-K; 10-Q,False,not selected,{}
ASTS,us-gaap,OtherLiabilitiesNoncurrent,"Other Liabilities, Noncurrent",other,USD,8,2025-11-10,2026-08-10,2024-12-31,2026-06-30,10-K; 10-Q,False,not selected,{}
ASTS,us-gaap,OtherNoncashIncomeExpense,Other Noncash Income (Expense),other,USD,2,2025-11-10,2025-11-10,2024-09-30,2025-09-30,10-Q,False,not selected,{}
ASTS,us-gaap,ProceedsFromConvertibleDebt,Proceeds from Convertible Debt,other,USD,5,2025-11-10,2026-03-02,2023-12-31,2025-12-31,10-K; 10-Q,False,not selected,{}
ASTS,us-gaap,RepaymentsOfConvertibleDebt,Repayments of Convertible Debt,other,USD,5,2025-11-10,2026-03-02,2023-12-31,2025-12-31,10-K; 10-Q,False,not selected,{}
ASTS,us-gaap,StockIssuedDuringPeriodValuePurchaseOfAssets,"Stock Issued During Period, Value, Purchase of Assets",other,USD,6,2025-11-10,2026-08-10,2025-09-30,2026-06-30,10-K; 10-Q,False,not selected,{}
ASTS,us-gaap,CapitalizedComputerSoftwareAmortization1,"Capitalized Computer Software, Amortization",other,USD,3,2026-03-02,2026-03-02,2023-12-31,2025-12-31,10-K,False,not selected,{}
ASTS,us-gaap,DeferredTaxLiabilitiesGoodwillAndIntangibleAssetsIntangibleAssets,"Deferred Tax Liabilities, Intangible Assets",other,USD,2,2026-03-02,2026-03-02,2024-12-31,2025-12-31,10-K,False,not selected,{}
ASTS,us-gaap,EffectiveIncomeTaxRateReconciliationCrossBorderTaxEffectAmount,,other,USD,1,2026-03-02,2026-03-02,2025-12-31,2025-12-31,10-K,False,not selected,{}
ASTS,us-gaap,EffectiveIncomeTaxRateReconciliationCrossBorderTaxEffectPercent,,other,pure,1,2026-03-02,2026-03-02,2025-12-31,2025-12-31,10-K,False,not selected,{}
ASTS,us-gaap,EffectiveIncomeTaxRateReconciliationForeignIncomeTaxRateDifferential,"Effective Income Tax Rate Reconciliation, Foreign Income Tax Rate Differential, Percent",other,pure,1,2026-03-02,2026-03-02,2025-12-31,2025-12-31,10-K,False,not selected,{}
ASTS,us-gaap,EffectiveIncomeTaxRateReconciliationNondeductibleExpenseShareBasedCompensationCost,"Effective Income Tax Rate Reconciliation, Nondeductible Expense, Share-based Payment Arrangement, Percent",other,pure,1,2026-03-02,2026-03-02,2025-12-31,2025-12-31,10-K,False,not selected,{}
ASTS,us-gaap,EffectiveIncomeTaxRateReconciliationStateAndLocalIncomeTaxes,"Effective Income Tax Rate Reconciliation, State and Local Income Taxes, Percent",other,pure,1,2026-03-02,2026-03-02,2025-12-31,2025-12-31,10-K,False,not selected,{}
ASTS,us-gaap,EffectiveIncomeTaxRateReconciliationTaxCreditsResearch,"Effective Income Tax Rate Reconciliation, Tax Credit, Research, Percent",other,pure,1,2026-03-02,2026-03-02,2025-12-31,2025-12-31,10-K,False,not selected,{}
ASTS,us-gaap,HostingArrangementServiceContractImplementationCostCapitalizedAfterAccumulatedAmortization,"Hosting Arrangement, Service Contract, Implementation Cost, Capitalized, after Accumulated Amortization",other,USD,2,2026-03-02,2026-03-02,2024-12-31,2025-12-31,10-K,False,not selected,{}
ASTS,us-gaap,HostingArrangementServiceContractImplementationCostExpenseAmortization,"Hosting Arrangement, Service Contract, Implementation Cost, Expense, Amortization",other,USD,3,2026-03-02,2026-03-02,2023-12-31,2025-12-31,10-K,False,not selected,{}
ASTS,us-gaap,IncomeLossFromEquityMethodInvestments,Income (Loss) from Equity Method Investments,other,USD,7,2026-03-02,2026-08-10,2023-12-31,2026-06-30,10-K; 10-Q,False,not selected,{}
ASTS,us-gaap,IncomeTaxPaidFederalAfterRefundReceived,,other,USD,1,2026-03-02,2026-03-02,2025-12-31,2025-12-31,10-K,False,not selected,{}
ASTS,us-gaap,IncomeTaxPaidStateAndLocalAfterRefundReceived,,other,USD,1,2026-03-02,2026-03-02,2025-12-31,2025-12-31,10-K,False,not selected,{}
ASTS,us-gaap,IncomeTaxReconciliationChangeInDeferredTaxAssetsValuationAllowance,"Effective Income Tax Rate Reconciliation, Change in Deferred Tax Assets Valuation Allowance, Amount",other,USD,1,2026-03-02,2026-03-02,2025-12-31,2025-12-31,10-K,False,not selected,{}
ASTS,us-gaap,IncomeTaxReconciliationForeignIncomeTaxRateDifferential,"Effective Income Tax Rate Reconciliation, Foreign Income Tax Rate Differential, Amount",other,USD,1,2026-03-02,2026-03-02,2025-12-31,2025-12-31,10-K,False,not selected,{}
ASTS,us-gaap,IncomeTaxReconciliationIncomeTaxExpenseBenefitAtFederalStatutoryIncomeTaxRate,"Effective Income Tax Rate Reconciliation at Federal Statutory Income Tax Rate, Amount",other,USD,1,2026-03-02,2026-03-02,2025-12-31,2025-12-31,10-K,False,not selected,{}
ASTS,us-gaap,IncomeTaxReconciliationMinorityInterestIncomeExpense,"Effective Income Tax Rate Reconciliation, Noncontrolling Interest Income (Loss), Amount",other,USD,1,2026-03-02,2026-03-02,2025-12-31,2025-12-31,10-K,False,not selected,{}
ASTS,us-gaap,IncomeTaxReconciliationNondeductibleExpenseShareBasedCompensationCost,"Effective Income Tax Rate Reconciliation, Nondeductible Expense, Share-based Payment Arrangement, Amount",other,USD,1,2026-03-02,2026-03-02,2025-12-31,2025-12-31,10-K,False,not selected,{}
ASTS,us-gaap,IncomeTaxReconciliationStateAndLocalIncomeTaxes,"Effective Income Tax Rate Reconciliation, State and Local Income Taxes, Amount",other,USD,1,2026-03-02,2026-03-02,2025-12-31,2025-12-31,10-K,False,not selected,{}
ASTS,us-gaap,IncomeTaxReconciliationTaxCreditsResearch,"Effective Income Tax Rate Reconciliation, Tax Credit, Research, Amount",other,USD,1,2026-03-02,2026-03-02,2025-12-31,2025-12-31,10-K,False,not selected,{}
ASTS,us-gaap,OtherNoncashExpense,Other Noncash Expense,other,USD,7,2026-03-02,2026-08-10,2023-12-31,2026-06-30,10-K; 10-Q,False,not selected,{}
ASTS,us-gaap,OtherNoncashIncome,Other Noncash Income,other,USD,7,2026-03-02,2026-08-10,2023-12-31,2026-06-30,10-K; 10-Q,False,not selected,{}
ASTS,us-gaap,PaymentsForAdvanceToAffiliate,Payments for Advance to Affiliate,other,USD,7,2026-03-02,2026-08-10,2023-12-31,2026-06-30,10-K; 10-Q,False,not selected,{}
ASTS,us-gaap,ProceedsFromDerivativeInstrumentFinancingActivities,"Proceeds from Derivative Instrument, Financing Activities",other,USD,3,2026-03-02,2026-03-02,2023-12-31,2025-12-31,10-K,False,not selected,{}
ASTS,us-gaap,RestrictedCashNoncurrent,"Restricted Cash, Noncurrent",other,USD,6,2026-03-02,2026-08-10,2024-12-31,2026-06-30,10-K; 10-Q,False,not selected,{}
ASTS,us-gaap,RevenueRemainingPerformanceObligationPercentage,"Revenue, Remaining Performance Obligation, Percentage",revenue_candidate_VERIFY_scope_and_currency,pure,3,2026-03-02,2026-08-10,2025-12-31,2026-06-30,10-K; 10-Q,False,not selected,{}
ASTS,us-gaap,StockRedeemedOrCalledDuringPeriodShares,"Stock Redeemed or Called During Period, Shares",other_share_concept_NOT_automatically_outstanding,shares,1,2026-03-02,2026-03-02,2025-12-31,2025-12-31,10-K,False,not selected,{}
ASTS,us-gaap,UnregulatedOperatingRevenue,Unregulated Operating Revenue,revenue_candidate_VERIFY_scope_and_currency,USD,3,2026-03-02,2026-08-10,2025-12-31,2026-06-30,10-K; 10-Q,False,not selected,{}
ASTS,us-gaap,DebtInstrumentConvertibleConversionRatio1,"Debt Instrument, Convertible, Conversion Ratio",other,pure,2,2026-05-11,2026-08-10,2026-02-17,2026-02-17,10-Q,False,not selected,{}
ASTS,us-gaap,InsuranceRecoveries,Insurance Recoveries,other,USD,1,2026-08-10,2026-08-10,2026-06-30,2026-06-30,10-Q,False,not selected,{}
ASTS,us-gaap,InsuredEventGainLoss,"Insured Event, Gain (Loss)",other,USD,1,2026-08-10,2026-08-10,2026-06-30,2026-06-30,10-Q,False,not selected,{}
ASTS,us-gaap,LossContingencyLossInPeriod,"Loss Contingency, Loss in Period",other,USD,4,2026-08-10,2026-08-10,2025-06-30,2026-06-30,10-Q,False,not selected,{}
ASTS,us-gaap,PremiumsReceivableAtCarryingValue,"Premiums Receivable, Net",other,USD,1,2026-08-10,2026-08-10,2026-06-30,2026-06-30,10-Q,False,not selected,{}
ASTS,us-gaap,ProceedsFromInsuranceSettlementInvestingActivities,"Proceeds from Insurance Settlement, Investing Activities",other,USD,2,2026-08-10,2026-08-10,2025-06-30,2026-06-30,10-Q,False,not selected,{}
ASTS,ecd,CoSelectedMeasureAmt,,other,USD,5,2026-04-28,2026-04-28,2021-12-31,2025-12-31,DEF 14A,False,not selected,{}
ASTS,ecd,NonPeoNeoAvgCompActuallyPaidAmt,,other,USD,5,2026-04-28,2026-04-28,2021-12-31,2025-12-31,DEF 14A,False,not selected,{}
ASTS,ecd,NonPeoNeoAvgTotalCompAmt,,other,USD,5,2026-04-28,2026-04-28,2021-12-31,2025-12-31,DEF 14A,False,not selected,{}
ASTS,ecd,PeerGroupTotalShareholderRtnAmt,,other,USD,5,2026-04-28,2026-04-28,2021-12-31,2025-12-31,DEF 14A,False,not selected,{}
ASTS,ecd,PeoActuallyPaidCompAmt,,other,USD,2,2026-04-28,2026-04-28,2021-12-31,2025-12-31,DEF 14A,False,not selected,{}
ASTS,ecd,PeoTotalCompAmt,,other,USD,2,2026-04-28,2026-04-28,2021-12-31,2025-12-31,DEF 14A,False,not selected,{}
ASTS,ecd,TotalShareholderRtnAmt,,other,USD,5,2026-04-28,2026-04-28,2021-12-31,2025-12-31,DEF 14A,False,not selected,{}
ASTS,ffd,NetFeeAmt,,other,USD,1,2026-05-15,2026-05-15,2026-05-15,2026-05-15,S-8,False,not selected,{}
ASTS,ffd,TtlFeeAmt,,other,USD,1,2026-05-15,2026-05-15,2026-05-15,2026-05-15,S-8,False,not selected,{}
ASTS,ffd,TtlOfferingAmt,,other,USD,1,2026-05-15,2026-05-15,2026-05-15,2026-05-15,S-8,False,not selected,{}
ASTS,ffd,TtlOffsetAmt,,other,USD,1,2026-05-15,2026-05-15,2026-05-15,2026-05-15,S-8,False,not selected,{}
BABA,dei,EntityCommonStockSharesOutstanding,"Entity Common Stock, Shares Outstanding",shares_outstanding_candidate_VERIFY_classes_and_ADS,shares,13,2015-06-25,2026-05-20,2015-03-31,2026-03-31,20-F; 20-F/A,True,13,{}
BABA,dei,EntityListingDepositoryReceiptRatio,"Entity Listing, Depository Receipt Ratio",other,pure,32,2019-11-13,2026-05-20,2019-07-29,2026-03-31,20-F; 6-K,False,not selected,{}
BABA,us-gaap,AccountsPayableAndAccruedLiabilitiesCurrent,"Accounts Payable and Accrued Liabilities, Current",other,CNY,32,2015-06-25,2026-05-20,2014-03-31,2026-03-31,20-F; 6-K,False,not selected,{}
BABA,us-gaap,AccountsPayableAndAccruedLiabilitiesCurrent,"Accounts Payable and Accrued Liabilities, Current",other,USD,16,2015-06-25,2026-05-20,2015-03-31,2026-03-31,20-F; 6-K,False,not selected,{}
BABA,us-gaap,AccountsPayableAndOtherAccruedLiabilitiesCurrent,"Accounts Payable and Other Accrued Liabilities, Current",other,CNY,32,2015-06-25,2026-05-20,2014-03-31,2026-03-31,20-F; 6-K,False,not selected,{}
BABA,us-gaap,AccountsReceivableNetCurrent,"Accounts Receivable, after Allowance for Credit Loss, Current",other,CNY,32,2015-06-25,2026-05-20,2014-03-31,2026-03-31,20-F; 6-K,False,not selected,{}
BABA,us-gaap,AccruedIncomeTaxesCurrent,"Accrued Income Taxes, Current",other,CNY,32,2015-06-25,2026-05-20,2014-03-31,2026-03-31,20-F; 6-K,False,not selected,{}
BABA,us-gaap,AccruedIncomeTaxesCurrent,"Accrued Income Taxes, Current",other,USD,16,2015-06-25,2026-05-20,2015-03-31,2026-03-31,20-F; 6-K,False,not selected,{}
BABA,us-gaap,AccruedMarketingCostsCurrent,"Accrued Marketing Costs, Current",other,CNY,8,2015-06-25,2017-11-24,2014-03-31,2017-03-31,20-F; 6-K,False,not selected,{}
BABA,us-gaap,AccruedProfessionalFeesCurrent,"Accrued Professional Fees, Current",other,CNY,10,2015-06-25,2018-07-27,2014-03-31,2018-03-31,20-F; 6-K,False,not selected,{}
BABA,us-gaap,AccumulatedDepreciationDepletionAndAmortizationPropertyPlantAndEquipment,"Accumulated Depreciation, Depletion and Amortization, Property, Plant, and Equipment",other,CNY,20,2015-06-25,2021-07-27,2014-03-31,2021-03-31,20-F; 6-K,False,not selected,{}
BABA,us-gaap,AccumulatedOtherComprehensiveIncomeLossForeignCurrencyTranslationAdjustmentNetOfTax,"Accumulated Other Comprehensive Income (Loss), Foreign Currency Translation Adjustment, Net of Tax",other,CNY,32,2015-06-25,2026-05-20,2014-03-31,2026-03-31,20-F; 6-K,False,not selected,{}
BABA,us-gaap,AccumulatedOtherComprehensiveIncomeLossForeignCurrencyTranslationAdjustmentNetOfTax,"Accumulated Other Comprehensive Income (Loss), Foreign Currency Translation Adjustment, Net of Tax",other,USD,16,2015-06-25,2026-05-20,2015-03-31,2026-03-31,20-F; 6-K,False,not selected,{}
BABA,us-gaap,AdditionalPaidInCapital,Additional Paid in Capital,other,CNY,32,2015-06-25,2026-05-20,2014-03-31,2026-03-31,20-F; 6-K,False,not selected,{}
BABA,us-gaap,AdditionalPaidInCapital,Additional Paid in Capital,other,USD,16,2015-06-25,2026-05-20,2015-03-31,2026-03-31,20-F; 6-K,False,not selected,{}
BABA,us-gaap,AdjustmentsToAdditionalPaidInCapitalSharebasedCompensationRequisiteServicePeriodRecognitionValue,"APIC, Share-based Payment Arrangement, Increase for Cost Recognition",other,CNY,47,2015-06-25,2026-05-20,2013-03-31,2026-03-31,20-F; 6-K,False,not selected,{}
BABA,us-gaap,AllocatedShareBasedCompensationExpense,"Share-based Payment Arrangement, Expense",other,CNY,47,2015-06-25,2026-05-20,2013-03-31,2026-03-31,20-F; 6-K,False,not selected,{}
BABA,us-gaap,AllocatedShareBasedCompensationExpense,"Share-based Payment Arrangement, Expense",other,USD,5,2022-07-26,2026-05-20,2022-03-31,2026-03-31,20-F,False,not selected,{}
BABA,us-gaap,AmortizationOfIntangibleAssets,Amortization of Intangible Assets,other,CNY,47,2015-06-25,2026-05-20,2013-03-31,2026-03-31,20-F; 6-K,False,not selected,{}
BABA,us-gaap,AmortizationOfIntangibleAssets,Amortization of Intangible Assets,other,USD,16,2015-06-25,2026-05-20,2015-03-31,2026-03-31,20-F; 6-K,False,not selected,{}
BABA,us-gaap,AmountOfDilutiveSecuritiesStockOptionsAndRestrictiveStockUnits,"Dilutive Securities, Effect on Basic Earnings Per Share, Options and Restrictive Stock Units",other,CNY,36,2017-06-15,2026-05-20,2017-03-31,2026-03-31,20-F; 6-K,False,not selected,{}
BABA,us-gaap,AmountOfRestrictedNetAssetsForConsolidatedAndUnconsolidatedSubsidiaries,Amount of Restricted Net Assets for Consolidated and Unconsolidated Subsidiaries,other,CNY,15,2015-06-25,2026-05-20,2015-03-31,2026-03-31,20-F; 6-K,False,not selected,{}
BABA,us-gaap,Assets,Assets,other,CNY,32,2015-06-25,2026-05-20,2014-03-31,2026-03-31,20-F; 6-K,False,not selected,{}
BABA,us-gaap,Assets,Assets,other,USD,16,2015-06-25,2026-05-20,2015-03-31,2026-03-31,20-F; 6-K,False,not selected,{}
BABA,us-gaap,AssetsCurrent,"Assets, Current",other,CNY,32,2015-06-25,2026-05-20,2014-03-31,2026-03-31,20-F; 6-K,False,not selected,{}
BABA,us-gaap,AssetsCurrent,"Assets, Current",other,USD,16,2015-06-25,2026-05-20,2015-03-31,2026-03-31,20-F; 6-K,False,not selected,{}
BABA,us-gaap,AvailableForSaleSecuritiesAccumulatedGrossUnrealizedGainLossBeforeTax,"Available-for-sale Securities, Accumulated Gross Unrealized Gain (Loss), before Tax",revenue_candidate_VERIFY_scope_and_currency,CNY,17,2015-06-25,2019-11-13,2013-03-31,2018-03-31,20-F; 6-K,False,not selected,{}
BABA,us-gaap,AvailableForSaleSecuritiesContinuousUnrealizedLossPositionFairValue,"Available-for-sale Securities, Continuous Unrealized Loss Position, Fair Value",revenue_candidate_VERIFY_scope_and_currency,CNY,15,2015-06-25,2019-11-13,2014-03-31,2018-03-31,20-F; 6-K,False,not selected,{}
BABA,us-gaap,BusinessCombinationConsiderationTransferredIncludingEquityInterestInAcquireeHeldPriorToCombination1,"Business Combination, Consideration Transferred, Including Equity Interest in Acquiree Held Prior to Combination",other,CNY,2,2017-06-15,2017-11-24,2016-04-30,2016-04-30,20-F; 6-K,False,not selected,{}
BABA,us-gaap,BusinessCombinationStepAcquisitionEquityInterestInAcquireeFairValue1,"Business Combination, Step Acquisition, Equity Interest in Acquiree, Fair Value",other,CNY,2,2017-06-15,2017-11-24,2016-04-30,2016-04-30,20-F; 6-K,False,not selected,{}
BABA,us-gaap,BusinessCombinationStepAcquisitionEquityInterestInAcquireeRemeasurementGainOrLoss,"Business Combination, Step Acquisition, Equity Interest in Acquiree, Remeasurement Gain (Loss), Net",other,CNY,42,2015-06-25,2026-05-20,2015-03-31,2026-03-31,20-F; 6-K,False,not selected,{}
BABA,us-gaap,BusinessCombinationStepAcquisitionEquityInterestInAcquireeRemeasurementGainOrLoss,"Business Combination, Step Acquisition, Equity Interest in Acquiree, Remeasurement Gain (Loss), Net",other,USD,13,2015-06-25,2026-05-20,2015-03-31,2026-03-31,20-F; 6-K,False,not selected,{}
BABA,us-gaap,CapitalLeaseObligations,Capital Lease Obligations,other,CNY,9,2016-05-24,2019-11-13,2014-03-31,2019-03-31,20-F; 6-K,False,not selected,{}
BABA,us-gaap,CashAcquiredFromAcquisition,Cash Acquired from Acquisition,other,CNY,45,2015-06-25,2026-05-20,2013-03-31,2026-03-31,20-F; 6-K,False,not selected,{}
BABA,us-gaap,CashAndCashEquivalentsAtCarryingValue,"Cash and Cash Equivalents, at Carrying Value",other,CNY,42,2015-06-25,2026-05-20,2012-03-31,2026-03-31,20-F; 6-K,False,not selected,{}
BABA,us-gaap,CashAndCashEquivalentsAtCarryingValue,"Cash and Cash Equivalents, at Carrying Value",other,USD,21,2015-06-25,2026-05-20,2014-03-31,2026-03-31,20-F; 6-K,False,not selected,{}
BABA,us-gaap,CashAndCashEquivalentsPeriodIncreaseDecrease,"Cash and Cash Equivalents, Period Increase (Decrease)",other,CNY,15,2015-06-25,2018-07-27,2013-03-31,2018-03-31,20-F; 6-K,False,not selected,{}
BABA,us-gaap,CashAndCashEquivalentsPeriodIncreaseDecrease,"Cash and Cash Equivalents, Period Increase (Decrease)",other,USD,5,2015-06-25,2018-07-27,2015-03-31,2018-03-31,20-F; 6-K,False,not selected,{}
BABA,us-gaap,CashCashEquivalentsRestrictedCashAndRestrictedCashEquivalents,"Cash, Cash Equivalents, Restricted Cash and Restricted Cash Equivalents",other,CNY,44,2019-06-05,2026-05-20,2016-03-31,2026-03-31,20-F; 6-K,False,not selected,{}
BABA,us-gaap,CashCashEquivalentsRestrictedCashAndRestrictedCashEquivalents,"Cash, Cash Equivalents, Restricted Cash and Restricted Cash Equivalents",other,USD,22,2019-06-05,2026-05-20,2018-03-31,2026-03-31,20-F; 6-K,False,not selected,{}
BABA,us-gaap,CashCashEquivalentsRestrictedCashAndRestrictedCashEquivalentsPeriodIncreaseDecreaseIncludingExchangeRateEffect,"Cash, Cash Equivalents, Restricted Cash and Restricted Cash Equivalents, Period Increase (Decrease), Including Exchange Rate Effect",other,CNY,32,2019-06-05,2026-05-20,2017-03-31,2026-03-31,20-F; 6-K,False,not selected,{}
BABA,us-gaap,CashCashEquivalentsRestrictedCashAndRestrictedCashEquivalentsPeriodIncreaseDecreaseIncludingExchangeRateEffect,"Cash, Cash Equivalents, Restricted Cash and Restricted Cash Equivalents, Period Increase (Decrease), Including Exchange Rate Effect",other,USD,11,2019-06-05,2026-05-20,2019-03-31,2026-03-31,20-F; 6-K,False,not selected,{}
BABA,us-gaap,CommonStockParOrStatedValuePerShare,"Common Stock, Par or Stated Value Per Share",other,USD/shares,38,2015-06-25,2026-05-20,2014-03-31,2026-03-31,20-F; 6-K,False,not selected,{}
BABA,us-gaap,CommonStockSharesAuthorized,"Common Stock, Shares Authorized",other_share_concept_NOT_automatically_outstanding,shares,38,2015-06-25,2026-05-20,2014-03-31,2026-03-31,20-F; 6-K,False,not selected,{}
BABA,us-gaap,CommonStockSharesIssued,"Common Stock, Shares, Issued",other_share_concept_NOT_automatically_outstanding,shares,32,2015-06-25,2026-05-20,2014-03-31,2026-03-31,20-F; 6-K,False,not selected,{}
BABA,us-gaap,CommonStockSharesOutstanding,"Common Stock, Shares, Outstanding",shares_outstanding_candidate_VERIFY_classes_and_ADS,shares,32,2015-06-25,2026-05-20,2014-03-31,2026-03-31,20-F; 6-K,False,not selected,{}
BABA,us-gaap,CommonStockValue,"Common Stock, Value, Issued",other,CNY,32,2015-06-25,2026-05-20,2014-03-31,2026-03-31,20-F; 6-K,False,not selected,{}
BABA,us-gaap,CommonStockValue,"Common Stock, Value, Issued",other,USD,5,2015-06-25,2026-05-20,2015-03-31,2026-03-31,20-F,False,not selected,{}
BABA,us-gaap,ComprehensiveIncomeNetOfTax,"Comprehensive Income (Loss), Net of Tax, Attributable to Parent",other,CNY,47,2015-06-25,2026-05-20,2013-03-31,2026-03-31,20-F; 6-K,False,not selected,{}
BABA,us-gaap,ComprehensiveIncomeNetOfTax,"Comprehensive Income (Loss), Net of Tax, Attributable to Parent",other,USD,16,2015-06-25,2026-05-20,2015-03-31,2026-03-31,20-F; 6-K,False,not selected,{}
BABA,us-gaap,ComprehensiveIncomeNetOfTaxAttributableToNoncontrollingInterest,"Comprehensive Income (Loss), Net of Tax, Attributable to Noncontrolling Interest",other,CNY,47,2015-06-25,2026-05-20,2013-03-31,2026-03-31,20-F; 6-K,False,not selected,{}
BABA,us-gaap,ComprehensiveIncomeNetOfTaxAttributableToNoncontrollingInterest,"Comprehensive Income (Loss), Net of Tax, Attributable to Noncontrolling Interest",other,USD,16,2015-06-25,2026-05-20,2015-03-31,2026-03-31,20-F; 6-K,False,not selected,{}
BABA,us-gaap,ComprehensiveIncomeNetOfTaxIncludingPortionAttributableToNoncontrollingInterest,"Comprehensive Income (Loss), Net of Tax, Including Portion Attributable to Noncontrolling Interest",other,CNY,47,2015-06-25,2026-05-20,2013-03-31,2026-03-31,20-F; 6-K,False,not selected,{}
BABA,us-gaap,ComprehensiveIncomeNetOfTaxIncludingPortionAttributableToNoncontrollingInterest,"Comprehensive Income (Loss), Net of Tax, Including Portion Attributable to Noncontrolling Interest",other,USD,16,2015-06-25,2026-05-20,2015-03-31,2026-03-31,20-F; 6-K,False,not selected,{}
BABA,us-gaap,ContractWithCustomerLiability,"Contract with Customer, Liability",other,CNY,22,2019-06-05,2026-05-20,2018-03-31,2026-03-31,20-F; 6-K,False,not selected,{}
BABA,us-gaap,ContractWithCustomerLiabilityNoncurrent,"Contract with Customer, Liability, Noncurrent",other,CNY,22,2019-06-05,2026-05-20,2018-03-31,2026-03-31,20-F; 6-K,False,not selected,{}
BABA,us-gaap,ContractWithCustomerLiabilityNoncurrent,"Contract with Customer, Liability, Noncurrent",other,USD,11,2019-06-05,2026-05-20,2019-03-31,2026-03-31,20-F; 6-K,False,not selected,{}
BABA,us-gaap,ConversionOfStockAmountIssued1,"Conversion of Stock, Amount Issued",other,CNY,4,2015-06-25,2017-11-24,2015-03-31,2015-03-31,20-F; 6-K,False,not selected,{}
BABA,us-gaap,ConvertiblePreferredDividendsNetOfTax,"Convertible Preferred Dividends, Net of Tax",other,CNY,7,2015-06-25,2017-11-24,2013-03-31,2015-03-31,20-F; 6-K,False,not selected,{}
BABA,us-gaap,CostMethodInvestments,Cost Method Investments,other,CNY,20,2015-06-25,2019-11-13,2012-03-31,2018-03-31,20-F; 6-K,False,not selected,{}
BABA,us-gaap,CostmethodInvestmentsOtherThanTemporaryImpairment,"Cost-method Investments, Other than Temporary Impairment",other,CNY,19,2015-06-25,2019-11-13,2013-03-31,2018-03-31,20-F; 6-K,False,not selected,{}
BABA,us-gaap,CostOfRevenue,Cost of Revenue,revenue_candidate_VERIFY_scope_and_currency,CNY,47,2015-06-25,2026-05-20,2013-03-31,2026-03-31,20-F; 6-K,False,not selected,{}
BABA,us-gaap,CostOfRevenue,Cost of Revenue,revenue_candidate_VERIFY_scope_and_currency,USD,16,2015-06-25,2026-05-20,2015-03-31,2026-03-31,20-F; 6-K,False,not selected,{}
BABA,us-gaap,CurrentIncomeTaxExpenseBenefit,Current Income Tax Expense (Benefit),other,CNY,47,2015-06-25,2026-05-20,2013-03-31,2026-03-31,20-F; 6-K,False,not selected,{}
BABA,us-gaap,CustomerAdvancesAndDeposits,Customer Advances and Deposits,other,CNY,10,2015-06-25,2018-07-27,2014-03-31,2018-03-31,20-F; 6-K,False,not selected,{}
BABA,us-gaap,CustomerDepositsCurrent,"Customer Deposits, Current",other,CNY,10,2015-06-25,2018-07-27,2014-03-31,2018-03-31,20-F; 6-K,False,not selected,{}
BABA,us-gaap,CustomerDepositsCurrent,"Customer Deposits, Current",other,USD,5,2015-06-25,2018-07-27,2015-03-31,2018-03-31,20-F; 6-K,False,not selected,{}
BABA,us-gaap,DebtCurrent,"Debt, Current",other,CNY,10,2015-06-25,2018-07-27,2014-03-31,2018-03-31,20-F; 6-K,False,not selected,{}
BABA,us-gaap,DebtCurrent,"Debt, Current",other,USD,5,2015-06-25,2018-07-27,2015-03-31,2018-03-31,20-F; 6-K,False,not selected,{}
BABA,us-gaap,DebtSecurities,Debt Securities,other,CNY,6,2019-06-05,2021-02-02,2018-03-31,2019-03-31,20-F; 6-K,False,not selected,{}
BABA,us-gaap,DebtSecuritiesHeldToMaturityAllowanceForCreditLoss,"Debt Securities, Held-to-maturity, Allowance for Credit Loss",other,CNY,12,2021-07-27,2026-05-20,2020-03-31,2026-03-31,20-F,False,not selected,{}
BABA,us-gaap,DebtSecuritiesRealizedGainLossExcludingOtherThanTemporaryImpairment,"Debt Securities, Realized Gain (Loss), Excluding Other-than-temporary Impairment",other,CNY,14,2019-06-05,2021-02-02,2017-03-31,2020-09-30,20-F; 6-K,False,not selected,{}
BABA,us-gaap,DeferredIncomeTaxExpenseBenefit,Deferred Income Tax Expense (Benefit),other,CNY,47,2015-06-25,2026-05-20,2013-03-31,2026-03-31,20-F; 6-K,False,not selected,{}
BABA,us-gaap,DeferredIncomeTaxExpenseBenefit,Deferred Income Tax Expense (Benefit),other,USD,16,2015-06-25,2026-05-20,2015-03-31,2026-03-31,20-F; 6-K,False,not selected,{}
BABA,us-gaap,DeferredIncomeTaxLiabilities,"Deferred Tax Liabilities, Gross",other,CNY,32,2015-06-25,2026-05-20,2014-03-31,2026-03-31,20-F; 6-K,False,not selected,{}
BABA,us-gaap,DeferredIncomeTaxLiabilities,"Deferred Tax Liabilities, Gross",other,USD,7,2017-11-24,2021-02-02,2017-03-31,2020-09-30,20-F; 6-K,False,not selected,{}
BABA,us-gaap,DeferredIncomeTaxLiabilitiesNet,"Deferred Income Tax Liabilities, Net",other,CNY,12,2021-07-27,2026-05-20,2020-03-31,2026-03-31,20-F,False,not selected,{}
BABA,us-gaap,DeferredIncomeTaxLiabilitiesNet,"Deferred Income Tax Liabilities, Net",other,USD,6,2021-07-27,2026-05-20,2021-03-31,2026-03-31,20-F,False,not selected,{}
BABA,us-gaap,DeferredRevenue,Deferred Revenue,revenue_candidate_VERIFY_scope_and_currency,CNY,10,2015-06-25,2018-07-27,2014-03-31,2018-03-31,20-F; 6-K,False,not selected,{}
BABA,us-gaap,DeferredRevenueNoncurrent,"Deferred Revenue, Noncurrent",revenue_candidate_VERIFY_scope_and_currency,CNY,10,2015-06-25,2018-07-27,2014-03-31,2018-03-31,20-F; 6-K,False,not selected,{}
BABA,us-gaap,DeferredRevenueNoncurrent,"Deferred Revenue, Noncurrent",revenue_candidate_VERIFY_scope_and_currency,USD,5,2015-06-25,2018-07-27,2015-03-31,2018-03-31,20-F; 6-K,False,not selected,{}
BABA,us-gaap,DeferredSalesCommission,Deferred Sales Commission,revenue_candidate_VERIFY_scope_and_currency,CNY,10,2015-06-25,2018-07-27,2014-03-31,2018-03-31,20-F; 6-K,False,not selected,{}
BABA,us-gaap,DeferredTaxAssetsGoodwillAndIntangibleAssets,"Deferred Tax Assets, Goodwill and Intangible Assets",other,CNY,24,2017-06-15,2026-05-20,2017-03-31,2026-03-31,20-F; 6-K,False,not selected,{}
BABA,us-gaap,DeferredTaxAssetsGross,"Deferred Tax Assets, Gross",other,CNY,24,2017-11-24,2026-05-20,2016-03-31,2026-03-31,20-F; 6-K,False,not selected,{}
BABA,us-gaap,DeferredTaxAssetsGrossCurrent,"Deferred Tax Assets, Gross, Current",other,CNY,4,2015-06-25,2016-05-24,2014-03-31,2016-03-31,20-F,False,not selected,{}
BABA,us-gaap,DeferredTaxAssetsGrossNoncurrent,"Deferred Tax Assets, Gross, Noncurrent",other,CNY,6,2015-06-25,2017-06-15,2014-03-31,2017-03-31,20-F,False,not selected,{}
BABA,us-gaap,DeferredTaxAssetsNet,"Deferred Tax Assets, Net of Valuation Allowance",other,CNY,32,2015-06-25,2026-05-20,2014-03-31,2026-03-31,20-F; 6-K,False,not selected,{}
BABA,us-gaap,DeferredTaxAssetsNetCurrent,"Deferred Tax Assets, Net of Valuation Allowance, Current",other,CNY,6,2015-06-25,2017-06-15,2014-03-31,2017-03-31,20-F,False,not selected,{}
BABA,us-gaap,DeferredTaxAssetsNetNoncurrent,"Deferred Tax Assets, Net of Valuation Allowance, Noncurrent",other,CNY,6,2015-06-25,2017-06-15,2014-03-31,2017-03-31,20-F,False,not selected,{}
BABA,us-gaap,DeferredTaxAssetsPropertyPlantAndEquipment,"Deferred Tax Assets, Property, Plant and Equipment",other,CNY,4,2015-06-25,2016-05-24,2014-03-31,2016-03-31,20-F,False,not selected,{}
BABA,us-gaap,DeferredTaxAssetsValuationAllowance,"Deferred Tax Assets, Valuation Allowance",other,CNY,24,2017-11-24,2026-05-20,2016-03-31,2026-03-31,20-F; 6-K,False,not selected,{}
BABA,us-gaap,DeferredTaxAssetsValuationAllowanceCurrent,"Deferred Tax Assets, Valuation Allowance, Current",other,CNY,6,2015-06-25,2017-06-15,2014-03-31,2017-03-31,20-F,False,not selected,{}
BABA,us-gaap,DeferredTaxAssetsValuationAllowanceNoncurrent,"Deferred Tax Assets, Valuation Allowance, Noncurrent",other,CNY,6,2015-06-25,2017-06-15,2014-03-31,2017-03-31,20-F,False,not selected,{}
BABA,us-gaap,DeferredTaxLiabilities,"Deferred Tax Liabilities, Net",other,CNY,30,2015-06-25,2026-05-20,2014-03-31,2026-03-31,20-F; 6-K,False,not selected,{}
BABA,us-gaap,DeferredTaxLiabilitiesGoodwillAndIntangibleAssetsIntangibleAssets,"Deferred Tax Liabilities, Intangible Assets",other,CNY,30,2015-06-25,2026-05-20,2014-03-31,2026-03-31,20-F; 6-K,False,not selected,{}
BABA,us-gaap,DeferredTaxLiabilitiesGrossNoncurrent,"Deferred Tax Liabilities, Gross, Noncurrent",other,CNY,6,2015-06-25,2017-06-15,2014-03-31,2017-03-31,20-F,False,not selected,{}
BABA,us-gaap,DeferredTaxLiabilitiesGrossNoncurrent,"Deferred Tax Liabilities, Gross, Noncurrent",other,USD,3,2015-06-25,2017-06-15,2015-03-31,2017-03-31,20-F,False,not selected,{}
BABA,us-gaap,DeferredTaxLiabilitiesInvestments,"Deferred Tax Liabilities, Investments",other,CNY,1,2016-05-24,2016-05-24,2016-03-31,2016-03-31,20-F,False,not selected,{}
BABA,us-gaap,DepreciationDepletionAndAmortization,"Depreciation, Depletion and Amortization",other,CNY,45,2015-06-25,2026-05-20,2013-03-31,2026-03-31,20-F; 6-K,False,not selected,{}
BABA,us-gaap,DividendsPreferredStock,"Dividends, Preferred Stock",other,CNY,7,2015-06-25,2017-11-24,2013-03-31,2015-03-31,20-F; 6-K,False,not selected,{}
BABA,us-gaap,DueFromAffiliateCurrent,"Due from Affiliate, Current",other,CNY,26,2015-06-25,2023-07-21,2014-03-31,2023-03-31,20-F; 6-K,False,not selected,{}
BABA,us-gaap,DueFromEmployeesCurrent,"Due from Employees, Current",other,CNY,10,2015-06-25,2018-07-27,2014-03-31,2018-03-31,20-F; 6-K,False,not selected,{}
BABA,us-gaap,DueFromEmployeesNoncurrent,"Due from Employees, Noncurrent",other,CNY,10,2015-06-25,2018-07-27,2014-03-31,2018-03-31,20-F; 6-K,False,not selected,{}
BABA,us-gaap,DueToAffiliateCurrent,"Due to Affiliate, Current",other,CNY,26,2015-06-25,2023-07-21,2014-03-31,2023-03-31,20-F; 6-K,False,not selected,{}
BABA,us-gaap,EarningsPerShareBasic,"Earnings Per Share, Basic",other,CNY/shares,47,2015-06-25,2026-05-20,2013-03-31,2026-03-31,20-F; 6-K,False,not selected,{}
BABA,us-gaap,EarningsPerShareBasic,"Earnings Per Share, Basic",other,USD/shares,16,2015-06-25,2026-05-20,2015-03-31,2026-03-31,20-F; 6-K,False,not selected,{}
BABA,us-gaap,EarningsPerShareDiluted,"Earnings Per Share, Diluted",other,CNY/shares,47,2015-06-25,2026-05-20,2013-03-31,2026-03-31,20-F; 6-K,False,not selected,{}
BABA,us-gaap,EarningsPerShareDiluted,"Earnings Per Share, Diluted",other,USD/shares,16,2015-06-25,2026-05-20,2015-03-31,2026-03-31,20-F; 6-K,False,not selected,{}
BABA,us-gaap,EffectiveIncomeTaxRateReconciliationAtFederalStatutoryIncomeTaxRate,"Effective Income Tax Rate Reconciliation, at Federal Statutory Income Tax Rate, Percent",other,pure,45,2015-06-25,2026-05-20,2013-03-31,2026-03-31,20-F; 6-K,False,not selected,{}
BABA,us-gaap,EffectOfExchangeRateOnCashAndCashEquivalents,Effect of Exchange Rate on Cash and Cash Equivalents,other,CNY,3,2018-07-27,2018-07-27,2016-03-31,2018-03-31,20-F,False,not selected,{}
BABA,us-gaap,EffectOfExchangeRateOnCashAndCashEquivalents,Effect of Exchange Rate on Cash and Cash Equivalents,other,USD,1,2018-07-27,2018-07-27,2018-03-31,2018-03-31,20-F,False,not selected,{}
BABA,us-gaap,EffectOfExchangeRateOnCashAndCashEquivalentsContinuingOperations,"Effect of Exchange Rate on Cash and Cash Equivalents, Continuing Operations",other,CNY,12,2015-06-25,2017-11-24,2013-03-31,2017-03-31,20-F; 6-K,False,not selected,{}
BABA,us-gaap,EffectOfExchangeRateOnCashAndCashEquivalentsContinuingOperations,"Effect of Exchange Rate on Cash and Cash Equivalents, Continuing Operations",other,USD,4,2015-06-25,2017-11-24,2015-03-31,2017-03-31,20-F; 6-K,False,not selected,{}
BABA,us-gaap,EffectOfExchangeRateOnCashCashEquivalentsRestrictedCashAndRestrictedCashEquivalents,"Effect of Exchange Rate on Cash, Cash Equivalents, Restricted Cash and Restricted Cash Equivalents",other,CNY,32,2019-06-05,2026-05-20,2017-03-31,2026-03-31,20-F; 6-K,False,not selected,{}
BABA,us-gaap,EffectOfExchangeRateOnCashCashEquivalentsRestrictedCashAndRestrictedCashEquivalents,"Effect of Exchange Rate on Cash, Cash Equivalents, Restricted Cash and Restricted Cash Equivalents",other,USD,11,2019-06-05,2026-05-20,2019-03-31,2026-03-31,20-F; 6-K,False,not selected,{}
BABA,us-gaap,EmployeeRelatedLiabilitiesCurrent,"Employee-related Liabilities, Current",other,CNY,32,2015-06-25,2026-05-20,2014-03-31,2026-03-31,20-F; 6-K,False,not selected,{}
BABA,us-gaap,EquityMethodInvestmentOtherThanTemporaryImpairment,"Equity Method Investment, Other than Temporary Impairment",other,CNY,38,2015-06-25,2026-05-20,2013-03-31,2026-03-31,20-F; 6-K,False,not selected,{}
BABA,us-gaap,EquityMethodInvestmentRealizedGainLossOnDisposal,"Equity Method Investment, Realized Gain (Loss) on Disposal",other,CNY,32,2019-06-05,2026-05-20,2017-03-31,2026-03-31,20-F; 6-K,False,not selected,{}
BABA,us-gaap,EquityMethodInvestmentRealizedGainLossOnDisposal,"Equity Method Investment, Realized Gain (Loss) on Disposal",other,USD,9,2019-06-05,2026-05-20,2019-03-31,2026-03-31,20-F; 6-K,False,not selected,{}
BABA,us-gaap,EquityMethodInvestmentSummarizedFinancialInformationCostOfSales,"Equity Method Investment, Summarized Financial Information, Cost of Sales (Deprecated 2020-01-31)",revenue_candidate_VERIFY_scope_and_currency,CNY,21,2017-06-15,2021-02-02,2015-03-31,2020-03-31,20-F; 6-K,False,not selected,{}
BABA,us-gaap,EquityMethodInvestmentSummarizedFinancialInformationCurrentAssets,"Equity Method Investment, Summarized Financial Information, Current Assets (Deprecated 2020-01-31)",other,CNY,14,2017-06-15,2021-02-02,2016-03-31,2020-03-31,20-F; 6-K,False,not selected,{}
BABA,us-gaap,EquityMethodInvestmentSummarizedFinancialInformationCurrentLiabilities,"Equity Method Investment, Summarized Financial Information, Current Liabilities (Deprecated 2020-01-31)",other,CNY,14,2017-06-15,2021-02-02,2016-03-31,2020-03-31,20-F; 6-K,False,not selected,{}
BABA,us-gaap,EquityMethodInvestmentSummarizedFinancialInformationIncomeLossFromContinuingOperationsBeforeExtraordinaryItems,"Equity Method Investment, Summarized Financial Information, Income (Loss) from Continuing Operations (Deprecated 2020-01-31)",other,CNY,21,2017-06-15,2021-02-02,2015-03-31,2020-03-31,20-F; 6-K,False,not selected,{}
BABA,us-gaap,EquityMethodInvestmentSummarizedFinancialInformationMinorityInterest,"Equity Method Investment, Summarized Financial Information, Noncontrolling Interest (Deprecated 2020-01-31)",other,CNY,4,2017-06-15,2017-11-24,2016-03-31,2017-03-31,20-F; 6-K,False,not selected,{}
BABA,us-gaap,EquityMethodInvestmentSummarizedFinancialInformationNetIncomeLoss,"Equity Method Investment, Summarized Financial Information, Net Income (Loss) (Deprecated 2020-01-31)",other,CNY,21,2017-06-15,2021-02-02,2015-03-31,2020-03-31,20-F; 6-K,False,not selected,{}
BABA,us-gaap,EquityMethodInvestmentSummarizedFinancialInformationNoncurrentAssets,"Equity Method Investment, Summarized Financial Information, Noncurrent Assets (Deprecated 2020-01-31)",other,CNY,14,2017-06-15,2021-02-02,2016-03-31,2020-03-31,20-F; 6-K,False,not selected,{}
BABA,us-gaap,EquityMethodInvestmentSummarizedFinancialInformationNoncurrentLiabilities,"Equity Method Investment, Summarized Financial Information, Noncurrent Liabilities (Deprecated 2020-01-31)",other,CNY,14,2017-06-15,2021-02-02,2016-03-31,2020-03-31,20-F; 6-K,False,not selected,{}
BABA,us-gaap,EquityMethodInvestmentSummarizedFinancialInformationRevenue,"Equity Method Investment, Summarized Financial Information, Revenue (Deprecated 2020-01-31)",revenue_candidate_VERIFY_scope_and_currency,CNY,21,2017-06-15,2021-02-02,2015-03-31,2020-03-31,20-F; 6-K,False,not selected,{}
BABA,us-gaap,EquityMethodInvestments,Equity Method Investments,other,CNY,50,2015-06-25,2026-05-20,2012-03-31,2026-03-31,20-F; 6-K,False,not selected,{}
BABA,us-gaap,EquityMethodInvestments,Equity Method Investments,other,USD,11,2019-06-05,2026-05-20,2019-03-31,2026-03-31,20-F; 6-K,False,not selected,{}
BABA,us-gaap,EquitySecuritiesWithoutReadilyDeterminableFairValueAmount,"Equity Securities without Readily Determinable Fair Value, Amount",other,CNY,20,2019-06-05,2026-05-20,2019-03-31,2026-03-31,20-F; 6-K,False,not selected,{}
BABA,us-gaap,EquitySecuritiesWithoutReadilyDeterminableFairValueDownwardPriceAdjustmentAnnualAmount,"Equity Securities without Readily Determinable Fair Value, Downward Price Adjustment, Annual Amount",other,CNY,8,2019-06-05,2021-02-02,2019-03-31,2020-09-30,20-F; 6-K,False,not selected,{}
BABA,us-gaap,EquitySecuritiesWithoutReadilyDeterminableFairValueUpwardPriceAdjustmentAnnualAmount,"Equity Securities without Readily Determinable Fair Value, Upward Price Adjustment, Annual Amount",other,CNY,20,2019-06-05,2026-05-20,2019-03-31,2026-03-31,20-F; 6-K,False,not selected,{}
BABA,us-gaap,EquitySecuritiesWithoutReadilyDeterminableFairValueUpwardPriceAdjustmentCumulativeAmount,"Equity Securities without Readily Determinable Fair Value, Upward Price Adjustment, Cumulative Amount",other,CNY,12,2021-07-27,2026-05-20,2020-03-31,2026-03-31,20-F,False,not selected,{}
BABA,us-gaap,ExcessTaxBenefitFromShareBasedCompensationFinancingActivities,"Excess Tax Benefit from Share-based Compensation, Financing Activities",other,CNY,9,2016-05-24,2019-11-13,2016-03-31,2017-03-31,20-F; 6-K,False,not selected,{}
BABA,us-gaap,ExcessTaxBenefitFromShareBasedCompensationFinancingActivities,"Excess Tax Benefit from Share-based Compensation, Financing Activities",other,USD,3,2016-05-24,2017-11-24,2016-03-31,2017-03-31,20-F; 6-K,False,not selected,{}
BABA,us-gaap,ExcessTaxBenefitFromShareBasedCompensationOperatingActivities,"Excess Tax Benefit from Share-based Compensation, Operating Activities",other,CNY,9,2016-05-24,2019-11-13,2016-03-31,2017-03-31,20-F; 6-K,False,not selected,{}
BABA,us-gaap,ExcessTaxBenefitFromShareBasedCompensationOperatingActivities,"Excess Tax Benefit from Share-based Compensation, Operating Activities",other,USD,3,2016-05-24,2017-11-24,2016-03-31,2017-03-31,20-F; 6-K,False,not selected,{}
BABA,us-gaap,FairValueAssetsAndLiabilitiesMeasuredOnRecurringBasisGainLossIncludedInEarnings,"Fair Value, Assets and Liabilities Measured on Recurring Basis, Gain (Loss) Included in Earnings",other,CNY,47,2015-06-25,2026-05-20,2013-03-31,2026-03-31,20-F; 6-K,False,not selected,{}
BABA,us-gaap,FairValueAssetsAndLiabilitiesMeasuredOnRecurringBasisGainLossIncludedInEarnings,"Fair Value, Assets and Liabilities Measured on Recurring Basis, Gain (Loss) Included in Earnings",other,USD,16,2015-06-25,2026-05-20,2015-03-31,2026-03-31,20-F; 6-K,False,not selected,{}
BABA,us-gaap,FiniteLivedIntangibleAssetsAmortizationExpenseAfterYearFive,"Finite-Lived Intangible Asset, Expected Amortization, after Year Five",other,CNY,15,2015-06-25,2026-05-20,2015-03-31,2026-03-31,20-F; 6-K,False,not selected,{}
BABA,us-gaap,FiniteLivedIntangibleAssetsAmortizationExpenseNextTwelveMonths,"Finite-Lived Intangible Asset, Expected Amortization, Year One",other,CNY,15,2015-06-25,2026-05-20,2015-03-31,2026-03-31,20-F; 6-K,False,not selected,{}
BABA,us-gaap,FiniteLivedIntangibleAssetsAmortizationExpenseYearFive,"Finite-Lived Intangible Asset, Expected Amortization, Year Five",other,CNY,15,2015-06-25,2026-05-20,2015-03-31,2026-03-31,20-F; 6-K,False,not selected,{}
BABA,us-gaap,FiniteLivedIntangibleAssetsAmortizationExpenseYearFour,"Finite-Lived Intangible Asset, Expected Amortization, Year Four",other,CNY,15,2015-06-25,2026-05-20,2015-03-31,2026-03-31,20-F; 6-K,False,not selected,{}
BABA,us-gaap,FiniteLivedIntangibleAssetsAmortizationExpenseYearThree,"Finite-Lived Intangible Asset, Expected Amortization, Year Three",other,CNY,15,2015-06-25,2026-05-20,2015-03-31,2026-03-31,20-F; 6-K,False,not selected,{}
BABA,us-gaap,FiniteLivedIntangibleAssetsAmortizationExpenseYearTwo,"Finite-Lived Intangible Asset, Expected Amortization, Year Two",other,CNY,15,2015-06-25,2026-05-20,2015-03-31,2026-03-31,20-F; 6-K,False,not selected,{}
BABA,us-gaap,FiniteLivedIntangibleAssetsGross,"Finite-Lived Intangible Assets, Gross",other,CNY,24,2018-07-27,2026-05-20,2017-03-31,2026-03-31,20-F; 6-K,False,not selected,{}
BABA,us-gaap,FiniteLivedIntangibleAssetsNet,"Finite-Lived Intangible Assets, Net",other,CNY,32,2015-06-25,2026-05-20,2014-03-31,2026-03-31,20-F; 6-K,False,not selected,{}
BABA,us-gaap,FiniteLivedIntangibleAssetsNet,"Finite-Lived Intangible Assets, Net",other,USD,16,2015-06-25,2026-05-20,2015-03-31,2026-03-31,20-F; 6-K,False,not selected,{}
BABA,us-gaap,FinitelivedIntangibleAssetsAcquired1,Finite-lived Intangible Assets Acquired,other,CNY,19,2020-07-09,2026-05-20,2020-03-31,2026-03-31,20-F; 6-K,False,not selected,{}
BABA,us-gaap,ForeignCurrencyTransactionGainLossBeforeTax,"Foreign Currency Transaction Gain (Loss), before Tax",other,CNY,21,2017-06-15,2021-02-02,2015-03-31,2020-03-31,20-F; 6-K,False,not selected,{}
BABA,us-gaap,GainLossOnDispositionOfAssets,"Gain (Loss) on Disposition of Property Plant Equipment, Excluding Oil and Gas Property and Timber Property",other,CNY,45,2015-06-25,2026-05-20,2013-03-31,2026-03-31,20-F; 6-K,False,not selected,{}
BABA,us-gaap,GainLossOnDispositionOfAssets,"Gain (Loss) on Disposition of Property Plant Equipment, Excluding Oil and Gas Property and Timber Property",other,USD,16,2015-06-25,2026-05-20,2015-03-31,2026-03-31,20-F; 6-K,False,not selected,{}
BABA,us-gaap,GainLossOnInvestments,Gain (Loss) on Investments,other,CNY,15,2015-06-25,2018-07-27,2013-03-31,2018-03-31,20-F; 6-K,False,not selected,{}
BABA,us-gaap,GainLossOnInvestments,Gain (Loss) on Investments,other,USD,5,2015-06-25,2018-07-27,2015-03-31,2018-03-31,20-F; 6-K,False,not selected,{}
BABA,us-gaap,GainLossOnSaleOfEquityInvestments,Gain (Loss) on Sale of Equity Investments,other,CNY,15,2015-06-25,2018-07-27,2013-03-31,2018-03-31,20-F; 6-K,False,not selected,{}
BABA,us-gaap,GainLossOnSaleOfEquityInvestments,Gain (Loss) on Sale of Equity Investments,other,USD,5,2015-06-25,2018-07-27,2015-03-31,2018-03-31,20-F; 6-K,False,not selected,{}
BABA,us-gaap,GainOrLossOnSaleOfStockInSubsidiary,Gain (Loss) on Disposition of Stock in Subsidiary,other,CNY,47,2015-06-25,2026-05-20,2013-03-31,2026-03-31,20-F; 6-K,False,not selected,{}
BABA,us-gaap,GainOrLossOnSaleOfStockInSubsidiary,Gain (Loss) on Disposition of Stock in Subsidiary,other,USD,13,2015-06-25,2026-05-20,2015-03-31,2026-03-31,20-F; 6-K,False,not selected,{}
BABA,us-gaap,GeneralAndAdministrativeExpense,General and Administrative Expense,other,CNY,47,2015-06-25,2026-05-20,2013-03-31,2026-03-31,20-F; 6-K,False,not selected,{}
BABA,us-gaap,GeneralAndAdministrativeExpense,General and Administrative Expense,other,USD,16,2015-06-25,2026-05-20,2015-03-31,2026-03-31,20-F; 6-K,False,not selected,{}
BABA,us-gaap,Goodwill,Goodwill,other,CNY,48,2015-06-25,2026-05-20,2012-03-31,2026-03-31,20-F; 6-K,False,not selected,{}
BABA,us-gaap,Goodwill,Goodwill,other,USD,16,2015-06-25,2026-05-20,2015-03-31,2026-03-31,20-F; 6-K,False,not selected,{}
BABA,us-gaap,GoodwillAcquiredDuringPeriod,"Goodwill, Acquired During Period",other,CNY,32,2015-06-25,2026-05-20,2013-03-31,2026-03-31,20-F; 6-K,False,not selected,{}
BABA,us-gaap,GoodwillAndIntangibleAssetImpairment,Goodwill and Intangible Asset Impairment,other,CNY,38,2015-06-25,2026-05-20,2013-03-31,2026-03-31,20-F; 6-K,False,not selected,{}
BABA,us-gaap,GoodwillAndIntangibleAssetImpairment,Goodwill and Intangible Asset Impairment,other,USD,13,2015-06-25,2026-05-20,2015-03-31,2026-03-31,20-F; 6-K,False,not selected,{}
BABA,us-gaap,GoodwillForeignCurrencyTranslationGainLoss,"Goodwill, Foreign Currency Translation Gain (Loss)",other,CNY,25,2017-06-15,2026-05-20,2017-03-31,2026-03-31,20-F; 6-K,False,not selected,{}
BABA,us-gaap,GoodwillGross,"Goodwill, Gross",other,CNY,31,2015-06-25,2026-05-20,2014-03-31,2026-03-31,20-F; 6-K,False,not selected,{}
BABA,us-gaap,GoodwillImpairedAccumulatedImpairmentLoss,"Goodwill, Impaired, Accumulated Impairment Loss",other,CNY,31,2015-06-25,2026-05-20,2014-03-31,2026-03-31,20-F; 6-K,False,not selected,{}
BABA,us-gaap,GoodwillImpairmentLoss,"Goodwill, Impairment Loss",other,CNY,46,2015-06-25,2026-05-20,2013-03-31,2026-03-31,20-F; 6-K,False,not selected,{}
BABA,us-gaap,GoodwillImpairmentLoss,"Goodwill, Impairment Loss",other,USD,10,2016-05-24,2026-05-20,2016-03-31,2026-03-31,20-F; 6-K,False,not selected,{}
BABA,us-gaap,GoodwillPurchaseAccountingAdjustments,"Goodwill, Purchase Accounting Adjustments",other,CNY,6,2020-07-09,2022-07-26,2020-03-31,2021-03-31,20-F; 6-K,False,not selected,{}
BABA,us-gaap,GoodwillWrittenOffRelatedToSaleOfBusinessUnit,"Goodwill, Written off Related to Sale of Business Unit",other,CNY,16,2015-06-25,2026-05-20,2013-03-31,2026-03-31,20-F; 6-K,False,not selected,{}
BABA,us-gaap,HeldToMaturitySecurities,"Debt Securities, Held-to-maturity",other,CNY,10,2015-06-25,2018-07-27,2014-03-31,2018-03-31,20-F; 6-K,False,not selected,{}
BABA,us-gaap,HeldToMaturitySecuritiesFairValue,"Debt Securities, Held-to-maturity, Fair Value",other,CNY,10,2015-06-25,2018-07-27,2014-03-31,2018-03-31,20-F; 6-K,False,not selected,{}
BABA,us-gaap,ImpairmentOfIntangibleAssetsFinitelived,"Impairment of Intangible Assets, Finite-lived",other,CNY,6,2015-06-25,2016-05-24,2013-03-31,2016-03-31,20-F,False,not selected,{}
BABA,us-gaap,ImpairmentOfInvestments,"Other than Temporary Impairment Losses, Investments",other,CNY,6,2019-06-05,2019-11-13,2017-03-31,2019-03-31,20-F; 6-K,False,not selected,{}
BABA,us-gaap,ImpairmentOfInvestments,"Other than Temporary Impairment Losses, Investments",other,USD,2,2019-06-05,2019-11-13,2019-03-31,2019-03-31,20-F; 6-K,False,not selected,{}
BABA,us-gaap,ImpairmentOfLongLivedAssetsHeldForUse,Impairment of Long-Lived Assets Held-for-use,other,CNY,21,2015-06-25,2021-02-02,2013-03-31,2020-03-31,20-F; 6-K,False,not selected,{}
BABA,us-gaap,IncomeLossFromContinuingOperationsBeforeIncomeTaxesMinorityInterestAndIncomeLossFromEquityMethodInvestments,"Income (Loss) from Continuing Operations before Equity Method Investments, Income Taxes, Noncontrolling Interest",other,CNY,32,2015-06-25,2021-07-27,2013-03-31,2021-03-31,20-F; 6-K,False,not selected,{}
BABA,us-gaap,IncomeLossFromContinuingOperationsBeforeIncomeTaxesMinorityInterestAndIncomeLossFromEquityMethodInvestments,"Income (Loss) from Continuing Operations before Equity Method Investments, Income Taxes, Noncontrolling Interest",other,USD,11,2015-06-25,2021-07-27,2015-03-31,2021-03-31,20-F; 6-K,False,not selected,{}
BABA,us-gaap,IncomeLossFromEquityMethodInvestments,Income (Loss) from Equity Method Investments,other,CNY,26,2015-06-25,2021-02-02,2013-03-31,2020-09-30,20-F; 6-K,False,not selected,{}
BABA,us-gaap,IncomeLossFromEquityMethodInvestments,Income (Loss) from Equity Method Investments,other,USD,1,2015-06-25,2015-06-25,2015-03-31,2015-03-31,20-F,False,not selected,{}
BABA,us-gaap,IncomeTaxCreditsAndAdjustments,Income Tax Credits and Adjustments,other,CNY,26,2018-07-27,2023-07-21,2016-03-31,2023-03-31,20-F; 6-K,False,not selected,{}
BABA,us-gaap,IncomeTaxExpenseBenefit,Income Tax Expense (Benefit),other,CNY,47,2015-06-25,2026-05-20,2013-03-31,2026-03-31,20-F; 6-K,False,not selected,{}
BABA,us-gaap,IncomeTaxExpenseBenefit,Income Tax Expense (Benefit),other,USD,16,2015-06-25,2026-05-20,2015-03-31,2026-03-31,20-F; 6-K,False,not selected,{}
BABA,us-gaap,IncomeTaxesPaid,Income Taxes Paid,other,CNY,44,2015-06-25,2026-05-20,2013-03-31,2025-03-31,20-F; 6-K,False,not selected,{}
BABA,us-gaap,IncomeTaxReconciliationForeignIncomeTaxRateDifferential,"Effective Income Tax Rate Reconciliation, Foreign Income Tax Rate Differential, Amount",other,CNY,45,2015-06-25,2026-05-20,2013-03-31,2026-03-31,20-F; 6-K,False,not selected,{}
BABA,us-gaap,IncomeTaxReconciliationIncomeTaxExpenseBenefitAtFederalStatutoryIncomeTaxRate,"Effective Income Tax Rate Reconciliation at Federal Statutory Income Tax Rate, Amount",other,CNY,45,2015-06-25,2026-05-20,2013-03-31,2026-03-31,20-F; 6-K,False,not selected,{}
BABA,us-gaap,IncomeTaxReconciliationTaxCreditsResearch,"Effective Income Tax Rate Reconciliation, Tax Credit, Research, Amount",other,CNY,44,2015-06-25,2026-05-20,2013-03-31,2025-03-31,20-F; 6-K,False,not selected,{}
BABA,us-gaap,IncomeTaxReconciliationTaxHolidays,"Effective Income Tax Rate Reconciliation, Tax Holiday, Amount",other,CNY,44,2015-06-25,2026-05-20,2013-03-31,2025-03-31,20-F; 6-K,False,not selected,{}
BABA,us-gaap,IncreaseDecreaseInAccountsPayableAndAccruedLiabilities,Increase (Decrease) in Accounts Payable and Accrued Liabilities,other,CNY,47,2015-06-25,2026-05-20,2013-03-31,2026-03-31,20-F; 6-K,False,not selected,{}
BABA,us-gaap,IncreaseDecreaseInAccountsPayableAndAccruedLiabilities,Increase (Decrease) in Accounts Payable and Accrued Liabilities,other,USD,16,2015-06-25,2026-05-20,2015-03-31,2026-03-31,20-F; 6-K,False,not selected,{}
BABA,us-gaap,IncreaseDecreaseInAccruedIncomeTaxesPayable,Increase (Decrease) in Income Taxes Payable,other,CNY,47,2015-06-25,2026-05-20,2013-03-31,2026-03-31,20-F; 6-K,False,not selected,{}
BABA,us-gaap,IncreaseDecreaseInAccruedIncomeTaxesPayable,Increase (Decrease) in Income Taxes Payable,other,USD,16,2015-06-25,2026-05-20,2015-03-31,2026-03-31,20-F; 6-K,False,not selected,{}
BABA,us-gaap,IncreaseDecreaseInDeferredRevenueAndCustomerAdvancesAndDeposits,Increase (Decrease) in Deferred Revenue and Customer Advances and Deposits,revenue_candidate_VERIFY_scope_and_currency,CNY,15,2015-06-25,2018-07-27,2013-03-31,2018-03-31,20-F; 6-K,False,not selected,{}
BABA,us-gaap,IncreaseDecreaseInDeferredRevenueAndCustomerAdvancesAndDeposits,Increase (Decrease) in Deferred Revenue and Customer Advances and Deposits,revenue_candidate_VERIFY_scope_and_currency,USD,5,2015-06-25,2018-07-27,2015-03-31,2018-03-31,20-F; 6-K,False,not selected,{}
BABA,us-gaap,IncreaseDecreaseInFinanceReceivables,Increase (Decrease) in Finance Receivables,other,CNY,3,2015-06-25,2015-06-25,2013-03-31,2015-03-31,20-F,False,not selected,{}
BABA,us-gaap,IncreaseDecreaseInFinanceReceivables,Increase (Decrease) in Finance Receivables,other,USD,1,2015-06-25,2015-06-25,2015-03-31,2015-03-31,20-F,False,not selected,{}
BABA,us-gaap,IncreaseDecreaseInPrepaidDeferredExpenseAndOtherAssets,Increase (Decrease) in Prepaid Expense and Other Assets,other,CNY,29,2015-06-25,2021-02-02,2013-03-31,2020-09-30,20-F; 6-K,False,not selected,{}
BABA,us-gaap,IncreaseDecreaseInPrepaidDeferredExpenseAndOtherAssets,Increase (Decrease) in Prepaid Expense and Other Assets,other,USD,10,2015-06-25,2021-02-02,2015-03-31,2020-09-30,20-F; 6-K,False,not selected,{}
BABA,us-gaap,IncreaseDecreaseInRestrictedCash,Increase (Decrease) in Restricted Cash,other,CNY,15,2015-06-25,2018-07-27,2013-03-31,2018-03-31,20-F; 6-K,False,not selected,{}
BABA,us-gaap,IncreaseDecreaseInRestrictedCash,Increase (Decrease) in Restricted Cash,other,USD,5,2015-06-25,2018-07-27,2015-03-31,2018-03-31,20-F; 6-K,False,not selected,{}
BABA,us-gaap,IncreaseDecreaseInTradingSecurities,"Increase (Decrease) in Debt Securities, Trading, and Equity Securities, FV-NI",other,CNY,16,2015-06-25,2019-11-13,2013-03-31,2017-03-31,20-F; 6-K,False,not selected,{}
BABA,us-gaap,IncreaseDecreaseInTradingSecurities,"Increase (Decrease) in Debt Securities, Trading, and Equity Securities, FV-NI",other,USD,4,2015-06-25,2017-11-24,2015-03-31,2017-03-31,20-F; 6-K,False,not selected,{}
BABA,us-gaap,IncrementalCommonSharesAttributableToConversionOfPreferredStock,Incremental Common Shares Attributable to Dilutive Effect of Conversion of Preferred Stock,other_share_concept_NOT_automatically_outstanding,shares,7,2015-06-25,2017-11-24,2013-03-31,2015-03-31,20-F; 6-K,False,not selected,{}
BABA,us-gaap,IncrementalCommonSharesAttributableToShareBasedPaymentArrangements,Incremental Common Shares Attributable to Dilutive Effect of Share-based Payment Arrangements,other_share_concept_NOT_automatically_outstanding,shares,47,2015-06-25,2026-05-20,2013-03-31,2026-03-31,20-F; 6-K,False,not selected,{}
BABA,us-gaap,InterestExpense,Interest Expense,other,CNY,47,2015-06-25,2026-05-20,2013-03-31,2026-03-31,20-F; 6-K,False,not selected,{}
BABA,us-gaap,InterestExpense,Interest Expense,other,USD,16,2015-06-25,2026-05-20,2015-03-31,2026-03-31,20-F; 6-K,False,not selected,{}
BABA,us-gaap,InterestPaid,"Interest Paid, Including Capitalized Interest, Operating and Investing Activities",other,CNY,30,2015-06-25,2021-07-27,2013-03-31,2021-03-31,20-F; 6-K,False,not selected,{}
BABA,us-gaap,InterestPayableCurrent,"Interest Payable, Current",other,CNY,20,2015-06-25,2021-02-02,2014-03-31,2020-09-30,20-F; 6-K,False,not selected,{}
BABA,us-gaap,InterestRateDerivativeAssetsAtFairValue,"Interest Rate Derivative Assets, at Fair Value",other,CNY,1,2015-06-25,2015-06-25,2014-03-31,2014-03-31,20-F,False,not selected,{}
BABA,us-gaap,InterestReceivableCurrent,"Interest Receivable, Current",other,CNY,32,2015-06-25,2026-05-20,2014-03-31,2026-03-31,20-F; 6-K,False,not selected,{}
BABA,us-gaap,InvestmentsInAffiliatesSubsidiariesAssociatesAndJointVentures,"Investments in and Advance to Affiliates, Subsidiaries, Associates, and Joint Ventures",other,CNY,16,2015-06-25,2018-07-27,2012-03-31,2018-03-31,20-F; 6-K,False,not selected,{}
BABA,us-gaap,InvestmentsInAffiliatesSubsidiariesAssociatesAndJointVentures,"Investments in and Advance to Affiliates, Subsidiaries, Associates, and Joint Ventures",other,USD,5,2015-06-25,2018-07-27,2015-03-31,2018-03-31,20-F; 6-K,False,not selected,{}
BABA,us-gaap,LeaseAndRentalExpense,"Operating Leases, Rent Expense",other,CNY,1,2021-07-27,2021-07-27,2019-03-31,2019-03-31,20-F,False,not selected,{}
BABA,us-gaap,LeaseCost,"Lease, Cost",other,CNY,21,2020-07-09,2026-05-20,2019-09-30,2026-03-31,20-F; 6-K,False,not selected,{}
BABA,us-gaap,LesseeOperatingLeaseLiabilityPaymentsDue,"Lessee, Operating Lease, Liability, to be Paid",other,CNY,9,2020-07-09,2026-05-20,2020-03-31,2026-03-31,20-F; 6-K,False,not selected,{}
BABA,us-gaap,LesseeOperatingLeaseLiabilityPaymentsDueAfterYearFive,"Lessee, Operating Lease, Liability, to be Paid, after Year Five",other,CNY,9,2020-07-09,2026-05-20,2020-03-31,2026-03-31,20-F; 6-K,False,not selected,{}
BABA,us-gaap,LesseeOperatingLeaseLiabilityPaymentsDueNextTwelveMonths,"Lessee, Operating Lease, Liability, to be Paid, Year One",other,CNY,9,2020-07-09,2026-05-20,2020-03-31,2026-03-31,20-F; 6-K,False,not selected,{}
BABA,us-gaap,LesseeOperatingLeaseLiabilityPaymentsDueYearFive,"Lessee, Operating Lease, Liability, to be Paid, Year Five",other,CNY,9,2020-07-09,2026-05-20,2020-03-31,2026-03-31,20-F; 6-K,False,not selected,{}
BABA,us-gaap,LesseeOperatingLeaseLiabilityPaymentsDueYearFour,"Lessee, Operating Lease, Liability, to be Paid, Year Four",other,CNY,9,2020-07-09,2026-05-20,2020-03-31,2026-03-31,20-F; 6-K,False,not selected,{}
BABA,us-gaap,LesseeOperatingLeaseLiabilityPaymentsDueYearThree,"Lessee, Operating Lease, Liability, to be Paid, Year Three",other,CNY,9,2020-07-09,2026-05-20,2020-03-31,2026-03-31,20-F; 6-K,False,not selected,{}
BABA,us-gaap,LesseeOperatingLeaseLiabilityPaymentsDueYearTwo,"Lessee, Operating Lease, Liability, to be Paid, Year Two",other,CNY,9,2020-07-09,2026-05-20,2020-03-31,2026-03-31,20-F; 6-K,False,not selected,{}
BABA,us-gaap,LesseeOperatingLeaseLiabilityUndiscountedExcessAmount,"Lessee, Operating Lease, Liability, Undiscounted Excess Amount",other,CNY,9,2020-07-09,2026-05-20,2020-03-31,2026-03-31,20-F; 6-K,False,not selected,{}
BABA,us-gaap,Liabilities,Liabilities,other,CNY,32,2015-06-25,2026-05-20,2014-03-31,2026-03-31,20-F; 6-K,False,not selected,{}
BABA,us-gaap,Liabilities,Liabilities,other,USD,16,2015-06-25,2026-05-20,2015-03-31,2026-03-31,20-F; 6-K,False,not selected,{}
BABA,us-gaap,LiabilitiesAndStockholdersEquity,Liabilities and Equity,other,CNY,32,2015-06-25,2026-05-20,2014-03-31,2026-03-31,20-F; 6-K,False,not selected,{}
BABA,us-gaap,LiabilitiesAndStockholdersEquity,Liabilities and Equity,other,USD,16,2015-06-25,2026-05-20,2015-03-31,2026-03-31,20-F; 6-K,False,not selected,{}
BABA,us-gaap,LiabilitiesCurrent,"Liabilities, Current",other,CNY,32,2015-06-25,2026-05-20,2014-03-31,2026-03-31,20-F; 6-K,False,not selected,{}
BABA,us-gaap,LiabilitiesCurrent,"Liabilities, Current",other,USD,16,2015-06-25,2026-05-20,2015-03-31,2026-03-31,20-F; 6-K,False,not selected,{}
BABA,us-gaap,LitigationSettlementExpense,"Litigation Settlement, Expense",other,CNY,6,2019-06-05,2021-07-27,2019-03-31,2020-03-31,20-F; 6-K,False,not selected,{}
BABA,us-gaap,LoansReceivableNet,"Loans Receivable, Net (Deprecated 2019-01-31)",other,CNY,2,2015-06-25,2015-06-25,2014-03-31,2015-03-31,20-F,False,not selected,{}
BABA,us-gaap,LoansReceivableNet,"Loans Receivable, Net (Deprecated 2019-01-31)",other,USD,1,2015-06-25,2015-06-25,2015-03-31,2015-03-31,20-F,False,not selected,{}
BABA,us-gaap,LongTermLoansFromBank,"Loans Payable to Bank, Noncurrent",other,CNY,32,2015-06-25,2026-05-20,2014-03-31,2026-03-31,20-F; 6-K,False,not selected,{}
BABA,us-gaap,LongTermLoansFromBank,"Loans Payable to Bank, Noncurrent",other,USD,16,2015-06-25,2026-05-20,2015-03-31,2026-03-31,20-F; 6-K,False,not selected,{}
BABA,us-gaap,MarketableSecuritiesCurrent,"Marketable Securities, Current",other,CNY,10,2015-06-25,2018-07-27,2014-03-31,2018-03-31,20-F; 6-K,False,not selected,{}
BABA,us-gaap,MarketableSecuritiesCurrent,"Marketable Securities, Current",other,USD,5,2015-06-25,2018-07-27,2015-03-31,2018-03-31,20-F; 6-K,False,not selected,{}
BABA,us-gaap,MarketableSecuritiesGainLoss,"Marketable Securities, Gain (Loss)",other,CNY,14,2019-06-05,2021-02-02,2017-03-31,2020-09-30,20-F; 6-K,False,not selected,{}
BABA,us-gaap,MarketableSecuritiesNoncurrent,"Marketable Securities, Noncurrent",other,CNY,10,2015-06-25,2018-07-27,2014-03-31,2018-03-31,20-F; 6-K,False,not selected,{}
BABA,us-gaap,MarketableSecuritiesNoncurrent,"Marketable Securities, Noncurrent",other,USD,5,2015-06-25,2018-07-27,2015-03-31,2018-03-31,20-F; 6-K,False,not selected,{}
BABA,us-gaap,MarketableSecuritiesRealizedGainLoss,"Marketable Securities, Realized Gain (Loss)",other,CNY,14,2019-06-05,2021-02-02,2017-03-31,2020-09-30,20-F; 6-K,False,not selected,{}
BABA,us-gaap,MarketableSecuritiesRealizedGainLossOtherThanTemporaryImpairmentsAmount,"Marketable Securities, Realized Loss, Other than Temporary Impairments, Amount (Deprecated 2018-01-31)",other,CNY,15,2015-06-25,2018-07-27,2013-03-31,2018-03-31,20-F; 6-K,False,not selected,{}
BABA,us-gaap,MarketableSecuritiesUnrealizedGainLoss,"Marketable Securities, Unrealized Gain (Loss)",other,CNY,30,2019-06-05,2026-05-20,2018-03-31,2026-03-31,20-F; 6-K,False,not selected,{}
BABA,us-gaap,MarketingAndAdvertisingExpense,Marketing and Advertising Expense,other,CNY,45,2015-06-25,2026-05-20,2013-03-31,2026-03-31,20-F; 6-K,False,not selected,{}
BABA,us-gaap,MinorityInterest,Stockholders' Equity Attributable to Noncontrolling Interest,other,CNY,32,2015-06-25,2026-05-20,2014-03-31,2026-03-31,20-F; 6-K,False,not selected,{}
BABA,us-gaap,MinorityInterest,Stockholders' Equity Attributable to Noncontrolling Interest,other,USD,16,2015-06-25,2026-05-20,2015-03-31,2026-03-31,20-F; 6-K,False,not selected,{}
BABA,us-gaap,MinorityInterestDecreaseFromDistributionsToNoncontrollingInterestHolders,"Noncontrolling Interest, Decrease from Distributions to Noncontrolling Interest Holders",other,CNY,11,2015-06-25,2018-07-27,2015-03-31,2017-03-31,20-F; 6-K,False,not selected,{}
BABA,us-gaap,NetCashProvidedByUsedInFinancingActivities,Net Cash Provided by (Used in) Financing Activities,other,CNY,38,2017-11-24,2026-05-20,2015-03-31,2026-03-31,20-F; 6-K,False,not selected,{}
BABA,us-gaap,NetCashProvidedByUsedInFinancingActivities,Net Cash Provided by (Used in) Financing Activities,other,USD,13,2017-11-24,2026-05-20,2017-03-31,2026-03-31,20-F; 6-K,False,not selected,{}
BABA,us-gaap,NetCashProvidedByUsedInFinancingActivitiesContinuingOperations,"Net Cash Provided by (Used in) Financing Activities, Continuing Operations",other,CNY,9,2015-06-25,2017-06-15,2013-03-31,2017-03-31,20-F,False,not selected,{}
BABA,us-gaap,NetCashProvidedByUsedInFinancingActivitiesContinuingOperations,"Net Cash Provided by (Used in) Financing Activities, Continuing Operations",other,USD,3,2015-06-25,2017-06-15,2015-03-31,2017-03-31,20-F,False,not selected,{}
BABA,us-gaap,NetCashProvidedByUsedInInvestingActivities,Net Cash Provided by (Used in) Investing Activities,other,CNY,38,2017-11-24,2026-05-20,2015-03-31,2026-03-31,20-F; 6-K,False,not selected,{}
BABA,us-gaap,NetCashProvidedByUsedInInvestingActivities,Net Cash Provided by (Used in) Investing Activities,other,USD,13,2017-11-24,2026-05-20,2017-03-31,2026-03-31,20-F; 6-K,False,not selected,{}
BABA,us-gaap,NetCashProvidedByUsedInInvestingActivitiesContinuingOperations,"Net Cash Provided by (Used in) Investing Activities, Continuing Operations",other,CNY,9,2015-06-25,2017-06-15,2013-03-31,2017-03-31,20-F,False,not selected,{}
BABA,us-gaap,NetCashProvidedByUsedInInvestingActivitiesContinuingOperations,"Net Cash Provided by (Used in) Investing Activities, Continuing Operations",other,USD,3,2015-06-25,2017-06-15,2015-03-31,2017-03-31,20-F,False,not selected,{}
BABA,us-gaap,NetCashProvidedByUsedInOperatingActivities,Net Cash Provided by (Used in) Operating Activities,other,CNY,38,2017-11-24,2026-05-20,2015-03-31,2026-03-31,20-F; 6-K,False,not selected,{}
BABA,us-gaap,NetCashProvidedByUsedInOperatingActivities,Net Cash Provided by (Used in) Operating Activities,other,USD,13,2017-11-24,2026-05-20,2017-03-31,2026-03-31,20-F; 6-K,False,not selected,{}
BABA,us-gaap,NetCashProvidedByUsedInOperatingActivitiesContinuingOperations,"Net Cash Provided by (Used in) Operating Activities, Continuing Operations",other,CNY,9,2015-06-25,2017-06-15,2013-03-31,2017-03-31,20-F,False,not selected,{}
BABA,us-gaap,NetCashProvidedByUsedInOperatingActivitiesContinuingOperations,"Net Cash Provided by (Used in) Operating Activities, Continuing Operations",other,USD,3,2015-06-25,2017-06-15,2015-03-31,2017-03-31,20-F,False,not selected,{}
BABA,us-gaap,NetIncomeLoss,Net Income (Loss) Attributable to Parent,other,CNY,47,2015-06-25,2026-05-20,2013-03-31,2026-03-31,20-F; 6-K,False,not selected,{}
BABA,us-gaap,NetIncomeLoss,Net Income (Loss) Attributable to Parent,other,USD,16,2015-06-25,2026-05-20,2015-03-31,2026-03-31,20-F; 6-K,False,not selected,{}
BABA,us-gaap,NetIncomeLossAttributableToNoncontrollingInterest,Net Income (Loss) Attributable to Noncontrolling Interest,other,CNY,47,2015-06-25,2026-05-20,2013-03-31,2026-03-31,20-F; 6-K,False,not selected,{}
BABA,us-gaap,NetIncomeLossAttributableToNoncontrollingInterest,Net Income (Loss) Attributable to Noncontrolling Interest,other,USD,16,2015-06-25,2026-05-20,2015-03-31,2026-03-31,20-F; 6-K,False,not selected,{}
BABA,us-gaap,NetIncomeLossAvailableToCommonStockholdersBasic,"Net Income (Loss) Available to Common Stockholders, Basic",other,CNY,47,2015-06-25,2026-05-20,2013-03-31,2026-03-31,20-F; 6-K,False,not selected,{}
BABA,us-gaap,NetIncomeLossAvailableToCommonStockholdersBasic,"Net Income (Loss) Available to Common Stockholders, Basic",other,USD,16,2015-06-25,2026-05-20,2015-03-31,2026-03-31,20-F; 6-K,False,not selected,{}
BABA,us-gaap,NetIncomeLossAvailableToCommonStockholdersDiluted,"Net Income (Loss) Available to Common Stockholders, Diluted",other,CNY,47,2015-06-25,2026-05-20,2013-03-31,2026-03-31,20-F; 6-K,False,not selected,{}
BABA,us-gaap,NoncashContributionExpense,Noncash Contribution Expense,other,CNY,2,2015-06-25,2016-05-24,2014-03-31,2014-03-31,20-F,False,not selected,{}
BABA,us-gaap,NoncontrollingInterestDecreaseFromDeconsolidation,"Noncontrolling Interest, Decrease from Deconsolidation",other,CNY,15,2015-06-25,2026-05-20,2013-03-31,2026-03-31,20-F,False,not selected,{}
BABA,us-gaap,NoncontrollingInterestIncreaseFromBusinessCombination,"Noncontrolling Interest, Increase from Business Combination",other,CNY,1,2016-05-24,2016-05-24,2016-03-31,2016-03-31,20-F,False,not selected,{}
BABA,us-gaap,NoncontrollingInterestIncreaseFromSubsidiaryEquityIssuance,"Noncontrolling Interest, Increase from Subsidiary Equity Issuance",other,CNY,6,2015-06-25,2019-11-13,2013-03-31,2017-03-31,20-F; 6-K,False,not selected,{}
BABA,us-gaap,NotesAndLoansReceivableNetCurrent,"Financing Receivable, after Allowance for Credit Loss, Current",other,CNY,12,2016-05-24,2019-11-13,2015-03-31,2019-03-31,20-F; 6-K,False,not selected,{}
BABA,us-gaap,NumberOfCountriesInWhichEntityOperates,Number of Countries in which Entity Operates,other,country,1,2018-07-27,2018-07-27,2016-04-30,2016-04-30,20-F,False,not selected,{}
BABA,us-gaap,NumberOfOperatingSegments,Number of Operating Segments,other,segment,32,2015-06-25,2022-07-26,2013-03-31,2022-03-31,20-F; 6-K,False,not selected,{}
BABA,us-gaap,NumberOfOperatingSegments,Number of Operating Segments,other,Segment,3,2023-07-21,2023-07-21,2021-09-30,2023-03-31,20-F,False,not selected,{}
BABA,us-gaap,NumberOfReportableSegments,Number of Reportable Segments,other,segment,32,2015-06-25,2022-07-26,2013-03-31,2022-03-31,20-F; 6-K,False,not selected,{}
BABA,us-gaap,NumberOfReportableSegments,Number of Reportable Segments,other,Segment,8,2023-07-21,2026-05-20,2021-09-30,2025-03-31,20-F,False,not selected,{}
BABA,us-gaap,OperatingIncomeLoss,Operating Income (Loss),other,CNY,47,2015-06-25,2026-05-20,2013-03-31,2026-03-31,20-F; 6-K,False,not selected,{}
BABA,us-gaap,OperatingIncomeLoss,Operating Income (Loss),other,USD,16,2015-06-25,2026-05-20,2015-03-31,2026-03-31,20-F; 6-K,False,not selected,{}
BABA,us-gaap,OperatingLeaseCost,"Operating Lease, Cost",other,CNY,21,2020-07-09,2026-05-20,2019-09-30,2026-03-31,20-F; 6-K,False,not selected,{}
BABA,us-gaap,OperatingLeaseLiability,"Operating Lease, Liability",other,CNY,9,2020-07-09,2026-05-20,2020-03-31,2026-03-31,20-F; 6-K,False,not selected,{}
BABA,us-gaap,OperatingLeaseLiabilityCurrent,"Operating Lease, Liability, Current",other,CNY,16,2020-07-09,2026-05-20,2020-03-31,2026-03-31,20-F; 6-K,False,not selected,{}
BABA,us-gaap,OperatingLeaseLiabilityNoncurrent,"Operating Lease, Liability, Noncurrent",other,CNY,16,2020-07-09,2026-05-20,2020-03-31,2026-03-31,20-F; 6-K,False,not selected,{}
BABA,us-gaap,OperatingLeasePayments,"Operating Lease, Payments",other,CNY,21,2020-07-09,2026-05-20,2019-09-30,2026-03-31,20-F; 6-K,False,not selected,{}
BABA,us-gaap,OperatingLeaseRightOfUseAsset,"Operating Lease, Right-of-Use Asset",other,CNY,16,2020-07-09,2026-05-20,2020-03-31,2026-03-31,20-F; 6-K,False,not selected,{}
BABA,us-gaap,OperatingLeasesFutureMinimumPaymentsDue,"Operating Leases, Future Minimum Payments Due",other,CNY,16,2015-06-25,2021-02-02,2014-03-31,2019-03-31,20-F; 6-K,False,not selected,{}
BABA,us-gaap,OperatingLeasesFutureMinimumPaymentsDueCurrent,"Operating Leases, Future Minimum Payments Due, Next Twelve Months",other,CNY,16,2015-06-25,2021-02-02,2014-03-31,2019-03-31,20-F; 6-K,False,not selected,{}
BABA,us-gaap,OperatingLeasesFutureMinimumPaymentsDueThereafter,"Operating Leases, Future Minimum Payments, Due Thereafter",other,CNY,16,2015-06-25,2021-02-02,2014-03-31,2019-03-31,20-F; 6-K,False,not selected,{}
BABA,us-gaap,OperatingLeasesRentExpenseNet,"Operating Leases, Rent Expense, Net",other,CNY,25,2015-06-25,2021-02-02,2013-03-31,2019-03-31,20-F; 6-K,False,not selected,{}
BABA,us-gaap,OperatingLeaseWeightedAverageDiscountRatePercent,"Operating Lease, Weighted Average Discount Rate, Percent",weighted_average_NOT_outstanding,pure,15,2020-07-09,2026-05-20,2020-03-31,2026-03-31,20-F; 6-K,False,not selected,{}
BABA,us-gaap,OtherAccruedLiabilitiesNoncurrent,"Other Accrued Liabilities, Noncurrent",other,CNY,32,2015-06-25,2026-05-20,2014-03-31,2026-03-31,20-F; 6-K,False,not selected,{}
BABA,us-gaap,OtherAssetsCurrent,"Other Assets, Current",other,CNY,32,2015-06-25,2026-05-20,2014-03-31,2026-03-31,20-F; 6-K,False,not selected,{}
BABA,us-gaap,OtherAssetsNoncurrent,"Other Assets, Noncurrent",other,CNY,32,2015-06-25,2026-05-20,2014-03-31,2026-03-31,20-F; 6-K,False,not selected,{}
BABA,us-gaap,OtherComprehensiveIncomeForeignCurrencyTransactionAndTranslationGainLossArisingDuringPeriodNetOfTax,"Other Comprehensive Income (Loss), Foreign Currency Transaction and Translation Gain (Loss) Arising During Period, Net of Tax",other,CNY,3,2015-06-25,2015-06-25,2013-03-31,2015-03-31,20-F,False,not selected,{}
BABA,us-gaap,OtherComprehensiveIncomeForeignCurrencyTransactionAndTranslationGainLossArisingDuringPeriodNetOfTax,"Other Comprehensive Income (Loss), Foreign Currency Transaction and Translation Gain (Loss) Arising During Period, Net of Tax",other,USD,1,2015-06-25,2015-06-25,2015-03-31,2015-03-31,20-F,False,not selected,{}
BABA,us-gaap,OtherComprehensiveIncomeLossAvailableForSaleSecuritiesAdjustmentNetOfTax,"OCI, Debt Securities, Available-for-Sale, Gain (Loss), after Adjustment and Tax",revenue_candidate_VERIFY_scope_and_currency,CNY,21,2015-06-25,2021-02-02,2013-03-31,2018-03-31,20-F; 6-K,False,not selected,{}
BABA,us-gaap,OtherComprehensiveIncomeLossAvailableForSaleSecuritiesAdjustmentNetOfTax,"OCI, Debt Securities, Available-for-Sale, Gain (Loss), after Adjustment and Tax",revenue_candidate_VERIFY_scope_and_currency,USD,5,2015-06-25,2018-07-27,2015-03-31,2018-03-31,20-F; 6-K,False,not selected,{}
BABA,us-gaap,OtherComprehensiveIncomeLossAvailableForSaleSecuritiesTax,"OCI, Debt Securities, Available-for-Sale, Gain (Loss), after Adjustment, Tax",revenue_candidate_VERIFY_scope_and_currency,CNY,14,2016-05-24,2021-02-02,2016-03-31,2018-03-31,20-F; 6-K,False,not selected,{}
BABA,us-gaap,OtherComprehensiveIncomeLossAvailableForSaleSecuritiesTax,"OCI, Debt Securities, Available-for-Sale, Gain (Loss), after Adjustment, Tax",revenue_candidate_VERIFY_scope_and_currency,USD,4,2016-05-24,2018-07-27,2016-03-31,2018-03-31,20-F; 6-K,False,not selected,{}
BABA,us-gaap,OtherComprehensiveIncomeLossCashFlowHedgeGainLossBeforeReclassificationAfterTax,"Other Comprehensive Income (Loss), Cash Flow Hedge, Gain (Loss), before Reclassification, after Tax",other,CNY,26,2020-07-09,2026-05-20,2018-03-31,2026-03-31,20-F; 6-K,False,not selected,{}
BABA,us-gaap,OtherComprehensiveIncomeLossCashFlowHedgeGainLossBeforeReclassificationAfterTax,"Other Comprehensive Income (Loss), Cash Flow Hedge, Gain (Loss), before Reclassification, after Tax",other,USD,9,2020-07-09,2026-05-20,2020-03-31,2026-03-31,20-F; 6-K,False,not selected,{}
BABA,us-gaap,OtherComprehensiveIncomeLossForeignCurrencyTransactionAndTranslationAdjustmentNetOfTax,"Other Comprehensive Income (Loss), Foreign Currency Transaction and Translation Adjustment, Net of Tax",other,CNY,3,2015-06-25,2015-06-25,2013-03-31,2015-03-31,20-F,False,not selected,{}
BABA,us-gaap,OtherComprehensiveIncomeLossForeignCurrencyTransactionAndTranslationAdjustmentNetOfTax,"Other Comprehensive Income (Loss), Foreign Currency Transaction and Translation Adjustment, Net of Tax",other,USD,1,2015-06-25,2015-06-25,2015-03-31,2015-03-31,20-F,False,not selected,{}
BABA,us-gaap,OtherComprehensiveIncomeLossForeignCurrencyTransactionAndTranslationReclassificationAdjustmentFromAOCIRealizedUponSaleOrLiquidationNetOfTax,"Other Comprehensive Income (Loss), Foreign Currency Transaction and Translation Reclassification Adjustment from AOCI, Realized upon Sale or Liquidation, Net of Tax",other,CNY,1,2015-06-25,2015-06-25,2014-03-31,2014-03-31,20-F,False,not selected,{}
BABA,us-gaap,OtherComprehensiveIncomeLossNetOfTax,"Other Comprehensive Income (Loss), Net of Tax",other,CNY,47,2015-06-25,2026-05-20,2013-03-31,2026-03-31,20-F; 6-K,False,not selected,{}
BABA,us-gaap,OtherComprehensiveIncomeLossNetOfTax,"Other Comprehensive Income (Loss), Net of Tax",other,USD,16,2015-06-25,2026-05-20,2015-03-31,2026-03-31,20-F; 6-K,False,not selected,{}
BABA,us-gaap,OtherComprehensiveIncomeLossReclassificationAdjustmentFromAOCIForSaleOfSecuritiesBeforeTax,"Other Comprehensive Income (Loss), Reclassification Adjustment from AOCI for Sale of Securities, before Tax",other,CNY,15,2016-05-24,2021-02-02,2014-03-31,2018-03-31,20-F; 6-K,False,not selected,{}
BABA,us-gaap,OtherComprehensiveIncomeLossReclassificationAdjustmentFromAOCIForSaleOfSecuritiesBeforeTax,"Other Comprehensive Income (Loss), Reclassification Adjustment from AOCI for Sale of Securities, before Tax",other,USD,4,2016-05-24,2018-07-27,2016-03-31,2018-03-31,20-F; 6-K,False,not selected,{}
BABA,us-gaap,OtherComprehensiveIncomeLossReclassificationAdjustmentFromAOCIForSaleOfSecuritiesNetOfTax,"Other Comprehensive Income (Loss), Reclassification Adjustment from AOCI for Sale of Securities, Net of Tax",other,CNY,1,2015-06-25,2015-06-25,2014-03-31,2014-03-31,20-F,False,not selected,{}
BABA,us-gaap,OtherComprehensiveIncomeUnrealizedGainLossOnDerivativesArisingDuringPeriodNetOfTax,"Other Comprehensive Income (Loss), Unrealized Gain (Loss) on Derivatives Arising During Period, Net of Tax",other,CNY,16,2015-06-25,2019-11-13,2014-03-31,2019-03-31,20-F; 6-K,False,not selected,{}
BABA,us-gaap,OtherComprehensiveIncomeUnrealizedGainLossOnDerivativesArisingDuringPeriodNetOfTax,"Other Comprehensive Income (Loss), Unrealized Gain (Loss) on Derivatives Arising During Period, Net of Tax",other,USD,6,2015-06-25,2019-11-13,2015-03-31,2019-03-31,20-F; 6-K,False,not selected,{}
BABA,us-gaap,OtherComprehensiveIncomeUnrealizedHoldingGainLossOnSecuritiesArisingDuringPeriodBeforeTax,"OCI, Debt Securities, Available-for-Sale, Unrealized Holding Gain (Loss), before Adjustment and Tax",other,CNY,18,2016-05-24,2021-02-02,2014-03-31,2018-03-31,20-F; 6-K,False,not selected,{}
BABA,us-gaap,OtherComprehensiveIncomeUnrealizedHoldingGainLossOnSecuritiesArisingDuringPeriodBeforeTax,"OCI, Debt Securities, Available-for-Sale, Unrealized Holding Gain (Loss), before Adjustment and Tax",other,USD,4,2016-05-24,2018-07-27,2016-03-31,2018-03-31,20-F; 6-K,False,not selected,{}
BABA,us-gaap,OtherComprehensiveIncomeUnrealizedHoldingGainLossOnSecuritiesArisingDuringPeriodNetOfTax,"OCI, Debt Securities, Available-for-Sale, Unrealized Holding Gain (Loss), before Adjustment, after Tax",other,CNY,3,2015-06-25,2015-06-25,2013-03-31,2015-03-31,20-F,False,not selected,{}
BABA,us-gaap,OtherComprehensiveIncomeUnrealizedHoldingGainLossOnSecuritiesArisingDuringPeriodNetOfTax,"OCI, Debt Securities, Available-for-Sale, Unrealized Holding Gain (Loss), before Adjustment, after Tax",other,USD,1,2015-06-25,2015-06-25,2015-03-31,2015-03-31,20-F,False,not selected,{}
BABA,us-gaap,OtherLiabilitiesNoncurrent,"Other Liabilities, Noncurrent",other,CNY,32,2015-06-25,2026-05-20,2014-03-31,2026-03-31,20-F; 6-K,False,not selected,{}
BABA,us-gaap,OtherLiabilitiesNoncurrent,"Other Liabilities, Noncurrent",other,USD,16,2015-06-25,2026-05-20,2015-03-31,2026-03-31,20-F; 6-K,False,not selected,{}
BABA,us-gaap,OtherNonoperatingIncomeExpense,Other Nonoperating Income (Expense),other,CNY,47,2015-06-25,2026-05-20,2013-03-31,2026-03-31,20-F; 6-K,False,not selected,{}
BABA,us-gaap,OtherNonoperatingIncomeExpense,Other Nonoperating Income (Expense),other,USD,16,2015-06-25,2026-05-20,2015-03-31,2026-03-31,20-F; 6-K,False,not selected,{}
BABA,us-gaap,OtherThanTemporaryImpairmentLossDebtSecuritiesPortionRecognizedInEarnings,"Other-than-temporary Impairment Loss, Debt Securities, Portion Recognized in Earnings",other,CNY,23,2019-06-05,2023-07-21,2017-03-31,2023-03-31,20-F; 6-K,False,not selected,{}
BABA,us-gaap,OtherThanTemporaryImpairmentLossesInvestmentsPortionRecognizedInEarningsNet,"Other than Temporary Impairment Losses, Investments, Portion Recognized in Earnings, Net",other,CNY,12,2016-05-24,2018-07-27,2014-03-31,2018-03-31,20-F; 6-K,False,not selected,{}
BABA,us-gaap,OtherThanTemporaryImpairmentLossesInvestmentsPortionRecognizedInEarningsNet,"Other than Temporary Impairment Losses, Investments, Portion Recognized in Earnings, Net",other,USD,4,2016-05-24,2018-07-27,2016-03-31,2018-03-31,20-F; 6-K,False,not selected,{}
BABA,us-gaap,PaymentForContingentConsiderationLiabilityFinancingActivities,"Payment for Contingent Consideration Liability, Financing Activities",other,CNY,5,2018-07-27,2021-02-02,2018-03-31,2018-03-31,20-F; 6-K,False,not selected,{}
BABA,us-gaap,PaymentForContingentConsiderationLiabilityFinancingActivities,"Payment for Contingent Consideration Liability, Financing Activities",other,USD,1,2018-07-27,2018-07-27,2018-03-31,2018-03-31,20-F,False,not selected,{}
BABA,us-gaap,PaymentsForHedgeInvestingActivities,"Payments for Hedge, Investing Activities",other,CNY,22,2017-06-15,2022-07-26,2017-03-31,2022-03-31,20-F; 6-K,False,not selected,{}
BABA,us-gaap,PaymentsForHedgeInvestingActivities,"Payments for Hedge, Investing Activities",other,USD,9,2017-06-15,2022-07-26,2017-03-31,2022-03-31,20-F; 6-K,False,not selected,{}
BABA,us-gaap,PaymentsForProceedsFromHedgeInvestingActivities,"Payments for (Proceeds from) Hedge, Investing Activities",other,CNY,14,2021-02-02,2026-05-20,2019-09-30,2026-03-31,20-F; 6-K,False,not selected,{}
BABA,us-gaap,PaymentsForProceedsFromHedgeInvestingActivities,"Payments for (Proceeds from) Hedge, Investing Activities",other,USD,5,2021-02-02,2026-05-20,2020-09-30,2026-03-31,20-F; 6-K,False,not selected,{}
BABA,us-gaap,PaymentsForRepurchaseOfCommonStock,Payments for Repurchase of Common Stock,other,CNY,36,2015-06-25,2026-05-20,2013-03-31,2026-03-31,20-F; 6-K,False,not selected,{}
BABA,us-gaap,PaymentsForRepurchaseOfCommonStock,Payments for Repurchase of Common Stock,other,USD,12,2015-06-25,2026-05-20,2015-03-31,2026-03-31,20-F; 6-K,False,not selected,{}
BABA,us-gaap,PaymentsOfDebtIssuanceCosts,Payments of Debt Issuance Costs,other,CNY,8,2018-07-27,2021-02-02,2018-03-31,2020-03-31,20-F; 6-K,False,not selected,{}
BABA,us-gaap,PaymentsOfDebtIssuanceCosts,Payments of Debt Issuance Costs,other,USD,3,2018-07-27,2021-02-02,2018-03-31,2020-03-31,20-F; 6-K,False,not selected,{}
BABA,us-gaap,PaymentsOfDividendsMinorityInterest,"Payments of Ordinary Dividends, Noncontrolling Interest",other,CNY,35,2015-06-25,2023-07-21,2015-03-31,2023-03-31,20-F; 6-K,False,not selected,{}
BABA,us-gaap,PaymentsOfDividendsMinorityInterest,"Payments of Ordinary Dividends, Noncontrolling Interest",other,USD,13,2015-06-25,2023-07-21,2015-03-31,2023-03-31,20-F; 6-K,False,not selected,{}
BABA,us-gaap,PaymentsOfDividendsPreferredStockAndPreferenceStock,"Payments of Ordinary Dividends, Preferred Stock and Preference Stock",other,CNY,7,2015-06-25,2017-11-24,2013-03-31,2015-03-31,20-F; 6-K,False,not selected,{}
BABA,us-gaap,PaymentsOfDividendsPreferredStockAndPreferenceStock,"Payments of Ordinary Dividends, Preferred Stock and Preference Stock",other,USD,1,2015-06-25,2015-06-25,2015-03-31,2015-03-31,20-F,False,not selected,{}
BABA,us-gaap,PaymentsToAcquireBusinessesGross,"Payments to Acquire Businesses, Gross",other,CNY,47,2015-06-25,2026-05-20,2013-03-31,2026-03-31,20-F; 6-K,False,not selected,{}
BABA,us-gaap,PaymentsToAcquireBusinessesNetOfCashAcquired,"Payments to Acquire Businesses, Net of Cash Acquired",other,CNY,47,2015-06-25,2026-05-20,2013-03-31,2026-03-31,20-F; 6-K,False,not selected,{}
BABA,us-gaap,PaymentsToAcquireBusinessesNetOfCashAcquired,"Payments to Acquire Businesses, Net of Cash Acquired",other,USD,16,2015-06-25,2026-05-20,2015-03-31,2026-03-31,20-F; 6-K,False,not selected,{}
BABA,us-gaap,PaymentsToAcquireEquityMethodInvestments,Payments to Acquire Equity Method Investments,other,CNY,2,2021-02-02,2021-02-02,2019-09-30,2020-09-30,6-K,False,not selected,{}
BABA,us-gaap,PaymentsToAcquireEquityMethodInvestments,Payments to Acquire Equity Method Investments,other,USD,1,2021-02-02,2021-02-02,2020-09-30,2020-09-30,6-K,False,not selected,{}
BABA,us-gaap,PaymentsToAcquireIntangibleAssets,Payments to Acquire Intangible Assets,other,CNY,32,2019-06-05,2026-05-20,2017-03-31,2026-03-31,20-F; 6-K,False,not selected,{}
BABA,us-gaap,PaymentsToAcquireIntangibleAssets,Payments to Acquire Intangible Assets,other,USD,11,2019-06-05,2026-05-20,2019-03-31,2026-03-31,20-F; 6-K,False,not selected,{}
BABA,us-gaap,PaymentsToAcquireInterestInSubsidiariesAndAffiliates,Payments to Acquire Interest in Subsidiaries and Affiliates,other,CNY,45,2015-06-25,2026-05-20,2013-03-31,2026-03-31,20-F; 6-K,False,not selected,{}
BABA,us-gaap,PaymentsToAcquireInterestInSubsidiariesAndAffiliates,Payments to Acquire Interest in Subsidiaries and Affiliates,other,USD,15,2015-06-25,2026-05-20,2015-03-31,2026-03-31,20-F; 6-K,False,not selected,{}
BABA,us-gaap,PaymentsToAcquireMarketableSecurities,Payments to Acquire Marketable Securities,other,CNY,12,2019-06-05,2021-02-02,2017-03-31,2020-03-31,20-F; 6-K,False,not selected,{}
BABA,us-gaap,PaymentsToAcquireMarketableSecurities,Payments to Acquire Marketable Securities,other,USD,4,2019-06-05,2021-02-02,2019-03-31,2020-03-31,20-F; 6-K,False,not selected,{}
BABA,us-gaap,PaymentsToAcquireOtherPropertyPlantAndEquipment,"Payments to Acquire Other Property, Plant, and Equipment",other,CNY,14,2019-06-05,2021-02-02,2017-03-31,2020-09-30,20-F; 6-K,False,not selected,{}
BABA,us-gaap,PaymentsToAcquireOtherPropertyPlantAndEquipment,"Payments to Acquire Other Property, Plant, and Equipment",other,USD,5,2019-06-05,2021-02-02,2019-03-31,2020-09-30,20-F; 6-K,False,not selected,{}
BABA,us-gaap,PaymentsToMinorityShareholders,Payments to Noncontrolling Interests,other,CNY,1,2016-05-24,2016-05-24,2014-03-31,2014-03-31,20-F,False,not selected,{}
BABA,us-gaap,PledgedFinancialInstrumentsNotSeparatelyReportedLoansReceivablePledgedAsCollateral,"Pledged Financial Instruments, Not Separately Reported, Loans Receivable Pledged as Collateral",other,CNY,2,2015-06-25,2015-06-25,2014-03-31,2015-03-31,20-F,False,not selected,{}
BABA,us-gaap,ProceedsFromBankDebt,Proceeds from Bank Debt,other,CNY,47,2015-06-25,2026-05-20,2013-03-31,2026-03-31,20-F; 6-K,False,not selected,{}
BABA,us-gaap,ProceedsFromBankDebt,Proceeds from Bank Debt,other,USD,16,2015-06-25,2026-05-20,2015-03-31,2026-03-31,20-F; 6-K,False,not selected,{}
BABA,us-gaap,ProceedsFromDivestitureOfBusinessesNetOfCashDivested,"Proceeds from Divestiture of Businesses, Net of Cash Divested",other,CNY,47,2015-06-25,2026-05-20,2013-03-31,2026-03-31,20-F; 6-K,False,not selected,{}
BABA,us-gaap,ProceedsFromDivestitureOfBusinessesNetOfCashDivested,"Proceeds from Divestiture of Businesses, Net of Cash Divested",other,USD,16,2015-06-25,2026-05-20,2015-03-31,2026-03-31,20-F; 6-K,False,not selected,{}
BABA,us-gaap,ProceedsFromDivestitureOfInterestInSubsidiariesAndAffiliates,Proceeds from Divestiture of Interest in Subsidiaries and Affiliates,other,CNY,30,2015-06-25,2021-07-27,2013-03-31,2021-03-31,20-F; 6-K,False,not selected,{}
BABA,us-gaap,ProceedsFromDivestitureOfInterestInSubsidiariesAndAffiliates,Proceeds from Divestiture of Interest in Subsidiaries and Affiliates,other,USD,10,2015-06-25,2021-07-27,2015-03-31,2021-03-31,20-F; 6-K,False,not selected,{}
BABA,us-gaap,ProceedsFromIssuanceOfCommonStock,Proceeds from Issuance of Common Stock,other,CNY,33,2015-06-25,2026-05-20,2012-09-30,2026-03-31,20-F; 6-K,False,not selected,{}
BABA,us-gaap,ProceedsFromIssuanceOfCommonStock,Proceeds from Issuance of Common Stock,other,USD,12,2015-06-25,2026-05-20,2012-09-30,2026-03-31,20-F; 6-K,False,not selected,{}
BABA,us-gaap,ProceedsFromIssuanceOfConvertiblePreferredStock,Proceeds from Issuance of Convertible Preferred Stock,other,CNY,1,2015-06-25,2015-06-25,2013-03-31,2013-03-31,20-F,False,not selected,{}
BABA,us-gaap,ProceedsFromIssuanceOfSeniorLongTermDebt,Proceeds from Issuance of Senior Long-term Debt,other,CNY,18,2015-06-25,2026-05-20,2015-03-31,2026-03-31,20-F; 6-K,False,not selected,{}
BABA,us-gaap,ProceedsFromIssuanceOfSeniorLongTermDebt,Proceeds from Issuance of Senior Long-term Debt,other,USD,5,2015-06-25,2026-05-20,2015-03-31,2026-03-31,20-F,False,not selected,{}
BABA,us-gaap,ProceedsFromMinorityShareholders,Proceeds from Noncontrolling Interests,other,CNY,44,2015-06-25,2026-05-20,2015-03-31,2026-03-31,20-F; 6-K,False,not selected,{}
BABA,us-gaap,ProceedsFromMinorityShareholders,Proceeds from Noncontrolling Interests,other,USD,16,2015-06-25,2026-05-20,2015-03-31,2026-03-31,20-F; 6-K,False,not selected,{}
BABA,us-gaap,ProceedsFromPaymentsForLongTermLoansForRelatedParties,Proceeds from Collection of (Payments to Fund) Long-term Loans to Related Parties,other,CNY,47,2015-06-25,2026-05-20,2013-03-31,2026-03-31,20-F; 6-K,False,not selected,{}
BABA,us-gaap,ProceedsFromPaymentsForLongTermLoansForRelatedParties,Proceeds from Collection of (Payments to Fund) Long-term Loans to Related Parties,other,USD,14,2015-06-25,2026-05-20,2015-03-31,2026-03-31,20-F; 6-K,False,not selected,{}
BABA,us-gaap,ProceedsFromSaleAndMaturityOfMarketableSecurities,Proceeds from Sale and Maturity of Marketable Securities,other,CNY,45,2015-06-25,2026-05-20,2013-03-31,2026-03-31,20-F; 6-K,False,not selected,{}
BABA,us-gaap,ProceedsFromSaleAndMaturityOfMarketableSecurities,Proceeds from Sale and Maturity of Marketable Securities,other,USD,15,2015-06-25,2026-05-20,2015-03-31,2026-03-31,20-F; 6-K,False,not selected,{}
BABA,us-gaap,ProceedsFromSaleOfEquityMethodInvestments,Proceeds from Sale of Equity Method Investments,other,CNY,2,2021-02-02,2021-02-02,2019-09-30,2020-09-30,6-K,False,not selected,{}
BABA,us-gaap,ProceedsFromSaleOfEquityMethodInvestments,Proceeds from Sale of Equity Method Investments,other,USD,1,2021-02-02,2021-02-02,2020-09-30,2020-09-30,6-K,False,not selected,{}
BABA,us-gaap,ProceedsFromSaleOfPropertyPlantAndEquipment,"Proceeds from Sale of Property, Plant, and Equipment",other,CNY,10,2015-06-25,2026-05-20,2013-03-31,2026-03-31,20-F,False,not selected,{}
BABA,us-gaap,ProceedsFromSaleOfPropertyPlantAndEquipment,"Proceeds from Sale of Property, Plant, and Equipment",other,USD,4,2023-07-21,2026-05-20,2023-03-31,2026-03-31,20-F,False,not selected,{}
BABA,us-gaap,ProfitLoss,"Net Income (Loss), Including Portion Attributable to Noncontrolling Interest",other,CNY,47,2015-06-25,2026-05-20,2013-03-31,2026-03-31,20-F; 6-K,False,not selected,{}
BABA,us-gaap,ProfitLoss,"Net Income (Loss), Including Portion Attributable to Noncontrolling Interest",other,USD,16,2015-06-25,2026-05-20,2015-03-31,2026-03-31,20-F; 6-K,False,not selected,{}
BABA,us-gaap,PropertyPlantAndEquipmentGross,"Property, Plant and Equipment, Gross",other,CNY,30,2015-06-25,2026-05-20,2014-03-31,2026-03-31,20-F; 6-K,False,not selected,{}
BABA,us-gaap,PropertyPlantAndEquipmentNet,"Property, Plant and Equipment, Net",other,CNY,32,2015-06-25,2026-05-20,2014-03-31,2026-03-31,20-F; 6-K,False,not selected,{}
BABA,us-gaap,PropertyPlantAndEquipmentNet,"Property, Plant and Equipment, Net",other,USD,16,2015-06-25,2026-05-20,2015-03-31,2026-03-31,20-F; 6-K,False,not selected,{}
BABA,us-gaap,ProvisionForLoanAndLeaseLosses,Provision for Loan and Lease Losses,other,CNY,38,2015-06-25,2023-07-21,2013-03-31,2023-03-31,20-F; 6-K,False,not selected,{}
BABA,us-gaap,ProvisionForLoanAndLeaseLosses,Provision for Loan and Lease Losses,other,USD,13,2015-06-25,2023-07-21,2015-03-31,2023-03-31,20-F; 6-K,False,not selected,{}
BABA,us-gaap,ReceivableFromShareholdersOrAffiliatesForIssuanceOfCapitalStock,Receivable from Shareholders or Affiliates for Issuance of Capital Stock,other,CNY,28,2015-06-25,2024-05-23,2014-03-31,2024-03-31,20-F; 6-K,False,not selected,{}
BABA,us-gaap,ReceivableFromShareholdersOrAffiliatesForIssuanceOfCapitalStock,Receivable from Shareholders or Affiliates for Issuance of Capital Stock,other,USD,14,2015-06-25,2024-05-23,2015-03-31,2024-03-31,20-F; 6-K,False,not selected,{}
BABA,us-gaap,RepaymentsOfBankDebt,Repayments of Bank Debt,other,CNY,47,2015-06-25,2026-05-20,2013-03-31,2026-03-31,20-F; 6-K,False,not selected,{}
BABA,us-gaap,RepaymentsOfBankDebt,Repayments of Bank Debt,other,USD,16,2015-06-25,2026-05-20,2015-03-31,2026-03-31,20-F; 6-K,False,not selected,{}
BABA,us-gaap,RepaymentsOfMandatoryRedeemableCapitalSecurities,Repayments of Mandatory Redeemable Capital Securities,other,CNY,2,2015-06-25,2016-05-24,2014-03-31,2014-03-31,20-F,False,not selected,{}
BABA,us-gaap,RepaymentsOfSeniorDebt,Repayments of Senior Debt,other,CNY,19,2018-07-27,2026-05-20,2018-03-31,2026-03-31,20-F; 6-K,False,not selected,{}
BABA,us-gaap,RepaymentsOfSeniorDebt,Repayments of Senior Debt,other,USD,8,2018-07-27,2026-05-20,2018-03-31,2026-03-31,20-F; 6-K,False,not selected,{}
BABA,us-gaap,ResearchAndDevelopmentExpense,Research and Development Expense,other,CNY,47,2015-06-25,2026-05-20,2013-03-31,2026-03-31,20-F; 6-K,False,not selected,{}
BABA,us-gaap,ResearchAndDevelopmentExpense,Research and Development Expense,other,USD,16,2015-06-25,2026-05-20,2015-03-31,2026-03-31,20-F; 6-K,False,not selected,{}
BABA,us-gaap,RestrictedCashAndCashEquivalentsAtCarryingValue,"Restricted Cash and Cash Equivalents, Current",other,CNY,2,2016-05-24,2016-05-24,2015-03-31,2016-03-31,20-F,False,not selected,{}
BABA,us-gaap,RestrictedCashAndCashEquivalentsAtCarryingValue,"Restricted Cash and Cash Equivalents, Current",other,USD,1,2016-05-24,2016-05-24,2016-03-31,2016-03-31,20-F,False,not selected,{}
BABA,us-gaap,RetainedEarningsAppropriated,"Retained Earnings, Appropriated",other,CNY,32,2015-06-25,2026-05-20,2014-03-31,2026-03-31,20-F; 6-K,False,not selected,{}
BABA,us-gaap,RetainedEarningsAppropriated,"Retained Earnings, Appropriated",other,USD,16,2015-06-25,2026-05-20,2015-03-31,2026-03-31,20-F; 6-K,False,not selected,{}
BABA,us-gaap,RetainedEarningsUnappropriated,"Retained Earnings, Unappropriated",other,CNY,32,2015-06-25,2026-05-20,2014-03-31,2026-03-31,20-F; 6-K,False,not selected,{}
BABA,us-gaap,RetainedEarningsUnappropriated,"Retained Earnings, Unappropriated",other,USD,16,2015-06-25,2026-05-20,2015-03-31,2026-03-31,20-F; 6-K,False,not selected,{}
BABA,us-gaap,RetainedEarningsUndistributedEarningsFromEquityMethodInvestees,"Retained Earnings, Undistributed Earnings from Equity Method Investees",other,CNY,4,2020-07-09,2022-07-26,2020-03-31,2022-03-31,20-F; 6-K,False,not selected,{}
BABA,us-gaap,Revenues,Revenues,revenue_candidate_VERIFY_scope_and_currency,CNY,47,2015-06-25,2026-05-20,2013-03-31,2026-03-31,20-F; 6-K,True,0,"{""wrong_unit_for_existing_extractor"": 47}"
BABA,us-gaap,Revenues,Revenues,revenue_candidate_VERIFY_scope_and_currency,USD,16,2015-06-25,2026-05-20,2015-03-31,2026-03-31,20-F; 6-K,True,16,{}
BABA,us-gaap,RightOfUseAssetObtainedInExchangeForOperatingLeaseLiability,Right-of-Use Asset Obtained in Exchange for Operating Lease Liability,other,CNY,16,2020-07-09,2026-05-20,2019-09-30,2026-03-31,20-F; 6-K,False,not selected,{}
BABA,us-gaap,SalesAndExciseTaxPayableCurrent,"Sales and Excise Tax Payable, Current",revenue_candidate_VERIFY_scope_and_currency,CNY,32,2015-06-25,2026-05-20,2014-03-31,2026-03-31,20-F; 6-K,False,not selected,{}
BABA,us-gaap,SellingAndMarketingExpense,Selling and Marketing Expense,other,CNY,47,2015-06-25,2026-05-20,2013-03-31,2026-03-31,20-F; 6-K,False,not selected,{}
BABA,us-gaap,SellingAndMarketingExpense,Selling and Marketing Expense,other,USD,16,2015-06-25,2026-05-20,2015-03-31,2026-03-31,20-F; 6-K,False,not selected,{}
BABA,us-gaap,SeniorLongTermNotes,"Senior Notes, Noncurrent",other,CNY,31,2015-06-25,2026-05-20,2015-03-31,2026-03-31,20-F; 6-K,False,not selected,{}
BABA,us-gaap,SeniorLongTermNotes,"Senior Notes, Noncurrent",other,USD,16,2015-06-25,2026-05-20,2015-03-31,2026-03-31,20-F; 6-K,False,not selected,{}
BABA,us-gaap,SeniorNotesCurrent,"Senior Notes, Current",other,CNY,15,2017-06-15,2025-06-26,2017-03-31,2025-03-31,20-F; 6-K,False,not selected,{}
BABA,us-gaap,SeniorNotesCurrent,"Senior Notes, Current",other,USD,8,2017-06-15,2025-06-26,2017-03-31,2025-03-31,20-F; 6-K,False,not selected,{}
BABA,us-gaap,ShareBasedCompensation,"Share-based Payment Arrangement, Noncash Expense",other,CNY,32,2015-06-25,2021-07-27,2013-03-31,2021-03-31,20-F; 6-K,False,not selected,{}
BABA,us-gaap,ShareBasedCompensation,"Share-based Payment Arrangement, Noncash Expense",other,USD,11,2015-06-25,2021-07-27,2015-03-31,2021-03-31,20-F; 6-K,False,not selected,{}
BABA,us-gaap,ShareBasedCompensationArrangementByShareBasedPaymentAwardNumberOfSharesAuthorized,"Share-based Compensation Arrangement by Share-based Payment Award, Number of Shares Authorized",other_share_concept_NOT_automatically_outstanding,shares,1,2015-06-25,2015-06-25,2015-03-31,2015-03-31,20-F,False,not selected,{}
BABA,us-gaap,ShareBasedCompensationArrangementByShareBasedPaymentAwardNumberOfSharesAvailableForGrant,"Share-based Compensation Arrangement by Share-based Payment Award, Number of Shares Available for Grant",other_share_concept_NOT_automatically_outstanding,shares,14,2015-06-25,2024-05-23,2015-03-31,2024-03-31,20-F; 6-K,False,not selected,{}
BABA,us-gaap,ShareBasedCompensationArrangementByShareBasedPaymentAwardOptionsGrantsInPeriodGross,"Share-based Compensation Arrangement by Share-based Payment Award, Options, Grants in Period, Gross",other_share_concept_NOT_automatically_outstanding,shares,5,2021-07-27,2024-05-23,2019-03-31,2024-03-31,20-F,False,not selected,{}
BABA,us-gaap,ShortTermBorrowings,Short-term Debt,other,CNY,4,2019-06-05,2019-11-13,2018-03-31,2019-03-31,20-F; 6-K,False,not selected,{}
BABA,us-gaap,ShortTermBorrowings,Short-term Debt,other,USD,2,2019-06-05,2019-11-13,2019-03-31,2019-03-31,20-F; 6-K,False,not selected,{}
BABA,us-gaap,StockholdersEquity,Stockholders' Equity Attributable to Parent,other,CNY,32,2015-06-25,2026-05-20,2014-03-31,2026-03-31,20-F; 6-K,False,not selected,{}
BABA,us-gaap,StockholdersEquity,Stockholders' Equity Attributable to Parent,other,USD,16,2015-06-25,2026-05-20,2015-03-31,2026-03-31,20-F; 6-K,False,not selected,{}
BABA,us-gaap,StockholdersEquityIncludingPortionAttributableToNoncontrollingInterest,"Stockholders' Equity, Including Portion Attributable to Noncontrolling Interest",other,CNY,64,2015-06-25,2026-05-20,2012-03-31,2026-03-31,20-F; 6-K,False,not selected,{}
BABA,us-gaap,StockholdersEquityIncludingPortionAttributableToNoncontrollingInterest,"Stockholders' Equity, Including Portion Attributable to Noncontrolling Interest",other,USD,16,2015-06-25,2026-05-20,2015-03-31,2026-03-31,20-F; 6-K,False,not selected,{}
BABA,us-gaap,StockholdersEquityIncludingPortionAttributableToNoncontrollingInterestAdjustedBalance1,"Stockholders' Equity, Including Portion Attributable to Noncontrolling Interest, Adjusted Balance (Deprecated 2020-01-31)",other,CNY,4,2019-06-05,2021-02-02,2018-03-31,2018-03-31,20-F; 6-K,False,not selected,{}
BABA,us-gaap,StockholdersEquityNoteStockSplitConversionRatio1,"Stockholders' Equity Note, Stock Split, Conversion Ratio",other,pure,6,2019-11-13,2022-07-26,2019-07-30,2019-07-30,20-F; 6-K,False,not selected,{}
BABA,us-gaap,StockholdersEquityOther,"Stockholders' Equity, Other",other,CNY,33,2018-07-27,2026-05-20,2017-03-31,2026-03-31,20-F; 6-K,False,not selected,{}
BABA,us-gaap,StockIssuedDuringPeriodValueAcquisitions,"Stock Issued During Period, Value, Acquisitions",other,CNY,45,2015-06-25,2026-05-20,2013-03-31,2026-03-31,20-F; 6-K,False,not selected,{}
BABA,us-gaap,StockIssuedDuringPeriodValueNewIssues,"Stock Issued During Period, Value, New Issues",other,CNY,10,2015-06-25,2022-07-26,2013-03-31,2020-03-31,20-F; 6-K,False,not selected,{}
BABA,us-gaap,StockIssuedDuringPeriodValuePurchaseOfAssets,"Stock Issued During Period, Value, Purchase of Assets",other,CNY,2,2015-06-25,2016-05-24,2014-03-31,2014-03-31,20-F,False,not selected,{}
BABA,us-gaap,StockRepurchasedAndRetiredDuringPeriodValue,"Stock Repurchased and Retired During Period, Value",other,CNY,36,2015-06-25,2026-05-20,2013-03-31,2026-03-31,20-F; 6-K,False,not selected,{}
BABA,us-gaap,SummaryOfInvestmentsOtherThanInvestmentsInRelatedPartiesCost,"SEC Schedule, 12-15, Insurance Companies, Summary of Investments, Other than Investments in Related Parties, Cost",other,CNY,10,2015-06-25,2018-07-27,2014-03-31,2018-03-31,20-F; 6-K,False,not selected,{}
BABA,us-gaap,SummaryOfInvestmentsOtherThanInvestmentsInRelatedPartiesFairValue,"SEC Schedule, 12-15, Insurance Companies, Summary of Investments, Other than Investments in Related Parties, Fair Value",other,CNY,10,2015-06-25,2018-07-27,2014-03-31,2018-03-31,20-F; 6-K,False,not selected,{}
BABA,us-gaap,TemporaryEquityAccretionToRedemptionValue,"Temporary Equity, Accretion to Redemption Value",other,CNY,7,2015-06-25,2017-11-24,2013-03-31,2015-03-31,20-F; 6-K,False,not selected,{}
BABA,us-gaap,TemporaryEquityAccretionToRedemptionValueAdjustment,"Temporary Equity, Accretion to Redemption Value, Adjustment",other,CNY,38,2015-06-25,2026-05-20,2013-03-31,2026-03-31,20-F; 6-K,False,not selected,{}
BABA,us-gaap,TemporaryEquityAccretionToRedemptionValueAdjustment,"Temporary Equity, Accretion to Redemption Value, Adjustment",other,USD,13,2015-06-25,2026-05-20,2015-03-31,2026-03-31,20-F; 6-K,False,not selected,{}
BABA,us-gaap,TemporaryEquityCarryingAmountAttributableToParent,"Temporary Equity, Carrying Amount, Attributable to Parent",other,CNY,32,2015-06-25,2026-05-20,2014-03-31,2026-03-31,20-F; 6-K,False,not selected,{}
BABA,us-gaap,TemporaryEquityCarryingAmountAttributableToParent,"Temporary Equity, Carrying Amount, Attributable to Parent",other,USD,16,2015-06-25,2026-05-20,2015-03-31,2026-03-31,20-F; 6-K,False,not selected,{}
BABA,us-gaap,TemporaryEquityDividendsAdjustment,"Temporary Equity, Dividends, Adjustment",other,CNY,7,2015-06-25,2017-11-24,2013-03-31,2015-03-31,20-F; 6-K,False,not selected,{}
BABA,us-gaap,TemporaryEquityDividendsAdjustment,"Temporary Equity, Dividends, Adjustment",other,USD,1,2015-06-25,2015-06-25,2015-03-31,2015-03-31,20-F,False,not selected,{}
BABA,us-gaap,TemporaryEquityLiquidationPreference,"Temporary Equity, Liquidation Preference",other,CNY,2,2015-06-25,2015-06-25,2014-03-31,2015-03-31,20-F,False,not selected,{}
BABA,us-gaap,TemporaryEquityNetIncome,"Temporary Equity, Net Income",other,CNY,33,2017-06-15,2026-05-20,2017-03-31,2026-03-31,20-F; 6-K,False,not selected,{}
BABA,us-gaap,TemporaryEquityParOrStatedValuePerShare,"Temporary Equity, Par or Stated Value Per Share",other,USD/shares,1,2015-06-25,2015-06-25,2014-03-31,2014-03-31,20-F,False,not selected,{}
BABA,us-gaap,TemporaryEquitySharesAuthorized,"Temporary Equity, Shares Authorized",other_share_concept_NOT_automatically_outstanding,shares,1,2015-06-25,2015-06-25,2014-03-31,2014-03-31,20-F,False,not selected,{}
BABA,us-gaap,TemporaryEquitySharesIssued,"Temporary Equity, Shares Issued",other_share_concept_NOT_automatically_outstanding,shares,2,2015-06-25,2015-06-25,2014-03-31,2015-03-31,20-F,False,not selected,{}
BABA,us-gaap,TemporaryEquitySharesOutstanding,"Temporary Equity, Shares Outstanding",shares_outstanding_candidate_VERIFY_classes_and_ADS,shares,2,2015-06-25,2015-06-25,2014-03-31,2015-03-31,20-F,False,not selected,{}
BABA,us-gaap,TransfersAccountedForAsSecuredBorrowingsAssociatedLiabilitiesCarryingAmount,"Transfers Accounted for as Secured Borrowings, Associated Liabilities, Carrying Amount",other,CNY,1,2015-06-25,2015-06-25,2014-03-31,2014-03-31,20-F,False,not selected,{}
BABA,us-gaap,TranslationAdjustmentFunctionalToReportingCurrencyNetOfTaxPeriodIncreaseDecrease,"Translation Adjustment Functional to Reporting Currency, Net of Tax, Period Increase (Decrease)",other,CNY,47,2015-06-25,2026-05-20,2013-03-31,2026-03-31,20-F; 6-K,False,not selected,{}
BABA,us-gaap,TreasuryStockNumberOfSharesHeld,"Treasury Stock, Number of Shares Held (Deprecated 2016-01-31)",other_share_concept_NOT_automatically_outstanding,shares,2,2015-06-25,2015-06-25,2014-03-31,2015-03-31,20-F,False,not selected,{}
BABA,us-gaap,TreasuryStockValue,"Treasury Stock, Value",other,CNY,19,2015-06-25,2026-05-20,2014-03-31,2026-03-31,20-F; 6-K,False,not selected,{}
BABA,us-gaap,TreasuryStockValue,"Treasury Stock, Value",other,USD,10,2015-06-25,2026-05-20,2015-03-31,2026-03-31,20-F; 6-K,False,not selected,{}
BABA,us-gaap,UndistributedEarningsOfDomesticSubsidiaries,Undistributed Earnings of Domestic Subsidiaries,other,CNY,26,2016-05-24,2026-05-20,2016-03-31,2026-03-31,20-F; 6-K,False,not selected,{}
BABA,us-gaap,ValueAddedTaxReceivableCurrent,"Value Added Tax Receivable, Current",other,CNY,32,2015-06-25,2026-05-20,2014-03-31,2026-03-31,20-F; 6-K,False,not selected,{}
BABA,us-gaap,VariableLeaseCost,"Variable Lease, Cost",other,CNY,21,2020-07-09,2026-05-20,2019-09-30,2026-03-31,20-F; 6-K,False,not selected,{}
BABA,us-gaap,WeightedAverageNumberOfDilutedSharesOutstanding,"Weighted Average Number of Shares Outstanding, Diluted",weighted_average_NOT_outstanding,shares,47,2015-06-25,2026-05-20,2013-03-31,2026-03-31,20-F; 6-K,False,not selected,{}
BABA,us-gaap,WeightedAverageNumberOfSharesOutstandingBasic,"Weighted Average Number of Shares Outstanding, Basic",weighted_average_NOT_outstanding,shares,47,2015-06-25,2026-05-20,2013-03-31,2026-03-31,20-F; 6-K,False,not selected,{}
BABA,us-gaap,AllowanceForDoubtfulAccountsReceivableCurrent,"Accounts Receivable, Allowance for Credit Loss, Current",other,CNY,10,2022-07-26,2026-05-20,2021-03-31,2026-03-31,20-F,False,not selected,{}
BABA,us-gaap,DefinedContributionPlanCostRecognized,"Defined Contribution Plan, Cost",other,CNY,15,2022-07-26,2026-05-20,2020-03-31,2026-03-31,20-F,False,not selected,{}
BABA,us-gaap,EquityMethodInvestmentDividendsOrDistributions,"Proceeds from Equity Method Investment, Distribution",other,CNY,10,2022-07-26,2026-05-20,2021-03-31,2026-03-31,20-F,False,not selected,{}
BABA,us-gaap,IncomeLossFromContinuingOperationsBeforeIncomeTaxesExtraordinaryItemsNoncontrollingInterest,"Income (Loss) from Continuing Operations before Income Taxes, Noncontrolling Interest",other,CNY,15,2022-07-26,2026-05-20,2020-03-31,2026-03-31,20-F,False,not selected,{}
BABA,us-gaap,IncomeLossFromContinuingOperationsBeforeIncomeTaxesExtraordinaryItemsNoncontrollingInterest,"Income (Loss) from Continuing Operations before Income Taxes, Noncontrolling Interest",other,USD,5,2022-07-26,2026-05-20,2022-03-31,2026-03-31,20-F,False,not selected,{}
BABA,us-gaap,InterestPaidNet,"Interest Paid, Excluding Capitalized Interest, Operating Activities",other,CNY,15,2022-07-26,2026-05-20,2020-03-31,2026-03-31,20-F,False,not selected,{}
BABA,us-gaap,ShareBasedCompensationArrangementByShareBasedPaymentAwardOptionsExercisableNumber,"Share-based Compensation Arrangement by Share-based Payment Award, Options, Exercisable, Number",other_share_concept_NOT_automatically_outstanding,shares,3,2022-07-26,2024-05-23,2022-03-31,2024-03-31,20-F,False,not selected,{}
BABA,us-gaap,ShareBasedCompensationArrangementByShareBasedPaymentAwardOptionsExercisableWeightedAverageExercisePrice,"Share-based Compensation Arrangement by Share-based Payment Award, Options, Exercisable, Weighted Average Exercise Price",weighted_average_NOT_outstanding,USD/shares,3,2022-07-26,2024-05-23,2022-03-31,2024-03-31,20-F,False,not selected,{}
BABA,us-gaap,ShareBasedCompensationArrangementByShareBasedPaymentAwardOptionsOutstandingNumber,"Share-based Compensation Arrangement by Share-based Payment Award, Options, Outstanding, Number",other_share_concept_NOT_automatically_outstanding,shares,6,2022-07-26,2024-05-23,2021-03-31,2024-03-31,20-F,False,not selected,{}
BABA,us-gaap,ShareBasedCompensationArrangementByShareBasedPaymentAwardOptionsOutstandingWeightedAverageExercisePrice,"Share-based Compensation Arrangement by Share-based Payment Award, Options, Outstanding, Weighted Average Exercise Price",weighted_average_NOT_outstanding,USD/shares,6,2022-07-26,2024-05-23,2021-03-31,2024-03-31,20-F,False,not selected,{}
BABA,us-gaap,ShareBasedCompensationArrangementByShareBasedPaymentAwardOptionsVestedAndExpectedToVestOutstandingNumber,"Share-based Compensation Arrangement by Share-based Payment Award, Options, Vested and Expected to Vest, Outstanding, Number",other_share_concept_NOT_automatically_outstanding,shares,3,2022-07-26,2024-05-23,2022-03-31,2024-03-31,20-F,False,not selected,{}
BABA,us-gaap,ShareBasedCompensationArrangementByShareBasedPaymentAwardOptionsVestedAndExpectedToVestOutstandingWeightedAverageExercisePrice,"Share-based Compensation Arrangement by Share-based Payment Award, Options, Vested and Expected to Vest, Outstanding, Weighted Average Exercise Price",weighted_average_NOT_outstanding,USD/shares,3,2022-07-26,2024-05-23,2022-03-31,2024-03-31,20-F,False,not selected,{}
BABA,us-gaap,ShareBasedCompensationArrangementsByShareBasedPaymentAwardOptionsExercisesInPeriodWeightedAverageExercisePrice,"Share-based Compensation Arrangements by Share-based Payment Award, Options, Exercises in Period, Weighted Average Exercise Price",weighted_average_NOT_outstanding,USD/shares,3,2022-07-26,2024-05-23,2022-03-31,2024-03-31,20-F,False,not selected,{}
BABA,us-gaap,ShareBasedCompensationArrangementsByShareBasedPaymentAwardOptionsGrantsInPeriodWeightedAverageExercisePrice,"Share-based Compensation Arrangements by Share-based Payment Award, Options, Grants in Period, Weighted Average Exercise Price",weighted_average_NOT_outstanding,USD/shares,2,2022-07-26,2024-05-23,2022-03-31,2024-03-31,20-F,False,not selected,{}
BABA,us-gaap,StockIssuedDuringPeriodSharesStockOptionsExercised,"Share-based Compensation Arrangement by Share-based Payment Award, Options, Exercises in Period",other_share_concept_NOT_automatically_outstanding,shares,3,2022-07-26,2024-05-23,2022-03-31,2024-03-31,20-F,False,not selected,{}
BABA,us-gaap,InvestmentOwnedBalancePrincipalAmount,"Investment Owned, Balance, Principal Amount",other,CNY,7,2023-07-21,2026-05-20,2023-03-31,2026-03-31,20-F,False,not selected,{}
BABA,us-gaap,SecuritiesLoanedFairValueOfCollateral,"Securities Loaned, Fair Value of Collateral",other,CNY,7,2023-07-21,2026-05-20,2023-03-31,2026-03-31,20-F,False,not selected,{}
BABA,us-gaap,ShareBasedCompensationArrangementByShareBasedPaymentAwardOptionsForfeituresAndExpirationsInPeriod,"Share-based Compensation Arrangement by Share-based Payment Award, Options, Forfeitures and Expirations in Period",other_share_concept_NOT_automatically_outstanding,shares,2,2023-07-21,2024-05-23,2023-03-31,2024-03-31,20-F,False,not selected,{}
BABA,us-gaap,ShareBasedCompensationArrangementByShareBasedPaymentAwardOptionsForfeituresAndExpirationsInPeriodWeightedAverageExercisePrice,"Share-based Compensation Arrangement by Share-based Payment Award, Options, Forfeitures and Expirations in Period, Weighted Average Exercise Price",weighted_average_NOT_outstanding,USD/shares,2,2023-07-21,2024-05-23,2023-03-31,2024-03-31,20-F,False,not selected,{}
BABA,us-gaap,Dividends,Dividends,other,CNY,6,2024-05-23,2026-05-20,2024-03-31,2026-03-31,20-F,False,not selected,{}
BABA,us-gaap,DividendsPayableCurrentAndNoncurrent,Dividends Payable,other,USD,1,2024-05-23,2024-05-23,2022-03-31,2022-03-31,20-F,False,not selected,{}
BABA,us-gaap,GoodwillTransfers,"Goodwill, Transfers",other,CNY,2,2024-05-23,2025-06-26,2024-03-31,2024-03-31,20-F,False,not selected,{}
BABA,us-gaap,ImpairmentOfIntangibleAssetsExcludingGoodwill,Impairment of Intangible Assets (Excluding Goodwill),other,CNY,3,2024-05-23,2026-05-20,2024-03-31,2024-03-31,20-F,False,not selected,{}
BABA,us-gaap,InterestIncomeInterestEarningAsset,,other,CNY,9,2024-05-23,2026-05-20,2022-03-31,2026-03-31,20-F,False,not selected,{}
BABA,us-gaap,PaymentsOfDividends,Payments of Dividends,other,CNY,9,2024-05-23,2026-05-20,2022-03-31,2026-03-31,20-F,False,not selected,{}
BABA,us-gaap,PaymentsOfDividends,Payments of Dividends,other,USD,4,2024-05-23,2026-05-20,2022-03-31,2026-03-31,20-F,False,not selected,{}
BABA,us-gaap,SupplierFinanceProgramObligation,,other,CNY,7,2024-05-23,2026-05-20,2023-03-31,2026-03-31,20-F,False,not selected,{}
BABA,us-gaap,ConvertibleDebtNoncurrent,"Convertible Debt, Noncurrent",other,CNY,4,2025-06-26,2026-05-20,2024-03-31,2026-03-31,20-F,False,not selected,{}
BABA,us-gaap,ConvertibleDebtNoncurrent,"Convertible Debt, Noncurrent",other,USD,2,2025-06-26,2026-05-20,2025-03-31,2026-03-31,20-F,False,not selected,{}
BABA,us-gaap,EmployeeBenefitsAndShareBasedCompensation,Employee Benefits and Share-based Compensation,other,CNY,6,2025-06-26,2026-05-20,2023-03-31,2026-03-31,20-F,False,not selected,{}
BABA,us-gaap,EquitySecurityFvNiContractualSaleRestriction,,other,CNY,3,2025-06-26,2026-05-20,2025-03-31,2026-03-31,20-F,False,not selected,{}
BABA,us-gaap,PaymentsForHedgeFinancingActivities,"Payments for Hedge, Financing Activities",other,CNY,6,2025-06-26,2026-05-20,2023-03-31,2026-03-31,20-F,False,not selected,{}
BABA,us-gaap,PaymentsForHedgeFinancingActivities,"Payments for Hedge, Financing Activities",other,USD,2,2025-06-26,2026-05-20,2025-03-31,2026-03-31,20-F,False,not selected,{}
BABA,us-gaap,ProceedsFromConvertibleDebt,Proceeds from Convertible Debt,other,CNY,6,2025-06-26,2026-05-20,2023-03-31,2026-03-31,20-F,False,not selected,{}
BABA,us-gaap,ProceedsFromConvertibleDebt,Proceeds from Convertible Debt,other,USD,2,2025-06-26,2026-05-20,2025-03-31,2026-03-31,20-F,False,not selected,{}
BABA,us-gaap,SupplierFinanceProgramObligationDecreaseSettlement,,other,CNY,3,2025-06-26,2026-05-20,2025-03-31,2026-03-31,20-F,False,not selected,{}
BABA,us-gaap,SupplierFinanceProgramObligationIncrease,,other,CNY,3,2025-06-26,2026-05-20,2025-03-31,2026-03-31,20-F,False,not selected,{}
BABA,us-gaap,TranslationAdjustmentForNetInvestmentHedgeIncreaseDecreaseNetOfTax,"Gain (Loss) on Derivative Used in Net Investment Hedge, after Tax",other,CNY,3,2025-06-26,2026-05-20,2025-03-31,2026-03-31,20-F,False,not selected,{}
BABA,us-gaap,DebtSecuritiesHeldToMaturityAmortizedCostAfterAllowanceForCreditLoss,,other,CNY,1,2026-05-20,2026-05-20,2026-03-31,2026-03-31,20-F,False,not selected,{}
BABA,us-gaap,EffectiveIncomeTaxRateContinuingOperations,"Effective Income Tax Rate Reconciliation, Percent",other,pure,1,2026-05-20,2026-05-20,2026-03-31,2026-03-31,20-F,False,not selected,{}
BABA,us-gaap,EffectiveIncomeTaxRateReconciliationChangeInDeferredTaxAssetsValuationAllowance,"Effective Income Tax Rate Reconciliation, Change in Deferred Tax Assets Valuation Allowance, Percent",other,pure,1,2026-05-20,2026-05-20,2026-03-31,2026-03-31,20-F,False,not selected,{}
BABA,us-gaap,EffectiveIncomeTaxRateReconciliationCrossBorderTaxEffectAmount,,other,CNY,1,2026-05-20,2026-05-20,2026-03-31,2026-03-31,20-F,False,not selected,{}
BABA,us-gaap,EffectiveIncomeTaxRateReconciliationCrossBorderTaxEffectPercent,,other,pure,1,2026-05-20,2026-05-20,2026-03-31,2026-03-31,20-F,False,not selected,{}
BABA,us-gaap,EffectiveIncomeTaxRateReconciliationForeignIncomeTaxRateDifferential,"Effective Income Tax Rate Reconciliation, Foreign Income Tax Rate Differential, Percent",other,pure,1,2026-05-20,2026-05-20,2026-03-31,2026-03-31,20-F,False,not selected,{}
BABA,us-gaap,EffectiveIncomeTaxRateReconciliationOtherAdjustments,"Effective Income Tax Rate Reconciliation, Other Adjustments, Percent",other,pure,1,2026-05-20,2026-05-20,2026-03-31,2026-03-31,20-F,False,not selected,{}
BABA,us-gaap,IncomeLossFromContinuingOperationsBeforeIncomeTaxesDomestic,"Income (Loss) from Continuing Operations before Income Taxes, Domestic",other,CNY,1,2026-05-20,2026-05-20,2026-03-31,2026-03-31,20-F,False,not selected,{}
BABA,us-gaap,IncomeLossFromContinuingOperationsBeforeIncomeTaxesForeign,"Income (Loss) from Continuing Operations before Income Taxes, Foreign",other,CNY,1,2026-05-20,2026-05-20,2026-03-31,2026-03-31,20-F,False,not selected,{}
BABA,us-gaap,IncomeTaxesPaidNet,"Income Taxes Paid, Net",other,CNY,1,2026-05-20,2026-05-20,2026-03-31,2026-03-31,20-F,False,not selected,{}
BABA,us-gaap,IncomeTaxPaidForeignAfterRefundReceived,,other,CNY,1,2026-05-20,2026-05-20,2026-03-31,2026-03-31,20-F,False,not selected,{}
BABA,us-gaap,IncomeTaxPaidStateAndLocalAfterRefundReceived,,other,CNY,1,2026-05-20,2026-05-20,2026-03-31,2026-03-31,20-F,False,not selected,{}
BABA,us-gaap,IncomeTaxReconciliationChangeInDeferredTaxAssetsValuationAllowance,"Effective Income Tax Rate Reconciliation, Change in Deferred Tax Assets Valuation Allowance, Amount",other,CNY,1,2026-05-20,2026-05-20,2026-03-31,2026-03-31,20-F,False,not selected,{}
BABA,us-gaap,IncomeTaxReconciliationOtherAdjustments,"Effective Income Tax Rate Reconciliation, Other Adjustments, Amount",other,CNY,1,2026-05-20,2026-05-20,2026-03-31,2026-03-31,20-F,False,not selected,{}
BABA,us-gaap,ShortTermInvestments,Short-term Investments,other,CNY,2,2026-05-20,2026-05-20,2025-03-31,2026-03-31,20-F,False,not selected,{}
META,dei,EntityPublicFloat,Entity Public Float,other,USD,14,2013-02-01,2026-01-29,2012-06-29,2025-06-30,10-K,False,not selected,{}
META,us-gaap,AccountsPayableAndOtherAccruedLiabilitiesCurrent,"Accounts Payable and Other Accrued Liabilities, Current",other,USD,4,2020-07-31,2020-10-30,2019-12-31,2020-09-30,10-Q,False,not selected,{}
META,us-gaap,AccountsPayableCurrent,"Accounts Payable, Current",other,USD,72,2012-07-31,2026-07-30,2011-12-31,2026-06-30,10-K; 10-Q,False,not selected,{}
META,us-gaap,AccountsPayableOtherCurrent,"Accounts Payable, Other, Current",other,USD,78,2013-05-02,2024-02-02,2012-12-31,2023-12-31,10-K; 10-Q,False,not selected,{}
META,us-gaap,AccountsPayableTradeCurrent,"Accounts Payable, Trade, Current",other,USD,48,2020-01-30,2026-04-30,2018-12-31,2026-03-31,10-K; 10-Q,False,not selected,{}
META,us-gaap,AccountsReceivableNetCurrent,"Accounts Receivable, after Allowance for Credit Loss, Current",other,USD,114,2012-07-31,2026-07-30,2011-12-31,2026-06-30,10-K; 10-Q,False,not selected,{}
META,us-gaap,AccruedIncomeTaxesCurrent,"Accrued Income Taxes, Current",other,USD,2,2018-02-01,2018-02-01,2016-12-31,2017-12-31,10-K,False,not selected,{}
META,us-gaap,AccruedIncomeTaxesNoncurrent,"Accrued Income Taxes, Noncurrent",other,USD,34,2021-01-28,2026-07-30,2019-12-31,2026-06-30,10-K; 10-Q,False,not selected,{}
META,us-gaap,AccruedLiabilitiesCurrent,"Accrued Liabilities, Current",other,USD,114,2012-07-31,2026-07-30,2011-12-31,2026-06-30,10-K; 10-Q,False,not selected,{}
META,us-gaap,AccumulatedDepreciationDepletionAndAmortizationPropertyPlantAndEquipment,"Accumulated Depreciation, Depletion and Amortization, Property, Plant, and Equipment",other,USD,67,2012-07-31,2020-10-30,2011-12-31,2020-09-30,10-K; 10-Q,False,not selected,{}
META,us-gaap,AccumulatedOtherComprehensiveIncomeLossForeignCurrencyTranslationAdjustmentNetOfTax,"Accumulated Other Comprehensive Income (Loss), Foreign Currency Translation Adjustment, Net of Tax",other,USD,23,2015-01-29,2026-01-29,2013-12-31,2024-12-31,10-K,False,not selected,{}
META,us-gaap,AccumulatedOtherComprehensiveIncomeLossNetOfTax,"Accumulated Other Comprehensive Income (Loss), Net of Tax",other,USD,114,2012-07-31,2026-07-30,2011-12-31,2026-06-30,10-K; 10-Q,False,not selected,{}
META,us-gaap,AdditionalPaidInCapital,Additional Paid in Capital,other,USD,110,2012-07-31,2026-01-29,2011-12-31,2025-12-31,10-K; 10-Q,False,not selected,{}
META,us-gaap,AdjustmentsRelatedToTaxWithholdingForShareBasedCompensation,"Share-based Payment Arrangement, Decrease for Tax Withholding Obligation",other,USD,110,2017-02-03,2026-07-30,2014-12-31,2026-06-30,10-K; 10-Q,False,not selected,{}
META,us-gaap,AdjustmentsToAdditionalPaidInCapitalSharebasedCompensationRequisiteServicePeriodRecognitionValue,"APIC, Share-based Payment Arrangement, Increase for Cost Recognition",other,USD,110,2017-02-03,2026-07-30,2014-12-31,2026-06-30,10-K; 10-Q,False,not selected,{}
META,us-gaap,AdjustmentsToAdditionalPaidInCapitalTaxEffectFromShareBasedCompensation,"Adjustments to Additional Paid in Capital, Income Tax Benefit from Share-based Compensation",other,USD,3,2017-02-03,2018-02-01,2014-12-31,2015-12-31,10-K,False,not selected,{}
META,us-gaap,AdjustmentToAdditionalPaidInCapitalIncomeTaxEffectFromShareBasedCompensationNet,"Adjustment to Additional Paid in Capital, Income Tax Effect from Share-based Compensation, Net",other,USD,3,2013-02-01,2013-02-01,2010-12-31,2012-12-31,10-K,False,not selected,{}
META,us-gaap,AdvertisingExpense,Advertising Expense,other,USD,42,2013-02-01,2026-01-29,2010-12-31,2025-12-31,10-K,False,not selected,{}
META,us-gaap,AdvertisingRevenue,Advertising Revenue (Deprecated 2018-01-31),revenue_candidate_VERIFY_scope_and_currency,USD,18,2013-02-01,2018-02-01,2010-12-31,2017-12-31,10-K,False,not selected,{}
META,us-gaap,AllocatedShareBasedCompensationExpense,"Share-based Payment Arrangement, Expense",other,USD,177,2013-02-01,2026-07-30,2010-12-31,2026-06-30,10-K; 10-Q,False,not selected,{}
META,us-gaap,AllowanceForDoubtfulAccountsReceivableCurrent,"Accounts Receivable, Allowance for Credit Loss, Current",other,USD,76,2012-07-31,2021-10-26,2011-12-31,2021-09-30,10-K; 10-Q,False,not selected,{}
META,us-gaap,AmortizationOfIntangibleAssets,Amortization of Intangible Assets,other,USD,164,2012-07-31,2026-01-29,2010-12-31,2025-12-31,10-K; 10-Q,False,not selected,{}
META,us-gaap,AssetImpairmentCharges,Asset Impairment Charges,other,USD,4,2012-07-31,2012-10-24,2011-06-30,2012-09-30,10-Q,False,not selected,{}
META,us-gaap,Assets,Assets,other,USD,117,2012-07-31,2026-07-30,2011-12-31,2026-06-30,10-K; 10-Q,False,not selected,{}
META,us-gaap,AssetsCurrent,"Assets, Current",other,USD,114,2012-07-31,2026-07-30,2011-12-31,2026-06-30,10-K; 10-Q,False,not selected,{}
META,us-gaap,AssetsFairValueDisclosure,"Assets, Fair Value Disclosure",other,USD,62,2019-01-31,2026-07-30,2017-12-31,2026-06-30,10-K; 10-Q,False,not selected,{}
META,us-gaap,AvailableForSaleDebtSecuritiesAccumulatedGrossUnrealizedGainBeforeTax,"Debt Securities, Available-for-sale, Accumulated Gross Unrealized Gain, before Tax",other,USD,21,2019-07-25,2022-02-03,2018-12-31,2021-09-30,10-K; 10-Q,False,not selected,{}
META,us-gaap,AvailableForSaleDebtSecuritiesAccumulatedGrossUnrealizedLossBeforeTax,"Debt Securities, Available-for-sale, Accumulated Gross Unrealized Loss, before Tax",other,USD,17,2018-10-31,2022-10-27,2017-12-31,2022-09-30,10-K; 10-Q,False,not selected,{}
META,us-gaap,AvailableForSaleSecuritiesDebtMaturitiesAfterOneThroughFiveYearsFairValue,"Debt Securities, Available-for-Sale, Fair Value, Maturity, Allocated and Single Maturity Date, after Year One Through Five",revenue_candidate_VERIFY_scope_and_currency,USD,45,2016-11-03,2026-07-30,2015-12-31,2026-06-30,10-K; 10-Q,False,not selected,{}
META,us-gaap,AvailableForSaleSecuritiesDebtMaturitiesNextRollingTwelveMonthsFairValue,"Debt Securities, Available-for-sale, Maturity, Allocated and Single Maturity Date, Rolling within One Year, Fair Value",revenue_candidate_VERIFY_scope_and_currency,USD,1,2012-10-24,2012-10-24,2012-09-30,2012-09-30,10-Q,False,not selected,{}
META,us-gaap,AvailableForSaleSecuritiesDebtMaturitiesWithinOneYearFairValue,"Debt Securities, Available-for-Sale, Fair Value, Maturity, Allocated and Single Maturity Date, Year One",revenue_candidate_VERIFY_scope_and_currency,USD,64,2013-02-01,2026-07-30,2011-12-31,2026-06-30,10-K; 10-Q,False,not selected,{}
META,us-gaap,AvailableForSaleSecuritiesDebtSecuritiesCurrent,"Debt Securities, Available-for-sale, Current",revenue_candidate_VERIFY_scope_and_currency,USD,34,2018-10-31,2022-10-27,2017-12-31,2022-09-30,10-K; 10-Q,False,not selected,{}
META,us-gaap,AvailableforsaleSecuritiesInUnrealizedLossPositionsQualitativeDisclosureNumberOfPositions1,"Available-for-sale, Securities in Unrealized Loss Positions, Qualitative Disclosure, Number of Positions",revenue_candidate_VERIFY_scope_and_currency,pure,2,2014-01-31,2014-01-31,2012-12-31,2013-12-31,10-K,False,not selected,{}
META,us-gaap,AvailableforsaleSecuritiesInUnrealizedLossPositionsQualitativeDisclosureNumberOfPositions1,"Available-for-sale, Securities in Unrealized Loss Positions, Qualitative Disclosure, Number of Positions",revenue_candidate_VERIFY_scope_and_currency,security,14,2014-04-25,2016-01-28,2013-12-31,2015-06-30,10-K; 10-Q,False,not selected,{}
META,us-gaap,BusinessAcquisitionCostOfAcquiredEntityCashPaid,"Business Acquisition, Cost of Acquired Entity, Cash Paid (Deprecated 2013-01-31)",other,USD,1,2013-07-25,2013-07-25,2013-06-30,2013-06-30,10-Q,False,not selected,{}
META,us-gaap,BusinessAcquisitionCostOfAcquiredEntityPurchasePrice,"Business Acquisition, Cost of Acquired Entity, Purchase Price (Deprecated 2013-01-31)",other,USD,2,2012-07-31,2013-07-25,2012-06-30,2013-06-30,10-Q,False,not selected,{}
META,us-gaap,BusinessAcquisitionEquityInterestsIssuedOrIssuableNumberOfSharesIssued,"Business Acquisition, Equity Interest Issued or Issuable, Number of Shares",other_share_concept_NOT_automatically_outstanding,shares,3,2013-05-02,2013-11-01,2013-03-31,2013-09-30,10-Q,False,not selected,{}
META,us-gaap,BusinessAcquisitionPurchasePriceAllocationAssetsAcquiredLiabilitiesAssumedNet,"Business Acquisition, Purchase Price Allocation, Assets Acquired (Liabilities Assumed), Net (Deprecated 2013-01-31)",other,USD,1,2013-07-25,2013-07-25,2013-06-30,2013-06-30,10-Q,False,not selected,{}
META,us-gaap,BusinessAcquisitionPurchasePriceAllocationDeferredTaxLiabilitiesNoncurrent,"Business Acquisition, Purchase Price Allocation, Deferred Tax Liabilities, Noncurrent (Deprecated 2013-01-31)",other,USD,2,2012-07-31,2013-07-25,2012-06-30,2013-06-30,10-Q,False,not selected,{}
META,us-gaap,BusinessAcquisitionPurchasePriceAllocationGoodwillAmount,"Business Acquisition, Purchase Price Allocation, Goodwill Amount (Deprecated 2013-01-31)",other,USD,2,2012-07-31,2013-07-25,2012-06-30,2013-06-30,10-Q,False,not selected,{}
META,us-gaap,BusinessAcquisitionPurchasePriceAllocationGoodwillExpectedTaxDeductibleAmount,"Business Acquisition, Goodwill, Expected Tax Deductible Amount",other,USD,3,2013-07-25,2014-01-31,2013-06-30,2013-12-31,10-K; 10-Q,False,not selected,{}
META,us-gaap,BusinessCombinationContingentConsiderationArrangementsChangeInAmountOfContingentConsiderationLiability1,"Business Combination, Contingent Consideration Arrangements, Change in Amount of Contingent Consideration, Liability",other,USD,18,2014-10-30,2017-07-27,2014-09-30,2017-06-30,10-K; 10-Q,False,not selected,{}
META,us-gaap,BusinessCombinationContingentConsiderationLiability,"Business Combination, Contingent Consideration, Liability",other,USD,2,2014-10-30,2015-01-29,2014-07-31,2014-07-31,10-K; 10-Q,False,not selected,{}
META,us-gaap,BusinessCombinationContingentConsiderationLiabilityCurrent,"Business Combination, Contingent Consideration, Liability, Current",other,USD,4,2017-02-03,2018-02-01,2015-12-31,2017-12-31,10-K,False,not selected,{}
META,us-gaap,BusinessCombinationContingentConsiderationLiabilityNoncurrent,"Business Combination, Contingent Consideration, Liability, Noncurrent",other,USD,4,2016-01-28,2017-02-03,2014-12-31,2016-12-31,10-K,False,not selected,{}
META,us-gaap,BusinessCombinationRecognizedIdentifiableAssetsAcquiredAndLiabilitiesAssumedDeferredTaxLiabilitiesNoncurrent,"Business Combination, Recognized Identifiable Assets Acquired and Liabilities Assumed, Deferred Tax Liabilities Noncurrent",other,USD,1,2013-11-01,2013-11-01,2013-09-30,2013-09-30,10-Q,False,not selected,{}
META,us-gaap,BusinessCombinationRecognizedIdentifiableAssetsAcquiredAndLiabilitiesAssumedNet,"Business Combination, Recognized Identifiable Assets Acquired and Liabilities Assumed, Net",other,USD,1,2013-11-01,2013-11-01,2013-09-30,2013-09-30,10-Q,False,not selected,{}
META,us-gaap,BusinessCombinationRecognizedIdentifiableAssetsAcquiredGoodwillAndLiabilitiesAssumedNet,"Business Combination, Recognized Identifiable Assets Acquired, Goodwill, and Liabilities Assumed, Net",other,USD,1,2013-11-01,2013-11-01,2013-09-30,2013-09-30,10-Q,False,not selected,{}
META,us-gaap,BusinessExitCosts,Business Exit Costs (Deprecated 2013-01-31),other,USD,3,2013-07-25,2013-07-25,2012-06-30,2013-06-30,10-Q,False,not selected,{}
META,us-gaap,CapitalExpendituresIncurredButNotYetPaid,Capital Expenditures Incurred but Not yet Paid,other,USD,89,2015-07-31,2026-07-30,2014-06-30,2026-06-30,10-K; 10-Q,False,not selected,{}
META,us-gaap,CapitalLeasedAssetsGross,"Capital Leased Assets, Gross",other,USD,14,2013-02-01,2019-01-31,2011-12-31,2018-12-31,10-K,False,not selected,{}
META,us-gaap,CapitalLeaseObligationsCurrent,"Capital Lease Obligations, Current",other,USD,38,2012-07-31,2017-02-03,2011-12-31,2016-12-31,10-K; 10-Q,False,not selected,{}
META,us-gaap,CapitalLeaseObligationsNoncurrent,"Capital Lease Obligations, Noncurrent",other,USD,38,2012-07-31,2017-02-03,2011-12-31,2016-12-31,10-K; 10-Q,False,not selected,{}
META,us-gaap,CapitalLeasesFutureMinimumPaymentsDue,"Capital Leases, Future Minimum Payments Due",other,USD,4,2013-02-01,2016-01-28,2012-12-31,2015-12-31,10-K,False,not selected,{}
META,us-gaap,CapitalLeasesFutureMinimumPaymentsDueCurrent,"Capital Leases, Future Minimum Payments Due, Next Twelve Months",other,USD,4,2013-02-01,2016-01-28,2012-12-31,2015-12-31,10-K,False,not selected,{}
META,us-gaap,CapitalLeasesFutureMinimumPaymentsDueInFiveYears,"Capital Leases, Future Minimum Payments Due in Five Years",other,USD,4,2013-02-01,2016-01-28,2012-12-31,2015-12-31,10-K,False,not selected,{}
META,us-gaap,CapitalLeasesFutureMinimumPaymentsDueInFourYears,"Capital Leases, Future Minimum Payments Due in Four Years",other,USD,4,2013-02-01,2016-01-28,2012-12-31,2015-12-31,10-K,False,not selected,{}
META,us-gaap,CapitalLeasesFutureMinimumPaymentsDueInThreeYears,"Capital Leases, Future Minimum Payments Due in Three Years",other,USD,4,2013-02-01,2016-01-28,2012-12-31,2015-12-31,10-K,False,not selected,{}
META,us-gaap,CapitalLeasesFutureMinimumPaymentsDueInTwoYears,"Capital Leases, Future Minimum Payments Due in Two Years",other,USD,4,2013-02-01,2016-01-28,2012-12-31,2015-12-31,10-K,False,not selected,{}
META,us-gaap,CapitalLeasesFutureMinimumPaymentsDueThereafter,"Capital Leases, Future Minimum Payments Due Thereafter",other,USD,4,2013-02-01,2016-01-28,2012-12-31,2015-12-31,10-K,False,not selected,{}
META,us-gaap,CapitalLeasesLesseeBalanceSheetAssetsByMajorClassAccumulatedDeprecation,"Capital Leases, Lessee Balance Sheet, Assets by Major Class, Accumulated Depreciation",other,USD,14,2013-02-01,2019-01-31,2011-12-31,2018-12-31,10-K,False,not selected,{}
META,us-gaap,Cash,Cash,other,USD,22,2013-02-01,2015-11-05,2011-12-31,2015-09-30,10-K; 10-Q,False,not selected,{}
META,us-gaap,CashAndCashEquivalentsAtCarryingValue,"Cash and Cash Equivalents, at Carrying Value",other,USD,194,2012-07-31,2026-07-30,2009-12-31,2026-06-30,10-K; 10-Q,False,not selected,{}
META,us-gaap,CashAndCashEquivalentsPeriodIncreaseDecrease,"Cash and Cash Equivalents, Period Increase (Decrease)",other,USD,52,2012-07-31,2018-02-01,2010-12-31,2017-12-31,10-K; 10-Q,False,not selected,{}
META,us-gaap,CashCashEquivalentsRestrictedCashAndRestrictedCashEquivalents,"Cash, Cash Equivalents, Restricted Cash and Restricted Cash Equivalents",other,USD,136,2018-04-26,2026-07-30,2015-12-31,2026-06-30,10-K; 10-Q,False,not selected,{}
META,us-gaap,CashCashEquivalentsRestrictedCashAndRestrictedCashEquivalentsPeriodIncreaseDecreaseIncludingExchangeRateEffect,"Cash, Cash Equivalents, Restricted Cash and Restricted Cash Equivalents, Period Increase (Decrease), Including Exchange Rate Effect",other,USD,76,2018-04-26,2026-07-30,2016-12-31,2026-06-30,10-K; 10-Q,False,not selected,{}
META,us-gaap,CommonStockParOrStatedValuePerShare,"Common Stock, Par or Stated Value Per Share",other,USD/shares,112,2012-07-31,2026-07-30,2011-12-31,2026-06-30,10-K; 10-Q,False,not selected,{}
META,us-gaap,CommonStocksIncludingAdditionalPaidInCapital,"Common Stocks, Including Additional Paid in Capital",other,USD,7,2017-02-03,2026-07-30,2016-03-31,2026-06-30,10-K; 10-Q,False,not selected,{}
META,us-gaap,CommonStockValue,"Common Stock, Value, Issued",other,USD,110,2012-07-31,2026-01-29,2011-12-31,2025-12-31,10-K; 10-Q,False,not selected,{}
META,us-gaap,ComprehensiveIncomeNetOfTax,"Comprehensive Income (Loss), Net of Tax, Attributable to Parent",other,USD,186,2012-07-31,2026-07-30,2010-12-31,2026-06-30,10-K; 10-Q,False,not selected,{}
META,us-gaap,ContractualObligation,Contractual Obligation,other,USD,41,2013-02-01,2026-07-30,2012-12-31,2026-06-30,10-K; 10-Q,False,not selected,{}
META,us-gaap,ContractWithCustomerLiability,"Contract with Customer, Liability",other,USD,68,2018-04-26,2026-07-30,2017-12-31,2026-06-30,10-K; 10-Q,False,not selected,{}
META,us-gaap,ContractWithCustomerLiabilityCurrent,"Contract with Customer, Liability, Current",other,USD,38,2018-07-26,2025-01-30,2017-12-31,2024-12-31,10-K; 10-Q,False,not selected,{}
META,us-gaap,ContractWithCustomerRefundLiability,"Contract with Customer, Refund Liability",other,USD,6,2018-04-26,2018-10-31,2017-12-31,2018-09-30,10-Q,False,not selected,{}
META,us-gaap,ConversionOfStockSharesConverted1,"Conversion of Stock, Shares Converted",other_share_concept_NOT_automatically_outstanding,shares,1,2013-02-01,2013-02-01,2012-05-31,2012-05-31,10-K,False,not selected,{}
META,us-gaap,CostOfRevenue,Cost of Revenue,revenue_candidate_VERIFY_scope_and_currency,USD,186,2012-07-31,2026-07-30,2010-12-31,2026-06-30,10-K; 10-Q,False,not selected,{}
META,us-gaap,CostsAndExpenses,Costs and Expenses,other,USD,189,2012-07-31,2026-07-30,2010-12-31,2026-06-30,10-K; 10-Q,False,not selected,{}
META,us-gaap,CumulativeEffectOfNewAccountingPrincipleInPeriodOfAdoption,Cumulative Effect of New Accounting Principle in Period of Adoption (Deprecated 2020-01-31),other,USD,8,2017-02-03,2019-10-31,2015-12-31,2019-01-01,10-K; 10-Q,False,not selected,{}
META,us-gaap,CurrentFederalTaxExpenseBenefit,Current Federal Tax Expense (Benefit),other,USD,42,2013-02-01,2026-01-29,2010-12-31,2025-12-31,10-K,False,not selected,{}
META,us-gaap,CurrentForeignTaxExpenseBenefit,Current Foreign Tax Expense (Benefit),other,USD,42,2013-02-01,2026-01-29,2010-12-31,2025-12-31,10-K,False,not selected,{}
META,us-gaap,CurrentIncomeTaxExpenseBenefit,Current Income Tax Expense (Benefit),other,USD,42,2013-02-01,2026-01-29,2010-12-31,2025-12-31,10-K,False,not selected,{}
META,us-gaap,CurrentStateAndLocalTaxExpenseBenefit,Current State and Local Tax Expense (Benefit),other,USD,42,2013-02-01,2026-01-29,2010-12-31,2025-12-31,10-K,False,not selected,{}
META,us-gaap,DebtSecuritiesAvailableForSaleContinuousUnrealizedLossPosition12MonthsOrLongerAccumulatedLoss,"Debt Securities, Available-for-sale, Continuous Unrealized Loss Position, 12 Months or Longer, Accumulated Loss",other,USD,43,2018-10-31,2026-07-30,2017-12-31,2026-06-30,10-K; 10-Q,False,not selected,{}
META,us-gaap,DeferredFederalIncomeTaxExpenseBenefit,Deferred Federal Income Tax Expense (Benefit),other,USD,42,2013-02-01,2026-01-29,2010-12-31,2025-12-31,10-K,False,not selected,{}
META,us-gaap,DeferredForeignIncomeTaxExpenseBenefit,Deferred Foreign Income Tax Expense (Benefit),other,USD,42,2013-02-01,2026-01-29,2010-12-31,2025-12-31,10-K,False,not selected,{}
META,us-gaap,DeferredIncomeTaxExpenseBenefit,Deferred Income Tax Expense (Benefit),other,USD,122,2012-07-31,2026-07-30,2010-12-31,2026-06-30,10-K; 10-Q,False,not selected,{}
META,us-gaap,DeferredIncomeTaxLiabilities,"Deferred Tax Liabilities, Gross",other,USD,28,2013-02-01,2026-01-29,2011-12-31,2025-12-31,10-K,False,not selected,{}
META,us-gaap,DeferredIncomeTaxLiabilitiesNet,"Deferred Income Tax Liabilities, Net",other,USD,4,2019-01-31,2020-01-30,2017-12-31,2019-12-31,10-K,False,not selected,{}
META,us-gaap,DeferredRevenueAndCreditsCurrent,"Deferred Revenue and Credits, Current",revenue_candidate_VERIFY_scope_and_currency,USD,48,2012-07-31,2018-04-26,2011-12-31,2018-03-31,10-K; 10-Q,False,not selected,{}
META,us-gaap,DeferredRevenueCurrent,"Deferred Revenue, Current",revenue_candidate_VERIFY_scope_and_currency,USD,12,2013-02-01,2018-02-01,2011-12-31,2017-12-31,10-K,False,not selected,{}
META,us-gaap,DeferredStateAndLocalIncomeTaxExpenseBenefit,Deferred State and Local Income Tax Expense (Benefit),other,USD,42,2013-02-01,2026-01-29,2010-12-31,2025-12-31,10-K,False,not selected,{}
META,us-gaap,DeferredTaxAssetsGross,"Deferred Tax Assets, Gross",other,USD,28,2013-02-01,2026-01-29,2011-12-31,2025-12-31,10-K,False,not selected,{}
META,us-gaap,DeferredTaxAssetsLiabilitiesNet,"Deferred Tax Assets, Net",other,USD,28,2012-07-31,2026-01-29,2011-12-31,2024-12-31,10-K; 10-Q,False,not selected,{}
META,us-gaap,DeferredTaxAssetsNet,"Deferred Tax Assets, Net of Valuation Allowance",other,USD,28,2013-02-01,2026-01-29,2011-12-31,2025-12-31,10-K,False,not selected,{}
META,us-gaap,DeferredTaxAssetsOperatingLossCarryforwards,"Deferred Tax Assets, Operating Loss Carryforwards",other,USD,28,2013-02-01,2026-01-29,2011-12-31,2025-12-31,10-K,False,not selected,{}
META,us-gaap,DeferredTaxAssetsOther,"Deferred Tax Assets, Other",other,USD,28,2013-02-01,2026-01-29,2011-12-31,2025-12-31,10-K,False,not selected,{}
META,us-gaap,DeferredTaxAssetsTaxCreditCarryforwards,"Deferred Tax Assets, Tax Credit Carryforwards",other,USD,28,2013-02-01,2026-01-29,2011-12-31,2025-12-31,10-K,False,not selected,{}
META,us-gaap,DeferredTaxAssetsTaxDeferredExpenseCompensationAndBenefitsShareBasedCompensationCost,"Deferred Tax Assets, Tax Deferred Expense, Compensation and Benefits, Share-based Compensation Cost",other,USD,28,2013-02-01,2026-01-29,2011-12-31,2025-12-31,10-K,False,not selected,{}
META,us-gaap,DeferredTaxAssetsTaxDeferredExpenseReservesAndAccrualsAccruedLiabilities,"Deferred Tax Assets, Tax Deferred Expense, Reserves and Accruals, Accrued Liabilities",other,USD,28,2013-02-01,2026-01-29,2011-12-31,2025-12-31,10-K,False,not selected,{}
META,us-gaap,DeferredTaxAssetsValuationAllowance,"Deferred Tax Assets, Valuation Allowance",other,USD,28,2013-02-01,2026-01-29,2011-12-31,2025-12-31,10-K,False,not selected,{}
META,us-gaap,DeferredTaxLiabilities,"Deferred Tax Liabilities, Net",other,USD,2,2016-01-28,2026-01-29,2014-12-31,2025-12-31,10-K,False,not selected,{}
META,us-gaap,DeferredTaxLiabilitiesGoodwillAndIntangibleAssetsIntangibleAssets,"Deferred Tax Liabilities, Intangible Assets",other,USD,16,2013-02-01,2020-01-30,2011-12-31,2019-12-31,10-K,False,not selected,{}
META,us-gaap,DeferredTaxLiabilitiesLeasingArrangements,"Deferred Tax Liabilities, Leasing Arrangements",other,USD,13,2020-01-30,2026-01-29,2019-12-31,2025-12-31,10-K,False,not selected,{}
META,us-gaap,DeferredTaxLiabilitiesNoncurrent,"Deferred Tax Liabilities, Net, Noncurrent",other,USD,4,2015-01-29,2016-01-28,2013-12-31,2015-12-31,10-K,False,not selected,{}
META,us-gaap,DeferredTaxLiabilitiesPropertyPlantAndEquipment,"Deferred Tax Liabilities, Property, Plant and Equipment",other,USD,28,2013-02-01,2026-01-29,2011-12-31,2025-12-31,10-K,False,not selected,{}
META,us-gaap,DeferredTaxLiabilitiesUndistributedForeignEarnings,"Deferred Tax Liabilities, Undistributed Foreign Earnings",other,USD,14,2013-02-01,2019-01-31,2011-12-31,2018-12-31,10-K,False,not selected,{}
META,us-gaap,Depreciation,Depreciation,other,USD,108,2013-02-01,2026-07-30,2010-12-31,2026-06-30,10-K; 10-Q,False,not selected,{}
META,us-gaap,DepreciationDepletionAndAmortization,"Depreciation, Depletion and Amortization",other,USD,128,2012-07-31,2026-07-30,2010-12-31,2026-06-30,10-K; 10-Q,False,not selected,{}
META,us-gaap,DerivativeInstrumentsGainLossReclassificationFromAccumulatedOCIToIncomeEstimatedNetAmountToBeTransferred,"Derivative Instruments, Gain (Loss) Reclassification from Accumulated OCI to Income, Estimated Net Amount to be Transferred",other,USD,2,2013-02-01,2013-05-02,2012-12-31,2013-03-31,10-K; 10-Q,False,not selected,{}
META,us-gaap,EarningsPerShareBasic,"Earnings Per Share, Basic",other,USD/shares,189,2012-07-31,2026-07-30,2010-12-31,2026-06-30,10-K; 10-Q,False,not selected,{}
META,us-gaap,EarningsPerShareDiluted,"Earnings Per Share, Diluted",other,USD/shares,189,2012-07-31,2026-07-30,2010-12-31,2026-06-30,10-K; 10-Q,False,not selected,{}
META,us-gaap,EffectiveIncomeTaxRateContinuingOperations,"Effective Income Tax Rate Reconciliation, Percent",other,pure,47,2012-10-24,2026-07-30,2010-12-31,2026-06-30,10-K; 10-Q,False,not selected,{}
META,us-gaap,EffectiveIncomeTaxRateReconciliationAtFederalStatutoryIncomeTaxRate,"Effective Income Tax Rate Reconciliation, at Federal Statutory Income Tax Rate, Percent",other,pure,44,2013-02-01,2026-01-29,2010-12-31,2025-12-31,10-K; 10-Q,False,not selected,{}
META,us-gaap,EffectiveIncomeTaxRateReconciliationForeignIncomeTaxRateDifferential,"Effective Income Tax Rate Reconciliation, Foreign Income Tax Rate Differential, Percent",other,pure,42,2013-02-01,2026-01-29,2010-12-31,2025-12-31,10-K,False,not selected,{}
META,us-gaap,EffectiveIncomeTaxRateReconciliationNondeductibleExpenseResearchAndDevelopment,"Effective Income Tax Rate Reconciliation, Nondeductible Expense, Research and Development, Percent",other,pure,9,2021-01-28,2023-02-02,2018-12-31,2022-12-31,10-K,False,not selected,{}
META,us-gaap,EffectiveIncomeTaxRateReconciliationNondeductibleExpenseShareBasedCompensationCost,"Effective Income Tax Rate Reconciliation, Nondeductible Expense, Share-based Payment Arrangement, Percent",other,pure,38,2013-02-01,2026-01-29,2010-12-31,2024-12-31,10-K,False,not selected,{}
META,us-gaap,EffectiveIncomeTaxRateReconciliationOtherAdjustments,"Effective Income Tax Rate Reconciliation, Other Adjustments, Percent",other,pure,42,2013-02-01,2026-01-29,2010-12-31,2025-12-31,10-K,False,not selected,{}
META,us-gaap,EffectiveIncomeTaxRateReconciliationStateAndLocalIncomeTaxes,"Effective Income Tax Rate Reconciliation, State and Local Income Taxes, Percent",other,pure,42,2013-02-01,2026-01-29,2010-12-31,2025-12-31,10-K,False,not selected,{}
META,us-gaap,EffectiveIncomeTaxRateReconciliationTaxCreditsResearch,"Effective Income Tax Rate Reconciliation, Tax Credit, Research, Percent",other,pure,42,2013-02-01,2026-01-29,2010-12-31,2025-12-31,10-K,False,not selected,{}
META,us-gaap,EffectiveIncomeTaxRateReconciliationTaxCutsAndJobsActOf2017Percent,"Effective Income Tax Rate Reconciliation, Tax Cuts and Jobs Act, Percent",other,pure,9,2020-01-30,2022-02-03,2017-12-31,2021-12-31,10-K,False,not selected,{}
META,us-gaap,EffectOfExchangeRateOnCashAndCashEquivalents,Effect of Exchange Rate on Cash and Cash Equivalents,other,USD,52,2012-07-31,2018-02-01,2010-12-31,2017-12-31,10-K; 10-Q,False,not selected,{}
META,us-gaap,EffectOfExchangeRateOnCashCashEquivalentsRestrictedCashAndRestrictedCashEquivalents,"Effect of Exchange Rate on Cash, Cash Equivalents, Restricted Cash and Restricted Cash Equivalents",other,USD,76,2018-04-26,2026-07-30,2016-12-31,2026-06-30,10-K; 10-Q,False,not selected,{}
META,us-gaap,EmployeeRelatedLiabilitiesCurrent,"Employee-related Liabilities, Current",other,USD,40,2013-02-01,2026-01-29,2011-12-31,2025-12-31,10-K; 10-Q,False,not selected,{}
META,us-gaap,EmployeeServiceShareBasedCompensationNonvestedAwardsTotalCompensationCostNotYetRecognized,"Share-based Payment Arrangement, Nonvested Award, Cost Not yet Recognized, Amount",other,USD,55,2012-07-31,2026-01-29,2012-06-30,2025-12-31,10-K; 10-Q,False,not selected,{}
META,us-gaap,EmployeeServiceShareBasedCompensationTaxBenefitFromCompensationExpense,"Share-based Payment Arrangement, Expense, Tax Benefit",other,USD,18,2012-07-31,2014-04-25,2010-12-31,2014-03-31,10-K; 10-Q,False,not selected,{}
META,us-gaap,EquitySecuritiesWithoutReadilyDeterminableFairValueAmount,"Equity Securities without Readily Determinable Fair Value, Amount",other,USD,48,2020-10-30,2026-07-30,2019-12-31,2026-06-30,10-K; 10-Q,False,not selected,{}
META,us-gaap,EquitySecuritiesWithoutReadilyDeterminableFairValueDownwardPriceAdjustmentAnnualAmount,"Equity Securities without Readily Determinable Fair Value, Downward Price Adjustment, Annual Amount",other,USD,1,2020-10-30,2020-10-30,2020-09-30,2020-09-30,10-Q,False,not selected,{}
META,us-gaap,EquitySecuritiesWithoutReadilyDeterminableFairValueImpairmentLossAnnualAmount,"Equity Securities without Readily Determinable Fair Value, Impairment Loss, Annual Amount",other,USD,3,2021-04-29,2021-10-26,2021-03-31,2021-09-30,10-Q,False,not selected,{}
META,us-gaap,EquitySecuritiesWithoutReadilyDeterminableFairValueUpwardPriceAdjustmentAnnualAmount,"Equity Securities without Readily Determinable Fair Value, Upward Price Adjustment, Annual Amount",other,USD,3,2021-01-28,2021-07-29,2020-12-31,2021-06-30,10-K; 10-Q,False,not selected,{}
META,us-gaap,ExcessTaxBenefitFromShareBasedCompensationFinancingActivities,"Excess Tax Benefit from Share-based Compensation, Financing Activities",other,USD,40,2012-07-31,2016-11-03,2010-12-31,2016-09-30,10-K; 10-Q,False,not selected,{}
META,us-gaap,ExcessTaxBenefitFromShareBasedCompensationOperatingActivities,"Excess Tax Benefit from Share-based Compensation, Operating Activities",other,USD,40,2012-07-31,2016-11-03,2010-12-31,2016-09-30,10-K; 10-Q,False,not selected,{}
META,us-gaap,ExpenseRelatedToDistributionOrServicingAndUnderwritingFees,Expense Related to Distribution or Servicing and Underwriting Fees,other,USD,5,2013-02-01,2015-01-29,2012-05-31,2013-12-31,10-K,False,not selected,{}
META,us-gaap,FinanceLeaseInterestExpense,"Finance Lease, Interest Expense",other,USD,63,2019-04-25,2026-01-29,2019-03-31,2025-12-31,10-K; 10-Q,False,not selected,{}
META,us-gaap,FinanceLeaseInterestPaymentOnLiability,"Finance Lease, Interest Payment on Liability",other,USD,45,2019-04-25,2026-01-29,2019-03-31,2025-12-31,10-K; 10-Q,False,not selected,{}
META,us-gaap,FinanceLeaseLiability,"Finance Lease, Liability",other,USD,22,2019-04-25,2026-01-29,2019-03-31,2025-12-31,10-K; 10-Q,False,not selected,{}
META,us-gaap,FinanceLeaseLiabilityCurrent,"Finance Lease, Liability, Current",other,USD,19,2020-01-30,2026-01-29,2019-12-31,2025-12-31,10-K; 10-Q,False,not selected,{}
META,us-gaap,FinanceLeaseLiabilityNoncurrent,"Finance Lease, Liability, Noncurrent",other,USD,19,2020-01-30,2026-01-29,2018-12-31,2025-12-31,10-K; 10-Q,False,not selected,{}
META,us-gaap,FinanceLeaseLiabilityPaymentsDue,"Finance Lease, Liability, Payment, Due",other,USD,22,2019-04-25,2026-01-29,2019-03-31,2025-12-31,10-K; 10-Q,False,not selected,{}
META,us-gaap,FinanceLeaseLiabilityPaymentsDueAfterYearFive,"Finance Lease, Liability, to be Paid, after Year Five",other,USD,11,2019-04-25,2026-01-29,2019-03-31,2025-12-31,10-K; 10-Q,False,not selected,{}
META,us-gaap,FinanceLeaseLiabilityPaymentsDueNextTwelveMonths,"Finance Lease, Liability, to be Paid, Year One",other,USD,18,2020-01-30,2026-01-29,2019-12-31,2025-12-31,10-K; 10-Q,False,not selected,{}
META,us-gaap,FinanceLeaseLiabilityPaymentsDueYearFive,"Finance Lease, Liability, to be Paid, Year Five",other,USD,11,2019-04-25,2026-01-29,2019-03-31,2025-12-31,10-K; 10-Q,False,not selected,{}
META,us-gaap,FinanceLeaseLiabilityPaymentsDueYearFour,"Finance Lease, Liability, to be Paid, Year Four",other,USD,22,2019-04-25,2026-01-29,2019-03-31,2025-12-31,10-K; 10-Q,False,not selected,{}
META,us-gaap,FinanceLeaseLiabilityPaymentsDueYearThree,"Finance Lease, Liability, to be Paid, Year Three",other,USD,22,2019-04-25,2026-01-29,2019-03-31,2025-12-31,10-K; 10-Q,False,not selected,{}
META,us-gaap,FinanceLeaseLiabilityPaymentsDueYearTwo,"Finance Lease, Liability, to be Paid, Year Two",other,USD,22,2019-04-25,2026-01-29,2019-03-31,2025-12-31,10-K; 10-Q,False,not selected,{}
META,us-gaap,FinanceLeaseLiabilityPaymentsRemainderOfFiscalYear,"Finance Lease, Liability, to be Paid, Remainder of Fiscal Year",other,USD,15,2019-04-25,2023-10-26,2019-03-31,2023-09-30,10-Q,False,not selected,{}
META,us-gaap,FinanceLeaseLiabilityUndiscountedExcessAmount,"Finance Lease, Liability, Undiscounted Excess Amount",other,USD,22,2019-04-25,2026-01-29,2019-03-31,2025-12-31,10-K; 10-Q,False,not selected,{}
META,us-gaap,FinanceLeasePrincipalPayments,"Finance Lease, Principal Payments",other,USD,67,2019-04-25,2026-07-30,2017-12-31,2026-06-30,10-K; 10-Q,False,not selected,{}
META,us-gaap,FinanceLeaseRightOfUseAssetAmortization,"Finance Lease, Right-of-Use Asset, Amortization",other,USD,63,2019-04-25,2026-01-29,2019-03-31,2025-12-31,10-K; 10-Q,False,not selected,{}
META,us-gaap,FinanceLeaseRightOfUseAssetBeforeAccumulatedAmortization,"Finance Lease, Right-of-Use Asset, before Accumulated Amortization",other,USD,46,2021-01-28,2026-07-30,2019-12-31,2026-06-30,10-K; 10-Q,False,not selected,{}
META,us-gaap,FinanceLeaseWeightedAverageDiscountRatePercent,"Finance Lease, Weighted Average Discount Rate, Percent",weighted_average_NOT_outstanding,pure,40,2019-04-25,2026-01-29,2019-03-31,2025-12-31,10-K; 10-Q,False,not selected,{}
META,us-gaap,FiniteLivedIntangibleAssetsAccumulatedAmortization,"Finite-Lived Intangible Assets, Accumulated Amortization",other,USD,106,2012-07-31,2026-01-29,2011-12-31,2025-12-31,10-K; 10-Q,False,not selected,{}
META,us-gaap,FiniteLivedIntangibleAssetsAmortizationExpenseAfterYearFive,"Finite-Lived Intangible Asset, Expected Amortization, after Year Five",other,USD,38,2012-07-31,2026-01-29,2012-06-30,2025-12-31,10-K; 10-Q,False,not selected,{}
META,us-gaap,FiniteLivedIntangibleAssetsAmortizationExpenseNextTwelveMonths,"Finite-Lived Intangible Asset, Expected Amortization, Year One",other,USD,33,2012-07-31,2026-01-29,2012-06-30,2025-12-31,10-K; 10-Q,False,not selected,{}
META,us-gaap,FiniteLivedIntangibleAssetsAmortizationExpenseRemainderOfFiscalYear,"Finite-Lived Intangible Asset, Expected Amortization, Remainder of Fiscal Year",other,USD,36,2012-07-31,2025-10-30,2012-06-30,2025-09-30,10-Q,False,not selected,{}
META,us-gaap,FiniteLivedIntangibleAssetsAmortizationExpenseYearFive,"Finite-Lived Intangible Asset, Expected Amortization, Year Five",other,USD,38,2012-07-31,2026-01-29,2012-06-30,2025-12-31,10-K; 10-Q,False,not selected,{}
META,us-gaap,FiniteLivedIntangibleAssetsAmortizationExpenseYearFour,"Finite-Lived Intangible Asset, Expected Amortization, Year Four",other,USD,50,2012-07-31,2026-01-29,2012-06-30,2025-12-31,10-K; 10-Q,False,not selected,{}
META,us-gaap,FiniteLivedIntangibleAssetsAmortizationExpenseYearThree,"Finite-Lived Intangible Asset, Expected Amortization, Year Three",other,USD,50,2012-07-31,2026-01-29,2012-06-30,2025-12-31,10-K; 10-Q,False,not selected,{}
META,us-gaap,FiniteLivedIntangibleAssetsAmortizationExpenseYearTwo,"Finite-Lived Intangible Asset, Expected Amortization, Year Two",other,USD,50,2012-07-31,2026-01-29,2012-06-30,2025-12-31,10-K; 10-Q,False,not selected,{}
META,us-gaap,FiniteLivedIntangibleAssetsGross,"Finite-Lived Intangible Assets, Gross",other,USD,102,2013-02-01,2026-01-29,2011-12-31,2025-12-31,10-K; 10-Q,False,not selected,{}
META,us-gaap,FiniteLivedIntangibleAssetsNet,"Finite-Lived Intangible Assets, Net",other,USD,106,2012-07-31,2026-01-29,2011-12-31,2025-12-31,10-K; 10-Q,False,not selected,{}
META,us-gaap,FiniteLivedNoncompeteAgreementsGross,"Finite-Lived Noncompete Agreements, Gross",other,USD,2,2012-07-31,2012-07-31,2011-12-31,2012-06-30,10-Q,False,not selected,{}
META,us-gaap,FiniteLivedPatentsGross,"Finite-Lived Patents, Gross",other,USD,4,2012-07-31,2012-10-24,2011-12-31,2012-09-30,10-Q,False,not selected,{}
META,us-gaap,ForeignCurrencyTransactionGainLossBeforeTax,"Foreign Currency Transaction Gain (Loss), before Tax",other,USD,42,2013-02-01,2026-01-29,2010-12-31,2025-12-31,10-K,False,not selected,{}
META,us-gaap,GainLossOnSaleOfPropertyPlantEquipment,Gain (Loss) on Disposition of Property Plant Equipment,other,USD,9,2013-05-02,2014-01-31,2011-12-31,2013-12-31,10-K; 10-Q,False,not selected,{}
META,us-gaap,GeneralAndAdministrativeExpense,General and Administrative Expense,other,USD,186,2012-07-31,2026-07-30,2010-12-31,2026-06-30,10-K; 10-Q,False,not selected,{}
META,us-gaap,Goodwill,Goodwill,other,USD,128,2012-07-31,2026-07-30,2010-12-31,2026-06-30,10-K; 10-Q,False,not selected,{}
META,us-gaap,GoodwillAcquiredDuringPeriod,"Goodwill, Acquired During Period",other,USD,56,2013-02-01,2026-07-30,2011-12-31,2026-06-30,10-K; 10-Q,False,not selected,{}
META,us-gaap,GoodwillAndIntangibleAssetImpairment,Goodwill and Intangible Asset Impairment,other,USD,3,2016-01-28,2018-02-01,2015-12-31,2017-12-31,10-K,False,not selected,{}
META,us-gaap,GoodwillForeignCurrencyTranslationGainLoss,"Goodwill, Foreign Currency Translation Gain (Loss)",other,USD,24,2016-07-28,2022-02-03,2016-06-30,2021-09-30,10-K; 10-Q,False,not selected,{}
META,us-gaap,GoodwillImpairmentLoss,"Goodwill, Impairment Loss",other,USD,3,2014-01-31,2019-01-31,2013-12-31,2018-12-31,10-K,False,not selected,{}
META,us-gaap,GoodwillTranslationAdjustments,"Goodwill, Translation Adjustments (Deprecated 2016-01-31)",other,USD,9,2013-02-01,2016-04-28,2011-12-31,2016-03-31,10-K; 10-Q,False,not selected,{}
META,us-gaap,IncomeLossFromContinuingOperationsBeforeIncomeTaxesDomestic,"Income (Loss) from Continuing Operations before Income Taxes, Domestic",other,USD,42,2013-02-01,2026-01-29,2010-12-31,2025-12-31,10-K,False,not selected,{}
META,us-gaap,IncomeLossFromContinuingOperationsBeforeIncomeTaxesExtraordinaryItemsNoncontrollingInterest,"Income (Loss) from Continuing Operations before Income Taxes, Noncontrolling Interest",other,USD,186,2012-07-31,2026-07-30,2010-12-31,2026-06-30,10-K; 10-Q,False,not selected,{}
META,us-gaap,IncomeLossFromContinuingOperationsBeforeIncomeTaxesForeign,"Income (Loss) from Continuing Operations before Income Taxes, Foreign",other,USD,42,2013-02-01,2026-01-29,2010-12-31,2025-12-31,10-K,False,not selected,{}
META,us-gaap,IncomeTaxExaminationPenaltiesAndInterestAccrued,"Income Tax Examination, Penalties and Interest Accrued",other,USD,75,2017-02-03,2026-07-30,2015-12-31,2026-06-30,10-K; 10-Q,False,not selected,{}
META,us-gaap,IncomeTaxExpenseBenefit,Income Tax Expense (Benefit),other,USD,189,2012-07-31,2026-07-30,2010-12-31,2026-06-30,10-K; 10-Q,False,not selected,{}
META,us-gaap,IncomeTaxesPaid,Income Taxes Paid,other,USD,27,2012-07-31,2021-10-26,2011-06-30,2021-09-30,10-K; 10-Q,False,not selected,{}
META,us-gaap,IncomeTaxesPaidNet,"Income Taxes Paid, Net",other,USD,101,2013-02-01,2026-07-30,2010-12-31,2026-06-30,10-K; 10-Q,False,not selected,{}
META,us-gaap,IncomeTaxesReceivable,"Income Taxes Receivable, Current",other,USD,14,2012-07-31,2014-01-31,2011-12-31,2013-12-31,10-K; 10-Q,False,not selected,{}
META,us-gaap,IncreaseDecreaseInAccountsPayable,Increase (Decrease) in Accounts Payable,other,USD,67,2012-07-31,2019-10-31,2010-12-31,2019-09-30,10-K; 10-Q,False,not selected,{}
META,us-gaap,IncreaseDecreaseInAccountsPayableAndOtherOperatingLiabilities,Increase (Decrease) in Accounts Payable and Other Operating Liabilities,other,USD,4,2020-07-31,2020-10-30,2019-06-30,2020-09-30,10-Q,False,not selected,{}
META,us-gaap,IncreaseDecreaseInAccountsPayableTrade,"Increase (Decrease) in Accounts Payable, Trade",other,USD,61,2020-01-30,2026-07-30,2017-12-31,2026-06-30,10-K; 10-Q,False,not selected,{}
META,us-gaap,IncreaseDecreaseInAccountsReceivable,Increase (Decrease) in Accounts Receivable,other,USD,128,2012-07-31,2026-07-30,2010-12-31,2026-06-30,10-K; 10-Q,False,not selected,{}
META,us-gaap,IncreaseDecreaseInAccruedLiabilities,Increase (Decrease) in Accrued Liabilities,other,USD,128,2012-07-31,2026-07-30,2010-12-31,2026-06-30,10-K; 10-Q,False,not selected,{}
META,us-gaap,IncreaseDecreaseInContractWithCustomerLiability,"Increase (Decrease) in Contract with Customer, Liability",other,USD,34,2018-07-26,2022-02-03,2016-12-31,2021-12-31,10-K; 10-Q,False,not selected,{}
META,us-gaap,IncreaseDecreaseInDeferredIncomeTaxes,Increase (Decrease) in Deferred Income Taxes,other,USD,9,2013-02-01,2013-11-01,2010-12-31,2013-09-30,10-K; 10-Q,False,not selected,{}
META,us-gaap,IncreaseDecreaseInDeferredRevenueAndCustomerAdvancesAndDeposits,Increase (Decrease) in Deferred Revenue and Customer Advances and Deposits,revenue_candidate_VERIFY_scope_and_currency,USD,52,2012-07-31,2018-04-26,2010-12-31,2018-03-31,10-K; 10-Q,False,not selected,{}
META,us-gaap,IncreaseDecreaseInIncomeTaxesReceivable,Increase (Decrease) in Income Taxes Receivable,other,USD,14,2012-07-31,2014-01-31,2010-12-31,2013-12-31,10-K; 10-Q,False,not selected,{}
META,us-gaap,IncreaseDecreaseInOtherAccountsPayable,Increase (Decrease) in Other Accounts Payable,other,USD,95,2013-05-02,2024-02-02,2011-12-31,2023-12-31,10-K; 10-Q,False,not selected,{}
META,us-gaap,IncreaseDecreaseInOtherNoncurrentLiabilities,Increase (Decrease) in Other Noncurrent Liabilities,other,USD,70,2019-01-31,2026-07-30,2016-12-31,2026-06-30,10-K; 10-Q,False,not selected,{}
META,us-gaap,IncreaseDecreaseInOtherOperatingAssets,Increase (Decrease) in Other Operating Assets,other,USD,128,2012-07-31,2026-07-30,2010-12-31,2026-06-30,10-K; 10-Q,False,not selected,{}
META,us-gaap,IncreaseDecreaseInOtherOperatingLiabilities,Increase (Decrease) in Other Operating Liabilities,other,USD,58,2012-07-31,2018-10-31,2010-12-31,2018-09-30,10-K; 10-Q,False,not selected,{}
META,us-gaap,IncreaseDecreaseInPrepaidDeferredExpenseAndOtherAssets,Increase (Decrease) in Prepaid Expense and Other Assets,other,USD,128,2012-07-31,2026-07-30,2010-12-31,2026-06-30,10-K; 10-Q,False,not selected,{}
META,us-gaap,IncreaseDecreaseInRestrictedCash,Increase (Decrease) in Restricted Cash,other,USD,32,2012-07-31,2016-04-28,2010-12-31,2016-03-31,10-K; 10-Q,False,not selected,{}
META,us-gaap,IndefiniteLivedIntangibleAssetsExcludingGoodwill,Indefinite-lived Intangible Assets (Excluding Goodwill),other,USD,38,2014-10-30,2026-01-29,2013-12-31,2025-12-31,10-K; 10-Q,False,not selected,{}
META,us-gaap,IntangibleAssetsGrossExcludingGoodwill,"Intangible Assets, Gross (Excluding Goodwill)",other,USD,50,2014-10-30,2026-01-29,2013-12-31,2025-12-31,10-K; 10-Q,False,not selected,{}
META,us-gaap,IntangibleAssetsNetExcludingGoodwill,"Intangible Assets, Net (Excluding Goodwill)",other,USD,88,2014-10-30,2026-01-29,2013-12-31,2025-12-31,10-K; 10-Q,False,not selected,{}
META,us-gaap,IntangibleAssetsNetIncludingGoodwill,"Intangible Assets, Net (Including Goodwill)",other,USD,18,2012-07-31,2014-07-24,2011-12-31,2014-06-30,10-K; 10-Q,False,not selected,{}
META,us-gaap,InterestCostsCapitalized,Interest Costs Capitalized,other,USD,74,2014-10-30,2020-10-30,2013-09-30,2020-09-30,10-K; 10-Q,False,not selected,{}
META,us-gaap,InterestExpense,Interest Expense,other,USD,45,2012-07-31,2024-02-02,2010-12-31,2023-12-31,10-K; 10-Q,False,not selected,{}
META,us-gaap,InterestIncomeOther,"Interest Income, Other",other,USD,6,2013-02-01,2014-01-31,2010-12-31,2013-12-31,10-K,False,not selected,{}
META,us-gaap,InterestPaid,"Interest Paid, Including Capitalized Interest, Operating and Investing Activities",other,USD,52,2012-07-31,2018-02-01,2010-12-31,2017-12-31,10-K; 10-Q,False,not selected,{}
META,us-gaap,InterestPaidNet,"Interest Paid, Excluding Capitalized Interest, Operating Activities",other,USD,40,2019-01-31,2026-07-30,2016-12-31,2026-06-30,10-K; 10-Q,False,not selected,{}
META,us-gaap,InterestRevenueExpenseNet,"Interest Revenue (Expense), Net",revenue_candidate_VERIFY_scope_and_currency,USD,9,2021-01-28,2023-02-02,2018-12-31,2022-12-31,10-K,False,not selected,{}
META,us-gaap,InvestmentIncomeInterest,"Investment Income, Interest",other,USD,27,2015-01-29,2026-01-29,2012-12-31,2025-12-31,10-K,False,not selected,{}
META,us-gaap,LeaseCost,"Lease, Cost",other,USD,62,2019-04-25,2026-01-29,2019-03-31,2025-12-31,10-K; 10-Q,False,not selected,{}
META,us-gaap,LesseeOperatingLeaseLiabilityPaymentsDue,"Lessee, Operating Lease, Liability, to be Paid",other,USD,25,2019-04-25,2026-01-29,2019-03-31,2025-12-31,10-K; 10-Q,False,not selected,{}
META,us-gaap,LesseeOperatingLeaseLiabilityPaymentsDueAfterYearFive,"Lessee, Operating Lease, Liability, to be Paid, after Year Five",other,USD,11,2019-04-25,2026-01-29,2019-03-31,2025-12-31,10-K; 10-Q,False,not selected,{}
META,us-gaap,LesseeOperatingLeaseLiabilityPaymentsDueNextTwelveMonths,"Lessee, Operating Lease, Liability, to be Paid, Year One",other,USD,18,2020-01-30,2026-01-29,2019-12-31,2025-12-31,10-K; 10-Q,False,not selected,{}
META,us-gaap,LesseeOperatingLeaseLiabilityPaymentsDueYearFive,"Lessee, Operating Lease, Liability, to be Paid, Year Five",other,USD,11,2019-04-25,2026-01-29,2019-03-31,2025-12-31,10-K; 10-Q,False,not selected,{}
META,us-gaap,LesseeOperatingLeaseLiabilityPaymentsDueYearFour,"Lessee, Operating Lease, Liability, to be Paid, Year Four",other,USD,22,2019-04-25,2026-01-29,2019-03-31,2025-12-31,10-K; 10-Q,False,not selected,{}
META,us-gaap,LesseeOperatingLeaseLiabilityPaymentsDueYearThree,"Lessee, Operating Lease, Liability, to be Paid, Year Three",other,USD,22,2019-04-25,2026-01-29,2019-03-31,2025-12-31,10-K; 10-Q,False,not selected,{}
META,us-gaap,LesseeOperatingLeaseLiabilityPaymentsDueYearTwo,"Lessee, Operating Lease, Liability, to be Paid, Year Two",other,USD,22,2019-04-25,2026-01-29,2019-03-31,2025-12-31,10-K; 10-Q,False,not selected,{}
META,us-gaap,LesseeOperatingLeaseLiabilityPaymentsRemainderOfFiscalYear,"Lessee, Operating Lease, Liability, to be Paid, Remainder of Fiscal Year",other,USD,15,2019-04-25,2023-10-26,2019-03-31,2023-09-30,10-Q,False,not selected,{}
META,us-gaap,LesseeOperatingLeaseLiabilityUndiscountedExcessAmount,"Lessee, Operating Lease, Liability, Undiscounted Excess Amount",other,USD,22,2019-04-25,2026-01-29,2019-03-31,2025-12-31,10-K; 10-Q,False,not selected,{}
META,us-gaap,Liabilities,Liabilities,other,USD,117,2012-07-31,2026-07-30,2011-12-31,2026-06-30,10-K; 10-Q,False,not selected,{}
META,us-gaap,LiabilitiesAndStockholdersEquity,Liabilities and Equity,other,USD,114,2012-07-31,2026-07-30,2011-12-31,2026-06-30,10-K; 10-Q,False,not selected,{}
META,us-gaap,LiabilitiesCurrent,"Liabilities, Current",other,USD,114,2012-07-31,2026-07-30,2011-12-31,2026-06-30,10-K; 10-Q,False,not selected,{}
META,us-gaap,LiabilityForUncertainTaxPositionsNoncurrent,"Liability for Uncertainty in Income Taxes, Noncurrent",other,USD,8,2014-01-31,2017-02-03,2012-12-31,2016-12-31,10-K,False,not selected,{}
META,us-gaap,LineOfCreditFacilityAmountOutstanding,"Line of Credit Facility, Amount Outstanding (Deprecated 2014-01-31)",other,USD,1,2013-11-01,2013-11-01,2013-09-30,2013-09-30,10-Q,False,not selected,{}
META,us-gaap,LongTermDebtNoncurrent,"Long-term Debt, Excluding Current Maturities",other,USD,42,2013-02-01,2026-07-30,2011-12-31,2026-06-30,10-K; 10-Q,False,not selected,{}
META,us-gaap,LongTermPurchaseCommitmentAmount,"Long-term Purchase Commitment, Amount",other,USD,11,2018-10-31,2025-01-30,2018-09-30,2024-12-31,10-K; 10-Q,False,not selected,{}
META,us-gaap,LossContingencyAccrualAtCarryingValue,Loss Contingency Accrual,other,USD,6,2019-04-25,2020-01-30,2018-12-31,2019-12-31,10-K; 10-Q,False,not selected,{}
META,us-gaap,LossContingencyNewClaimsFiledNumber,"Loss Contingency, New Claims Filed, Number",other,claim,19,2018-10-31,2024-02-02,2018-07-27,2018-07-27,10-K; 10-Q,False,not selected,{}
META,us-gaap,LossContingencyNewClaimsFiledNumber,"Loss Contingency, New Claims Filed, Number",other,classAction,13,2023-04-27,2026-07-30,2018-07-27,2018-07-27,10-K; 10-Q,False,not selected,{}
META,us-gaap,LossContingencyNewClaimsFiledNumber,"Loss Contingency, New Claims Filed, Number",other,judicialCase,3,2026-01-29,2026-07-30,2024-04-01,2024-04-01,10-K; 10-Q,False,not selected,{}
META,us-gaap,MarketableSecurities,Marketable Securities,other,USD,1,2012-10-24,2012-10-24,2012-09-30,2012-09-30,10-Q,False,not selected,{}
META,us-gaap,MarketableSecuritiesCurrent,"Marketable Securities, Current",other,USD,84,2012-07-31,2026-07-30,2011-12-31,2026-06-30,10-K; 10-Q,False,not selected,{}
META,us-gaap,MoneyMarketFundsAtCarryingValue,"Money Market Funds, at Carrying Value",other,USD,14,2014-01-31,2015-11-05,2012-12-31,2015-09-30,10-K; 10-Q,False,not selected,{}
META,us-gaap,NetCashProvidedByUsedInFinancingActivities,Net Cash Provided by (Used in) Financing Activities,other,USD,131,2012-07-31,2026-07-30,2010-12-31,2026-06-30,10-K; 10-Q,False,not selected,{}
META,us-gaap,NetCashProvidedByUsedInInvestingActivities,Net Cash Provided by (Used in) Investing Activities,other,USD,128,2012-07-31,2026-07-30,2010-12-31,2026-06-30,10-K; 10-Q,False,not selected,{}
META,us-gaap,NetCashProvidedByUsedInOperatingActivities,Net Cash Provided by (Used in) Operating Activities,other,USD,131,2012-07-31,2026-07-30,2010-12-31,2026-06-30,10-K; 10-Q,False,not selected,{}
META,us-gaap,NetIncomeLoss,Net Income (Loss) Attributable to Parent,other,USD,194,2012-07-31,2026-07-30,2010-12-31,2026-06-30,10-K; 10-Q; DEF 14A,False,not selected,{}
META,us-gaap,NetIncomeLossAvailableToCommonStockholdersBasic,"Net Income (Loss) Available to Common Stockholders, Basic",other,USD,105,2012-07-31,2021-01-28,2010-12-31,2020-12-31,10-K; 10-Q,False,not selected,{}
META,us-gaap,NoncashOrPartNoncashAcquisitionOtherLiabilitiesAssumed1,"Noncash or Part Noncash Acquisition, Other Liabilities Assumed",other,USD,2,2020-04-30,2020-04-30,2019-03-31,2020-03-31,10-Q,False,not selected,{}
META,us-gaap,NoncurrentAssets,Long-Lived Assets,other,USD,44,2019-04-25,2026-01-29,2018-12-31,2025-12-31,10-K; 10-Q,False,not selected,{}
META,us-gaap,NonoperatingIncomeExpense,Nonoperating Income (Expense),other,USD,178,2013-02-01,2026-07-30,2010-12-31,2026-06-30,10-K; 10-Q,False,not selected,{}
META,us-gaap,NotesIssued1,Notes Issued,other,USD,21,2015-04-23,2018-02-01,2013-12-31,2017-12-31,10-K; 10-Q,False,not selected,{}
META,us-gaap,NotesPayableCurrent,"Notes Payable, Current",other,USD,4,2016-01-28,2017-02-03,2014-12-31,2016-12-31,10-K,False,not selected,{}
META,us-gaap,NumberOfOperatingSegments,Number of Operating Segments,other,segment,3,2019-01-31,2021-01-28,2018-12-31,2020-12-31,10-K,False,not selected,{}
META,us-gaap,NumberOfReportableSegments,Number of Reportable Segments,other,reportable_segment,16,2021-10-26,2026-07-30,2021-09-30,2026-06-30,10-K; 10-Q,False,not selected,{}
META,us-gaap,NumberOfReportableSegments,Number of Reportable Segments,other,segment,7,2019-01-31,2026-01-29,2018-12-31,2025-12-31,10-K,False,not selected,{}
META,us-gaap,OperatingIncomeLoss,Operating Income (Loss),other,USD,186,2012-07-31,2026-07-30,2010-12-31,2026-06-30,10-K; 10-Q,False,not selected,{}
META,us-gaap,OperatingLeaseCost,"Operating Lease, Cost",other,USD,73,2019-04-25,2026-01-29,2019-03-31,2025-12-31,10-K; 10-Q,False,not selected,{}
META,us-gaap,OperatingLeaseLiability,"Operating Lease, Liability",other,USD,22,2019-04-25,2026-01-29,2019-03-31,2025-12-31,10-K; 10-Q,False,not selected,{}
META,us-gaap,OperatingLeaseLiabilityCurrent,"Operating Lease, Liability, Current",other,USD,57,2019-04-25,2026-07-30,2018-12-31,2026-06-30,10-K; 10-Q,False,not selected,{}
META,us-gaap,OperatingLeaseLiabilityNoncurrent,"Operating Lease, Liability, Noncurrent",other,USD,58,2019-04-25,2026-07-30,2018-12-31,2026-06-30,10-K; 10-Q,False,not selected,{}
META,us-gaap,OperatingLeasePayments,"Operating Lease, Payments",other,USD,51,2019-04-25,2026-01-29,2019-03-31,2025-12-31,10-K; 10-Q,False,not selected,{}
META,us-gaap,OperatingLeaseRightOfUseAsset,"Operating Lease, Right-of-Use Asset",other,USD,57,2019-04-25,2026-07-30,2018-12-31,2026-06-30,10-K; 10-Q,False,not selected,{}
META,us-gaap,OperatingLeasesFutureMinimumPaymentsDue,"Operating Leases, Future Minimum Payments Due",other,USD,12,2013-02-01,2019-01-31,2012-12-31,2018-12-31,10-K; 10-Q,False,not selected,{}
META,us-gaap,OperatingLeasesFutureMinimumPaymentsDueCurrent,"Operating Leases, Future Minimum Payments Due, Next Twelve Months",other,USD,7,2013-02-01,2019-01-31,2012-12-31,2018-12-31,10-K,False,not selected,{}
META,us-gaap,OperatingLeasesFutureMinimumPaymentsDueInFiveYears,"Operating Leases, Future Minimum Payments, Due in Five Years",other,USD,10,2013-02-01,2019-01-31,2012-12-31,2018-12-31,10-K; 10-Q,False,not selected,{}
META,us-gaap,OperatingLeasesFutureMinimumPaymentsDueInFourYears,"Operating Leases, Future Minimum Payments, Due in Four Years",other,USD,10,2013-02-01,2019-01-31,2012-12-31,2018-12-31,10-K; 10-Q,False,not selected,{}
META,us-gaap,OperatingLeasesFutureMinimumPaymentsDueInThreeYears,"Operating Leases, Future Minimum Payments, Due in Three Years",other,USD,10,2013-02-01,2019-01-31,2012-12-31,2018-12-31,10-K; 10-Q,False,not selected,{}
META,us-gaap,OperatingLeasesFutureMinimumPaymentsDueInTwoYears,"Operating Leases, Future Minimum Payments, Due in Two Years",other,USD,10,2013-02-01,2019-01-31,2012-12-31,2018-12-31,10-K; 10-Q,False,not selected,{}
META,us-gaap,OperatingLeasesFutureMinimumPaymentsDueThereafter,"Operating Leases, Future Minimum Payments, Due Thereafter",other,USD,10,2013-02-01,2019-01-31,2012-12-31,2018-12-31,10-K; 10-Q,False,not selected,{}
META,us-gaap,OperatingLeasesFutureMinimumPaymentsRemainderOfFiscalYear,"Operating Leases, Future Minimum Payments, Remainder of Fiscal Year",other,USD,3,2018-04-26,2018-10-31,2018-03-31,2018-09-30,10-Q,False,not selected,{}
META,us-gaap,OperatingLeasesRentExpenseNet,"Operating Leases, Rent Expense, Net",other,USD,92,2012-07-31,2021-01-28,2010-12-31,2018-12-31,10-K; 10-Q,False,not selected,{}
META,us-gaap,OperatingLeaseWeightedAverageDiscountRatePercent,"Operating Lease, Weighted Average Discount Rate, Percent",weighted_average_NOT_outstanding,pure,40,2019-04-25,2026-01-29,2019-03-31,2025-12-31,10-K; 10-Q,False,not selected,{}
META,us-gaap,OtherAccruedLiabilitiesCurrent,"Other Accrued Liabilities, Current",other,USD,38,2014-01-31,2026-01-29,2012-12-31,2025-12-31,10-K; 10-Q,False,not selected,{}
META,us-gaap,OtherAssetsNoncurrent,"Other Assets, Noncurrent",other,USD,117,2012-07-31,2026-07-30,2011-12-31,2026-06-30,10-K; 10-Q,False,not selected,{}
META,us-gaap,OtherComprehensiveIncomeLossAvailableForSaleSecuritiesAdjustmentNetOfTax,"OCI, Debt Securities, Available-for-Sale, Gain (Loss), after Adjustment and Tax",revenue_candidate_VERIFY_scope_and_currency,USD,54,2012-07-31,2016-07-28,2010-12-31,2016-06-30,10-K; 10-Q,False,not selected,{}
META,us-gaap,OtherComprehensiveIncomeLossForeignCurrencyTransactionAndTranslationAdjustmentNetOfTax,"Other Comprehensive Income (Loss), Foreign Currency Transaction and Translation Adjustment, Net of Tax",other,USD,186,2012-07-31,2026-07-30,2010-12-31,2026-06-30,10-K; 10-Q,False,not selected,{}
META,us-gaap,OtherComprehensiveIncomeLossNetOfTaxPortionAttributableToParent,"Other Comprehensive Income (Loss), Net of Tax, Portion Attributable to Parent",other,USD,110,2017-02-03,2026-07-30,2014-12-31,2026-06-30,10-K; 10-Q,False,not selected,{}
META,us-gaap,OtherComprehensiveIncomeUnrealizedGainLossOnDerivativesArisingDuringPeriodNetOfTax,"Other Comprehensive Income (Loss), Unrealized Gain (Loss) on Derivatives Arising During Period, Net of Tax",other,USD,29,2013-02-01,2015-01-29,2010-12-31,2014-12-31,10-K; 10-Q,False,not selected,{}
META,us-gaap,OtherDeferredCreditsCurrent,"Other Deferred Credits, Current",other,USD,12,2013-02-01,2018-02-01,2011-12-31,2017-12-31,10-K,False,not selected,{}
META,us-gaap,OtherFiniteLivedIntangibleAssetsGross,"Other Finite-Lived Intangible Assets, Gross",other,USD,2,2012-07-31,2012-07-31,2011-12-31,2012-06-30,10-Q,False,not selected,{}
META,us-gaap,OtherLiabilities,Other Liabilities,other,USD,4,2014-01-31,2015-01-29,2012-12-31,2014-12-31,10-K,False,not selected,{}
META,us-gaap,OtherLiabilitiesCurrent,"Other Liabilities, Current",other,USD,2,2013-02-01,2013-02-01,2011-12-31,2012-12-31,10-K,False,not selected,{}
META,us-gaap,OtherLiabilitiesNoncurrent,"Other Liabilities, Noncurrent",other,USD,117,2012-07-31,2026-07-30,2011-12-31,2026-06-30,10-K; 10-Q,False,not selected,{}
META,us-gaap,OtherNoncashIncomeExpense,Other Noncash Income (Expense),other,USD,112,2014-04-25,2026-07-30,2012-12-31,2026-06-30,10-K; 10-Q,False,not selected,{}
META,us-gaap,OtherNonoperatingIncomeExpense,Other Nonoperating Income (Expense),other,USD,50,2012-07-31,2026-01-29,2010-12-31,2025-12-31,10-K; 10-Q,False,not selected,{}
META,us-gaap,OtherSalesRevenueNet,"Other Revenue, Net (Deprecated 2018-01-31)",revenue_candidate_VERIFY_scope_and_currency,USD,18,2013-02-01,2018-02-01,2010-12-31,2017-12-31,10-K,False,not selected,{}
META,us-gaap,OtherSignificantNoncashTransactionValueOfConsiderationGiven1,"Other Significant Noncash Transaction, Value of Consideration Given",other,USD,15,2014-07-24,2017-02-03,2012-12-31,2016-12-31,10-K; 10-Q,False,not selected,{}
META,us-gaap,OtherSundryLiabilitiesNoncurrent,"Other Sundry Liabilities, Noncurrent",other,USD,24,2016-01-28,2024-02-02,2014-12-31,2023-12-31,10-K; 10-Q,False,not selected,{}
META,us-gaap,PaymentsForProceedsFromOtherInvestingActivities,Payments for (Proceeds from) Other Investing Activities,other,USD,97,2014-04-25,2026-07-30,2012-12-31,2026-06-30,10-K; 10-Q,False,not selected,{}
META,us-gaap,PaymentsForRepurchaseOfCommonStock,Payments for Repurchase of Common Stock,other,USD,85,2017-05-04,2026-07-30,2015-12-31,2026-06-30,10-K; 10-Q,False,not selected,{}
META,us-gaap,PaymentsRelatedToTaxWithholdingForShareBasedCompensation,"Payment, Tax Withholding, Share-based Payment Arrangement",other,USD,115,2013-02-01,2026-07-30,2010-12-31,2026-06-30,10-K; 10-Q,False,not selected,{}
META,us-gaap,PaymentsToAcquireAvailableForSaleSecuritiesDebt,"Payments to Acquire Debt Securities, Available-for-sale",revenue_candidate_VERIFY_scope_and_currency,USD,47,2020-07-31,2026-07-30,2019-06-30,2026-06-30,10-K; 10-Q,False,not selected,{}
META,us-gaap,PaymentsToAcquireBusinessesNetOfCashAcquired,"Payments to Acquire Businesses, Net of Cash Acquired",other,USD,1,2013-11-01,2013-11-01,2013-09-30,2013-09-30,10-Q,False,not selected,{}
META,us-gaap,PaymentsToAcquireInvestments,Payments to Acquire Investments,other,USD,16,2012-07-31,2014-01-31,2010-12-31,2013-12-31,10-K; 10-Q,False,not selected,{}
META,us-gaap,PaymentsToAcquireMarketableSecurities,Payments to Acquire Marketable Securities,other,USD,81,2012-07-31,2026-01-29,2010-12-31,2025-12-31,10-K; 10-Q,False,not selected,{}
META,us-gaap,PaymentsToAcquirePropertyPlantAndEquipment,"Payments to Acquire Property, Plant, and Equipment",other,USD,128,2012-07-31,2026-07-30,2010-12-31,2026-06-30,10-K; 10-Q,False,not selected,{}
META,us-gaap,PreferredStockLiquidationPreferenceValue,"Preferred Stock, Liquidation Preference, Value",other,USD,2,2013-02-01,2013-02-01,2011-12-31,2012-05-17,10-K,False,not selected,{}
META,us-gaap,PreferredStockParOrStatedValuePerShare,"Preferred Stock, Par or Stated Value Per Share",other,USD/shares,2,2012-10-24,2012-10-24,2011-12-31,2012-09-30,10-Q,False,not selected,{}
META,us-gaap,PreferredStockSharesAuthorized,"Preferred Stock, Shares Authorized",other_share_concept_NOT_automatically_outstanding,shares,3,2012-10-24,2013-02-01,2011-12-31,2012-09-30,10-K; 10-Q,False,not selected,{}
META,us-gaap,PreferredStockSharesIssued,"Preferred Stock, Shares Issued",other_share_concept_NOT_automatically_outstanding,shares,2,2012-10-24,2012-10-24,2011-12-31,2012-09-30,10-Q,False,not selected,{}
META,us-gaap,PreferredStockSharesOutstanding,"Preferred Stock, Shares Outstanding",shares_outstanding_candidate_VERIFY_classes_and_ADS,shares,2,2012-10-24,2012-10-24,2011-12-31,2012-09-30,10-Q,False,not selected,{}
META,us-gaap,PreferredStockValue,"Preferred Stock, Value, Issued",other,USD,4,2012-10-24,2013-02-01,2011-12-31,2012-12-31,10-K; 10-Q,False,not selected,{}
META,us-gaap,PrepaidExpenseAndOtherAssetsCurrent,"Prepaid Expense and Other Assets, Current",other,USD,114,2012-07-31,2026-07-30,2011-12-31,2026-06-30,10-K; 10-Q,False,not selected,{}
META,us-gaap,ProceedsFromDebtNetOfIssuanceCosts,"Proceeds from Debt, Net of Issuance Costs",other,USD,9,2013-02-01,2015-01-29,2010-12-31,2014-12-31,10-K,False,not selected,{}
META,us-gaap,ProceedsFromIncomeTaxRefunds,Proceeds from Income Tax Refunds,other,USD,17,2013-07-25,2016-01-28,2011-12-31,2015-12-31,10-K; 10-Q,False,not selected,{}
META,us-gaap,ProceedsFromIssuanceInitialPublicOffering,Proceeds from Issuance Initial Public Offering,other,USD,1,2013-02-01,2013-02-01,2012-05-31,2012-05-31,10-K,False,not selected,{}
META,us-gaap,ProceedsFromIssuanceOfCommonStock,Proceeds from Issuance of Common Stock,other,USD,22,2012-07-31,2016-01-28,2010-12-31,2015-12-31,10-K; 10-Q,False,not selected,{}
META,us-gaap,ProceedsFromMaturitiesPrepaymentsAndCallsOfAvailableForSaleSecurities,"Proceeds from Maturities, Prepayments and Calls of Debt Securities, Available-for-sale",revenue_candidate_VERIFY_scope_and_currency,USD,97,2012-07-31,2023-02-02,2010-12-31,2022-12-31,10-K; 10-Q,False,not selected,{}
META,us-gaap,ProceedsFromPaymentsForOtherFinancingActivities,Proceeds from (Payments for) Other Financing Activities,other,USD,94,2016-04-28,2026-07-30,2014-12-31,2026-06-30,10-K; 10-Q,False,not selected,{}
META,us-gaap,ProceedsFromRepaymentsOfBankOverdrafts,Proceeds from (Repayments of) Bank Overdrafts,other,USD,36,2019-01-31,2022-10-27,2016-12-31,2022-09-30,10-K; 10-Q,False,not selected,{}
META,us-gaap,ProceedsFromRepaymentsOfOtherLongTermDebt,Proceeds from (Repayments of) Other Long-term Debt,other,USD,4,2012-07-31,2012-10-24,2011-06-30,2012-09-30,10-Q,False,not selected,{}
META,us-gaap,ProceedsFromSaleOfAvailableForSaleSecurities,Proceeds from Sale of Available-for-sale Securities,revenue_candidate_VERIFY_scope_and_currency,USD,56,2012-07-31,2018-07-26,2010-12-31,2018-06-30,10-K; 10-Q,False,not selected,{}
META,us-gaap,ProceedsFromSaleOfAvailableForSaleSecuritiesDebt,"Proceeds from Sale of Debt Securities, Available-for-sale",revenue_candidate_VERIFY_scope_and_currency,USD,41,2018-10-31,2023-02-02,2016-12-31,2022-12-31,10-K; 10-Q,False,not selected,{}
META,us-gaap,ProceedsFromStockOptionsExercised,Proceeds from Stock Options Exercised,other,USD,34,2012-07-31,2016-01-28,2010-12-31,2015-12-31,10-K; 10-Q,False,not selected,{}
META,us-gaap,PropertyPlantAndEquipmentAndFinanceLeaseRightOfUseAssetAccumulatedDepreciationAndAmortization,"Property, Plant, and Equipment and Finance Lease Right-of-Use Asset, Accumulated Depreciation and Amortization",other,USD,46,2021-01-28,2026-07-30,2019-12-31,2026-06-30,10-K; 10-Q,False,not selected,{}
META,us-gaap,PropertyPlantAndEquipmentAndFinanceLeaseRightOfUseAssetAfterAccumulatedDepreciationAndAmortization,"Property, Plant, and Equipment and Finance Lease Right-of-Use Asset, after Accumulated Depreciation and Amortization",other,USD,46,2021-01-28,2026-07-30,2019-12-31,2026-06-30,10-K; 10-Q,False,not selected,{}
META,us-gaap,PropertyPlantAndEquipmentAndFinanceLeaseRightOfUseAssetBeforeAccumulatedDepreciationAndAmortization,"Property, Plant, and Equipment and Finance Lease Right-of-Use Asset, before Accumulated Depreciation and Amortization",other,USD,46,2021-01-28,2026-07-30,2019-12-31,2026-06-30,10-K; 10-Q,False,not selected,{}
META,us-gaap,PropertyPlantAndEquipmentGross,"Property, Plant and Equipment, Gross",other,USD,67,2012-07-31,2020-10-30,2011-12-31,2020-09-30,10-K; 10-Q,False,not selected,{}
META,us-gaap,PropertyPlantAndEquipmentNet,"Property, Plant and Equipment, Net",other,USD,67,2012-07-31,2020-10-30,2011-12-31,2020-09-30,10-K; 10-Q,False,not selected,{}
META,us-gaap,ProvisionForDoubtfulAccounts,"Accounts Receivable, Credit Loss Expense (Reversal)",other,USD,17,2015-01-29,2020-04-30,2012-12-31,2020-03-31,10-K; 10-Q,False,not selected,{}
META,us-gaap,RepaymentsOfLongTermCapitalLeaseObligations,Repayments of Long-term Capital Lease Obligations,other,USD,34,2012-07-31,2016-01-28,2010-12-31,2015-12-31,10-K; 10-Q,False,not selected,{}
META,us-gaap,RepaymentsOfLongTermDebt,Repayments of Long-term Debt,other,USD,16,2013-02-01,2016-01-28,2010-12-31,2015-12-31,10-K; 10-Q,False,not selected,{}
META,us-gaap,ResearchAndDevelopmentExpense,Research and Development Expense,other,USD,186,2012-07-31,2026-07-30,2010-12-31,2026-06-30,10-K; 10-Q,False,not selected,{}
META,us-gaap,RetainedEarningsAccumulatedDeficit,Retained Earnings (Accumulated Deficit),other,USD,117,2012-07-31,2026-07-30,2011-12-31,2026-06-30,10-K; 10-Q,False,not selected,{}
META,us-gaap,RevenueFromContractWithCustomerExcludingAssessedTax,"Revenue from Contract with Customer, Excluding Assessed Tax",revenue_candidate_VERIFY_scope_and_currency,USD,110,2018-04-26,2026-07-30,2016-12-31,2026-06-30,10-K; 10-Q,True,110,{}
META,us-gaap,Revenues,Revenues,revenue_candidate_VERIFY_scope_and_currency,USD,86,2012-07-31,2018-10-31,2010-12-31,2018-09-30,10-K; 10-Q,True,86,{}
META,us-gaap,SaleLeasebackTransactionNetProceeds,"Sale Leaseback Transaction, Net Proceeds (Deprecated 2014-01-31)",other,USD,16,2012-07-31,2014-01-31,2010-12-31,2013-12-31,10-K; 10-Q,False,not selected,{}
META,us-gaap,SaleLeasebackTransactionNetProceedsFinancingActivities,"Sale Leaseback Transaction, Net Proceeds, Financing Activities",other,USD,3,2015-01-29,2015-01-29,2012-12-31,2014-12-31,10-K,False,not selected,{}
META,us-gaap,SellingAndMarketingExpense,Selling and Marketing Expense,other,USD,186,2012-07-31,2026-07-30,2010-12-31,2026-06-30,10-K; 10-Q,False,not selected,{}
META,us-gaap,ShareBasedCompensation,"Share-based Payment Arrangement, Noncash Expense",other,USD,132,2012-07-31,2026-07-30,2010-12-31,2026-06-30,10-K; 10-Q,False,not selected,{}
META,us-gaap,ShareBasedCompensationArrangementByShareBasedPaymentAwardEquityInstrumentsOtherThanOptionsForfeitedInPeriod,"Share-based Compensation Arrangement by Share-based Payment Award, Equity Instruments Other than Options, Forfeited in Period",other_share_concept_NOT_automatically_outstanding,shares,3,2012-07-31,2013-02-01,2012-06-30,2012-12-31,10-K; 10-Q,False,not selected,{}
META,us-gaap,ShareBasedCompensationArrangementByShareBasedPaymentAwardEquityInstrumentsOtherThanOptionsForfeituresWeightedAverageGrantDateFairValue,"Share-based Compensation Arrangement by Share-based Payment Award, Equity Instruments Other than Options, Forfeitures, Weighted Average Grant Date Fair Value",weighted_average_NOT_outstanding,USD/shares,3,2012-07-31,2013-02-01,2012-06-30,2012-12-31,10-K; 10-Q,False,not selected,{}
META,us-gaap,ShareBasedCompensationArrangementByShareBasedPaymentAwardEquityInstrumentsOtherThanOptionsGrantsInPeriod,"Share-based Compensation Arrangement by Share-based Payment Award, Equity Instruments Other than Options, Grants in Period",other_share_concept_NOT_automatically_outstanding,shares,3,2012-07-31,2013-02-01,2012-06-30,2012-12-31,10-K; 10-Q,False,not selected,{}
META,us-gaap,ShareBasedCompensationArrangementByShareBasedPaymentAwardEquityInstrumentsOtherThanOptionsGrantsInPeriodWeightedAverageGrantDateFairValue,"Share-based Compensation Arrangement by Share-based Payment Award, Equity Instruments Other than Options, Grants in Period, Weighted Average Grant Date Fair Value",weighted_average_NOT_outstanding,USD/shares,3,2012-07-31,2013-02-01,2012-06-30,2012-12-31,10-K; 10-Q,False,not selected,{}
META,us-gaap,ShareBasedCompensationArrangementByShareBasedPaymentAwardEquityInstrumentsOtherThanOptionsNonvestedNumber,"Share-based Compensation Arrangement by Share-based Payment Award, Equity Instruments Other than Options, Nonvested, Number",other_share_concept_NOT_automatically_outstanding,shares,2,2013-02-01,2013-02-01,2011-12-31,2012-12-31,10-K,False,not selected,{}
META,us-gaap,ShareBasedCompensationArrangementByShareBasedPaymentAwardEquityInstrumentsOtherThanOptionsVestedInPeriod,"Share-based Compensation Arrangement by Share-based Payment Award, Equity Instruments Other than Options, Vested in Period",other_share_concept_NOT_automatically_outstanding,shares,1,2013-02-01,2013-02-01,2012-12-31,2012-12-31,10-K,False,not selected,{}
META,us-gaap,ShareBasedCompensationArrangementByShareBasedPaymentAwardEquityInstrumentsOtherThanOptionsVestedInPeriodTotalFairValue,"Share-based Compensation Arrangement by Share-based Payment Award, Equity Instruments Other than Options, Vested in Period, Fair Value",other,USD,5,2014-01-31,2014-04-25,2011-12-31,2014-03-31,10-K; 10-Q,False,not selected,{}
META,us-gaap,ShareBasedCompensationArrangementByShareBasedPaymentAwardEquityInstrumentsOtherThanOptionsVestedInPeriodWeightedAverageGrantDateFairValue,"Share-based Compensation Arrangement by Share-based Payment Award, Equity Instruments Other than Options, Vested in Period, Weighted Average Grant Date Fair Value",weighted_average_NOT_outstanding,USD/shares,1,2013-02-01,2013-02-01,2012-12-31,2012-12-31,10-K,False,not selected,{}
META,us-gaap,ShareBasedCompensationArrangementByShareBasedPaymentAwardNonOptionEquityInstrumentsExercised,"Share-based Compensation Arrangement by Share-based Payment Award, Non-Option Equity Instruments, Exercised",other_share_concept_NOT_automatically_outstanding,shares,1,2013-02-01,2013-02-01,2012-12-31,2012-12-31,10-K,False,not selected,{}
META,us-gaap,ShareBasedCompensationArrangementByShareBasedPaymentAwardNumberOfSharesAvailableForGrant,"Share-based Compensation Arrangement by Share-based Payment Award, Number of Shares Available for Grant",other_share_concept_NOT_automatically_outstanding,shares,6,2012-07-31,2013-02-01,2011-12-31,2012-12-31,10-K; 10-Q,False,not selected,{}
META,us-gaap,ShareBasedCompensationArrangementByShareBasedPaymentAwardOptionsExercisableNumber,"Share-based Compensation Arrangement by Share-based Payment Award, Options, Exercisable, Number",other_share_concept_NOT_automatically_outstanding,shares,1,2013-02-01,2013-02-01,2012-12-31,2012-12-31,10-K,False,not selected,{}
META,us-gaap,ShareBasedCompensationArrangementByShareBasedPaymentAwardOptionsExercisableWeightedAverageExercisePrice,"Share-based Compensation Arrangement by Share-based Payment Award, Options, Exercisable, Weighted Average Exercise Price",weighted_average_NOT_outstanding,USD/shares,1,2013-02-01,2013-02-01,2012-12-31,2012-12-31,10-K,False,not selected,{}
META,us-gaap,ShareBasedCompensationArrangementByShareBasedPaymentAwardOptionsExercisesInPeriodTotalIntrinsicValue,"Share-based Compensation Arrangement by Share-based Payment Award, Options, Exercises in Period, Intrinsic Value",other,USD,44,2013-02-01,2020-01-30,2010-12-31,2019-12-31,10-K; 10-Q,False,not selected,{}
META,us-gaap,ShareBasedCompensationArrangementByShareBasedPaymentAwardOptionsForfeituresAndExpirationsInPeriod,"Share-based Compensation Arrangement by Share-based Payment Award, Options, Forfeitures and Expirations in Period",other_share_concept_NOT_automatically_outstanding,shares,3,2012-07-31,2013-02-01,2012-06-30,2012-12-31,10-K; 10-Q,False,not selected,{}
META,us-gaap,ShareBasedCompensationArrangementByShareBasedPaymentAwardOptionsOutstandingIntrinsicValue,"Share-based Compensation Arrangement by Share-based Payment Award, Options, Outstanding, Intrinsic Value",other,USD,6,2012-07-31,2013-02-01,2011-12-31,2012-12-31,10-K; 10-Q,False,not selected,{}
META,us-gaap,ShareBasedCompensationArrangementByShareBasedPaymentAwardOptionsOutstandingNumber,"Share-based Compensation Arrangement by Share-based Payment Award, Options, Outstanding, Number",other_share_concept_NOT_automatically_outstanding,shares,11,2012-07-31,2018-02-01,2011-12-31,2017-12-31,10-K; 10-Q,False,not selected,{}
META,us-gaap,ShareBasedCompensationArrangementByShareBasedPaymentAwardOptionsOutstandingWeightedAverageExercisePrice,"Share-based Compensation Arrangement by Share-based Payment Award, Options, Outstanding, Weighted Average Exercise Price",weighted_average_NOT_outstanding,USD/shares,6,2012-07-31,2013-02-01,2011-12-31,2012-12-31,10-K; 10-Q,False,not selected,{}
META,us-gaap,ShareBasedCompensationArrangementByShareBasedPaymentAwardOptionsVestedAndExpectedToVestOutstandingAggregateIntrinsicValue,"Share-based Compensation Arrangement by Share-based Payment Award, Options, Vested and Expected to Vest, Outstanding, Aggregate Intrinsic Value",other,USD,1,2013-02-01,2013-02-01,2012-12-31,2012-12-31,10-K,False,not selected,{}
META,us-gaap,ShareBasedCompensationArrangementByShareBasedPaymentAwardOptionsVestedAndExpectedToVestOutstandingNumber,"Share-based Compensation Arrangement by Share-based Payment Award, Options, Vested and Expected to Vest, Outstanding, Number",other_share_concept_NOT_automatically_outstanding,shares,1,2013-02-01,2013-02-01,2012-12-31,2012-12-31,10-K,False,not selected,{}
META,us-gaap,ShareBasedCompensationArrangementByShareBasedPaymentAwardOptionsVestedAndExpectedToVestOutstandingWeightedAverageExercisePrice,"Share-based Compensation Arrangement by Share-based Payment Award, Options, Vested and Expected to Vest, Outstanding, Weighted Average Exercise Price",weighted_average_NOT_outstanding,USD/shares,1,2013-02-01,2013-02-01,2012-12-31,2012-12-31,10-K,False,not selected,{}
META,us-gaap,ShareBasedCompensationArrangementsByShareBasedPaymentAwardOptionsExercisesInPeriodWeightedAverageExercisePrice,"Share-based Compensation Arrangements by Share-based Payment Award, Options, Exercises in Period, Weighted Average Exercise Price",weighted_average_NOT_outstanding,USD/shares,3,2012-07-31,2013-02-01,2012-06-30,2012-12-31,10-K; 10-Q,False,not selected,{}
META,us-gaap,ShareBasedCompensationArrangementsByShareBasedPaymentAwardOptionsExpirationsInPeriodWeightedAverageExercisePrice,"Share-based Compensation Arrangements by Share-based Payment Award, Options, Expirations in Period, Weighted Average Exercise Price",weighted_average_NOT_outstanding,USD/shares,3,2012-07-31,2013-02-01,2012-06-30,2012-12-31,10-K; 10-Q,False,not selected,{}
META,us-gaap,ShareBasedCompensationSharesAuthorizedUnderStockOptionPlansExercisePriceRangeNumberOfExercisableOptions,"Share-based Payment Arrangement, Option, Exercise Price Range, Shares Exercisable",other_share_concept_NOT_automatically_outstanding,shares,6,2013-02-01,2018-02-01,2012-12-31,2017-12-31,10-K,False,not selected,{}
META,us-gaap,SharebasedCompensationArrangementBySharebasedPaymentAwardOptionsExercisableIntrinsicValue1,"Share-based Compensation Arrangement by Share-based Payment Award, Options, Exercisable, Intrinsic Value",other,USD,1,2013-02-01,2013-02-01,2012-12-31,2012-12-31,10-K,False,not selected,{}
META,us-gaap,SharebasedCompensationArrangementBySharebasedPaymentAwardOptionsVestedInPeriodFairValue1,"Share-based Compensation Arrangement by Share-based Payment Award, Options, Vested in Period, Fair Value",other,USD,12,2014-01-31,2017-02-03,2011-12-31,2016-12-31,10-K,False,not selected,{}
META,us-gaap,SharebasedCompensationSharesAuthorizedUnderStockOptionPlansExercisePriceRangeExercisableOptionsWeightedAverageExercisePrice1,"Share-based Payment Arrangement, Option, Exercise Price Range, Exercisable, Weighted Average Exercise Price",weighted_average_NOT_outstanding,USD/shares,6,2013-02-01,2018-02-01,2012-12-31,2017-12-31,10-K,False,not selected,{}
META,us-gaap,SharebasedCompensationSharesAuthorizedUnderStockOptionPlansExercisePriceRangeOutstandingOptionsWeightedAverageExercisePriceBeginningBalance1,"Share-based Payment Arrangement, Option, Exercise Price Range, Outstanding, Weighted Average Exercise Price",weighted_average_NOT_outstanding,USD/shares,6,2013-02-01,2018-02-01,2012-12-31,2017-12-31,10-K,False,not selected,{}
META,us-gaap,SharePrice,Share Price,other,USD/shares,6,2012-10-24,2014-01-31,2012-05-17,2013-12-23,10-K; 10-Q,False,not selected,{}
META,us-gaap,SharesPaidForTaxWithholdingForShareBasedCompensation,"Share-based Payment Arrangement, Shares Withheld for Tax Withholding Obligation",other_share_concept_NOT_automatically_outstanding,shares,3,2013-02-01,2014-01-31,2012-12-31,2013-12-31,10-K,False,not selected,{}
META,us-gaap,StockholdersEquity,Stockholders' Equity Attributable to Parent,other,USD,214,2012-07-31,2026-07-30,2011-12-31,2026-06-30,10-K; 10-Q,False,not selected,{}
META,us-gaap,StockIssuedDuringPeriodSharesShareBasedCompensationGross,"Shares Issued, Shares, Share-based Payment Arrangement, before Forfeiture",other_share_concept_NOT_automatically_outstanding,shares,1,2013-05-02,2013-05-02,2013-03-31,2013-03-31,10-Q,False,not selected,{}
META,us-gaap,StockIssuedDuringPeriodSharesStockOptionsExercised,"Share-based Compensation Arrangement by Share-based Payment Award, Options, Exercises in Period",other_share_concept_NOT_automatically_outstanding,shares,3,2012-07-31,2013-02-01,2012-06-30,2012-12-31,10-K; 10-Q,False,not selected,{}
META,us-gaap,StockIssuedDuringPeriodValueAcquisitions,"Stock Issued During Period, Value, Acquisitions",other,USD,7,2017-02-03,2020-01-30,2014-12-31,2017-12-31,10-K,False,not selected,{}
META,us-gaap,StockIssuedDuringPeriodValueNewIssues,"Stock Issued During Period, Value, New Issues",other,USD,24,2018-10-31,2026-01-29,2017-09-30,2025-12-31,10-K; 10-Q,False,not selected,{}
META,us-gaap,StockIssuedDuringPeriodValueStockOptionsExercised,"Stock Issued During Period, Value, Stock Options Exercised",other,USD,15,2017-02-03,2022-02-03,2014-12-31,2019-12-31,10-K,False,not selected,{}
META,us-gaap,StockRepurchasedAndRetiredDuringPeriodShares,"Stock Repurchased and Retired During Period, Shares",other_share_concept_NOT_automatically_outstanding,shares,20,2018-02-01,2022-10-27,2017-12-31,2022-09-30,10-K; 10-Q,False,not selected,{}
META,us-gaap,StockRepurchasedAndRetiredDuringPeriodValue,"Stock Repurchased and Retired During Period, Value",other,USD,88,2018-02-01,2026-07-30,2017-12-31,2025-12-31,10-K; 10-Q,False,not selected,{}
META,us-gaap,StockRepurchasedDuringPeriodValue,"Stock Repurchased During Period, Value",other,USD,23,2018-02-01,2021-01-28,2017-09-30,2020-12-31,10-K; 10-Q,False,not selected,{}
META,us-gaap,StockRepurchaseProgramAuthorizedAmount1,"Stock Repurchase Program, Authorized Amount",other,USD,15,2017-02-03,2024-04-25,2016-11-30,2024-01-31,10-K; 10-Q,False,not selected,{}
META,us-gaap,StockRepurchaseProgramRemainingAuthorizedRepurchaseAmount1,"Stock Repurchase Program, Remaining Authorized Repurchase Amount",other,USD,46,2018-04-26,2026-01-29,2018-03-31,2025-12-31,10-K; 10-Q,False,not selected,{}
META,us-gaap,TaxesPayableCurrent,"Taxes Payable, Current",other,USD,28,2019-01-31,2026-01-29,2017-12-31,2025-12-31,10-K; 10-Q,False,not selected,{}
META,us-gaap,UndistributedEarningsAllocatedToParticipatingSecurities,Undistributed Earnings Allocated to Participating Securities (Deprecated 2014-01-31),other,USD,30,2012-07-31,2014-07-24,2010-12-31,2014-06-30,10-K; 10-Q,False,not selected,{}
META,us-gaap,UndistributedEarningsLossAllocatedToParticipatingSecuritiesBasic,"Undistributed Earnings (Loss) Allocated to Participating Securities, Basic",other,USD,75,2014-10-30,2021-01-28,2012-12-31,2020-12-31,10-K; 10-Q,False,not selected,{}
META,us-gaap,UndistributedEarningsOfForeignSubsidiaries,Undistributed Earnings of Foreign Subsidiaries,other,USD,1,2017-02-03,2017-02-03,2016-12-31,2016-12-31,10-K,False,not selected,{}
META,us-gaap,UnrecognizedTaxBenefits,Unrecognized Tax Benefits,other,USD,134,2013-02-01,2026-07-30,2009-12-31,2026-06-30,10-K; 10-Q,False,not selected,{}
META,us-gaap,UnrecognizedTaxBenefitsDecreasesResultingFromPriorPeriodTaxPositions,"Unrecognized Tax Benefits, Decrease Resulting from Prior Period Tax Positions",other,USD,42,2013-02-01,2026-01-29,2010-12-31,2025-12-31,10-K,False,not selected,{}
META,us-gaap,UnrecognizedTaxBenefitsDecreasesResultingFromSettlementsWithTaxingAuthorities,"Unrecognized Tax Benefits, Decrease Resulting from Settlements with Taxing Authorities",other,USD,36,2015-01-29,2026-01-29,2012-12-31,2025-12-31,10-K,False,not selected,{}
META,us-gaap,UnrecognizedTaxBenefitsIncomeTaxPenaltiesAndInterestAccrued,"Unrecognized Tax Benefits, Income Tax Penalties and Interest Accrued",other,USD,5,2013-02-01,2014-01-31,2011-12-31,2013-12-31,10-K,False,not selected,{}
META,us-gaap,UnrecognizedTaxBenefitsIncomeTaxPenaltiesExpense,"Unrecognized Tax Benefits, Income Tax Penalties Expense",other,USD,2,2013-02-01,2014-01-31,2012-12-31,2013-12-31,10-K,False,not selected,{}
META,us-gaap,UnrecognizedTaxBenefitsIncreasesResultingFromCurrentPeriodTaxPositions,"Unrecognized Tax Benefits, Increase Resulting from Current Period Tax Positions",other,USD,42,2013-02-01,2026-01-29,2010-12-31,2025-12-31,10-K,False,not selected,{}
META,us-gaap,UnrecognizedTaxBenefitsIncreasesResultingFromPriorPeriodTaxPositions,"Unrecognized Tax Benefits, Increase Resulting from Prior Period Tax Positions",other,USD,42,2013-02-01,2026-01-29,2010-12-31,2025-12-31,10-K,False,not selected,{}
META,us-gaap,UnrecognizedTaxBenefitsInterestOnIncomeTaxesExpense,"Unrecognized Tax Benefits, Interest on Income Taxes Expense",other,USD,2,2013-02-01,2014-01-31,2012-12-31,2013-12-31,10-K,False,not selected,{}
META,us-gaap,UnrecognizedTaxBenefitsThatWouldImpactEffectiveTaxRate,Unrecognized Tax Benefits that Would Impact Effective Tax Rate,other,USD,53,2013-02-01,2026-07-30,2012-12-31,2026-06-30,10-K; 10-Q,False,not selected,{}
META,us-gaap,VariableLeaseCost,"Variable Lease, Cost",other,USD,73,2019-04-25,2026-01-29,2019-03-31,2025-12-31,10-K; 10-Q,False,not selected,{}
META,us-gaap,WeightedAverageNumberOfDilutedSharesOutstanding,"Weighted Average Number of Shares Outstanding, Diluted",weighted_average_NOT_outstanding,shares,189,2012-07-31,2026-07-30,2010-12-31,2026-06-30,10-K; 10-Q,False,not selected,{}
META,us-gaap,WeightedAverageNumberOfSharesOutstandingBasic,"Weighted Average Number of Shares Outstanding, Basic",weighted_average_NOT_outstanding,shares,186,2012-07-31,2026-07-30,2010-12-31,2026-06-30,10-K; 10-Q,False,not selected,{}
META,us-gaap,EffectiveIncomeTaxRateReconciliationShareBasedCompensationExcessTaxBenefitPercent,"Effective Income Tax Rate Reconciliation, Tax Expense (Benefit), Share-based Payment Arrangement, Percent",other,pure,4,2022-02-03,2026-01-29,2019-12-31,2025-12-31,10-K,False,not selected,{}
META,us-gaap,EquityMethodInvestments,Equity Method Investments,other,USD,38,2022-02-03,2026-07-30,2020-12-31,2026-06-30,10-K; 10-Q,False,not selected,{}
META,us-gaap,EquitySecuritiesWithoutReadilyDeterminableFairValueUpwardPriceAdjustmentCumulativeAmount,"Equity Securities without Readily Determinable Fair Value, Upward Price Adjustment, Cumulative Amount",other,USD,38,2022-02-03,2026-07-30,2020-12-31,2026-06-30,10-K; 10-Q,False,not selected,{}
META,us-gaap,NumberOfReportingUnits,Number of Reporting Units,other,unit,5,2022-02-03,2026-01-29,2021-12-31,2025-12-31,10-K,False,not selected,{}
META,us-gaap,RightOfUseAssetObtainedInExchangeForFinanceLeaseLiability,Right-of-Use Asset Obtained in Exchange for Finance Lease Liability,other,USD,27,2022-02-03,2026-01-29,2019-12-31,2025-12-31,10-K; 10-Q,False,not selected,{}
META,us-gaap,RightOfUseAssetObtainedInExchangeForOperatingLeaseLiability,Right-of-Use Asset Obtained in Exchange for Operating Lease Liability,other,USD,33,2022-02-03,2026-01-29,2019-12-31,2025-12-31,10-K; 10-Q,False,not selected,{}
META,us-gaap,ContractualObligationDueInFourthYear,"Contractual Obligation, to be Paid, Year Four",other,USD,13,2022-04-28,2026-01-29,2022-03-31,2025-12-31,10-K; 10-Q,False,not selected,{}
META,us-gaap,ContractualObligationDueInNextTwelveMonths,"Contractual Obligation, to be Paid, Year One",other,USD,16,2022-04-28,2026-07-30,2022-03-31,2026-06-30,10-K; 10-Q,False,not selected,{}
META,us-gaap,ContractualObligationDueInSecondYear,"Contractual Obligation, to be Paid, Year Two",other,USD,13,2022-04-28,2026-01-29,2022-03-31,2025-12-31,10-K; 10-Q,False,not selected,{}
META,us-gaap,ContractualObligationDueInThirdYear,"Contractual Obligation, to be Paid, Year Three",other,USD,13,2022-04-28,2026-01-29,2022-03-31,2025-12-31,10-K; 10-Q,False,not selected,{}
META,us-gaap,ContractualObligationFutureMinimumPaymentsDueRemainderOfFiscalYear,"Contractual Obligation, to be Paid, Remainder of Fiscal Year",other,USD,14,2022-04-28,2026-07-30,2022-03-31,2026-06-30,10-Q,False,not selected,{}
META,us-gaap,GoodwillOtherIncreaseDecrease,"Goodwill, Other Increase (Decrease)",other,USD,12,2022-04-28,2026-07-30,2022-03-31,2026-06-30,10-K; 10-Q,False,not selected,{}
META,us-gaap,ProceedsFromSaleOfPropertyPlantAndEquipment,"Proceeds from Sale of Property, Plant, and Equipment",other,USD,18,2022-04-28,2024-02-02,2020-12-31,2023-12-31,10-K; 10-Q,False,not selected,{}
META,us-gaap,EquitySecuritiesFvNi,"Equity Securities, FV-NI",other,USD,23,2022-07-28,2026-07-30,2021-12-31,2026-06-30,10-K; 10-Q,False,not selected,{}
META,us-gaap,OtherAssetsFairValueDisclosure,"Other Assets, Fair Value Disclosure",other,USD,34,2022-07-28,2026-07-30,2021-12-31,2026-06-30,10-K; 10-Q,False,not selected,{}
META,us-gaap,RestrictedCashAndCashEquivalents,Restricted Cash and Cash Equivalents,other,USD,10,2022-07-28,2024-02-02,2020-12-31,2023-12-31,10-K; 10-Q,False,not selected,{}
META,us-gaap,RestrictedCashEquivalents,Restricted Cash Equivalents,other,USD,28,2022-07-28,2025-10-30,2021-12-31,2025-09-30,10-K; 10-Q,False,not selected,{}
META,us-gaap,DebtInstrumentCarryingAmount,"Long-term Debt, Gross",other,USD,18,2022-10-27,2026-07-30,2022-09-30,2026-06-30,10-K; 10-Q,False,not selected,{}
META,us-gaap,DebtInstrumentUnamortizedDiscountPremiumAndDebtIssuanceCostsNet,"Debt Instrument, Unamortized Discount (Premium) and Debt Issuance Costs, Net",other,USD,18,2022-10-27,2026-07-30,2022-09-30,2026-06-30,10-K; 10-Q,False,not selected,{}
META,us-gaap,DebtSecuritiesAvailableForSaleContinuousUnrealizedLossPosition12MonthsOrLonger,"Debt Securities, Available-for-sale, Continuous Unrealized Loss Position, 12 Months or Longer",other,USD,31,2022-10-27,2026-07-30,2021-12-31,2026-06-30,10-K; 10-Q,False,not selected,{}
META,us-gaap,DebtSecuritiesAvailableForSaleContinuousUnrealizedLossPositionLessThan12Months,"Debt Securities, Available-for-sale, Continuous Unrealized Loss Position, Less than 12 Months",other,USD,31,2022-10-27,2026-07-30,2021-12-31,2026-06-30,10-K; 10-Q,False,not selected,{}
META,us-gaap,DebtSecuritiesAvailableForSaleContinuousUnrealizedLossPositionLessThan12MonthsAccumulatedLoss,"Debt Securities, Available-for-sale, Continuous Unrealized Loss Position, Less than 12 Months, Accumulated Loss",other,USD,31,2022-10-27,2026-07-30,2021-12-31,2026-06-30,10-K; 10-Q,False,not selected,{}
META,us-gaap,DebtSecuritiesAvailableForSaleUnrealizedLossPosition,"Debt Securities, Available-for-sale, Unrealized Loss Position",other,USD,31,2022-10-27,2026-07-30,2021-12-31,2026-06-30,10-K; 10-Q,False,not selected,{}
META,us-gaap,DebtSecuritiesAvailableForSaleUnrealizedLossPositionAccumulatedLoss,"Debt Securities, Available-for-sale, Unrealized Loss Position, Accumulated Loss",other,USD,31,2022-10-27,2026-07-30,2021-12-31,2026-06-30,10-K; 10-Q,False,not selected,{}
META,us-gaap,ImpairmentOfLongLivedAssetsHeldForUse,Impairment of Long-Lived Assets Held-for-use,other,USD,24,2022-10-27,2026-01-29,2021-09-30,2025-12-31,10-K; 10-Q,False,not selected,{}
META,us-gaap,LongTermDebtMaturitiesRepaymentsOfPrincipalAfterYearFive,"Long-Term Debt, Maturity, after Year Five",other,USD,6,2022-10-27,2026-01-29,2022-09-30,2025-12-31,10-K; 10-Q,False,not selected,{}
META,us-gaap,LongTermDebtMaturitiesRepaymentsOfPrincipalInYearFive,"Long-Term Debt, Maturity, Year Five",other,USD,6,2022-10-27,2026-01-29,2022-09-30,2025-12-31,10-K; 10-Q,False,not selected,{}
META,us-gaap,OperatingLeaseImpairmentLoss,"Operating Lease, Impairment Loss",other,USD,3,2022-10-27,2026-01-29,2022-09-30,2024-12-31,10-K; 10-Q,False,not selected,{}
META,us-gaap,ProceedsFromIssuanceOfLongTermDebt,Proceeds from Issuance of Long-term Debt,other,USD,26,2022-10-27,2026-07-30,2020-12-31,2026-06-30,10-K; 10-Q,False,not selected,{}
META,us-gaap,ContractualObligationDueAfterFifthYear,"Contractual Obligation, to be Paid, after Year Five",other,USD,4,2023-02-02,2026-01-29,2022-12-31,2025-12-31,10-K,False,not selected,{}
META,us-gaap,ContractualObligationDueInFifthYear,"Contractual Obligation, to be Paid, Year Five",other,USD,4,2023-02-02,2026-01-29,2022-12-31,2025-12-31,10-K,False,not selected,{}
META,us-gaap,DebtSecuritiesAvailableForSaleExcludingAccruedInterest,,other,USD,16,2023-02-02,2026-07-30,2021-12-31,2026-06-30,10-K; 10-Q,False,not selected,{}
META,us-gaap,EffectiveIncomeTaxRateReconciliationFdiiPercent,,other,pure,11,2023-02-02,2026-01-29,2020-12-31,2024-12-31,10-K,False,not selected,{}
META,us-gaap,EquitySecuritiesFvNiGainLoss,"Equity Securities, FV-NI, Gain (Loss)",other,USD,3,2023-02-02,2023-02-02,2020-12-31,2022-12-31,10-K,False,not selected,{}
META,us-gaap,InterestExpenseLongTermDebt,"Interest Expense, Long-term Debt",other,USD,1,2023-02-02,2023-02-02,2022-12-31,2022-12-31,10-K,False,not selected,{}
META,us-gaap,LitigationSettlementAmountAwardedToOtherParty,"Litigation Settlement, Amount Awarded to Other Party",other,USD,15,2023-02-02,2026-07-30,2022-12-22,2022-12-22,10-K; 10-Q,False,not selected,{}
META,us-gaap,RestructuringAndRelatedCostExpectedNumberOfPositionsEliminated,"Restructuring and Related Cost, Expected Number of Positions Eliminated",other,employee,1,2023-02-02,2023-02-02,2022-11-30,2022-11-30,10-K,False,not selected,{}
META,us-gaap,CashAndCashEquivalentsFairValueDisclosure,"Cash and Cash Equivalents, Fair Value Disclosure",other,USD,28,2023-04-27,2026-07-30,2022-12-31,2026-06-30,10-K; 10-Q,False,not selected,{}
META,us-gaap,InterestExpenseDebt,"Interest Expense, Debt",other,USD,21,2023-04-27,2026-07-30,2022-12-31,2026-06-30,10-K; 10-Q,False,not selected,{}
META,us-gaap,LongTermDebt,Long-term Debt,other,USD,16,2023-04-27,2026-07-30,2022-12-31,2026-06-30,10-K; 10-Q,False,not selected,{}
META,us-gaap,LongTermDebtMaturitiesRepaymentsOfPrincipalInYearFour,"Long-Term Debt, Maturity, Year Four",other,USD,8,2023-04-27,2026-07-30,2023-03-31,2026-06-30,10-K; 10-Q,False,not selected,{}
META,us-gaap,ProceedsFromSaleAndMaturityOfAvailableForSaleSecurities,"Proceeds from Sale and Maturity of Debt Securities, Available-for-sale",revenue_candidate_VERIFY_scope_and_currency,USD,25,2023-04-27,2026-07-30,2021-12-31,2026-06-30,10-K; 10-Q,False,not selected,{}
META,us-gaap,ShareBasedCompensationArrangementByShareBasedPaymentAwardNumberOfAdditionalSharesAuthorized,"Share-based Compensation Arrangement by Share-based Payment Award, Number of Additional Shares Authorized",other_share_concept_NOT_automatically_outstanding,shares,5,2023-04-27,2024-02-02,2023-01-01,2023-03-01,10-K; 10-Q,False,not selected,{}
META,us-gaap,DeferredTaxAssetsUnrealizedLossesOnAvailableforSaleSecuritiesGross,"Deferred Tax Assets, Unrealized Losses on Available-for-Sale Securities, Gross",revenue_candidate_VERIFY_scope_and_currency,USD,6,2024-02-02,2026-01-29,2022-12-31,2025-12-31,10-K,False,not selected,{}
META,us-gaap,OtherComprehensiveIncomeUnrealizedHoldingGainLossOnSecuritiesArisingDuringPeriodNetOfTax,"OCI, Debt Securities, Available-for-Sale, Unrealized Holding Gain (Loss), before Adjustment, after Tax",other,USD,35,2024-02-02,2026-07-30,2021-12-31,2026-06-30,10-K; 10-Q,False,not selected,{}
META,us-gaap,DividendsCommonStock,"Dividends, Common Stock",other,USD,24,2024-04-25,2026-07-30,2024-03-31,2026-06-30,10-K; 10-Q,False,not selected,{}
META,us-gaap,IncrementalCommonSharesAttributableToShareBasedPaymentArrangements,Incremental Common Shares Attributable to Dilutive Effect of Share-based Payment Arrangements,other_share_concept_NOT_automatically_outstanding,shares,32,2024-04-25,2026-07-30,2022-12-31,2026-06-30,10-K; 10-Q,False,not selected,{}
META,us-gaap,NetIncomeLossAttributableToParentDiluted,"Net Income (Loss) Attributable to Parent, Diluted",other,USD,32,2024-04-25,2026-07-30,2022-12-31,2026-06-30,10-K; 10-Q,False,not selected,{}
META,us-gaap,PaymentsOfDividends,Payments of Dividends,other,USD,32,2024-04-25,2026-07-30,2022-12-31,2026-06-30,10-K; 10-Q,False,not selected,{}
META,us-gaap,UndistributedEarnings,"Undistributed Earnings, Basic",other,USD,32,2024-04-25,2026-07-30,2022-12-31,2026-06-30,10-K; 10-Q,False,not selected,{}
META,us-gaap,CommonStockDividendsPerShareDeclared,"Common Stock, Dividends, Per Share, Declared",other,USD/shares,23,2024-08-01,2026-07-30,2024-03-31,2026-06-30,10-K; 10-Q,False,not selected,{}
META,us-gaap,LongTermDebtMaturitiesRepaymentsOfPrincipalInYearThree,"Long-Term Debt, Maturity, Year Three",other,USD,4,2024-10-31,2026-07-30,2024-09-30,2026-06-30,10-K; 10-Q,False,not selected,{}
META,us-gaap,LossContingencyClaimsDismissedNumber,"Loss Contingency, Claims Dismissed, Number",other,appeal,5,2024-10-31,2025-10-30,2024-06-24,2024-06-24,10-K; 10-Q,False,not selected,{}
META,us-gaap,RestrictedCashAndCashEquivalentsAtCarryingValue,"Restricted Cash and Cash Equivalents, Current",other,USD,18,2024-10-31,2026-07-30,2022-12-31,2026-06-30,10-K; 10-Q,False,not selected,{}
META,us-gaap,RestrictedCashAndCashEquivalentsNoncurrent,"Restricted Cash and Cash Equivalents, Noncurrent",other,USD,18,2024-10-31,2026-07-30,2022-12-31,2026-06-30,10-K; 10-Q,False,not selected,{}
META,us-gaap,StockholdersEquityOther,"Stockholders' Equity, Other",other,USD,15,2024-10-31,2026-07-30,2024-09-30,2025-12-31,10-K; 10-Q,False,not selected,{}
META,us-gaap,DeferredIncomeTaxesAndTaxCredits,Deferred Income Taxes and Tax Credits,other,USD,6,2025-01-30,2026-01-29,2022-12-31,2025-12-31,10-K,False,not selected,{}
META,us-gaap,GoodwillImpairedAccumulatedImpairmentLoss,"Goodwill, Impaired, Accumulated Impairment Loss",other,USD,2,2025-01-30,2026-01-29,2024-12-31,2025-12-31,10-K,False,not selected,{}
META,us-gaap,InterestExpenseNonoperating,,other,USD,6,2025-01-30,2026-01-29,2022-12-31,2025-12-31,10-K,False,not selected,{}
META,us-gaap,LaborAndRelatedExpense,Labor and Related Expense,other,USD,22,2025-01-30,2026-07-30,2022-12-31,2026-06-30,10-K; 10-Q,False,not selected,{}
META,us-gaap,OtherCostAndExpenseOperating,"Other Cost and Expense, Operating",other,USD,22,2025-01-30,2026-07-30,2022-12-31,2026-06-30,10-K; 10-Q,False,not selected,{}
META,us-gaap,ProceedsFromSaleAndMaturityOfMarketableSecurities,Proceeds from Sale and Maturity of Marketable Securities,other,USD,6,2025-01-30,2026-01-29,2022-12-31,2025-12-31,10-K,False,not selected,{}
META,us-gaap,TangibleAssetImpairmentCharges,Tangible Asset Impairment Charges,other,USD,6,2025-01-30,2026-01-29,2022-12-31,2025-12-31,10-K,False,not selected,{}
META,us-gaap,UnrecognizedTaxBenefitsReductionsResultingFromLapseOfApplicableStatuteOfLimitations,"Unrecognized Tax Benefits, Reduction Resulting from Lapse of Applicable Statute of Limitations",other,USD,6,2025-01-30,2026-01-29,2022-12-31,2025-12-31,10-K,False,not selected,{}
META,us-gaap,UnrecordedUnconditionalPurchaseObligationBalanceSheetAmount,Unrecorded Unconditional Purchase Obligation,other,USD,8,2025-01-30,2026-07-30,2024-12-31,2026-06-30,10-K; 10-Q,False,not selected,{}
META,us-gaap,PaymentsOfDividendsCommonStock,"Payments of Ordinary Dividends, Common Stock",other,USD,26,2025-05-01,2026-01-29,2024-03-31,2025-12-31,10-K; 10-Q,False,not selected,{}
META,us-gaap,EquitySecuritiesFvNiUnrealizedGainLoss,"Equity Securities, FV-NI, Unrealized Gain (Loss)",other,USD,13,2025-07-31,2026-07-30,2024-06-30,2026-06-30,10-K; 10-Q,False,not selected,{}
META,us-gaap,VariableInterestEntityEntityMaximumLossExposureAmount,"Variable Interest Entity, Reporting Entity Involvement, Maximum Loss Exposure, Amount",other,USD,7,2025-07-31,2026-07-30,2025-06-30,2026-06-30,10-K; 10-Q,False,not selected,{}
META,us-gaap,DebtSecuritiesAvailableForSaleAccumulatedGrossUnrealizedGainLossBeforeTax,"Debt Securities, Available-for-sale, Accumulated Gross Unrealized Gain (Loss), before Tax",other,USD,6,2025-10-30,2026-07-30,2024-12-31,2026-03-31,10-K; 10-Q,False,not selected,{}
META,us-gaap,DeferredTaxLiabilitiesOther,"Deferred Tax Liabilities, Other",other,USD,2,2026-01-29,2026-01-29,2024-12-31,2025-12-31,10-K,False,not selected,{}
META,us-gaap,DeferredTaxLiabilitiesOtherComprehensiveIncome,"Deferred Tax Liabilities, Other Comprehensive Income",other,USD,2,2026-01-29,2026-01-29,2024-12-31,2025-12-31,10-K,False,not selected,{}
META,us-gaap,EffectiveIncomeTaxRateReconciliationChangeInDeferredTaxAssetsValuationAllowance,"Effective Income Tax Rate Reconciliation, Change in Deferred Tax Assets Valuation Allowance, Percent",other,pure,1,2026-01-29,2026-01-29,2025-12-31,2025-12-31,10-K,False,not selected,{}
META,us-gaap,EffectiveIncomeTaxRateReconciliationShareBasedCompensationExcessTaxBenefitAmount,"Effective Income Tax Rate Reconciliation, Tax Expense (Benefit), Share-based Payment Arrangement, Amount",other,USD,1,2026-01-29,2026-01-29,2025-12-31,2025-12-31,10-K,False,not selected,{}
META,us-gaap,EffectiveIncomeTaxRateReconciliationTaxContingencies,"Effective Income Tax Rate Reconciliation, Tax Contingency, Percent",other,pure,1,2026-01-29,2026-01-29,2025-12-31,2025-12-31,10-K,False,not selected,{}
META,us-gaap,EffectiveIncomeTaxRateReconciliationTaxCreditsForeign,"Effective Income Tax Rate Reconciliation, Tax Credit, Foreign, Percent",other,pure,1,2026-01-29,2026-01-29,2025-12-31,2025-12-31,10-K,False,not selected,{}
META,us-gaap,IncomeTaxPaidFederalAfterRefundReceived,,other,USD,1,2026-01-29,2026-01-29,2025-12-31,2025-12-31,10-K,False,not selected,{}
META,us-gaap,IncomeTaxPaidStateAndLocalAfterRefundReceived,,other,USD,1,2026-01-29,2026-01-29,2025-12-31,2025-12-31,10-K,False,not selected,{}
META,us-gaap,IncomeTaxReconciliationChangeInDeferredTaxAssetsValuationAllowance,"Effective Income Tax Rate Reconciliation, Change in Deferred Tax Assets Valuation Allowance, Amount",other,USD,1,2026-01-29,2026-01-29,2025-12-31,2025-12-31,10-K,False,not selected,{}
META,us-gaap,IncomeTaxReconciliationForeignIncomeTaxRateDifferential,"Effective Income Tax Rate Reconciliation, Foreign Income Tax Rate Differential, Amount",other,USD,1,2026-01-29,2026-01-29,2025-12-31,2025-12-31,10-K,False,not selected,{}
META,us-gaap,IncomeTaxReconciliationIncomeTaxExpenseBenefitAtFederalStatutoryIncomeTaxRate,"Effective Income Tax Rate Reconciliation at Federal Statutory Income Tax Rate, Amount",other,USD,1,2026-01-29,2026-01-29,2025-12-31,2025-12-31,10-K,False,not selected,{}
META,us-gaap,IncomeTaxReconciliationOtherAdjustments,"Effective Income Tax Rate Reconciliation, Other Adjustments, Amount",other,USD,1,2026-01-29,2026-01-29,2025-12-31,2025-12-31,10-K,False,not selected,{}
META,us-gaap,IncomeTaxReconciliationStateAndLocalIncomeTaxes,"Effective Income Tax Rate Reconciliation, State and Local Income Taxes, Amount",other,USD,1,2026-01-29,2026-01-29,2025-12-31,2025-12-31,10-K,False,not selected,{}
META,us-gaap,IncomeTaxReconciliationTaxContingencies,"Effective Income Tax Rate Reconciliation, Tax Contingency, Amount",other,USD,1,2026-01-29,2026-01-29,2025-12-31,2025-12-31,10-K,False,not selected,{}
META,us-gaap,IncomeTaxReconciliationTaxCreditsForeign,"Effective Income Tax Rate Reconciliation, Tax Credit, Foreign, Amount",other,USD,1,2026-01-29,2026-01-29,2025-12-31,2025-12-31,10-K,False,not selected,{}
META,us-gaap,IncomeTaxReconciliationTaxCreditsResearch,"Effective Income Tax Rate Reconciliation, Tax Credit, Research, Amount",other,USD,1,2026-01-29,2026-01-29,2025-12-31,2025-12-31,10-K,False,not selected,{}
META,us-gaap,LongTermDebtMaturitiesRepaymentsOfPrincipalInNextTwelveMonths,"Long-Term Debt, Maturity, Year One",other,USD,2,2026-01-29,2026-07-30,2025-12-31,2026-06-30,10-K; 10-Q,False,not selected,{}
META,us-gaap,LongTermDebtMaturitiesRepaymentsOfPrincipalInYearTwo,"Long-Term Debt, Maturity, Year Two",other,USD,2,2026-01-29,2026-07-30,2025-12-31,2026-06-30,10-K; 10-Q,False,not selected,{}
META,us-gaap,AntidilutiveSecuritiesExcludedFromComputationOfEarningsPerShareAmount,"Antidilutive Securities Excluded from Computation of Earnings Per Share, Amount",other_share_concept_NOT_automatically_outstanding,shares,6,2026-04-30,2026-07-30,2025-03-31,2026-06-30,10-Q,False,not selected,{}
META,us-gaap,LongTermDebtMaturitiesRepaymentsOfPrincipalRemainderOfFiscalYear,"Long-Term Debt, Maturity, Remainder of Fiscal Year",other,USD,1,2026-07-30,2026-07-30,2026-06-30,2026-06-30,10-Q,False,not selected,{}
META,us-gaap,SeveranceCosts1,Severance Costs,other,USD,1,2026-07-30,2026-07-30,2026-06-30,2026-06-30,10-Q,False,not selected,{}
META,srt,StockRepurchaseProgramAuthorizedAmount1,,other,USD,3,2024-08-01,2025-01-30,2024-01-31,2024-01-31,10-K; 10-Q,False,not selected,{}
META,ecd,CoSelectedMeasureAmt,,other,USD,5,2026-04-16,2026-04-16,2021-12-31,2025-12-31,DEF 14A,False,not selected,{}
META,ecd,NonPeoNeoAvgCompActuallyPaidAmt,,other,USD,5,2026-04-16,2026-04-16,2021-12-31,2025-12-31,DEF 14A,False,not selected,{}
META,ecd,NonPeoNeoAvgTotalCompAmt,,other,USD,5,2026-04-16,2026-04-16,2021-12-31,2025-12-31,DEF 14A,False,not selected,{}
META,ecd,PeerGroupTotalShareholderRtnAmt,,other,USD,5,2026-04-16,2026-04-16,2021-12-31,2025-12-31,DEF 14A,False,not selected,{}
META,ecd,PeoActuallyPaidCompAmt,,other,USD,5,2026-04-16,2026-04-16,2021-12-31,2025-12-31,DEF 14A,False,not selected,{}
META,ecd,PeoTotalCompAmt,,other,USD,5,2026-04-16,2026-04-16,2021-12-31,2025-12-31,DEF 14A,False,not selected,{}
META,ecd,TotalShareholderRtnAmt,,other,USD,5,2026-04-16,2026-04-16,2021-12-31,2025-12-31,DEF 14A,False,not selected,{}
META,ffd,NetFeeAmt,,other,USD,2,2026-04-30,2026-05-01,2026-04-28,2026-05-01,424B2; S-3ASR,False,not selected,{}
META,ffd,TtlFeeAmt,,other,USD,2,2026-04-30,2026-05-01,2026-04-28,2026-05-01,424B2; S-3ASR,False,not selected,{}
META,ffd,TtlOfferingAmt,,other,USD,2,2026-04-30,2026-05-01,2026-04-28,2026-05-01,424B2; S-3ASR,False,not selected,{}
META,ffd,TtlOffsetAmt,,other,USD,2,2026-04-30,2026-05-01,2026-04-28,2026-05-01,424B2; S-3ASR,False,not selected,{}
META,ffd,TtlPrevslyPdAmt,,other,USD,2,2026-04-30,2026-05-01,2026-04-28,2026-05-01,424B2; S-3ASR,False,not selected,{}
META,ffd,NrrtvMaxAggtOfferingPric,,other,USD,1,2026-05-01,2026-05-01,2026-05-01,2026-05-01,424B2,False,not selected,{}
RKLB,dei,EntityCommonStockSharesOutstanding,"Entity Common Stock, Shares Outstanding",shares_outstanding_candidate_VERIFY_classes_and_ADS,shares,21,2021-11-15,2026-08-10,2021-11-09,2026-08-05,10-K; 10-K/A; 10-Q,True,21,{}
RKLB,dei,EntityPublicFloat,Entity Public Float,other,USD,8,2021-03-31,2026-02-26,2020-12-31,2025-06-30,10-K; 10-K/A,False,not selected,{}
RKLB,us-gaap,AccountsPayableCurrent,"Accounts Payable, Current",other,USD,40,2021-11-15,2026-08-10,2020-12-31,2026-06-30,10-K; 10-Q,False,not selected,{}
RKLB,us-gaap,AccountsReceivableNetCurrent,"Accounts Receivable, after Allowance for Credit Loss, Current",other,USD,40,2021-11-15,2026-08-10,2020-12-31,2026-06-30,10-K; 10-Q,False,not selected,{}
RKLB,us-gaap,AccruedLiabilitiesCurrent,"Accrued Liabilities, Current",other,USD,47,2020-11-16,2026-08-10,2020-09-30,2026-06-30,10-K; 10-K/A; 10-Q,False,not selected,{}
RKLB,us-gaap,AccumulatedDepreciationDepletionAndAmortizationPropertyPlantAndEquipment,"Accumulated Depreciation, Depletion and Amortization, Property, Plant, and Equipment",other,USD,40,2021-11-15,2026-08-10,2020-12-31,2026-06-30,10-K; 10-Q,False,not selected,{}
RKLB,us-gaap,AccumulatedOtherComprehensiveIncomeLossNetOfTax,"Accumulated Other Comprehensive Income (Loss), Net of Tax",other,USD,40,2021-11-15,2026-08-10,2020-12-31,2026-06-30,10-K; 10-Q,False,not selected,{}
RKLB,us-gaap,AdditionalPaidInCapital,Additional Paid in Capital,other,USD,47,2020-11-16,2026-08-10,2020-09-30,2026-06-30,10-K; 10-K/A; 10-Q,False,not selected,{}
RKLB,us-gaap,AdjustmentOfWarrantsGrantedForServices,Adjustment of Warrants Granted for Services,other,USD,25,2021-11-15,2025-02-27,2020-09-30,2024-12-31,10-K; 10-Q,False,not selected,{}
RKLB,us-gaap,AdjustmentsToAdditionalPaidInCapitalOther,"Adjustments to Additional Paid in Capital, Other",other,USD,1,2021-05-03,2021-05-03,2020-12-31,2020-12-31,10-K/A,False,not selected,{}
RKLB,us-gaap,AdjustmentsToAdditionalPaidInCapitalShareBasedCompensationStockOptionsRequisiteServicePeriodRecognition,"APIC, Share-based Payment Arrangement, Option, Increase for Cost Recognition",other,USD,74,2021-11-15,2026-08-10,2020-03-31,2026-06-30,10-K; 10-Q,False,not selected,{}
RKLB,us-gaap,AdjustmentsToAdditionalPaidInCapitalSharebasedCompensationRequisiteServicePeriodRecognitionValue,"APIC, Share-based Payment Arrangement, Increase for Cost Recognition",other,USD,7,2021-11-15,2024-02-28,2021-08-25,2021-09-30,10-K; 10-Q,False,not selected,{}
RKLB,us-gaap,AdjustmentsToAdditionalPaidInCapitalWarrantIssued,"Adjustments to Additional Paid in Capital, Warrant Issued",other,USD,8,2021-11-15,2026-02-26,2020-12-31,2023-12-31,10-K; 10-Q,False,not selected,{}
RKLB,us-gaap,AllocatedShareBasedCompensationExpense,"Share-based Payment Arrangement, Expense",other,USD,69,2021-11-15,2026-08-10,2020-09-30,2026-06-30,10-K; 10-Q,False,not selected,{}
RKLB,us-gaap,AmortizationOfFinancingCosts,Amortization of Debt Issuance Costs,other,USD,42,2021-11-15,2026-08-10,2020-12-31,2026-06-30,10-K; 10-Q,False,not selected,{}
RKLB,us-gaap,AmortizationOfIntangibleAssets,Amortization of Intangible Assets,other,USD,64,2021-11-15,2026-08-10,2020-09-30,2026-06-30,10-K; 10-Q,False,not selected,{}
RKLB,us-gaap,Assets,Assets,other,USD,47,2020-11-16,2026-08-10,2020-09-30,2026-06-30,10-K; 10-K/A; 10-Q,False,not selected,{}
RKLB,us-gaap,AssetsCurrent,"Assets, Current",other,USD,47,2020-11-16,2026-08-10,2020-09-30,2026-06-30,10-K; 10-K/A; 10-Q,False,not selected,{}
RKLB,us-gaap,AssetsHeldInTrust,Assets Held-in-trust,other,USD,4,2021-05-24,2021-08-03,2020-12-31,2021-06-30,10-Q,False,not selected,{}
RKLB,us-gaap,AssetsHeldInTrustNoncurrent,"Assets Held-in-trust, Noncurrent",other,USD,7,2020-11-16,2021-08-03,2020-09-30,2021-06-30,10-K; 10-K/A; 10-Q,False,not selected,{}
RKLB,us-gaap,BusinessAcquisitionCostOfAcquiredEntityTransactionCosts,"Business Acquisition, Transaction Costs",other,USD,9,2020-11-16,2024-02-28,2020-09-30,2021-12-31,10-K; 10-K/A; 10-Q,False,not selected,{}
RKLB,us-gaap,BusinessAcquisitionPercentageOfVotingInterestsAcquired,"Business Acquisition, Percentage of Voting Interests Acquired",other,pure,5,2020-11-16,2021-08-03,2020-09-30,2021-06-30,10-K; 10-K/A; 10-Q,False,not selected,{}
RKLB,us-gaap,BusinessCombinationRecognizedIdentifiableAssetsAcquiredAndLiabilitiesAssumedCurrentAssetsPrepaidExpenseAndOtherAssets,"Business Combination, Recognized Identifiable Assets Acquired and Liabilities Assumed, Current Assets, Prepaid Expense and Other Assets",other,USD,12,2021-11-15,2024-02-28,2020-12-31,2023-12-31,10-K; 10-Q,False,not selected,{}
RKLB,us-gaap,Cash,Cash,other,USD,4,2021-11-15,2024-02-28,2021-09-30,2021-12-31,10-K; 10-Q,False,not selected,{}
RKLB,us-gaap,CashAndCashEquivalentsAtCarryingValue,"Cash and Cash Equivalents, at Carrying Value",other,USD,47,2020-11-16,2026-08-10,2020-09-30,2026-06-30,10-K; 10-K/A; 10-Q,False,not selected,{}
RKLB,us-gaap,CashCashEquivalentsRestrictedCashAndRestrictedCashEquivalents,"Cash, Cash Equivalents, Restricted Cash and Restricted Cash Equivalents",other,USD,79,2021-11-15,2026-08-10,2019-12-31,2026-06-30,10-K; 10-Q,False,not selected,{}
RKLB,us-gaap,CashCashEquivalentsRestrictedCashAndRestrictedCashEquivalentsPeriodIncreaseDecreaseIncludingExchangeRateEffect,"Cash, Cash Equivalents, Restricted Cash and Restricted Cash Equivalents, Period Increase (Decrease), Including Exchange Rate Effect",other,USD,49,2020-11-16,2026-08-10,2020-09-30,2026-06-30,10-K; 10-K/A; 10-Q,False,not selected,{}
RKLB,us-gaap,ClassOfWarrantOrRightExercisePriceOfWarrantsOrRights1,"Class of Warrant or Right, Exercise Price of Warrants or Rights",other,USD/shares,5,2021-05-03,2023-03-07,2020-09-29,2021-12-22,10-K; 10-K/A; 10-Q,False,not selected,{}
RKLB,us-gaap,CommonStockParOrStatedValuePerShare,"Common Stock, Par or Stated Value Per Share",other,USD/shares,41,2021-11-15,2026-08-10,2020-12-31,2026-06-30,10-K; 10-Q,False,not selected,{}
RKLB,us-gaap,CommonStockSharesAuthorized,"Common Stock, Shares Authorized",other_share_concept_NOT_automatically_outstanding,shares,40,2021-11-15,2026-08-10,2020-12-31,2026-06-30,10-K; 10-Q,False,not selected,{}
RKLB,us-gaap,CommonStockSharesIssued,"Common Stock, Shares, Issued",other_share_concept_NOT_automatically_outstanding,shares,40,2021-11-15,2026-08-10,2020-12-31,2026-06-30,10-K; 10-Q,False,not selected,{}
RKLB,us-gaap,CommonStockSharesOutstanding,"Common Stock, Shares, Outstanding",shares_outstanding_candidate_VERIFY_classes_and_ADS,shares,40,2021-11-15,2026-08-10,2020-12-31,2026-06-30,10-K; 10-Q,False,not selected,{}
RKLB,us-gaap,CommonStockValue,"Common Stock, Value, Issued",other,USD,42,2021-05-03,2026-08-10,2020-12-31,2026-06-30,10-K; 10-K/A; 10-Q,False,not selected,{}
RKLB,us-gaap,ComprehensiveIncomeNetOfTax,"Comprehensive Income (Loss), Net of Tax, Attributable to Parent",other,USD,64,2021-11-15,2026-08-10,2020-09-30,2026-06-30,10-K; 10-Q,False,not selected,{}
RKLB,us-gaap,ContractWithCustomerAssetNet,"Contract with Customer, Asset, after Allowance for Credit Loss",other,USD,40,2021-11-15,2026-08-10,2020-12-31,2026-06-30,10-K; 10-Q,False,not selected,{}
RKLB,us-gaap,ContractWithCustomerAssetNetCurrent,"Contract with Customer, Asset, after Allowance for Credit Loss, Current",other,USD,40,2021-11-15,2026-08-10,2020-12-31,2026-06-30,10-K; 10-Q,False,not selected,{}
RKLB,us-gaap,ContractWithCustomerLiability,"Contract with Customer, Liability",other,USD,57,2021-11-15,2026-08-10,2019-12-31,2026-06-30,10-K; 10-Q,False,not selected,{}
RKLB,us-gaap,ContractWithCustomerLiabilityCurrent,"Contract with Customer, Liability, Current",other,USD,40,2021-11-15,2026-08-10,2020-12-31,2026-06-30,10-K; 10-Q,False,not selected,{}
RKLB,us-gaap,ContractWithCustomerReceivableAfterAllowanceForCreditLoss,"Contract with Customer, Receivable, after Allowance for Credit Loss",other,USD,40,2021-11-15,2026-08-10,2020-12-31,2026-06-30,10-K; 10-Q,False,not selected,{}
RKLB,us-gaap,CostOfRevenue,Cost of Revenue,revenue_candidate_VERIFY_scope_and_currency,USD,64,2021-11-15,2026-08-10,2020-09-30,2026-06-30,10-K; 10-Q,False,not selected,{}
RKLB,us-gaap,DeferredCompensationLiabilityCurrent,"Deferred Compensation Liability, Current",other,USD,3,2021-05-03,2021-05-24,2020-12-31,2021-03-31,10-K/A; 10-Q,False,not selected,{}
RKLB,us-gaap,DeferredIncomeTaxAssetsNet,"Deferred Income Tax Assets, Net",other,USD,40,2021-11-15,2026-08-10,2020-12-31,2026-06-30,10-K; 10-Q,False,not selected,{}
RKLB,us-gaap,DeferredIncomeTaxesAndTaxCredits,Deferred Income Taxes and Tax Credits,other,USD,44,2021-11-15,2026-08-10,2020-09-30,2026-06-30,10-K; 10-Q,False,not selected,{}
RKLB,us-gaap,DeferredRevenueRevenueRecognized1,"Deferred Revenue, Revenue Recognized",revenue_candidate_VERIFY_scope_and_currency,USD,23,2021-11-15,2024-11-12,2020-12-31,2024-09-30,10-K; 10-Q,False,not selected,{}
RKLB,us-gaap,Depreciation,Depreciation,other,USD,64,2021-11-15,2026-08-10,2020-09-30,2026-06-30,10-K; 10-Q,False,not selected,{}
RKLB,us-gaap,DepreciationAndAmortization,"Depreciation, Depletion and Amortization, Nonproduction",other,USD,44,2021-11-15,2026-08-10,2020-09-30,2026-06-30,10-K; 10-Q,False,not selected,{}
RKLB,us-gaap,DerivativeLiabilities,Derivative Liability,other,USD,5,2021-05-03,2021-08-03,2020-12-31,2021-06-30,10-K/A; 10-Q,False,not selected,{}
RKLB,us-gaap,EarningsPerShareBasicAndDiluted,"Earnings Per Share, Basic and Diluted",other,USD/shares,8,2021-11-15,2022-05-16,2020-09-30,2022-03-31,10-K; 10-Q,False,not selected,{}
RKLB,us-gaap,EffectiveIncomeTaxRateContinuingOperations,"Effective Income Tax Rate Reconciliation, Percent",other,pure,64,2021-11-15,2026-08-10,2020-09-30,2026-06-30,10-K; 10-Q,False,not selected,{}
RKLB,us-gaap,EffectOfExchangeRateOnCashCashEquivalentsRestrictedCashAndRestrictedCashEquivalents,"Effect of Exchange Rate on Cash, Cash Equivalents, Restricted Cash and Restricted Cash Equivalents",other,USD,44,2021-11-15,2026-08-10,2020-09-30,2026-06-30,10-K; 10-Q,False,not selected,{}
RKLB,us-gaap,EmployeeRelatedLiabilitiesCurrent,"Employee-related Liabilities, Current",other,USD,40,2021-11-15,2026-08-10,2020-12-31,2026-06-30,10-K; 10-Q,False,not selected,{}
RKLB,us-gaap,EmployeeServiceShareBasedCompensationNonvestedAwardsTotalCompensationCostNotYetRecognizedStockOptions,"Share-based Payment Arrangement, Nonvested Award, Option, Cost Not yet Recognized, Amount",other,USD,1,2021-11-15,2021-11-15,2021-09-30,2021-09-30,10-Q,False,not selected,{}
RKLB,us-gaap,EquityMethodInvestmentOwnershipPercentage,"Equity Method Investment, Ownership Percentage",other,pure,4,2021-11-15,2022-08-11,2021-09-30,2022-06-30,10-K; 10-Q,False,not selected,{}
RKLB,us-gaap,FairValueAdjustmentOfWarrants,Fair Value Adjustment of Warrants,other,USD,38,2021-05-03,2025-02-27,2020-09-30,2024-12-31,10-K; 10-K/A; 10-Q,False,not selected,{}
RKLB,us-gaap,FairValueMeasurementWithUnobservableInputsReconciliationRecurringBasisLiabilityGainLossIncludedInEarnings,"Fair Value, Measurement with Unobservable Inputs Reconciliation, Recurring Basis, Liability, Gain (Loss) Included in Earnings",other,USD,6,2021-11-15,2024-02-28,2020-12-31,2021-12-31,10-K; 10-Q,False,not selected,{}
RKLB,us-gaap,FairValueMeasurementWithUnobservableInputsReconciliationsRecurringBasisLiabilityValue,"Fair Value, Measurement with Unobservable Inputs Reconciliation, Recurring Basis, Liability Value",other,USD,17,2021-11-15,2026-08-10,2019-12-31,2026-06-30,10-K; 10-Q,False,not selected,{}
RKLB,us-gaap,FederalDepositInsuranceCorporationPremiumExpense,Federal Deposit Insurance Corporation Premium Expense,other,USD,3,2021-05-03,2021-08-03,2020-12-31,2021-06-30,10-K/A; 10-Q,False,not selected,{}
RKLB,us-gaap,FiniteLivedIntangibleAssetsAccumulatedAmortization,"Finite-Lived Intangible Assets, Accumulated Amortization",other,USD,36,2021-11-15,2026-08-10,2020-12-31,2026-06-30,10-K; 10-Q,False,not selected,{}
RKLB,us-gaap,FiniteLivedIntangibleAssetsAmortizationExpenseNextTwelveMonths,"Finite-Lived Intangible Asset, Expected Amortization, Year One",other,USD,20,2021-11-15,2026-08-10,2021-09-30,2026-06-30,10-K; 10-Q,False,not selected,{}
RKLB,us-gaap,FiniteLivedIntangibleAssetsAmortizationExpenseRemainderOfFiscalYear,"Finite-Lived Intangible Asset, Expected Amortization, Remainder of Fiscal Year",other,USD,15,2021-11-15,2026-08-10,2021-09-30,2026-06-30,10-Q,False,not selected,{}
RKLB,us-gaap,FiniteLivedIntangibleAssetsAmortizationExpenseYearFour,"Finite-Lived Intangible Asset, Expected Amortization, Year Four",other,USD,20,2021-11-15,2026-08-10,2021-09-30,2026-06-30,10-K; 10-Q,False,not selected,{}
RKLB,us-gaap,FiniteLivedIntangibleAssetsAmortizationExpenseYearThree,"Finite-Lived Intangible Asset, Expected Amortization, Year Three",other,USD,20,2021-11-15,2026-08-10,2021-09-30,2026-06-30,10-K; 10-Q,False,not selected,{}
RKLB,us-gaap,FiniteLivedIntangibleAssetsAmortizationExpenseYearTwo,"Finite-Lived Intangible Asset, Expected Amortization, Year Two",other,USD,20,2021-11-15,2026-08-10,2021-09-30,2026-06-30,10-K; 10-Q,False,not selected,{}
RKLB,us-gaap,FiniteLivedIntangibleAssetsNet,"Finite-Lived Intangible Assets, Net",other,USD,20,2021-11-15,2026-08-10,2021-09-30,2026-06-30,10-K; 10-Q,False,not selected,{}
RKLB,us-gaap,ForeignCurrencyTransactionGainLossBeforeTax,"Foreign Currency Transaction Gain (Loss), before Tax",other,USD,64,2021-11-15,2026-08-10,2020-09-30,2026-06-30,10-K; 10-Q,False,not selected,{}
RKLB,us-gaap,GainLossOnDispositionOfAssets,"Gain (Loss) on Disposition of Property Plant Equipment, Excluding Oil and Gas Property and Timber Property",other,USD,22,2021-11-15,2024-02-28,2020-09-30,2023-12-31,10-K; 10-Q,False,not selected,{}
RKLB,us-gaap,GainsLossesOnExtinguishmentOfDebt,Gain (Loss) on Extinguishment of Debt,other,USD,30,2021-11-15,2026-02-26,2020-12-31,2025-12-31,10-K; 10-Q,False,not selected,{}
RKLB,us-gaap,Goodwill,Goodwill,other,USD,44,2021-11-15,2026-08-10,2019-12-31,2026-06-30,10-K; 10-Q,False,not selected,{}
RKLB,us-gaap,GoodwillForeignCurrencyTranslationGainLoss,"Goodwill, Foreign Currency Translation Gain (Loss)",other,USD,5,2021-11-15,2026-08-10,2020-12-31,2026-06-30,10-K; 10-Q,False,not selected,{}
RKLB,us-gaap,GrantsReceivableCurrent,"Grants Receivable, Current",other,USD,40,2021-11-15,2026-08-10,2020-12-31,2026-06-30,10-K; 10-Q,False,not selected,{}
RKLB,us-gaap,GrossProfit,Gross Profit,other,USD,64,2021-11-15,2026-08-10,2020-09-30,2026-06-30,10-K; 10-Q,False,not selected,{}
RKLB,us-gaap,IncomeLossFromContinuingOperationsBeforeIncomeTaxesMinorityInterestAndIncomeLossFromEquityMethodInvestments,"Income (Loss) from Continuing Operations before Equity Method Investments, Income Taxes, Noncontrolling Interest",other,USD,4,2021-11-15,2021-11-15,2020-09-30,2021-09-30,10-Q,False,not selected,{}
RKLB,us-gaap,IncomeLossFromContinuingOperationsIncludingPortionAttributableToNoncontrollingInterest,"Income (Loss) from Continuing Operations, Net of Tax, Including Portion Attributable to Noncontrolling Interest",other,USD,4,2021-05-03,2021-08-03,2020-12-31,2021-06-30,10-K/A; 10-Q,False,not selected,{}
RKLB,us-gaap,IncomeTaxExpenseBenefit,Income Tax Expense (Benefit),other,USD,64,2021-11-15,2026-08-10,2020-09-30,2026-06-30,10-K; 10-Q,False,not selected,{}
RKLB,us-gaap,IncomeTaxesPaidNet,"Income Taxes Paid, Net",other,USD,43,2021-11-15,2026-08-10,2020-12-31,2026-06-30,10-K; 10-Q,False,not selected,{}
RKLB,us-gaap,IncreaseDecreaseInAccountsPayableTrade,"Increase (Decrease) in Accounts Payable, Trade",other,USD,44,2021-11-15,2026-08-10,2020-09-30,2026-06-30,10-K; 10-Q,False,not selected,{}
RKLB,us-gaap,IncreaseDecreaseInAccountsReceivable,Increase (Decrease) in Accounts Receivable,other,USD,44,2021-11-15,2026-08-10,2020-09-30,2026-06-30,10-K; 10-Q,False,not selected,{}
RKLB,us-gaap,IncreaseDecreaseInAccruedLiabilities,Increase (Decrease) in Accrued Liabilities,other,USD,49,2020-11-16,2026-08-10,2020-09-30,2026-06-30,10-K; 10-K/A; 10-Q,False,not selected,{}
RKLB,us-gaap,IncreaseDecreaseInContractWithCustomerAsset,"Increase (Decrease) in Contract with Customer, Asset",other,USD,44,2021-11-15,2026-08-10,2020-09-30,2026-06-30,10-K; 10-Q,False,not selected,{}
RKLB,us-gaap,IncreaseDecreaseInContractWithCustomerLiability,"Increase (Decrease) in Contract with Customer, Liability",other,USD,44,2021-11-15,2026-08-10,2020-09-30,2026-06-30,10-K; 10-Q,False,not selected,{}
RKLB,us-gaap,IncreaseDecreaseInEmployeeRelatedLiabilities,Increase (Decrease) in Employee Related Liabilities,other,USD,44,2021-11-15,2026-08-10,2020-09-30,2026-06-30,10-K; 10-Q,False,not selected,{}
RKLB,us-gaap,IncreaseDecreaseInInventories,Increase (Decrease) in Inventories,other,USD,44,2021-11-15,2026-08-10,2020-09-30,2026-06-30,10-K; 10-Q,False,not selected,{}
RKLB,us-gaap,IncreaseDecreaseInOtherCurrentLiabilities,Increase (Decrease) in Other Current Liabilities,other,USD,44,2021-11-15,2026-08-10,2020-09-30,2026-06-30,10-K; 10-Q,False,not selected,{}
RKLB,us-gaap,IncreaseDecreaseInOtherNoncurrentLiabilities,Increase (Decrease) in Other Noncurrent Liabilities,other,USD,44,2021-11-15,2026-08-10,2020-09-30,2026-06-30,10-K; 10-Q,False,not selected,{}
RKLB,us-gaap,IncreaseDecreaseInPrepaidDeferredExpenseAndOtherAssets,Increase (Decrease) in Prepaid Expense and Other Assets,other,USD,44,2021-11-15,2026-08-10,2020-09-30,2026-06-30,10-K; 10-Q,False,not selected,{}
RKLB,us-gaap,IncreaseDecreaseInPrepaidExpense,Increase (Decrease) in Prepaid Expense,other,USD,5,2020-11-16,2021-08-03,2020-09-30,2021-06-30,10-K; 10-K/A; 10-Q,False,not selected,{}
RKLB,us-gaap,IntangibleAssetsGrossExcludingGoodwill,"Intangible Assets, Gross (Excluding Goodwill)",other,USD,36,2021-11-15,2026-08-10,2020-12-31,2026-06-30,10-K; 10-Q,False,not selected,{}
RKLB,us-gaap,IntangibleAssetsNetExcludingGoodwill,"Intangible Assets, Net (Excluding Goodwill)",other,USD,40,2021-11-15,2026-08-10,2020-12-31,2026-06-30,10-K; 10-Q,False,not selected,{}
RKLB,us-gaap,InterestIncomeExpenseNonoperatingNet,"Interest Income (Expense), Nonoperating, Net",other,USD,55,2021-11-15,2025-11-10,2020-09-30,2025-09-30,10-K; 10-Q,False,not selected,{}
RKLB,us-gaap,InterestIncomeOther,"Interest Income, Other",other,USD,2,2021-05-03,2021-05-24,2020-12-31,2021-03-31,10-K/A; 10-Q,False,not selected,{}
RKLB,us-gaap,InterestPaid,"Interest Paid, Including Capitalized Interest, Operating and Investing Activities",other,USD,1,2021-11-15,2021-11-15,2021-09-30,2021-09-30,10-Q,False,not selected,{}
RKLB,us-gaap,InventoryNet,"Inventory, Net",other,USD,40,2021-11-15,2026-08-10,2020-12-31,2026-06-30,10-K; 10-Q,False,not selected,{}
RKLB,us-gaap,InventoryRawMaterials,"Inventory, Raw Materials, Gross",other,USD,40,2021-11-15,2026-08-10,2020-12-31,2026-06-30,10-K; 10-Q,False,not selected,{}
RKLB,us-gaap,InventoryWorkInProcess,"Inventory, Work in Process, Gross",other,USD,40,2021-11-15,2026-08-10,2020-12-31,2026-06-30,10-K; 10-Q,False,not selected,{}
RKLB,us-gaap,InvestmentIncomeInterest,"Investment Income, Interest",other,USD,5,2021-03-31,2021-08-03,2020-12-31,2021-06-30,10-K; 10-K/A; 10-Q,False,not selected,{}
RKLB,us-gaap,Liabilities,Liabilities,other,USD,47,2020-11-16,2026-08-10,2020-09-30,2026-06-30,10-K; 10-K/A; 10-Q,False,not selected,{}
RKLB,us-gaap,LiabilitiesAndStockholdersEquity,Liabilities and Equity,other,USD,47,2020-11-16,2026-08-10,2020-09-30,2026-06-30,10-K; 10-K/A; 10-Q,False,not selected,{}
RKLB,us-gaap,LiabilitiesCurrent,"Liabilities, Current",other,USD,44,2021-05-24,2026-08-10,2020-12-31,2026-06-30,10-K; 10-Q,False,not selected,{}
RKLB,us-gaap,LineOfCreditFacilityCommitmentFeeAmount,"Line of Credit Facility, Commitment Fee Amount",other,USD,10,2021-11-15,2024-02-28,2021-06-10,2023-09-30,10-K; 10-Q,False,not selected,{}
RKLB,us-gaap,LineOfCreditFacilityMaximumBorrowingCapacity,"Line of Credit Facility, Maximum Borrowing Capacity",other,USD,13,2021-11-15,2024-02-28,2020-12-23,2021-06-10,10-K; 10-Q,False,not selected,{}
RKLB,us-gaap,LongTermDebtNoncurrent,"Long-term Debt, Excluding Current Maturities",other,USD,39,2021-11-15,2026-08-10,2020-12-31,2026-06-30,10-K; 10-Q,False,not selected,{}
RKLB,us-gaap,NetCashProvidedByUsedInFinancingActivities,Net Cash Provided by (Used in) Financing Activities,other,USD,47,2020-11-16,2026-08-10,2020-09-30,2026-06-30,10-K; 10-K/A; 10-Q,False,not selected,{}
RKLB,us-gaap,NetCashProvidedByUsedInInvestingActivities,Net Cash Provided by (Used in) Investing Activities,other,USD,47,2020-11-16,2026-08-10,2020-09-30,2026-06-30,10-K; 10-K/A; 10-Q,False,not selected,{}
RKLB,us-gaap,NetCashProvidedByUsedInOperatingActivities,Net Cash Provided by (Used in) Operating Activities,other,USD,49,2020-11-16,2026-08-10,2020-09-30,2026-06-30,10-K; 10-K/A; 10-Q,False,not selected,{}
RKLB,us-gaap,NetIncomeLoss,Net Income (Loss) Attributable to Parent,other,USD,105,2020-11-16,2026-08-10,2020-03-31,2026-06-30,10-K; 10-K/A; 10-Q; DEF 14A,False,not selected,{}
RKLB,us-gaap,NetIncomeLossAttributableToRedeemableNoncontrollingInterest,Net Income (Loss) Attributable to Redeemable Noncontrolling Interest,other,USD,4,2021-05-03,2021-08-03,2020-12-31,2021-06-30,10-K/A; 10-Q,False,not selected,{}
RKLB,us-gaap,NetIncomeLossAvailableToCommonStockholdersBasic,"Net Income (Loss) Available to Common Stockholders, Basic",other,USD,4,2021-05-03,2021-08-03,2020-12-31,2021-06-30,10-K/A; 10-Q,False,not selected,{}
RKLB,us-gaap,NetIncomeLossPerOutstandingGeneralPartnershipUnitNetOfTax,"Net Income (Loss), Per Outstanding General Partnership Unit, Net of Tax",other,USD/shares,5,2020-11-16,2021-08-03,2020-09-30,2021-06-30,10-K; 10-K/A; 10-Q,False,not selected,{}
RKLB,us-gaap,NonoperatingIncomeExpense,Nonoperating Income (Expense),other,USD,64,2021-11-15,2026-08-10,2020-09-30,2026-06-30,10-K; 10-Q,False,not selected,{}
RKLB,us-gaap,NumberOfOperatingSegments,Number of Operating Segments,other,Segment,1,2021-11-15,2021-11-15,2021-09-30,2021-09-30,10-Q,False,not selected,{}
RKLB,us-gaap,NumberOfOperatingSegments,Number of Operating Segments,other,Segments,12,2022-03-24,2024-11-12,2021-12-31,2024-09-30,10-K; 10-Q,False,not selected,{}
RKLB,us-gaap,NumberOfOperatingSegments,Number of Operating Segments,other,segment,7,2025-02-27,2026-08-10,2024-12-31,2026-06-30,10-K; 10-Q,False,not selected,{}
RKLB,us-gaap,OperatingCostsAndExpenses,Operating Costs and Expenses,other,USD,4,2020-11-16,2021-05-24,2020-09-30,2021-03-31,10-K; 10-K/A; 10-Q,False,not selected,{}
RKLB,us-gaap,OperatingExpenses,Operating Expenses,other,USD,66,2021-08-03,2026-08-10,2020-09-30,2026-06-30,10-K; 10-Q,False,not selected,{}
RKLB,us-gaap,OperatingIncomeLoss,Operating Income (Loss),other,USD,69,2021-03-31,2026-08-10,2020-09-30,2026-06-30,10-K; 10-K/A; 10-Q,False,not selected,{}
RKLB,us-gaap,OperatingLeaseLiabilityNoncurrent,"Operating Lease, Liability, Noncurrent",other,USD,40,2021-11-15,2026-08-10,2020-12-31,2026-06-30,10-K; 10-Q,False,not selected,{}
RKLB,us-gaap,OperatingLeaseRightOfUseAsset,"Operating Lease, Right-of-Use Asset",other,USD,40,2021-11-15,2026-08-10,2020-12-31,2026-06-30,10-K; 10-Q,False,not selected,{}
RKLB,us-gaap,OtherAssetsCurrent,"Other Assets, Current",other,USD,40,2021-11-15,2026-08-10,2020-12-31,2026-06-30,10-K; 10-Q,False,not selected,{}
RKLB,us-gaap,OtherComprehensiveIncomeLossForeignCurrencyTransactionAndTranslationAdjustmentNetOfTax,"Other Comprehensive Income (Loss), Foreign Currency Transaction and Translation Adjustment, Net of Tax",other,USD,64,2021-11-15,2026-08-10,2020-09-30,2026-06-30,10-K; 10-Q,False,not selected,{}
RKLB,us-gaap,OtherComprehensiveIncomeLossNetOfTaxPortionAttributableToParent,"Other Comprehensive Income (Loss), Net of Tax, Portion Attributable to Parent",other,USD,74,2021-11-15,2026-08-10,2020-03-31,2026-06-30,10-K; 10-Q,False,not selected,{}
RKLB,us-gaap,OtherLiabilitiesCurrent,"Other Liabilities, Current",other,USD,40,2021-11-15,2026-08-10,2020-12-31,2026-06-30,10-K; 10-Q,False,not selected,{}
RKLB,us-gaap,OtherLiabilitiesNoncurrent,"Other Liabilities, Noncurrent",other,USD,39,2021-11-15,2026-08-10,2020-12-31,2026-06-30,10-K; 10-Q,False,not selected,{}
RKLB,us-gaap,OtherNonoperatingIncomeExpense,Other Nonoperating Income (Expense),other,USD,66,2021-08-03,2026-08-10,2020-09-30,2026-06-30,10-K; 10-Q,False,not selected,{}
RKLB,us-gaap,PaymentsForUnderwritingExpense,Payments for Underwriting Expense,other,USD,5,2020-11-16,2021-08-03,2020-09-30,2021-06-30,10-K; 10-K/A; 10-Q,False,not selected,{}
RKLB,us-gaap,PaymentsOfStockIssuanceCosts,Payments of Stock Issuance Costs,other,USD,16,2020-11-16,2026-08-10,2020-09-30,2026-06-30,10-K; 10-K/A; 10-Q,False,not selected,{}
RKLB,us-gaap,PaymentsToAcquireBusinessesNetOfCashAcquired,"Payments to Acquire Businesses, Net of Cash Acquired",other,USD,37,2021-11-15,2026-08-10,2020-09-30,2026-06-30,10-K; 10-Q,False,not selected,{}
RKLB,us-gaap,PaymentsToAcquireInvestments,Payments to Acquire Investments,other,USD,3,2020-11-16,2021-05-03,2020-09-30,2020-12-31,10-K; 10-K/A; 10-Q,False,not selected,{}
RKLB,us-gaap,PaymentsToAcquirePropertyPlantAndEquipment,"Payments to Acquire Property, Plant, and Equipment",other,USD,44,2021-11-15,2026-08-10,2020-09-30,2026-06-30,10-K; 10-Q,False,not selected,{}
RKLB,us-gaap,PreferredStockConvertibleConversionPriceDecrease,"Preferred Stock, Convertible, Conversion Price, Decrease",other,USD/shares,3,2021-11-15,2023-03-07,2021-08-25,2021-12-31,10-K; 10-Q,False,not selected,{}
RKLB,us-gaap,PreferredStockNoParValue,"Preferred Stock, No Par Value",other,USD/shares,3,2020-11-16,2021-05-03,2020-09-30,2020-12-31,10-K; 10-K/A; 10-Q,False,not selected,{}
RKLB,us-gaap,PreferredStockParOrStatedValuePerShare,"Preferred Stock, Par or Stated Value Per Share",other,USD/shares,21,2020-11-16,2026-08-10,2020-09-30,2026-06-30,10-K; 10-K/A; 10-Q,False,not selected,{}
RKLB,us-gaap,PreferredStockSharesAuthorized,"Preferred Stock, Shares Authorized",other_share_concept_NOT_automatically_outstanding,shares,21,2020-11-16,2026-08-10,2020-09-30,2026-06-30,10-K; 10-K/A; 10-Q,False,not selected,{}
RKLB,us-gaap,PreferredStockSharesIssued,"Preferred Stock, Shares Issued",other_share_concept_NOT_automatically_outstanding,shares,15,2021-03-31,2026-08-10,2020-12-31,2026-06-30,10-K; 10-Q,False,not selected,{}
RKLB,us-gaap,PreferredStockSharesOutstanding,"Preferred Stock, Shares Outstanding",shares_outstanding_candidate_VERIFY_classes_and_ADS,shares,15,2021-03-31,2026-08-10,2020-12-31,2026-06-30,10-K; 10-Q,False,not selected,{}
RKLB,us-gaap,PreferredStockValue,"Preferred Stock, Value, Issued",other,USD,15,2021-03-31,2026-08-10,2020-12-31,2026-06-30,10-K; 10-Q,False,not selected,{}
RKLB,us-gaap,PrepaidExpenseAndOtherAssetsCurrent,"Prepaid Expense and Other Assets, Current",other,USD,40,2021-11-15,2026-08-10,2020-12-31,2026-06-30,10-K; 10-Q,False,not selected,{}
RKLB,us-gaap,PrepaidExpenseCurrent,"Prepaid Expense, Current",other,USD,47,2020-11-16,2026-08-10,2020-09-30,2026-06-30,10-K; 10-K/A; 10-Q,False,not selected,{}
RKLB,us-gaap,PrepaidExpenseCurrentAndNoncurrent,Prepaid Expense,other,USD,4,2021-11-15,2024-02-28,2021-09-30,2021-12-31,10-K; 10-Q,False,not selected,{}
RKLB,us-gaap,ProceedsFromDivestitureOfBusinessesNetOfCashDivested,"Proceeds from Divestiture of Businesses, Net of Cash Divested",other,USD,4,2021-11-15,2024-02-28,2021-09-30,2021-12-31,10-K; 10-Q,False,not selected,{}
RKLB,us-gaap,ProceedsFromIssuanceOfCommonStock,Proceeds from Issuance of Common Stock,other,USD,15,2021-05-24,2026-08-10,2021-03-31,2026-06-30,10-K; 10-Q,False,not selected,{}
RKLB,us-gaap,ProceedsFromIssuanceOfPreferredStockAndPreferenceStock,Proceeds from Issuance of Preferred Stock and Preference Stock,other,USD,5,2021-11-15,2023-03-07,2020-09-30,2022-12-31,10-K; 10-Q,False,not selected,{}
RKLB,us-gaap,ProceedsFromIssuanceOfPrivatePlacement,Proceeds from Issuance of Private Placement,other,USD,3,2020-11-16,2021-05-03,2020-09-30,2020-12-31,10-K; 10-K/A; 10-Q,False,not selected,{}
RKLB,us-gaap,ProceedsFromIssuanceOfSecuredDebt,Proceeds from Issuance of Secured Debt,other,USD,24,2021-11-15,2026-08-10,2020-12-31,2026-06-30,10-K; 10-Q,False,not selected,{}
RKLB,us-gaap,ProceedsFromIssuanceOrSaleOfEquity,Proceeds from Issuance or Sale of Equity,other,USD,4,2020-11-16,2021-08-03,2020-09-29,2020-10-20,10-K/A; 10-Q,False,not selected,{}
RKLB,us-gaap,ProceedsFromLongTermLinesOfCredit,Proceeds from Long-term Lines of Credit,other,USD,2,2021-11-15,2022-03-24,2021-09-30,2021-12-31,10-K; 10-Q,False,not selected,{}
RKLB,us-gaap,ProceedsFromRelatedPartyDebt,Proceeds from Related Party Debt,other,USD,3,2020-11-16,2021-05-03,2020-09-30,2020-12-31,10-K; 10-K/A; 10-Q,False,not selected,{}
RKLB,us-gaap,ProceedsFromStockOptionsExercised,Proceeds from Stock Options Exercised,other,USD,44,2021-11-15,2026-08-10,2020-09-30,2026-06-30,10-K; 10-Q,False,not selected,{}
RKLB,us-gaap,ProfitLoss,"Net Income (Loss), Including Portion Attributable to Noncontrolling Interest",other,USD,51,2020-11-16,2026-08-10,2020-09-30,2026-06-30,10-K; 10-K/A; 10-Q,False,not selected,{}
RKLB,us-gaap,PropertyPlantAndEquipmentGross,"Property, Plant and Equipment, Gross",other,USD,40,2021-11-15,2026-08-10,2020-12-31,2026-06-30,10-K; 10-Q,False,not selected,{}
RKLB,us-gaap,PropertyPlantAndEquipmentNet,"Property, Plant and Equipment, Net",other,USD,40,2021-11-15,2026-08-10,2020-12-31,2026-06-30,10-K; 10-Q,False,not selected,{}
RKLB,us-gaap,ProvisionForLossOnContracts,Provision for Loss on Contracts,other,USD,23,2021-11-15,2026-08-10,2021-09-30,2026-06-30,10-K; 10-Q,False,not selected,{}
RKLB,us-gaap,RelatedPartyTransactionDueFromToRelatedParty,"Related Party Transaction, Due from (to) Related Party",other,USD,14,2021-11-15,2023-05-09,2020-12-31,2023-03-31,10-K; 10-Q,False,not selected,{}
RKLB,us-gaap,RepaymentsOfLongTermLinesOfCredit,Repayments of Long-term Lines of Credit,other,USD,12,2021-11-15,2024-02-28,2020-12-31,2023-12-31,10-K; 10-Q,False,not selected,{}
RKLB,us-gaap,RepaymentsOfRelatedPartyDebt,Repayments of Related Party Debt,other,USD,3,2020-11-16,2021-05-03,2020-09-30,2020-12-31,10-K; 10-K/A; 10-Q,False,not selected,{}
RKLB,us-gaap,ResearchAndDevelopmentExpense,Research and Development Expense,other,USD,64,2021-11-15,2026-08-10,2020-09-30,2026-06-30,10-K; 10-Q,False,not selected,{}
RKLB,us-gaap,RestrictedCashNoncurrent,"Restricted Cash, Noncurrent",other,USD,40,2021-11-15,2026-08-10,2020-12-31,2026-06-30,10-K; 10-Q,False,not selected,{}
RKLB,us-gaap,RetainedEarningsAccumulatedDeficit,Retained Earnings (Accumulated Deficit),other,USD,47,2020-11-16,2026-08-10,2020-09-30,2026-06-30,10-K; 10-K/A; 10-Q,False,not selected,{}
RKLB,us-gaap,RevenueFromContractWithCustomerExcludingAssessedTax,"Revenue from Contract with Customer, Excluding Assessed Tax",revenue_candidate_VERIFY_scope_and_currency,USD,64,2021-11-15,2026-08-10,2020-09-30,2026-06-30,10-K; 10-Q,True,64,{}
RKLB,us-gaap,RevenueRemainingPerformanceObligation,"Revenue, Remaining Performance Obligation, Amount",revenue_candidate_VERIFY_scope_and_currency,USD,21,2021-11-15,2026-08-10,2020-12-31,2026-06-30,10-K; 10-Q,False,not selected,{}
RKLB,us-gaap,RightOfUseAssetObtainedInExchangeForOperatingLeaseLiability,Right-of-Use Asset Obtained in Exchange for Operating Lease Liability,other,USD,44,2021-11-15,2026-08-10,2020-09-30,2026-06-30,10-K; 10-Q,False,not selected,{}
RKLB,us-gaap,SaleOfStockNumberOfSharesIssuedInTransaction,"Sale of Stock, Number of Shares Issued in Transaction",other_share_concept_NOT_automatically_outstanding,shares,1,2021-03-31,2021-03-31,2020-12-31,2020-12-31,10-K,False,not selected,{}
RKLB,us-gaap,SaleOfStockPricePerShare,"Sale of Stock, Price Per Share",other,USD/shares,10,2020-11-16,2026-05-07,2020-09-29,2026-03-17,10-K; 10-K/A; 10-Q,False,not selected,{}
RKLB,us-gaap,SellingGeneralAndAdministrativeExpense,"Selling, General and Administrative Expense",other,USD,64,2021-11-15,2026-08-10,2020-09-30,2026-06-30,10-K; 10-Q,False,not selected,{}
RKLB,us-gaap,ShareBasedCompensation,"Share-based Payment Arrangement, Noncash Expense",other,USD,44,2021-11-15,2026-08-10,2020-09-30,2026-06-30,10-K; 10-Q,False,not selected,{}
RKLB,us-gaap,ShareBasedCompensationArrangementByShareBasedPaymentAwardFairValueAssumptionsExpectedVolatilityRate,"Share-based Compensation Arrangement by Share-based Payment Award, Fair Value Assumptions, Expected Volatility Rate",other,pure,7,2021-05-03,2023-03-07,2020-09-29,2022-12-31,10-K; 10-K/A,False,not selected,{}
RKLB,us-gaap,ShareBasedCompensationArrangementByShareBasedPaymentAwardFairValueAssumptionsRiskFreeInterestRate,"Share-based Compensation Arrangement by Share-based Payment Award, Fair Value Assumptions, Risk Free Interest Rate",other,pure,7,2021-05-03,2023-03-07,2020-09-29,2022-12-31,10-K; 10-K/A,False,not selected,{}
RKLB,us-gaap,ShareBasedCompensationArrangementByShareBasedPaymentAwardOptionsGrantsInPeriodWeightedAverageGrantDateFairValue,"Share-based Compensation Arrangement by Share-based Payment Award, Options, Grants in Period, Weighted Average Grant Date Fair Value",weighted_average_NOT_outstanding,USD/shares,4,2021-05-03,2023-03-07,2020-09-29,2020-12-31,10-K; 10-K/A,False,not selected,{}
RKLB,us-gaap,SharebasedCompensationArrangementBySharebasedPaymentAwardAwardVestingRightsPercentage,"Share-based Compensation Arrangement by Share-based Payment Award, Award Vesting Rights, Percentage",other,pure,6,2021-11-15,2023-03-07,2021-09-30,2022-12-31,10-K; 10-Q,False,not selected,{}
RKLB,us-gaap,SharePrice,Share Price,other,USD/shares,7,2021-05-03,2023-03-07,2020-09-29,2022-12-31,10-K; 10-K/A,False,not selected,{}
RKLB,us-gaap,SharesIssuedPricePerShare,"Shares Issued, Price Per Share",other_share_concept_NOT_automatically_outstanding,USD/shares,2,2021-05-24,2021-08-03,2021-03-31,2021-06-30,10-Q,False,not selected,{}
RKLB,us-gaap,SharesOutstanding,"Shares, Outstanding",shares_outstanding_candidate_VERIFY_classes_and_ADS,shares,7,2021-11-15,2024-02-28,2021-08-25,2022-09-30,10-K; 10-Q,False,not selected,{}
RKLB,us-gaap,StockDividendsShares,"Stock Dividends, Shares",other_share_concept_NOT_automatically_outstanding,shares,5,2020-11-16,2021-08-03,2020-07-30,2020-07-30,10-K; 10-K/A; 10-Q,False,not selected,{}
RKLB,us-gaap,StockholdersEquity,Stockholders' Equity Attributable to Parent,other,USD,117,2020-11-16,2026-08-10,2019-12-31,2026-06-30,10-K; 10-K/A; 10-Q,False,not selected,{}
RKLB,us-gaap,StockIssuedDuringPeriodValueConversionOfConvertibleSecurities,"Stock Issued During Period, Value, Conversion of Convertible Securities",other,USD,12,2021-11-15,2026-08-10,2021-09-30,2025-06-30,10-K; 10-Q,False,not selected,{}
RKLB,us-gaap,StockIssuedDuringPeriodValueNewIssues,"Stock Issued During Period, Value, New Issues",other,USD,52,2020-11-16,2026-08-10,2020-09-30,2026-06-30,10-K; 10-K/A; 10-Q,False,not selected,{}
RKLB,us-gaap,StockIssuedDuringPeriodValueOther,"Stock Issued During Period, Value, Other",other,USD,2,2021-05-24,2021-08-03,2021-03-31,2021-06-30,10-Q,False,not selected,{}
RKLB,us-gaap,StockIssuedDuringPeriodValueStockOptionsExercised,"Stock Issued During Period, Value, Stock Options Exercised",other,USD,17,2021-11-15,2024-02-28,2020-03-31,2021-12-31,10-K; 10-Q,False,not selected,{}
RKLB,us-gaap,StockRedeemedOrCalledDuringPeriodValue,"Stock Redeemed or Called During Period, Value",other,USD,6,2020-11-16,2021-08-03,2020-09-30,2021-06-30,10-K; 10-K/A; 10-Q,False,not selected,{}
RKLB,us-gaap,StockRepurchasedDuringPeriodValue,"Stock Repurchased During Period, Value",other,USD,4,2021-11-15,2024-02-28,2021-09-30,2021-12-31,10-K; 10-Q,False,not selected,{}
RKLB,us-gaap,TangibleAssetImpairmentCharges,Tangible Asset Impairment Charges,other,USD,5,2020-11-16,2021-08-03,2020-09-30,2021-06-30,10-K; 10-K/A; 10-Q,False,not selected,{}
RKLB,us-gaap,TemporaryEquityCarryingAmountAttributableToParent,"Temporary Equity, Carrying Amount, Attributable to Parent",other,USD,7,2020-11-16,2021-08-03,2020-09-30,2021-06-30,10-K; 10-K/A; 10-Q,False,not selected,{}
RKLB,us-gaap,TemporaryEquityRedemptionPricePerShare,"Temporary Equity, Redemption Price Per Share",other,USD/shares,1,2021-08-03,2021-08-03,2021-06-30,2021-06-30,10-Q,False,not selected,{}
RKLB,us-gaap,UnrealizedGainLossOnDerivativesAndCommodityContracts,Unrealized Gain (Loss) on Derivatives and Commodity Contracts,other,USD,4,2021-05-03,2021-08-03,2020-12-31,2021-06-30,10-K/A; 10-Q,False,not selected,{}
RKLB,us-gaap,WarrantsAndRightsOutstanding,Warrants and Rights Outstanding,other,USD,13,2021-11-15,2023-03-07,2020-12-31,2022-12-31,10-K; 10-Q,False,not selected,{}
RKLB,us-gaap,WeightedAverageNumberOfShareOutstandingBasicAndDiluted,"Weighted Average Number of Shares Outstanding, Basic and Diluted",weighted_average_NOT_outstanding,shares,8,2021-11-15,2022-05-16,2020-09-30,2022-03-31,10-K; 10-Q,False,not selected,{}
RKLB,us-gaap,CurrentFederalTaxExpenseBenefit,Current Federal Tax Expense (Benefit),other,USD,13,2022-03-24,2026-02-26,2020-12-31,2025-12-31,10-K,False,not selected,{}
RKLB,us-gaap,CurrentForeignTaxExpenseBenefit,Current Foreign Tax Expense (Benefit),other,USD,14,2022-03-24,2026-02-26,2020-12-31,2025-12-31,10-K,False,not selected,{}
RKLB,us-gaap,CurrentIncomeTaxExpenseBenefit,Current Income Tax Expense (Benefit),other,USD,14,2022-03-24,2026-02-26,2020-12-31,2025-12-31,10-K,False,not selected,{}
RKLB,us-gaap,CurrentStateAndLocalTaxExpenseBenefit,Current State and Local Tax Expense (Benefit),other,USD,14,2022-03-24,2026-02-26,2020-12-31,2025-12-31,10-K,False,not selected,{}
RKLB,us-gaap,DeferredFederalIncomeTaxExpenseBenefit,Deferred Federal Income Tax Expense (Benefit),other,USD,14,2022-03-24,2026-02-26,2020-12-31,2025-12-31,10-K,False,not selected,{}
RKLB,us-gaap,DeferredForeignIncomeTaxExpenseBenefit,Deferred Foreign Income Tax Expense (Benefit),other,USD,14,2022-03-24,2026-02-26,2020-12-31,2025-12-31,10-K,False,not selected,{}
RKLB,us-gaap,DeferredIncomeTaxExpenseBenefit,Deferred Income Tax Expense (Benefit),other,USD,14,2022-03-24,2026-02-26,2020-12-31,2025-12-31,10-K,False,not selected,{}
RKLB,us-gaap,DeferredIncomeTaxLiabilities,"Deferred Tax Liabilities, Gross",other,USD,10,2022-03-24,2026-02-26,2020-12-31,2025-12-31,10-K,False,not selected,{}
RKLB,us-gaap,DeferredIncomeTaxLiabilitiesNet,"Deferred Income Tax Liabilities, Net",other,USD,38,2022-03-24,2026-08-10,2020-12-31,2026-06-30,10-K; 10-Q,False,not selected,{}
RKLB,us-gaap,DeferredStateAndLocalIncomeTaxExpenseBenefit,Deferred State and Local Income Tax Expense (Benefit),other,USD,13,2022-03-24,2026-02-26,2020-12-31,2025-12-31,10-K,False,not selected,{}
RKLB,us-gaap,DeferredTaxAssetInterestCarryforward,"Deferred Tax Asset, Interest Carryforward",other,USD,10,2022-03-24,2026-02-26,2020-12-31,2025-12-31,10-K,False,not selected,{}
RKLB,us-gaap,DeferredTaxAssetsDeferredIncome,"Deferred Tax Assets, Deferred Income",other,USD,10,2022-03-24,2026-02-26,2020-12-31,2025-12-31,10-K,False,not selected,{}
RKLB,us-gaap,DeferredTaxAssetsGross,"Deferred Tax Assets, Gross",other,USD,10,2022-03-24,2026-02-26,2020-12-31,2025-12-31,10-K,False,not selected,{}
RKLB,us-gaap,DeferredTaxAssetsInventory,"Deferred Tax Assets, Inventory",other,USD,10,2022-03-24,2026-02-26,2020-12-31,2025-12-31,10-K,False,not selected,{}
RKLB,us-gaap,DeferredTaxAssetsLiabilitiesNet,"Deferred Tax Assets, Net",other,USD,10,2022-03-24,2026-02-26,2020-12-31,2025-12-31,10-K,False,not selected,{}
RKLB,us-gaap,DeferredTaxAssetsNet,"Deferred Tax Assets, Net of Valuation Allowance",other,USD,10,2022-03-24,2026-02-26,2020-12-31,2025-12-31,10-K,False,not selected,{}
RKLB,us-gaap,DeferredTaxAssetsOperatingLossCarryforwards,"Deferred Tax Assets, Operating Loss Carryforwards",other,USD,10,2022-03-24,2026-02-26,2020-12-31,2025-12-31,10-K,False,not selected,{}
RKLB,us-gaap,DeferredTaxAssetsOther,"Deferred Tax Assets, Other",other,USD,9,2022-03-24,2026-02-26,2020-12-31,2025-12-31,10-K,False,not selected,{}
RKLB,us-gaap,DeferredTaxAssetsTaxCreditCarryforwards,"Deferred Tax Assets, Tax Credit Carryforwards",other,USD,10,2022-03-24,2026-02-26,2020-12-31,2025-12-31,10-K,False,not selected,{}
RKLB,us-gaap,DeferredTaxAssetsTaxDeferredExpenseCompensationAndBenefitsEmployeeBonuses,"Deferred Tax Assets, Tax Deferred Expense, Compensation and Benefits, Employee Bonuses",other,USD,10,2022-03-24,2026-02-26,2020-12-31,2025-12-31,10-K,False,not selected,{}
RKLB,us-gaap,DeferredTaxAssetsTaxDeferredExpenseReservesAndAccrualsOther,"Deferred Tax Assets, Tax Deferred Expense, Reserves and Accruals, Other",other,USD,10,2022-03-24,2026-02-26,2020-12-31,2025-12-31,10-K,False,not selected,{}
RKLB,us-gaap,DeferredTaxAssetsValuationAllowance,"Deferred Tax Assets, Valuation Allowance",other,USD,10,2022-03-24,2026-02-26,2020-12-31,2025-12-31,10-K,False,not selected,{}
RKLB,us-gaap,DeferredTaxLiabilitiesDeferredExpense,"Deferred Tax Liabilities, Deferred Expense",other,USD,1,2022-03-24,2022-03-24,2021-12-31,2021-12-31,10-K,False,not selected,{}
RKLB,us-gaap,DeferredTaxLiabilitiesOther,"Deferred Tax Liabilities, Other",other,USD,8,2022-03-24,2025-02-27,2020-12-31,2024-12-31,10-K,False,not selected,{}
RKLB,us-gaap,DeferredTaxLiabilitiesUnrealizedGainsOnTradingSecurities,"Deferred Tax Liabilities, Unrealized Gains on Trading Securities",other,USD,2,2022-03-24,2022-03-24,2020-12-31,2021-12-31,10-K,False,not selected,{}
RKLB,us-gaap,DefinedContributionPlanEmployerDiscretionaryContributionAmount,"Defined Contribution Plan, Employer Discretionary Contribution Amount",other,USD,14,2022-03-24,2026-02-26,2020-12-31,2025-12-31,10-K,False,not selected,{}
RKLB,us-gaap,EffectiveIncomeTaxRateReconciliationAtFederalStatutoryIncomeTaxRate,"Effective Income Tax Rate Reconciliation, at Federal Statutory Income Tax Rate, Percent",other,pure,14,2022-03-24,2026-02-26,2020-12-31,2025-12-31,10-K,False,not selected,{}
RKLB,us-gaap,EffectiveIncomeTaxRateReconciliationChangeInDeferredTaxAssetsValuationAllowance,"Effective Income Tax Rate Reconciliation, Change in Deferred Tax Assets Valuation Allowance, Percent",other,pure,13,2022-03-24,2026-02-26,2020-12-31,2024-12-31,10-K,False,not selected,{}
RKLB,us-gaap,EffectiveIncomeTaxRateReconciliationNondeductibleExpenseOther,"Effective Income Tax Rate Reconciliation, Nondeductible Expense, Other, Percent",other,pure,14,2022-03-24,2026-02-26,2020-12-31,2025-12-31,10-K,False,not selected,{}
RKLB,us-gaap,EffectiveIncomeTaxRateReconciliationNondeductibleExpenseShareBasedCompensationCost,"Effective Income Tax Rate Reconciliation, Nondeductible Expense, Share-based Payment Arrangement, Percent",other,pure,13,2022-03-24,2026-02-26,2020-12-31,2024-12-31,10-K,False,not selected,{}
RKLB,us-gaap,FairValueMeasurementWithUnobservableInputsReconciliationRecurringBasisLiabilityTransfersNet,"Fair Value, Measurement with Unobservable Inputs Reconciliation, Recurring Basis, Liability, Transfers, Net",other,USD,15,2022-03-24,2024-11-12,2020-12-31,2024-09-30,10-K; 10-Q,False,not selected,{}
RKLB,us-gaap,FinanceLeaseInterestExpense,"Finance Lease, Interest Expense",other,USD,11,2022-03-24,2026-02-26,2020-12-31,2025-12-31,10-K,False,not selected,{}
RKLB,us-gaap,FinanceLeaseRightOfUseAssetAmortization,"Finance Lease, Right-of-Use Asset, Amortization",other,USD,11,2022-03-24,2026-02-26,2020-12-31,2025-12-31,10-K,False,not selected,{}
RKLB,us-gaap,FiniteLivedIntangibleAssetsAmortizationExpenseAfterYearFive,"Finite-Lived Intangible Asset, Expected Amortization, after Year Five",other,USD,5,2022-03-24,2026-02-26,2021-12-31,2025-12-31,10-K,False,not selected,{}
RKLB,us-gaap,FiniteLivedIntangibleAssetsAmortizationExpenseYearFive,"Finite-Lived Intangible Asset, Expected Amortization, Year Five",other,USD,5,2022-03-24,2026-02-26,2021-12-31,2025-12-31,10-K,False,not selected,{}
RKLB,us-gaap,GoodwillAcquiredDuringPeriod,"Goodwill, Acquired During Period",other,USD,9,2022-03-24,2026-08-10,2020-12-31,2026-06-30,10-K; 10-Q,False,not selected,{}
RKLB,us-gaap,GoodwillImpairmentLoss,"Goodwill, Impairment Loss",other,USD,14,2022-03-24,2026-02-26,2020-12-31,2025-12-31,10-K,False,not selected,{}
RKLB,us-gaap,ImpairmentOfLongLivedAssetsHeldForUse,Impairment of Long-Lived Assets Held-for-use,other,USD,14,2022-03-24,2026-02-26,2020-12-31,2025-12-31,10-K,False,not selected,{}
RKLB,us-gaap,IncomeLossFromContinuingOperationsBeforeIncomeTaxesDomestic,"Income (Loss) from Continuing Operations before Income Taxes, Domestic",other,USD,14,2022-03-24,2026-02-26,2020-12-31,2025-12-31,10-K,False,not selected,{}
RKLB,us-gaap,IncomeLossFromContinuingOperationsBeforeIncomeTaxesExtraordinaryItemsNoncontrollingInterest,"Income (Loss) from Continuing Operations before Income Taxes, Noncontrolling Interest",other,USD,60,2022-03-24,2026-08-10,2020-12-31,2026-06-30,10-K; 10-Q,False,not selected,{}
RKLB,us-gaap,IncomeLossFromContinuingOperationsBeforeIncomeTaxesForeign,"Income (Loss) from Continuing Operations before Income Taxes, Foreign",other,USD,14,2022-03-24,2026-02-26,2020-12-31,2025-12-31,10-K,False,not selected,{}
RKLB,us-gaap,IncomeTaxReconciliationChangeInDeferredTaxAssetsValuationAllowance,"Effective Income Tax Rate Reconciliation, Change in Deferred Tax Assets Valuation Allowance, Amount",other,USD,2,2022-03-24,2022-03-24,2020-12-31,2021-12-31,10-K,False,not selected,{}
RKLB,us-gaap,IncomeTaxReconciliationIncomeTaxExpenseBenefitAtFederalStatutoryIncomeTaxRate,"Effective Income Tax Rate Reconciliation at Federal Statutory Income Tax Rate, Amount",other,USD,3,2022-03-24,2026-02-26,2020-12-31,2025-12-31,10-K,False,not selected,{}
RKLB,us-gaap,IncomeTaxReconciliationNondeductibleExpenseOther,"Effective Income Tax Rate Reconciliation, Nondeductible Expense, Other, Amount",other,USD,3,2022-03-24,2026-02-26,2020-12-31,2025-12-31,10-K,False,not selected,{}
RKLB,us-gaap,IncomeTaxReconciliationNondeductibleExpenseShareBasedCompensationCost,"Effective Income Tax Rate Reconciliation, Nondeductible Expense, Share-based Payment Arrangement, Amount",other,USD,2,2022-03-24,2022-03-24,2020-12-31,2021-12-31,10-K,False,not selected,{}
RKLB,us-gaap,IncreaseDecreaseInOtherNoncurrentAssets,Increase (Decrease) in Other Noncurrent Assets,other,USD,41,2022-03-24,2026-08-10,2020-12-31,2026-06-30,10-K; 10-Q,False,not selected,{}
RKLB,us-gaap,InterestPaidNet,"Interest Paid, Excluding Capitalized Interest, Operating Activities",other,USD,41,2022-03-24,2026-08-10,2020-12-31,2026-06-30,10-K; 10-Q,False,not selected,{}
RKLB,us-gaap,InventoryFinishedGoods,"Inventory, Finished Goods, Gross",other,USD,37,2022-03-24,2026-08-10,2021-12-31,2026-06-30,10-K; 10-Q,False,not selected,{}
RKLB,us-gaap,LesseeOperatingLeaseLiabilityPaymentsDue,"Lessee, Operating Lease, Liability, to be Paid",other,USD,5,2022-03-24,2026-02-26,2021-12-31,2025-12-31,10-K,False,not selected,{}
RKLB,us-gaap,LesseeOperatingLeaseLiabilityPaymentsDueAfterYearFive,"Lessee, Operating Lease, Liability, to be Paid, after Year Five",other,USD,5,2022-03-24,2026-02-26,2021-12-31,2025-12-31,10-K,False,not selected,{}
RKLB,us-gaap,LesseeOperatingLeaseLiabilityPaymentsDueNextTwelveMonths,"Lessee, Operating Lease, Liability, to be Paid, Year One",other,USD,5,2022-03-24,2026-02-26,2021-12-31,2025-12-31,10-K,False,not selected,{}
RKLB,us-gaap,LesseeOperatingLeaseLiabilityPaymentsDueYearFive,"Lessee, Operating Lease, Liability, to be Paid, Year Five",other,USD,5,2022-03-24,2026-02-26,2021-12-31,2025-12-31,10-K,False,not selected,{}
RKLB,us-gaap,LesseeOperatingLeaseLiabilityPaymentsDueYearFour,"Lessee, Operating Lease, Liability, to be Paid, Year Four",other,USD,5,2022-03-24,2026-02-26,2021-12-31,2025-12-31,10-K,False,not selected,{}
RKLB,us-gaap,LesseeOperatingLeaseLiabilityPaymentsDueYearThree,"Lessee, Operating Lease, Liability, to be Paid, Year Three",other,USD,5,2022-03-24,2026-02-26,2021-12-31,2025-12-31,10-K,False,not selected,{}
RKLB,us-gaap,LesseeOperatingLeaseLiabilityPaymentsDueYearTwo,"Lessee, Operating Lease, Liability, to be Paid, Year Two",other,USD,5,2022-03-24,2026-02-26,2021-12-31,2025-12-31,10-K,False,not selected,{}
RKLB,us-gaap,LesseeOperatingLeaseLiabilityUndiscountedExcessAmount,"Lessee, Operating Lease, Liability, Undiscounted Excess Amount",other,USD,5,2022-03-24,2026-02-26,2021-12-31,2025-12-31,10-K,False,not selected,{}
RKLB,us-gaap,LongTermDebtCurrent,"Long-term Debt, Current Maturities",other,USD,34,2022-03-24,2026-02-26,2020-12-31,2025-12-31,10-K; 10-Q,False,not selected,{}
RKLB,us-gaap,NumberOfReportableSegments,Number of Reportable Segments,other,Segments,3,2022-03-24,2024-02-28,2021-12-31,2023-12-31,10-K,False,not selected,{}
RKLB,us-gaap,NumberOfReportableSegments,Number of Reportable Segments,other,segment,4,2025-02-27,2026-08-10,2024-12-31,2026-06-30,10-K; 10-Q,False,not selected,{}
RKLB,us-gaap,OperatingLeaseCost,"Operating Lease, Cost",other,USD,14,2022-03-24,2026-02-26,2020-12-31,2025-12-31,10-K,False,not selected,{}
RKLB,us-gaap,OperatingLeaseLiability,"Operating Lease, Liability",other,USD,5,2022-03-24,2026-02-26,2021-12-31,2025-12-31,10-K,False,not selected,{}
RKLB,us-gaap,OperatingLeasePayments,"Operating Lease, Payments",other,USD,14,2022-03-24,2026-02-26,2020-12-31,2025-12-31,10-K,False,not selected,{}
RKLB,us-gaap,OperatingLeaseWeightedAverageDiscountRatePercent,"Operating Lease, Weighted Average Discount Rate, Percent",weighted_average_NOT_outstanding,pure,10,2022-03-24,2026-02-26,2020-12-31,2025-12-31,10-K,False,not selected,{}
RKLB,us-gaap,OperatingLossCarryforwards,Operating Loss Carryforwards,other,USD,12,2022-03-24,2026-02-26,2020-12-31,2025-12-31,10-K,False,not selected,{}
RKLB,us-gaap,OtherAssetsNoncurrent,"Other Assets, Noncurrent",other,USD,38,2022-03-24,2026-08-10,2020-12-31,2026-06-30,10-K; 10-Q,False,not selected,{}
RKLB,us-gaap,OtherNoncashExpense,Other Noncash Expense,other,USD,2,2022-03-24,2022-03-24,2020-12-31,2021-12-31,10-K,False,not selected,{}
RKLB,us-gaap,RevenueFromContractWithCustomerIncludingAssessedTax,"Revenue from Contract with Customer, Including Assessed Tax",revenue_candidate_VERIFY_scope_and_currency,USD,8,2022-03-24,2024-02-28,2020-12-31,2023-12-31,10-K,False,not selected,{}
RKLB,us-gaap,ShareBasedCompensationArrangementByShareBasedPaymentAwardFairValueAssumptionsExpectedDividendRate,"Share-based Compensation Arrangement by Share-based Payment Award, Fair Value Assumptions, Expected Dividend Rate",other,pure,6,2022-03-24,2024-02-28,2020-12-31,2023-12-31,10-K,False,not selected,{}
RKLB,us-gaap,ShareBasedCompensationArrangementByShareBasedPaymentAwardOptionsExercisesInPeriodTotalIntrinsicValue,"Share-based Compensation Arrangement by Share-based Payment Award, Options, Exercises in Period, Intrinsic Value",other,USD,14,2022-03-24,2026-02-26,2020-12-31,2025-12-31,10-K,False,not selected,{}
RKLB,us-gaap,ShareBasedCompensationArrangementByShareBasedPaymentAwardOptionsExpirationsInPeriod,"Share-based Compensation Arrangement by Share-based Payment Award, Options, Expirations in Period",other_share_concept_NOT_automatically_outstanding,shares,9,2022-03-24,2026-02-26,2020-12-31,2025-12-31,10-K,False,not selected,{}
RKLB,us-gaap,ShareBasedCompensationArrangementByShareBasedPaymentAwardOptionsForfeituresInPeriod,"Share-based Compensation Arrangement by Share-based Payment Award, Options, Forfeitures in Period",other_share_concept_NOT_automatically_outstanding,shares,11,2022-03-24,2026-02-26,2020-12-31,2023-12-31,10-K,False,not selected,{}
RKLB,us-gaap,ShareBasedCompensationArrangementByShareBasedPaymentAwardOptionsGrantsInPeriodGross,"Share-based Compensation Arrangement by Share-based Payment Award, Options, Grants in Period, Gross",other_share_concept_NOT_automatically_outstanding,shares,3,2022-03-24,2023-03-07,2020-12-31,2021-12-31,10-K,False,not selected,{}
RKLB,us-gaap,ShareBasedCompensationArrangementByShareBasedPaymentAwardOptionsOutstandingIntrinsicValue,"Share-based Compensation Arrangement by Share-based Payment Award, Options, Outstanding, Intrinsic Value",other,USD,19,2022-03-24,2026-02-26,2019-12-31,2025-12-31,10-K,False,not selected,{}
RKLB,us-gaap,ShareBasedCompensationArrangementByShareBasedPaymentAwardOptionsOutstandingNumber,"Share-based Compensation Arrangement by Share-based Payment Award, Options, Outstanding, Number",other_share_concept_NOT_automatically_outstanding,shares,19,2022-03-24,2026-02-26,2019-12-31,2025-12-31,10-K,False,not selected,{}
RKLB,us-gaap,ShareBasedCompensationArrangementByShareBasedPaymentAwardOptionsOutstandingWeightedAverageExercisePrice,"Share-based Compensation Arrangement by Share-based Payment Award, Options, Outstanding, Weighted Average Exercise Price",weighted_average_NOT_outstanding,USD/shares,19,2022-03-24,2026-02-26,2019-12-31,2025-12-31,10-K,False,not selected,{}
RKLB,us-gaap,ShareBasedCompensationArrangementByShareBasedPaymentAwardOptionsVestedAndExpectedToVestExercisableAggregateIntrinsicValue,"Share-based Compensation Arrangement by Share-based Payment Award, Options, Vested and Expected to Vest, Exercisable, Aggregate Intrinsic Value",other,USD,14,2022-03-24,2026-02-26,2020-12-31,2025-12-31,10-K,False,not selected,{}
RKLB,us-gaap,ShareBasedCompensationArrangementByShareBasedPaymentAwardOptionsVestedAndExpectedToVestExercisableNumber,"Share-based Compensation Arrangement by Share-based Payment Award, Options, Vested and Expected to Vest, Exercisable, Number",other_share_concept_NOT_automatically_outstanding,shares,14,2022-03-24,2026-02-26,2020-12-31,2025-12-31,10-K,False,not selected,{}
RKLB,us-gaap,ShareBasedCompensationArrangementByShareBasedPaymentAwardOptionsVestedAndExpectedToVestExercisableWeightedAverageExercisePrice,"Share-based Compensation Arrangement by Share-based Payment Award, Options, Vested and Expected to Vest, Exercisable, Weighted Average Exercise Price",weighted_average_NOT_outstanding,USD/shares,14,2022-03-24,2026-02-26,2020-12-31,2025-12-31,10-K,False,not selected,{}
RKLB,us-gaap,ShareBasedCompensationArrangementsByShareBasedPaymentAwardOptionsExercisesInPeriodWeightedAverageExercisePrice,"Share-based Compensation Arrangements by Share-based Payment Award, Options, Exercises in Period, Weighted Average Exercise Price",weighted_average_NOT_outstanding,USD/shares,14,2022-03-24,2026-02-26,2020-12-31,2025-12-31,10-K,False,not selected,{}
RKLB,us-gaap,ShareBasedCompensationArrangementsByShareBasedPaymentAwardOptionsExpirationsInPeriodWeightedAverageExercisePrice,"Share-based Compensation Arrangements by Share-based Payment Award, Options, Expirations in Period, Weighted Average Exercise Price",weighted_average_NOT_outstanding,USD/shares,9,2022-03-24,2026-02-26,2020-12-31,2025-12-31,10-K,False,not selected,{}
RKLB,us-gaap,ShareBasedCompensationArrangementsByShareBasedPaymentAwardOptionsForfeituresInPeriodWeightedAverageExercisePrice,"Share-based Compensation Arrangements by Share-based Payment Award, Options, Forfeitures in Period, Weighted Average Exercise Price",weighted_average_NOT_outstanding,USD/shares,11,2022-03-24,2026-02-26,2020-12-31,2023-12-31,10-K,False,not selected,{}
RKLB,us-gaap,ShareBasedCompensationArrangementsByShareBasedPaymentAwardOptionsGrantsInPeriodWeightedAverageExercisePrice,"Share-based Compensation Arrangements by Share-based Payment Award, Options, Grants in Period, Weighted Average Exercise Price",weighted_average_NOT_outstanding,USD/shares,2,2022-03-24,2023-03-07,2020-12-31,2020-12-31,10-K,False,not selected,{}
RKLB,us-gaap,SharebasedCompensationArrangementBySharebasedPaymentAwardOptionsNonvestedWeightedAverageGrantDateFairValue,"Share-based Compensation Arrangement by Share-based Payment Award, Option, Nonvested, Weighted Average Exercise Price",weighted_average_NOT_outstanding,USD/shares,19,2022-03-24,2026-02-26,2019-12-31,2025-12-31,10-K,False,not selected,{}
RKLB,us-gaap,StockIssuedDuringPeriodSharesStockOptionsExercised,"Share-based Compensation Arrangement by Share-based Payment Award, Options, Exercises in Period",other_share_concept_NOT_automatically_outstanding,shares,14,2022-03-24,2026-02-26,2020-12-31,2025-12-31,10-K,False,not selected,{}
RKLB,us-gaap,StockIssuedDuringPeriodValueAcquisitions,"Stock Issued During Period, Value, Acquisitions",other,USD,23,2022-03-24,2026-08-10,2020-12-31,2026-06-30,10-K; 10-Q,False,not selected,{}
RKLB,us-gaap,UnrecognizedTaxBenefits,Unrecognized Tax Benefits,other,USD,15,2022-03-24,2026-02-26,2019-12-31,2025-12-31,10-K,False,not selected,{}
RKLB,us-gaap,UnrecognizedTaxBenefitsIncreasesResultingFromPriorPeriodTaxPositions,"Unrecognized Tax Benefits, Increase Resulting from Prior Period Tax Positions",other,USD,8,2022-03-24,2025-02-27,2020-12-31,2024-12-31,10-K,False,not selected,{}
RKLB,us-gaap,UnrecognizedTaxBenefitsThatWouldImpactEffectiveTaxRate,Unrecognized Tax Benefits that Would Impact Effective Tax Rate,other,USD,10,2022-03-24,2026-02-26,2020-12-31,2025-12-31,10-K,False,not selected,{}
RKLB,us-gaap,ValuationAllowanceDeferredTaxAssetChangeInAmount,"Valuation Allowance, Deferred Tax Asset, Increase (Decrease), Amount",other,USD,1,2022-03-24,2022-03-24,2020-12-31,2020-12-31,10-K,False,not selected,{}
RKLB,us-gaap,BusinessCombinationContingentConsiderationArrangementsChangeInAmountOfContingentConsiderationLiability1,"Business Combination, Contingent Consideration Arrangements, Change in Amount of Contingent Consideration, Liability",other,USD,35,2022-05-16,2026-08-10,2021-03-31,2026-06-30,10-K; 10-Q,False,not selected,{}
RKLB,us-gaap,ClassOfWarrantOrRightNumberOfSecuritiesCalledByEachWarrantOrRight,"Class of Warrant or Right, Number of Securities Called by Each Warrant or Right",other_share_concept_NOT_automatically_outstanding,shares,4,2022-05-16,2023-03-07,2022-03-31,2022-12-31,10-K; 10-Q,False,not selected,{}
RKLB,us-gaap,FinanceLeaseLiabilityNoncurrent,"Finance Lease, Liability, Noncurrent",other,USD,35,2022-05-16,2026-08-10,2021-12-31,2026-06-30,10-K; 10-Q,False,not selected,{}
RKLB,us-gaap,FinanceLeasePrincipalPayments,"Finance Lease, Principal Payments",other,USD,40,2022-05-16,2026-08-10,2020-12-31,2026-06-30,10-K; 10-Q,False,not selected,{}
RKLB,us-gaap,FinanceLeaseRightOfUseAsset,"Finance Lease, Right-of-Use Asset, after Accumulated Amortization",other,USD,35,2022-05-16,2026-08-10,2021-12-31,2026-06-30,10-K; 10-Q,False,not selected,{}
RKLB,us-gaap,GoodwillTranslationAndPurchaseAccountingAdjustments,"Goodwill, Translation and Purchase Accounting Adjustments",other,USD,5,2022-05-16,2024-02-28,2022-03-31,2022-12-31,10-K; 10-Q,False,not selected,{}
RKLB,us-gaap,ProceedsFromRepaymentOfLoansByEmployeeStockOwnershipPlans,Proceeds from Repayment of Loans by Employee Stock Ownership Plans,other,USD,40,2022-05-16,2026-08-10,2020-12-31,2026-06-30,10-K; 10-Q,False,not selected,{}
RKLB,us-gaap,ProceedsFromWarrantExercises,Proceeds from Warrant Exercises,other,USD,3,2022-05-16,2022-11-09,2022-03-31,2022-09-30,10-Q,False,not selected,{}
RKLB,us-gaap,RestrictedStockValueSharesIssuedNetOfTaxWithholdings,"Restricted Stock, Value, Shares Issued Net of Tax Withholdings",other_share_concept_NOT_automatically_outstanding,USD,40,2022-05-16,2026-08-10,2020-12-31,2026-06-30,10-K; 10-Q,False,not selected,{}
RKLB,us-gaap,StockIssuedDuringPeriodValueIssuedForServices,"Stock Issued During Period, Value, Issued for Services",other,USD,8,2022-05-16,2024-02-28,2022-03-31,2022-12-31,10-K; 10-Q,False,not selected,{}
RKLB,us-gaap,EarningsPerShareBasic,"Earnings Per Share, Basic",other,USD/shares,56,2022-08-11,2026-08-10,2020-12-31,2026-06-30,10-K; 10-Q,False,not selected,{}
RKLB,us-gaap,EarningsPerShareDiluted,"Earnings Per Share, Diluted",other,USD/shares,56,2022-08-11,2026-08-10,2020-12-31,2026-06-30,10-K; 10-Q,False,not selected,{}
RKLB,us-gaap,PaymentForContingentConsiderationLiabilityFinancingActivities,"Payment for Contingent Consideration Liability, Financing Activities",other,USD,28,2022-08-11,2026-02-26,2020-12-31,2025-12-31,10-K; 10-Q,False,not selected,{}
RKLB,us-gaap,WeightedAverageNumberOfDilutedSharesOutstanding,"Weighted Average Number of Shares Outstanding, Diluted",weighted_average_NOT_outstanding,shares,56,2022-08-11,2026-08-10,2020-12-31,2026-06-30,10-K; 10-Q,False,not selected,{}
RKLB,us-gaap,WeightedAverageNumberOfSharesOutstandingBasic,"Weighted Average Number of Shares Outstanding, Basic",weighted_average_NOT_outstanding,shares,56,2022-08-11,2026-08-10,2020-12-31,2026-06-30,10-K; 10-Q,False,not selected,{}
RKLB,us-gaap,AccretionAmortizationOfDiscountsAndPremiumsInvestments,"Accretion (Amortization) of Discounts and Premiums, Investments",other,USD,36,2022-11-09,2026-08-10,2020-12-31,2026-06-30,10-K; 10-Q,False,not selected,{}
RKLB,us-gaap,AvailableForSaleDebtSecuritiesAccumulatedGrossUnrealizedGainBeforeTax,"Debt Securities, Available-for-sale, Accumulated Gross Unrealized Gain, before Tax",other,USD,16,2022-11-09,2026-08-10,2022-09-30,2026-06-30,10-K; 10-Q,False,not selected,{}
RKLB,us-gaap,AvailableForSaleDebtSecuritiesAccumulatedGrossUnrealizedLossBeforeTax,"Debt Securities, Available-for-sale, Accumulated Gross Unrealized Loss, before Tax",other,USD,16,2022-11-09,2026-08-10,2022-09-30,2026-06-30,10-K; 10-Q,False,not selected,{}
RKLB,us-gaap,AvailableForSaleDebtSecuritiesAmortizedCostBasis,"Debt Securities, Available-for-sale, Amortized Cost",other,USD,16,2022-11-09,2026-08-10,2022-09-30,2026-06-30,10-K; 10-Q,False,not selected,{}
RKLB,us-gaap,AvailableForSaleSecuritiesDebtSecurities,"Debt Securities, Available-for-sale",revenue_candidate_VERIFY_scope_and_currency,USD,16,2022-11-09,2026-08-10,2022-09-30,2026-06-30,10-K; 10-Q,False,not selected,{}
RKLB,us-gaap,BusinessCombinationContingentConsiderationLiabilityCurrent,"Business Combination, Contingent Consideration, Liability, Current",other,USD,1,2022-11-09,2022-11-09,2022-09-30,2022-09-30,10-Q,False,not selected,{}
RKLB,us-gaap,CashEquivalentsAtCarryingValue,"Cash Equivalents, at Carrying Value",other,USD,16,2022-11-09,2026-08-10,2022-09-30,2026-06-30,10-K; 10-Q,False,not selected,{}
RKLB,us-gaap,DebtSecuritiesAvailableForSaleContinuousUnrealizedLossPositionLessThan12Months,"Debt Securities, Available-for-sale, Continuous Unrealized Loss Position, Less than 12 Months",other,USD,16,2022-11-09,2026-08-10,2022-09-30,2026-06-30,10-K; 10-Q,False,not selected,{}
RKLB,us-gaap,DebtSecuritiesAvailableForSaleContinuousUnrealizedLossPositionLessThan12MonthsAccumulatedLoss,"Debt Securities, Available-for-sale, Continuous Unrealized Loss Position, Less than 12 Months, Accumulated Loss",other,USD,16,2022-11-09,2026-08-10,2022-09-30,2026-06-30,10-K; 10-Q,False,not selected,{}
RKLB,us-gaap,MarketableSecurities,Marketable Securities,other,USD,16,2022-11-09,2026-08-10,2022-09-30,2026-06-30,10-K; 10-Q,False,not selected,{}
RKLB,us-gaap,MarketableSecuritiesCurrent,"Marketable Securities, Current",other,USD,32,2022-11-09,2026-08-10,2021-12-31,2026-06-30,10-K; 10-Q,False,not selected,{}
RKLB,us-gaap,MarketableSecuritiesNoncurrent,"Marketable Securities, Noncurrent",other,USD,32,2022-11-09,2026-08-10,2021-12-31,2026-06-30,10-K; 10-Q,False,not selected,{}
RKLB,us-gaap,OtherComprehensiveIncomeUnrealizedHoldingGainLossOnSecuritiesArisingDuringPeriodNetOfTax,"OCI, Debt Securities, Available-for-Sale, Unrealized Holding Gain (Loss), before Adjustment, after Tax",other,USD,52,2022-11-09,2026-08-10,2020-12-31,2026-06-30,10-K; 10-Q,False,not selected,{}
RKLB,us-gaap,PaymentsToAcquireMarketableSecurities,Payments to Acquire Marketable Securities,other,USD,33,2022-11-09,2026-08-10,2020-12-31,2026-06-30,10-K; 10-Q,False,not selected,{}
RKLB,us-gaap,ProceedsFromSaleAndMaturityOfMarketableSecurities,Proceeds from Sale and Maturity of Marketable Securities,other,USD,26,2022-11-09,2026-05-07,2020-12-31,2026-03-31,10-K; 10-Q,False,not selected,{}
RKLB,us-gaap,FederalStateAndLocalIncomeTaxExpenseBenefitContinuingOperations,,other,USD,4,2023-03-07,2024-02-28,2021-12-31,2023-12-31,10-K,False,not selected,{}
RKLB,us-gaap,FinanceLeaseLiability,"Finance Lease, Liability",other,USD,4,2023-03-07,2026-02-26,2022-12-31,2025-12-31,10-K,False,not selected,{}
RKLB,us-gaap,FinanceLeaseLiabilityCurrent,"Finance Lease, Liability, Current",other,USD,8,2023-03-07,2026-02-26,2021-12-31,2025-12-31,10-K,False,not selected,{}
RKLB,us-gaap,FinanceLeaseLiabilityPaymentsDue,"Finance Lease, Liability, Payment, Due",other,USD,4,2023-03-07,2026-02-26,2022-12-31,2025-12-31,10-K,False,not selected,{}
RKLB,us-gaap,FinanceLeaseLiabilityPaymentsDueInNextRollingTwelveMonths,"Finance Lease, Liability, Payments, Due in Next Rolling Twelve Months",other,USD,4,2023-03-07,2026-02-26,2022-12-31,2025-12-31,10-K,False,not selected,{}
RKLB,us-gaap,FinanceLeaseLiabilityPaymentsDueInRollingAfterYearFive,"Finance Lease, Liability, Payments, Due in Rolling after Year Five",other,USD,4,2023-03-07,2026-02-26,2022-12-31,2025-12-31,10-K,False,not selected,{}
RKLB,us-gaap,FinanceLeaseLiabilityPaymentsDueInRollingYearFive,"Finance Lease, Liability, Payments, Due in Rolling Year Five",other,USD,4,2023-03-07,2026-02-26,2022-12-31,2025-12-31,10-K,False,not selected,{}
RKLB,us-gaap,FinanceLeaseLiabilityPaymentsDueInRollingYearFour,"Finance Lease, Liability, Payments, Due in Rolling Year Four",other,USD,4,2023-03-07,2026-02-26,2022-12-31,2025-12-31,10-K,False,not selected,{}
RKLB,us-gaap,FinanceLeaseLiabilityPaymentsDueInRollingYearThree,"Finance Lease, Liability, Payments, Due in Rolling Year Three",other,USD,4,2023-03-07,2026-02-26,2022-12-31,2025-12-31,10-K,False,not selected,{}
RKLB,us-gaap,FinanceLeaseLiabilityPaymentsDueInRollingYearTwo,"Finance Lease, Liability, Payments, Due in Rolling Year Two",other,USD,4,2023-03-07,2026-02-26,2022-12-31,2025-12-31,10-K,False,not selected,{}
RKLB,us-gaap,FinanceLeaseLiabilityUndiscountedExcessAmount,"Finance Lease, Liability, Undiscounted Excess Amount",other,USD,4,2023-03-07,2026-02-26,2022-12-31,2025-12-31,10-K,False,not selected,{}
RKLB,us-gaap,FinanceLeaseWeightedAverageDiscountRatePercent,"Finance Lease, Weighted Average Discount Rate, Percent",weighted_average_NOT_outstanding,pure,7,2023-03-07,2026-02-26,2022-12-31,2025-12-31,10-K,False,not selected,{}
RKLB,us-gaap,OperatingLeaseLiabilityCurrent,"Operating Lease, Liability, Current",other,USD,8,2023-03-07,2026-02-26,2021-12-31,2025-12-31,10-K,False,not selected,{}
RKLB,us-gaap,UndistributedEarningsOfForeignSubsidiaries,Undistributed Earnings of Foreign Subsidiaries,other,USD,8,2023-03-07,2026-02-26,2021-12-31,2025-12-31,10-K,False,not selected,{}
RKLB,us-gaap,UnrecognizedTaxBenefitsDecreasesResultingFromPriorPeriodTaxPositions,"Unrecognized Tax Benefits, Decrease Resulting from Prior Period Tax Positions",other,USD,7,2023-03-07,2026-02-26,2022-12-31,2025-12-31,10-K,False,not selected,{}
RKLB,us-gaap,AssetsHeldForSaleNotPartOfDisposalGroupCurrent,"Assets Held-for-sale, Not Part of Disposal Group, Current",other,USD,16,2023-05-09,2025-02-27,2022-12-31,2024-12-31,10-K; 10-Q,False,not selected,{}
RKLB,us-gaap,RelatedPartyTransactionAmountsOfTransaction,"Related Party Transaction, Amounts of Transaction",other,USD,22,2023-08-08,2026-08-10,2022-12-31,2026-06-30,10-K; 10-Q,False,not selected,{}
RKLB,us-gaap,DebtSecuritiesAvailableForSaleContinuousUnrealizedLossPosition12MonthsOrLonger,"Debt Securities, Available-for-sale, Continuous Unrealized Loss Position, 12 Months or Longer",other,USD,8,2023-11-08,2025-11-10,2023-09-30,2025-09-30,10-K; 10-Q,False,not selected,{}
RKLB,us-gaap,DebtSecuritiesAvailableForSaleContinuousUnrealizedLossPosition12MonthsOrLongerAccumulatedLoss,"Debt Securities, Available-for-sale, Continuous Unrealized Loss Position, 12 Months or Longer, Accumulated Loss",other,USD,8,2023-11-08,2025-11-10,2023-09-30,2025-09-30,10-K; 10-Q,False,not selected,{}
RKLB,us-gaap,DebtSecuritiesAvailableForSaleUnrealizedLossPosition,"Debt Securities, Available-for-sale, Unrealized Loss Position",other,USD,8,2023-11-08,2025-11-10,2023-09-30,2025-09-30,10-K; 10-Q,False,not selected,{}
RKLB,us-gaap,DebtSecuritiesAvailableForSaleUnrealizedLossPositionAccumulatedLoss,"Debt Securities, Available-for-sale, Unrealized Loss Position, Accumulated Loss",other,USD,8,2023-11-08,2025-11-10,2023-09-30,2025-09-30,10-K; 10-Q,False,not selected,{}
RKLB,us-gaap,ReceivablesNetCurrent,"Receivables, Net, Current",other,USD,24,2023-11-08,2026-08-10,2022-12-31,2026-06-30,10-K; 10-Q,False,not selected,{}
RKLB,us-gaap,DebtInstrumentInterestRateEffectivePercentage,"Debt Instrument, Interest Rate, Effective Percentage",other,pure,4,2024-02-28,2024-11-12,2023-12-31,2024-09-30,10-K; 10-Q,False,not selected,{}
RKLB,us-gaap,DeferredFinanceCostsNet,"Debt Issuance Costs, Net",other,USD,4,2024-02-28,2024-11-12,2023-12-31,2024-09-30,10-K; 10-Q,False,not selected,{}
RKLB,us-gaap,EffectiveIncomeTaxRateReconciliationOtherAdjustments,"Effective Income Tax Rate Reconciliation, Other Adjustments, Percent",other,pure,8,2024-02-28,2026-02-26,2021-12-31,2024-12-31,10-K,False,not selected,{}
RKLB,us-gaap,GainLossOnSaleOfOtherAssets,Gain (Loss) on Disposition of Other Assets,other,USD,1,2024-02-28,2024-02-28,2023-10-18,2023-10-18,10-K,False,not selected,{}
RKLB,us-gaap,LongTermDebt,Long-term Debt,other,USD,18,2024-02-28,2026-08-10,2023-12-31,2026-06-30,10-K; 10-Q,False,not selected,{}
RKLB,us-gaap,LongTermDebtMaturitiesRepaymentsOfPrincipalInNextRollingTwelveMonths,"Long-term Debt, Maturities, Repayments of Principal in Next Rolling Twelve Months",other,USD,4,2024-02-28,2024-11-12,2023-12-31,2024-09-30,10-K; 10-Q,False,not selected,{}
RKLB,us-gaap,LongTermDebtMaturitiesRepaymentsOfPrincipalInRollingYearFive,"Long-term Debt, Maturities, Repayments of Principal in Rolling Year Five",other,USD,4,2024-02-28,2024-11-12,2023-12-31,2024-09-30,10-K; 10-Q,False,not selected,{}
RKLB,us-gaap,LongTermDebtMaturitiesRepaymentsOfPrincipalInRollingYearFour,"Long-term Debt, Maturities, Repayments of Principal in Rolling Year Four",other,USD,4,2024-02-28,2024-11-12,2023-12-31,2024-09-30,10-K; 10-Q,False,not selected,{}
RKLB,us-gaap,LongTermDebtMaturitiesRepaymentsOfPrincipalInRollingYearThree,"Long-term Debt, Maturities, Repayments of Principal in Rolling Year Three",other,USD,4,2024-02-28,2024-11-12,2023-12-31,2024-09-30,10-K; 10-Q,False,not selected,{}
RKLB,us-gaap,LongTermDebtMaturitiesRepaymentsOfPrincipalInRollingYearTwo,"Long-term Debt, Maturities, Repayments of Principal in Rolling Year Two",other,USD,4,2024-02-28,2024-11-12,2023-12-31,2024-09-30,10-K; 10-Q,False,not selected,{}
RKLB,us-gaap,PaymentsForProceedsFromInvestments,Payments for (Proceeds from) Investments,other,USD,3,2024-02-28,2024-02-28,2021-12-31,2023-12-31,10-K,False,not selected,{}
RKLB,us-gaap,PaymentsOfDebtIssuanceCosts,Payments of Debt Issuance Costs,other,USD,25,2024-02-28,2026-08-10,2021-12-31,2026-06-30,10-K; 10-Q,False,not selected,{}
RKLB,us-gaap,ProceedsFromSaleOfOtherPropertyPlantAndEquipment,"Proceeds from Sale of Other Property, Plant, and Equipment",other,USD,1,2024-02-28,2024-02-28,2023-10-18,2023-10-18,10-K,False,not selected,{}
RKLB,us-gaap,RepaymentsOfSecuredDebt,Repayments of Secured Debt,other,USD,25,2024-02-28,2026-08-10,2021-12-31,2026-06-30,10-K; 10-Q,False,not selected,{}
RKLB,us-gaap,DebtInstrumentCarryingAmount,"Long-term Debt, Gross",other,USD,3,2024-05-06,2024-11-12,2024-03-31,2024-09-30,10-Q,False,not selected,{}
RKLB,us-gaap,GainLossOnDispositionOfAssets1,Gain (Loss) on Disposition of Assets,other,USD,22,2024-05-06,2026-08-10,2022-12-31,2026-06-30,10-K; 10-Q,False,not selected,{}
RKLB,us-gaap,NoncashContributionExpense,Noncash Contribution Expense,other,USD,22,2024-05-06,2026-08-10,2022-12-31,2026-06-30,10-K; 10-Q,False,not selected,{}
RKLB,us-gaap,ProceedsFromIssuanceOfConvertiblePreferredStock,Proceeds from Issuance of Convertible Preferred Stock,other,USD,18,2024-05-06,2026-02-26,2022-12-31,2025-12-31,10-K; 10-Q,False,not selected,{}
RKLB,us-gaap,ProceedsFromIssuanceOfDebt,Proceeds from Issuance of Debt,other,USD,4,2024-05-06,2025-05-08,2023-03-31,2025-03-31,10-Q,False,not selected,{}
RKLB,us-gaap,ShareBasedCompensationArrangementByShareBasedPaymentAwardNumberOfSharesAvailableForGrant,"Share-based Compensation Arrangement by Share-based Payment Award, Number of Shares Available for Grant",other_share_concept_NOT_automatically_outstanding,shares,3,2024-05-06,2024-11-12,2024-03-31,2024-09-30,10-Q,False,not selected,{}
RKLB,us-gaap,AssetsHeldForSaleLongLivedFairValueDisclosure,"Assets Held-for-sale, Long Lived, Fair Value Disclosure",other,USD,2,2024-08-08,2024-11-12,2024-06-06,2024-06-06,10-Q,False,not selected,{}
RKLB,us-gaap,GainsLossesOnSalesOfAssets,Gain (Loss) on Disposition of Assets for Financial Service Operations,revenue_candidate_VERIFY_scope_and_currency,USD,3,2024-08-08,2024-11-12,2024-06-30,2024-09-30,10-Q,False,not selected,{}
RKLB,us-gaap,ProceedsFromSaleOfIntangibleAssets,Proceeds from Sale of Intangible Assets,other,USD,4,2024-08-08,2024-11-12,2023-06-30,2024-09-30,10-Q,False,not selected,{}
RKLB,us-gaap,StockIssuedDuringPeriodSharesAcquisitions,"Stock Issued During Period, Shares, Acquisitions",other_share_concept_NOT_automatically_outstanding,shares,1,2024-08-08,2024-08-08,2023-03-31,2023-03-31,10-Q,False,not selected,{}
RKLB,us-gaap,TaxAdjustmentsSettlementsAndUnusualProvisions,"Tax Adjustments, Settlements, and Unusual Provisions",other,USD,2,2024-08-08,2024-11-12,2024-06-30,2024-06-30,10-Q,False,not selected,{}
RKLB,us-gaap,DebtInstrumentConvertibleThresholdConsecutiveTradingDays1,"Debt Instrument, Convertible, Threshold Consecutive Trading Days",other,Days,1,2024-11-12,2024-11-12,2024-09-30,2024-09-30,10-Q,False,not selected,{}
RKLB,us-gaap,DebtInstrumentConvertibleThresholdTradingDays,"Debt Instrument, Convertible, Threshold Trading Days",other,Days,1,2024-11-12,2024-11-12,2024-09-30,2024-09-30,10-Q,False,not selected,{}
RKLB,us-gaap,ShareBasedCompensationArrangementByShareBasedPaymentAwardNumberOfSharesAuthorized,"Share-based Compensation Arrangement by Share-based Payment Award, Number of Shares Authorized",other_share_concept_NOT_automatically_outstanding,shares,1,2024-11-12,2024-11-12,2024-09-30,2024-09-30,10-Q,False,not selected,{}
RKLB,us-gaap,AvailableForSaleSecuritiesDebtMaturitiesWithinOneYearAmortizedCost,"Debt Securities, Available-for-Sale, Amortized Cost, Maturity, Allocated and Single Maturity Date, Year One",revenue_candidate_VERIFY_scope_and_currency,USD,7,2025-02-27,2026-08-10,2024-12-31,2026-06-30,10-K; 10-Q,False,not selected,{}
RKLB,us-gaap,AvailableForSaleSecuritiesDebtMaturitiesWithinOneYearFairValue,"Debt Securities, Available-for-Sale, Fair Value, Maturity, Allocated and Single Maturity Date, Year One",revenue_candidate_VERIFY_scope_and_currency,USD,7,2025-02-27,2026-08-10,2024-12-31,2026-06-30,10-K; 10-Q,False,not selected,{}
RKLB,us-gaap,BusinessAcquisitionsProFormaNetIncomeLoss,"Business Acquisition, Pro Forma Net Income (Loss)",other,USD,3,2025-02-27,2025-02-27,2022-12-31,2024-12-31,10-K,False,not selected,{}
RKLB,us-gaap,BusinessAcquisitionsProFormaRevenue,"Business Acquisition, Pro Forma Revenue",revenue_candidate_VERIFY_scope_and_currency,USD,3,2025-02-27,2025-02-27,2022-12-31,2024-12-31,10-K,False,not selected,{}
RKLB,us-gaap,DecreaseInUnrecognizedTaxBenefitsIsReasonablyPossible,Decrease in Unrecognized Tax Benefits is Reasonably Possible,other,USD,1,2025-02-27,2025-02-27,2024-12-31,2024-12-31,10-K,False,not selected,{}
RKLB,us-gaap,DeferredTaxLiabilitiesPropertyPlantAndEquipment,"Deferred Tax Liabilities, Property, Plant and Equipment",other,USD,4,2025-02-27,2026-02-26,2023-12-31,2025-12-31,10-K,False,not selected,{}
RKLB,us-gaap,EffectiveIncomeTaxRateReconciliationStateAndLocalIncomeTaxes,"Effective Income Tax Rate Reconciliation, State and Local Income Taxes, Percent",other,pure,6,2025-02-27,2026-02-26,2022-12-31,2025-12-31,10-K,False,not selected,{}
RKLB,us-gaap,GainLossOnSaleOfPropertyPlantEquipment,Gain (Loss) on Disposition of Property Plant Equipment,other,USD,4,2025-02-27,2026-02-26,2023-10-18,2024-12-31,10-K,False,not selected,{}
RKLB,us-gaap,NoncurrentAssets,Long-Lived Assets,other,USD,4,2025-02-27,2026-02-26,2023-12-31,2025-12-31,10-K,False,not selected,{}
RKLB,us-gaap,ProceedsFromSaleOfPropertyPlantAndEquipment,"Proceeds from Sale of Property, Plant, and Equipment",other,USD,16,2025-02-27,2026-08-10,2022-12-31,2026-06-30,10-K; 10-Q,False,not selected,{}
RKLB,us-gaap,UnrecognizedTaxBenefitsDecreasesResultingFromSettlementsWithTaxingAuthorities,"Unrecognized Tax Benefits, Decrease Resulting from Settlements with Taxing Authorities",other,USD,4,2025-02-27,2026-02-26,2023-12-31,2025-12-31,10-K,False,not selected,{}
RKLB,us-gaap,UnrecognizedTaxBenefitsIncomeTaxPenaltiesAndInterestAccrued,"Unrecognized Tax Benefits, Income Tax Penalties and Interest Accrued",other,USD,4,2025-02-27,2026-02-26,2023-12-31,2025-12-31,10-K,False,not selected,{}
RKLB,us-gaap,UnrecognizedTaxBenefitsIncreasesResultingFromCurrentPeriodTaxPositions,"Unrecognized Tax Benefits, Increase Resulting from Current Period Tax Positions",other,USD,2,2025-02-27,2025-02-27,2023-12-31,2024-12-31,10-K,False,not selected,{}
RKLB,us-gaap,DebtIssuanceCostsIncurredDuringNoncashOrPartialNoncashTransaction,Debt Issuance Costs Incurred During Noncash or Partial Noncash Transaction,other,USD,13,2025-05-08,2026-08-10,2023-12-31,2026-06-30,10-K; 10-Q,False,not selected,{}
RKLB,us-gaap,PreferredStockLiquidationPreference,"Preferred Stock, Liquidation Preference Per Share",other,USD/shares,6,2025-05-08,2026-08-10,2025-01-07,2025-01-07,10-K; 10-Q,False,not selected,{}
RKLB,us-gaap,StockIssuedDuringPeriodValueShareBasedCompensation,"Shares Issued, Value, Share-based Payment Arrangement, after Forfeiture",other,USD,21,2025-05-08,2026-08-10,2023-12-31,2026-06-30,10-K; 10-Q,False,not selected,{}
RKLB,us-gaap,TreasuryStockCommonShares,"Treasury Stock, Common, Shares",other_share_concept_NOT_automatically_outstanding,shares,12,2025-05-08,2026-08-10,2024-12-31,2026-06-30,10-K; 10-Q,False,not selected,{}
RKLB,us-gaap,TreasuryStockCommonValue,"Treasury Stock, Common, Value",other,USD,12,2025-05-08,2026-08-10,2024-12-31,2026-06-30,10-K; 10-Q,False,not selected,{}
RKLB,us-gaap,ContractWithCustomerLiabilityCumulativeCatchUpAdjustmentToRevenueChangeInEstimateOfTransactionPrice,"Contract with Customer, Liability, Cumulative Catch-up Adjustment to Revenue, Change in Estimate of Transaction Price",revenue_candidate_VERIFY_scope_and_currency,USD,4,2025-08-07,2026-02-26,2025-06-30,2025-12-31,10-K; 10-Q,False,not selected,{}
RKLB,us-gaap,ProceedsFromMaturitiesPrepaymentsAndCallsOfHeldToMaturitySecurities,"Proceeds from Maturities, Prepayments and Calls of Held-to-maturity Securities",other,USD,4,2025-08-07,2025-11-10,2024-06-30,2025-09-30,10-Q,False,not selected,{}
RKLB,us-gaap,ProceedsFromSaleOfHeldToMaturitySecurities,Proceeds from Sale of Held-to-maturity Securities,other,USD,4,2025-08-07,2025-11-10,2024-06-30,2025-09-30,10-Q,False,not selected,{}
RKLB,us-gaap,StockIssued1,Stock Issued,other,USD,9,2025-08-07,2026-08-10,2023-12-31,2026-06-30,10-K; 10-Q,False,not selected,{}
RKLB,us-gaap,FairValueMeasurementWithUnobservableInputsReconciliationRecurringBasisLiabilityPurchases,"Fair Value, Measurement with Unobservable Inputs Reconciliation, Recurring Basis, Liability, Purchases",other,USD,2,2025-11-10,2026-02-26,2025-09-30,2025-12-31,10-K; 10-Q,False,not selected,{}
RKLB,us-gaap,NoncashOrPartNoncashAcquisitionPayablesAssumed1,"Noncash or Part Noncash Acquisition, Payables Assumed",other,USD,7,2025-11-10,2026-08-10,2023-12-31,2026-06-30,10-K; 10-Q,False,not selected,{}
RKLB,us-gaap,ProceedsFromPrincipalRepaymentsOnLoansAndLeasesHeldForInvestment,Proceeds from Principal Repayments on Loans and Leases Held-for-investment,other,USD,4,2025-11-10,2026-08-10,2025-07-11,2025-07-31,10-K; 10-Q,False,not selected,{}
RKLB,us-gaap,AssetsFairValueDisclosure,"Assets, Fair Value Disclosure",other,USD,6,2026-02-26,2026-08-10,2024-12-31,2026-06-30,10-K; 10-Q,False,not selected,{}
RKLB,us-gaap,BusinessCombinationContingentConsiderationLiabilityNoncurrent,"Business Combination, Contingent Consideration, Liability, Noncurrent",other,USD,5,2026-02-26,2026-08-10,2025-12-31,2026-06-30,10-K; 10-Q,False,not selected,{}
RKLB,us-gaap,ConversionOfStockAmountIssued1,"Conversion of Stock, Amount Issued",other,USD,3,2026-02-26,2026-02-26,2023-12-31,2025-12-31,10-K,False,not selected,{}
RKLB,us-gaap,EffectiveIncomeTaxRateReconciliationCrossBorderOtherAmount,,other,USD,1,2026-02-26,2026-02-26,2025-12-31,2025-12-31,10-K,False,not selected,{}
RKLB,us-gaap,EffectiveIncomeTaxRateReconciliationCrossBorderOtherPercent,,other,pure,1,2026-02-26,2026-02-26,2025-12-31,2025-12-31,10-K,False,not selected,{}
RKLB,us-gaap,EffectiveIncomeTaxRateReconciliationGiltiAmount,,other,USD,1,2026-02-26,2026-02-26,2025-12-31,2025-12-31,10-K,False,not selected,{}
RKLB,us-gaap,EffectiveIncomeTaxRateReconciliationGiltiPercent,,other,pure,1,2026-02-26,2026-02-26,2025-12-31,2025-12-31,10-K,False,not selected,{}
RKLB,us-gaap,EffectiveIncomeTaxRateReconciliationTaxContingencies,"Effective Income Tax Rate Reconciliation, Tax Contingency, Percent",other,pure,3,2026-02-26,2026-02-26,2023-12-31,2025-12-31,10-K,False,not selected,{}
RKLB,us-gaap,EffectiveIncomeTaxRateReconciliationTaxCredits,"Effective Income Tax Rate Reconciliation, Tax Credit, Percent",other,pure,1,2026-02-26,2026-02-26,2025-12-31,2025-12-31,10-K,False,not selected,{}
RKLB,us-gaap,FederalIncomeTaxExpenseBenefitContinuingOperations,"Federal Income Tax Expense (Benefit), Continuing Operations",other,USD,3,2026-02-26,2026-02-26,2023-12-31,2025-12-31,10-K,False,not selected,{}
RKLB,us-gaap,ForeignIncomeTaxExpenseBenefitContinuingOperations,"Foreign Income Tax Expense (Benefit), Continuing Operations",other,USD,3,2026-02-26,2026-02-26,2023-12-31,2025-12-31,10-K,False,not selected,{}
RKLB,us-gaap,IncomeTaxPaidFederalAfterRefundReceived,,other,USD,1,2026-02-26,2026-02-26,2025-12-31,2025-12-31,10-K,False,not selected,{}
RKLB,us-gaap,IncomeTaxPaidForeignAfterRefundReceived,,other,USD,1,2026-02-26,2026-02-26,2025-12-31,2025-12-31,10-K,False,not selected,{}
RKLB,us-gaap,IncomeTaxPaidStateAndLocalAfterRefundReceived,,other,USD,1,2026-02-26,2026-02-26,2025-12-31,2025-12-31,10-K,False,not selected,{}
RKLB,us-gaap,IncomeTaxReconciliationStateAndLocalIncomeTaxes,"Effective Income Tax Rate Reconciliation, State and Local Income Taxes, Amount",other,USD,1,2026-02-26,2026-02-26,2025-12-31,2025-12-31,10-K,False,not selected,{}
RKLB,us-gaap,IncomeTaxReconciliationTaxContingencies,"Effective Income Tax Rate Reconciliation, Tax Contingency, Amount",other,USD,1,2026-02-26,2026-02-26,2025-12-31,2025-12-31,10-K,False,not selected,{}
RKLB,us-gaap,IncomeTaxReconciliationTaxCredits,"Effective Income Tax Rate Reconciliation, Tax Credit, Amount",other,USD,1,2026-02-26,2026-02-26,2025-12-31,2025-12-31,10-K,False,not selected,{}
RKLB,us-gaap,InterestExpenseNonoperating,,other,USD,9,2026-02-26,2026-08-10,2023-12-31,2026-06-30,10-K; 10-Q,False,not selected,{}
RKLB,us-gaap,InvestmentIncomeNonoperating,"Investment Income, Nonoperating",other,USD,9,2026-02-26,2026-08-10,2023-12-31,2026-06-30,10-K; 10-Q,False,not selected,{}
RKLB,us-gaap,LiabilitiesFairValueDisclosure,"Financial and Nonfinancial Liabilities, Fair Value Disclosure",other,USD,5,2026-02-26,2026-08-10,2025-12-31,2026-06-30,10-K; 10-Q,False,not selected,{}
RKLB,us-gaap,StateAndLocalIncomeTaxExpenseBenefitContinuingOperations,"State and Local Income Tax Expense (Benefit), Continuing Operations",other,USD,3,2026-02-26,2026-02-26,2023-12-31,2025-12-31,10-K,False,not selected,{}
RKLB,us-gaap,CapitalExpendituresIncurredButNotYetPaid,Capital Expenditures Incurred but Not yet Paid,other,USD,4,2026-05-07,2026-08-10,2025-03-31,2026-06-30,10-Q,False,not selected,{}
RKLB,us-gaap,ContractWithCustomerLiabilityRevenueRecognized,"Contract with Customer, Liability, Revenue Recognized",revenue_candidate_VERIFY_scope_and_currency,USD,2,2026-08-10,2026-08-10,2026-06-30,2026-06-30,10-Q,False,not selected,{}
RKLB,us-gaap,GoodwillPurchaseAccountingAdjustments,"Goodwill, Purchase Accounting Adjustments",other,USD,1,2026-08-10,2026-08-10,2026-06-30,2026-06-30,10-Q,False,not selected,{}
RKLB,us-gaap,InventoryWriteDown,Inventory Write-down,other,USD,2,2026-08-10,2026-08-10,2025-06-30,2026-06-30,10-Q,False,not selected,{}
RKLB,ecd,NonPeoNeoAvgCompActuallyPaidAmt,,other,USD,5,2026-04-06,2026-04-06,2021-12-31,2025-12-31,DEF 14A,False,not selected,{}
RKLB,ecd,NonPeoNeoAvgTotalCompAmt,,other,USD,5,2026-04-06,2026-04-06,2021-12-31,2025-12-31,DEF 14A,False,not selected,{}
RKLB,ecd,PeerGroupTotalShareholderRtnAmt,,other,USD,5,2026-04-06,2026-04-06,2021-12-31,2025-12-31,DEF 14A,False,not selected,{}
RKLB,ecd,PeoActuallyPaidCompAmt,,other,USD,5,2026-04-06,2026-04-06,2021-12-31,2025-12-31,DEF 14A,False,not selected,{}
RKLB,ecd,PeoTotalCompAmt,,other,USD,5,2026-04-06,2026-04-06,2021-12-31,2025-12-31,DEF 14A,False,not selected,{}
RKLB,ecd,TotalShareholderRtnAmt,,other,USD,5,2026-04-06,2026-04-06,2021-12-31,2025-12-31,DEF 14A,False,not selected,{}
RKLB,ffd,NetFeeAmt,,other,USD,4,2026-05-08,2026-08-13,2026-05-07,2026-08-08,424B5; 424B7; S-4,False,not selected,{}
RKLB,ffd,TtlFeeAmt,,other,USD,4,2026-05-08,2026-08-13,2026-05-07,2026-08-08,424B5; 424B7; S-4,False,not selected,{}
RKLB,ffd,TtlOfferingAmt,,other,USD,4,2026-05-08,2026-08-13,2026-05-07,2026-08-08,424B5; 424B7; S-4,False,not selected,{}
RKLB,ffd,TtlOffsetAmt,,other,USD,3,2026-05-08,2026-08-13,2026-05-07,2026-08-08,424B5; 424B7,False,not selected,{}
RKLB,ffd,TtlPrevslyPdAmt,,other,USD,3,2026-05-08,2026-08-13,2026-05-07,2026-08-08,424B5; 424B7,False,not selected,{}
SPCX,ffd,NetFeeAmt,,other,USD,3,2026-06-03,2026-08-04,2026-06-03,2026-08-04,S-1/A; S-8,False,not selected,{}
SPCX,ffd,TtlFeeAmt,,other,USD,3,2026-06-03,2026-08-04,2026-06-03,2026-08-04,S-1/A; S-8,False,not selected,{}
SPCX,ffd,TtlOfferingAmt,,other,USD,3,2026-06-03,2026-08-04,2026-06-03,2026-08-04,S-1/A; S-8,False,not selected,{}
SPCX,ffd,TtlOffsetAmt,,other,USD,3,2026-06-03,2026-08-04,2026-06-03,2026-08-04,S-1/A; S-8,False,not selected,{}
SPCX,ffd,TtlPrevslyPdAmt,,other,USD,1,2026-06-03,2026-06-03,2026-06-03,2026-06-03,S-1/A,False,not selected,{}
SPCX,us-gaap,AccountsPayableCurrent,"Accounts Payable, Current",other,USD,2,2026-08-04,2026-08-04,2025-12-31,2026-06-30,10-Q,False,not selected,{}
SPCX,us-gaap,AccountsReceivableNetCurrent,"Accounts Receivable, after Allowance for Credit Loss, Current",other,USD,2,2026-08-04,2026-08-04,2025-12-31,2026-06-30,10-Q,False,not selected,{}
SPCX,us-gaap,AccruedLiabilitiesCurrent,"Accrued Liabilities, Current",other,USD,2,2026-08-04,2026-08-04,2025-12-31,2026-06-30,10-Q,False,not selected,{}
SPCX,us-gaap,AccumulatedDepreciationDepletionAndAmortizationPropertyPlantAndEquipment,"Accumulated Depreciation, Depletion and Amortization, Property, Plant, and Equipment",other,USD,2,2026-08-04,2026-08-04,2025-12-31,2026-06-30,10-Q,False,not selected,{}
SPCX,us-gaap,AccumulatedOtherComprehensiveIncomeLossNetOfTax,"Accumulated Other Comprehensive Income (Loss), Net of Tax",other,USD,2,2026-08-04,2026-08-04,2025-12-31,2026-06-30,10-Q,False,not selected,{}
SPCX,us-gaap,AdditionalPaidInCapital,Additional Paid in Capital,other,USD,2,2026-08-04,2026-08-04,2025-12-31,2026-06-30,10-Q,False,not selected,{}
SPCX,us-gaap,AdjustmentsToAdditionalPaidInCapitalSharebasedCompensationRequisiteServicePeriodRecognitionValue,"APIC, Share-based Payment Arrangement, Increase for Cost Recognition",other,USD,4,2026-08-04,2026-08-04,2025-06-30,2026-06-30,10-Q,False,not selected,{}
SPCX,us-gaap,AllocatedShareBasedCompensationExpense,"Share-based Payment Arrangement, Expense",other,USD,4,2026-08-04,2026-08-04,2025-06-30,2026-06-30,10-Q,False,not selected,{}
SPCX,us-gaap,AllowanceForDoubtfulAccountsReceivableCurrent,"Accounts Receivable, Allowance for Credit Loss, Current",other,USD,2,2026-08-04,2026-08-04,2025-12-31,2026-06-30,10-Q,False,not selected,{}
SPCX,us-gaap,AmortizationOfIntangibleAssets,Amortization of Intangible Assets,other,USD,4,2026-08-04,2026-08-04,2025-06-30,2026-06-30,10-Q,False,not selected,{}
SPCX,us-gaap,Assets,Assets,other,USD,2,2026-08-04,2026-08-04,2025-12-31,2026-06-30,10-Q,False,not selected,{}
SPCX,us-gaap,AssetsCurrent,"Assets, Current",other,USD,2,2026-08-04,2026-08-04,2025-12-31,2026-06-30,10-Q,False,not selected,{}
SPCX,us-gaap,CapitalExpendituresIncurredButNotYetPaid,Capital Expenditures Incurred but Not yet Paid,other,USD,2,2026-08-04,2026-08-04,2025-06-30,2026-06-30,10-Q,False,not selected,{}
SPCX,us-gaap,CashAndCashEquivalentsAtCarryingValue,"Cash and Cash Equivalents, at Carrying Value",other,USD,2,2026-08-04,2026-08-04,2025-12-31,2026-06-30,10-Q,False,not selected,{}
SPCX,us-gaap,CashCashEquivalentsRestrictedCashAndRestrictedCashEquivalents,"Cash, Cash Equivalents, Restricted Cash and Restricted Cash Equivalents",other,USD,4,2026-08-04,2026-08-04,2024-12-31,2026-06-30,10-Q,False,not selected,{}
SPCX,us-gaap,CashCashEquivalentsRestrictedCashAndRestrictedCashEquivalentsPeriodIncreaseDecreaseIncludingExchangeRateEffect,"Cash, Cash Equivalents, Restricted Cash and Restricted Cash Equivalents, Period Increase (Decrease), Including Exchange Rate Effect",other,USD,2,2026-08-04,2026-08-04,2025-06-30,2026-06-30,10-Q,False,not selected,{}
SPCX,us-gaap,CommonStockSharesAuthorized,"Common Stock, Shares Authorized",other_share_concept_NOT_automatically_outstanding,shares,1,2026-08-04,2026-08-04,2026-06-30,2026-06-30,10-Q,False,not selected,{}
SPCX,us-gaap,ComprehensiveIncomeNetOfTax,"Comprehensive Income (Loss), Net of Tax, Attributable to Parent",other,USD,4,2026-08-04,2026-08-04,2025-06-30,2026-06-30,10-Q,False,not selected,{}
SPCX,us-gaap,ContractWithCustomerLiability,"Contract with Customer, Liability",other,USD,2,2026-08-04,2026-08-04,2025-12-31,2026-06-30,10-Q,False,not selected,{}
SPCX,us-gaap,ContractWithCustomerLiabilityCurrent,"Contract with Customer, Liability, Current",other,USD,2,2026-08-04,2026-08-04,2025-12-31,2026-06-30,10-Q,False,not selected,{}
SPCX,us-gaap,ContractWithCustomerLiabilityNoncurrent,"Contract with Customer, Liability, Noncurrent",other,USD,2,2026-08-04,2026-08-04,2025-12-31,2026-06-30,10-Q,False,not selected,{}
SPCX,us-gaap,ContractWithCustomerLiabilityRevenueRecognized,"Contract with Customer, Liability, Revenue Recognized",revenue_candidate_VERIFY_scope_and_currency,USD,2,2026-08-04,2026-08-04,2026-06-30,2026-06-30,10-Q,False,not selected,{}
SPCX,us-gaap,CostOfRevenue,Cost of Revenue,revenue_candidate_VERIFY_scope_and_currency,USD,4,2026-08-04,2026-08-04,2025-06-30,2026-06-30,10-Q,False,not selected,{}
SPCX,us-gaap,CostsAndExpenses,Costs and Expenses,other,USD,4,2026-08-04,2026-08-04,2025-06-30,2026-06-30,10-Q,False,not selected,{}
SPCX,us-gaap,CryptoAssetCost,,other,USD,2,2026-08-04,2026-08-04,2025-12-31,2026-06-30,10-Q,False,not selected,{}
SPCX,us-gaap,CryptoAssetFairValue,,other,USD,2,2026-08-04,2026-08-04,2025-12-31,2026-06-30,10-Q,False,not selected,{}
SPCX,us-gaap,CryptoAssetFairValueNoncurrent,,other,USD,2,2026-08-04,2026-08-04,2025-12-31,2026-06-30,10-Q,False,not selected,{}
SPCX,us-gaap,CryptoAssetNumberOfUnits,,other,unit,2,2026-08-04,2026-08-04,2025-12-31,2026-06-30,10-Q,False,not selected,{}
SPCX,us-gaap,CryptoAssetUnrealizedGainLossNonoperating,,other,USD,2,2026-08-04,2026-08-04,2025-06-30,2026-06-30,10-Q,False,not selected,{}
SPCX,us-gaap,DebtInstrumentCarryingAmount,"Long-term Debt, Gross",other,USD,2,2026-08-04,2026-08-04,2025-12-31,2026-06-30,10-Q,False,not selected,{}
SPCX,us-gaap,DeferredFinanceCostsNet,"Debt Issuance Costs, Net",other,USD,2,2026-08-04,2026-08-04,2025-12-31,2026-06-30,10-Q,False,not selected,{}
SPCX,us-gaap,DeferredIncomeTaxAssetsNet,"Deferred Income Tax Assets, Net",other,USD,2,2026-08-04,2026-08-04,2025-12-31,2026-06-30,10-Q,False,not selected,{}
SPCX,us-gaap,DeferredIncomeTaxesAndTaxCredits,Deferred Income Taxes and Tax Credits,other,USD,2,2026-08-04,2026-08-04,2025-06-30,2026-06-30,10-Q,False,not selected,{}
SPCX,us-gaap,Depreciation,Depreciation,other,USD,4,2026-08-04,2026-08-04,2025-06-30,2026-06-30,10-Q,False,not selected,{}
SPCX,us-gaap,DepreciationDepletionAndAmortization,"Depreciation, Depletion and Amortization",other,USD,2,2026-08-04,2026-08-04,2025-06-30,2026-06-30,10-Q,False,not selected,{}
SPCX,us-gaap,EarningsPerShareBasic,"Earnings Per Share, Basic",other,USD/shares,4,2026-08-04,2026-08-04,2025-06-30,2026-06-30,10-Q,False,not selected,{}
SPCX,us-gaap,EarningsPerShareDiluted,"Earnings Per Share, Diluted",other,USD/shares,4,2026-08-04,2026-08-04,2025-06-30,2026-06-30,10-Q,False,not selected,{}
SPCX,us-gaap,EffectiveIncomeTaxRateContinuingOperations,"Effective Income Tax Rate Reconciliation, Percent",other,pure,4,2026-08-04,2026-08-04,2025-06-30,2026-06-30,10-Q,False,not selected,{}
SPCX,us-gaap,EffectOfExchangeRateOnCashCashEquivalentsRestrictedCashAndRestrictedCashEquivalentsIncludingDisposalGroupAndDiscontinuedOperations,"Effect of Exchange Rate on Cash, Cash Equivalents, Restricted Cash and Restricted Cash Equivalents, Including Disposal Group and Discontinued Operations",other,USD,2,2026-08-04,2026-08-04,2025-06-30,2026-06-30,10-Q,False,not selected,{}
SPCX,us-gaap,EmployeeRelatedLiabilitiesCurrent,"Employee-related Liabilities, Current",other,USD,2,2026-08-04,2026-08-04,2025-12-31,2026-06-30,10-Q,False,not selected,{}
SPCX,us-gaap,EmployeeServiceShareBasedCompensationAllocationOfRecognizedPeriodCostsCapitalizedAmount,"Share-based Payment Arrangement, Amount Capitalized",other,USD,4,2026-08-04,2026-08-04,2025-06-30,2026-06-30,10-Q,False,not selected,{}
SPCX,us-gaap,EquitySecuritiesWithoutReadilyDeterminableFairValueAmount,"Equity Securities without Readily Determinable Fair Value, Amount",other,USD,2,2026-08-04,2026-08-04,2025-12-31,2026-06-30,10-Q,False,not selected,{}
SPCX,us-gaap,EquitySecuritiesWithoutReadilyDeterminableFairValueUpwardPriceAdjustmentAnnualAmount,"Equity Securities without Readily Determinable Fair Value, Upward Price Adjustment, Annual Amount",other,USD,1,2026-08-04,2026-08-04,2026-06-30,2026-06-30,10-Q,False,not selected,{}
SPCX,us-gaap,FinanceLeaseInterestExpense,"Finance Lease, Interest Expense",other,USD,4,2026-08-04,2026-08-04,2025-06-30,2026-06-30,10-Q,False,not selected,{}
SPCX,us-gaap,FinanceLeaseLiability,"Finance Lease, Liability",other,USD,2,2026-08-04,2026-08-04,2025-12-31,2026-06-30,10-Q,False,not selected,{}
SPCX,us-gaap,FinanceLeasePrincipalPayments,"Finance Lease, Principal Payments",other,USD,2,2026-08-04,2026-08-04,2025-06-30,2026-06-30,10-Q,False,not selected,{}
SPCX,us-gaap,FinanceLeaseRightOfUseAsset,"Finance Lease, Right-of-Use Asset, after Accumulated Amortization",other,USD,2,2026-08-04,2026-08-04,2025-12-31,2026-06-30,10-Q,False,not selected,{}
SPCX,us-gaap,FinanceLeaseRightOfUseAssetAmortization,"Finance Lease, Right-of-Use Asset, Amortization",other,USD,4,2026-08-04,2026-08-04,2025-06-30,2026-06-30,10-Q,False,not selected,{}
SPCX,us-gaap,FiniteLivedIntangibleAssetsAccumulatedAmortization,"Finite-Lived Intangible Assets, Accumulated Amortization",other,USD,2,2026-08-04,2026-08-04,2025-12-31,2026-06-30,10-Q,False,not selected,{}
SPCX,us-gaap,FiniteLivedIntangibleAssetsGross,"Finite-Lived Intangible Assets, Gross",other,USD,2,2026-08-04,2026-08-04,2025-12-31,2026-06-30,10-Q,False,not selected,{}
SPCX,us-gaap,FiniteLivedIntangibleAssetsNet,"Finite-Lived Intangible Assets, Net",other,USD,2,2026-08-04,2026-08-04,2025-12-31,2026-06-30,10-Q,False,not selected,{}
SPCX,us-gaap,GainLossOnSalesOfAssetsAndAssetImpairmentCharges,Gain (Loss) on Sale of Assets and Asset Impairment Charges,revenue_candidate_VERIFY_scope_and_currency,USD,2,2026-08-04,2026-08-04,2025-06-30,2026-06-30,10-Q,False,not selected,{}
SPCX,us-gaap,GainsLossesOnExtinguishmentOfDebt,Gain (Loss) on Extinguishment of Debt,other,USD,4,2026-08-04,2026-08-04,2025-06-30,2026-06-30,10-Q,False,not selected,{}
SPCX,us-gaap,Goodwill,Goodwill,other,USD,2,2026-08-04,2026-08-04,2025-12-31,2026-06-30,10-Q,False,not selected,{}
SPCX,us-gaap,GoodwillAcquiredDuringPeriod,"Goodwill, Acquired During Period",other,USD,1,2026-08-04,2026-08-04,2026-06-30,2026-06-30,10-Q,False,not selected,{}
SPCX,us-gaap,GoodwillForeignCurrencyTranslationGainLoss,"Goodwill, Foreign Currency Translation Gain (Loss)",other,USD,1,2026-08-04,2026-08-04,2026-06-30,2026-06-30,10-Q,False,not selected,{}
SPCX,us-gaap,ImpairmentOfLongLivedAssetsHeldForUse,Impairment of Long-Lived Assets Held-for-use,other,USD,4,2026-08-04,2026-08-04,2025-06-30,2026-06-30,10-Q,False,not selected,{}
SPCX,us-gaap,IncomeLossFromContinuingOperationsBeforeIncomeTaxesExtraordinaryItemsNoncontrollingInterest,"Income (Loss) from Continuing Operations before Income Taxes, Noncontrolling Interest",other,USD,4,2026-08-04,2026-08-04,2025-06-30,2026-06-30,10-Q,False,not selected,{}
SPCX,us-gaap,IncomeTaxExpenseBenefit,Income Tax Expense (Benefit),other,USD,4,2026-08-04,2026-08-04,2025-06-30,2026-06-30,10-Q,False,not selected,{}
SPCX,us-gaap,IncomeTaxesPaidNet,"Income Taxes Paid, Net",other,USD,2,2026-08-04,2026-08-04,2025-06-30,2026-06-30,10-Q,False,not selected,{}
SPCX,us-gaap,IncreaseDecreaseInAccountsPayable,Increase (Decrease) in Accounts Payable,other,USD,2,2026-08-04,2026-08-04,2025-06-30,2026-06-30,10-Q,False,not selected,{}
SPCX,us-gaap,IncreaseDecreaseInAccountsReceivable,Increase (Decrease) in Accounts Receivable,other,USD,2,2026-08-04,2026-08-04,2025-06-30,2026-06-30,10-Q,False,not selected,{}
SPCX,us-gaap,IncreaseDecreaseInContractWithCustomerLiability,"Increase (Decrease) in Contract with Customer, Liability",other,USD,2,2026-08-04,2026-08-04,2025-06-30,2026-06-30,10-Q,False,not selected,{}
SPCX,us-gaap,IncreaseDecreaseInInventories,Increase (Decrease) in Inventories,other,USD,2,2026-08-04,2026-08-04,2025-06-30,2026-06-30,10-Q,False,not selected,{}
SPCX,us-gaap,IncreaseDecreaseInOtherOperatingLiabilities,Increase (Decrease) in Other Operating Liabilities,other,USD,2,2026-08-04,2026-08-04,2025-06-30,2026-06-30,10-Q,False,not selected,{}
SPCX,us-gaap,IncreaseDecreaseInPrepaidDeferredExpenseAndOtherAssets,Increase (Decrease) in Prepaid Expense and Other Assets,other,USD,2,2026-08-04,2026-08-04,2025-06-30,2026-06-30,10-Q,False,not selected,{}
SPCX,us-gaap,IndefiniteLivedIntangibleAssetsExcludingGoodwill,Indefinite-lived Intangible Assets (Excluding Goodwill),other,USD,2,2026-08-04,2026-08-04,2025-12-31,2026-06-30,10-Q,False,not selected,{}
SPCX,us-gaap,IntangibleAssetsNetExcludingGoodwill,"Intangible Assets, Net (Excluding Goodwill)",other,USD,2,2026-08-04,2026-08-04,2025-12-31,2026-06-30,10-Q,False,not selected,{}
SPCX,us-gaap,InterestCostsCapitalized,Interest Costs Capitalized,other,USD,4,2026-08-04,2026-08-04,2025-06-30,2026-06-30,10-Q,False,not selected,{}
SPCX,us-gaap,InterestExpenseNonoperating,,other,USD,4,2026-08-04,2026-08-04,2025-06-30,2026-06-30,10-Q,False,not selected,{}
SPCX,us-gaap,InterestPaidCapitalized,"Interest Paid, Capitalized, Investing Activities",other,USD,2,2026-08-04,2026-08-04,2025-06-30,2026-06-30,10-Q,False,not selected,{}
SPCX,us-gaap,InterestPaidNet,"Interest Paid, Excluding Capitalized Interest, Operating Activities",other,USD,2,2026-08-04,2026-08-04,2025-06-30,2026-06-30,10-Q,False,not selected,{}
SPCX,us-gaap,InterestPayableCurrent,"Interest Payable, Current",other,USD,2,2026-08-04,2026-08-04,2025-12-31,2026-06-30,10-Q,False,not selected,{}
SPCX,us-gaap,InventoryFinishedGoodsNetOfReserves,"Inventory, Finished Goods, Net of Reserves",other,USD,2,2026-08-04,2026-08-04,2025-12-31,2026-06-30,10-Q,False,not selected,{}
SPCX,us-gaap,InventoryNet,"Inventory, Net",other,USD,2,2026-08-04,2026-08-04,2025-12-31,2026-06-30,10-Q,False,not selected,{}
SPCX,us-gaap,InventoryRawMaterialsNetOfReserves,"Inventory, Raw Materials, Net of Reserves",other,USD,2,2026-08-04,2026-08-04,2025-12-31,2026-06-30,10-Q,False,not selected,{}
SPCX,us-gaap,InventoryWorkInProcessNetOfReserves,"Inventory, Work in Process, Net of Reserves",other,USD,2,2026-08-04,2026-08-04,2025-12-31,2026-06-30,10-Q,False,not selected,{}
SPCX,us-gaap,InvestmentIncomeInterest,"Investment Income, Interest",other,USD,4,2026-08-04,2026-08-04,2025-06-30,2026-06-30,10-Q,False,not selected,{}
SPCX,us-gaap,LeaseCost,"Lease, Cost",other,USD,4,2026-08-04,2026-08-04,2025-06-30,2026-06-30,10-Q,False,not selected,{}
SPCX,us-gaap,LettersOfCreditOutstandingAmount,"Letters of Credit Outstanding, Amount",other,USD,1,2026-08-04,2026-08-04,2026-06-30,2026-06-30,10-Q,False,not selected,{}
SPCX,us-gaap,Liabilities,Liabilities,other,USD,2,2026-08-04,2026-08-04,2025-12-31,2026-06-30,10-Q,False,not selected,{}
SPCX,us-gaap,LiabilitiesAndStockholdersEquity,Liabilities and Equity,other,USD,2,2026-08-04,2026-08-04,2025-12-31,2026-06-30,10-Q,False,not selected,{}
SPCX,us-gaap,LiabilitiesCurrent,"Liabilities, Current",other,USD,2,2026-08-04,2026-08-04,2025-12-31,2026-06-30,10-Q,False,not selected,{}
SPCX,us-gaap,LitigationReserve,Estimated Litigation Liability,other,USD,1,2026-08-04,2026-08-04,2026-06-30,2026-06-30,10-Q,False,not selected,{}
SPCX,us-gaap,LongTermDebt,Long-term Debt,other,USD,2,2026-08-04,2026-08-04,2025-12-31,2026-06-30,10-Q,False,not selected,{}
SPCX,us-gaap,LongTermDebtAndCapitalLeaseObligations,Long-term Debt and Lease Obligation,other,USD,2,2026-08-04,2026-08-04,2025-12-31,2026-06-30,10-Q,False,not selected,{}
SPCX,us-gaap,LongTermDebtAndCapitalLeaseObligationsCurrent,"Long-term Debt and Lease Obligation, Current",other,USD,2,2026-08-04,2026-08-04,2025-12-31,2026-06-30,10-Q,False,not selected,{}
SPCX,us-gaap,LongTermDebtAndCapitalLeaseObligationsIncludingCurrentMaturities,"Long-term Debt and Lease Obligation, Including Current Maturities",other,USD,2,2026-08-04,2026-08-04,2025-12-31,2026-06-30,10-Q,False,not selected,{}
SPCX,us-gaap,LongTermDebtMaturitiesRepaymentsOfPrincipalInNextTwelveMonths,"Long-Term Debt, Maturity, Year One",other,USD,1,2026-08-04,2026-08-04,2026-06-30,2026-06-30,10-Q,False,not selected,{}
SPCX,us-gaap,LongTermDebtMaturitiesRepaymentsOfPrincipalInYearFour,"Long-Term Debt, Maturity, Year Four",other,USD,1,2026-08-04,2026-08-04,2026-06-30,2026-06-30,10-Q,False,not selected,{}
SPCX,us-gaap,LongTermDebtMaturitiesRepaymentsOfPrincipalInYearThree,"Long-Term Debt, Maturity, Year Three",other,USD,1,2026-08-04,2026-08-04,2026-06-30,2026-06-30,10-Q,False,not selected,{}
SPCX,us-gaap,LongTermDebtMaturitiesRepaymentsOfPrincipalInYearTwo,"Long-Term Debt, Maturity, Year Two",other,USD,1,2026-08-04,2026-08-04,2026-06-30,2026-06-30,10-Q,False,not selected,{}
SPCX,us-gaap,LongTermDebtMaturitiesRepaymentsOfPrincipalRemainderOfFiscalYear,"Long-Term Debt, Maturity, Remainder of Fiscal Year",other,USD,1,2026-08-04,2026-08-04,2026-06-30,2026-06-30,10-Q,False,not selected,{}
SPCX,us-gaap,MarketableSecuritiesCurrent,"Marketable Securities, Current",other,USD,2,2026-08-04,2026-08-04,2025-12-31,2026-06-30,10-Q,False,not selected,{}
SPCX,us-gaap,NetCashProvidedByUsedInFinancingActivities,Net Cash Provided by (Used in) Financing Activities,other,USD,2,2026-08-04,2026-08-04,2025-06-30,2026-06-30,10-Q,False,not selected,{}
SPCX,us-gaap,NetCashProvidedByUsedInInvestingActivities,Net Cash Provided by (Used in) Investing Activities,other,USD,2,2026-08-04,2026-08-04,2025-06-30,2026-06-30,10-Q,False,not selected,{}
SPCX,us-gaap,NetCashProvidedByUsedInOperatingActivities,Net Cash Provided by (Used in) Operating Activities,other,USD,2,2026-08-04,2026-08-04,2025-06-30,2026-06-30,10-Q,False,not selected,{}
SPCX,us-gaap,NetIncomeLoss,Net Income (Loss) Attributable to Parent,other,USD,4,2026-08-04,2026-08-04,2025-06-30,2026-06-30,10-Q,False,not selected,{}
SPCX,us-gaap,NetIncomeLossAvailableToCommonStockholdersBasic,"Net Income (Loss) Available to Common Stockholders, Basic",other,USD,4,2026-08-04,2026-08-04,2025-06-30,2026-06-30,10-Q,False,not selected,{}
SPCX,us-gaap,NetIncomeLossAvailableToCommonStockholdersDiluted,"Net Income (Loss) Available to Common Stockholders, Diluted",other,USD,4,2026-08-04,2026-08-04,2025-06-30,2026-06-30,10-Q,False,not selected,{}
SPCX,us-gaap,NumberOfOperatingSegments,Number of Operating Segments,other,segment,1,2026-08-04,2026-08-04,2026-06-30,2026-06-30,10-Q,False,not selected,{}
SPCX,us-gaap,NumberOfReportableSegments,Number of Reportable Segments,other,segment,1,2026-08-04,2026-08-04,2026-06-30,2026-06-30,10-Q,False,not selected,{}
SPCX,us-gaap,OperatingIncomeLoss,Operating Income (Loss),other,USD,4,2026-08-04,2026-08-04,2025-06-30,2026-06-30,10-Q,False,not selected,{}
SPCX,us-gaap,OperatingLeaseCost,"Operating Lease, Cost",other,USD,4,2026-08-04,2026-08-04,2025-06-30,2026-06-30,10-Q,False,not selected,{}
SPCX,us-gaap,OperatingLeaseLiabilityCurrent,"Operating Lease, Liability, Current",other,USD,2,2026-08-04,2026-08-04,2025-12-31,2026-06-30,10-Q,False,not selected,{}
SPCX,us-gaap,OtherAccruedLiabilitiesCurrent,"Other Accrued Liabilities, Current",other,USD,2,2026-08-04,2026-08-04,2025-12-31,2026-06-30,10-Q,False,not selected,{}
SPCX,us-gaap,OtherAssetsCurrent,"Other Assets, Current",other,USD,2,2026-08-04,2026-08-04,2025-12-31,2026-06-30,10-Q,False,not selected,{}
SPCX,us-gaap,OtherAssetsNoncurrent,"Other Assets, Noncurrent",other,USD,2,2026-08-04,2026-08-04,2025-12-31,2026-06-30,10-Q,False,not selected,{}
SPCX,us-gaap,OtherComprehensiveIncomeAvailableforsaleSecuritiesAdjustmentNetOfTaxPortionAttributableToParent,"Other Comprehensive Income (Loss), Available-for-sale Securities Adjustment, Net of Tax, Portion Attributable to Parent",revenue_candidate_VERIFY_scope_and_currency,USD,4,2026-08-04,2026-08-04,2025-06-30,2026-06-30,10-Q,False,not selected,{}
SPCX,us-gaap,OtherComprehensiveIncomeForeignCurrencyTransactionAndTranslationAdjustmentNetOfTaxPortionAttributableToParent,"Other Comprehensive Income (Loss), Foreign Currency Transaction and Translation Adjustment, Net of Tax, Portion Attributable to Parent",other,USD,4,2026-08-04,2026-08-04,2025-06-30,2026-06-30,10-Q,False,not selected,{}
SPCX,us-gaap,OtherComprehensiveIncomeLossNetOfTaxPortionAttributableToParent,"Other Comprehensive Income (Loss), Net of Tax, Portion Attributable to Parent",other,USD,4,2026-08-04,2026-08-04,2025-06-30,2026-06-30,10-Q,False,not selected,{}
SPCX,us-gaap,OtherLiabilitiesNoncurrent,"Other Liabilities, Noncurrent",other,USD,2,2026-08-04,2026-08-04,2025-12-31,2026-06-30,10-Q,False,not selected,{}
SPCX,us-gaap,OtherNoncashIncomeExpense,Other Noncash Income (Expense),other,USD,2,2026-08-04,2026-08-04,2025-06-30,2026-06-30,10-Q,False,not selected,{}
SPCX,us-gaap,OtherNonoperatingIncomeExpense,Other Nonoperating Income (Expense),other,USD,4,2026-08-04,2026-08-04,2025-06-30,2026-06-30,10-Q,False,not selected,{}
SPCX,us-gaap,PaymentsForProceedsFromOtherInvestingActivities,Payments for (Proceeds from) Other Investing Activities,other,USD,2,2026-08-04,2026-08-04,2025-06-30,2026-06-30,10-Q,False,not selected,{}
SPCX,us-gaap,PaymentsForRepurchaseOfEquity,Payments for Repurchase of Equity,other,USD,2,2026-08-04,2026-08-04,2025-06-30,2026-06-30,10-Q,False,not selected,{}
SPCX,us-gaap,PaymentsForRestructuring,Payments for Restructuring,other,USD,1,2026-08-04,2026-08-04,2026-06-30,2026-06-30,10-Q,False,not selected,{}
SPCX,us-gaap,PaymentsOfDebtExtinguishmentCosts,Payment for Debt Extinguishment or Debt Prepayment Cost,other,USD,2,2026-08-04,2026-08-04,2025-06-30,2026-06-30,10-Q,False,not selected,{}
SPCX,us-gaap,PaymentsOfDebtIssuanceCosts,Payments of Debt Issuance Costs,other,USD,2,2026-08-04,2026-08-04,2025-06-30,2026-06-30,10-Q,False,not selected,{}
SPCX,us-gaap,PaymentsOfStockIssuanceCosts,Payments of Stock Issuance Costs,other,USD,1,2026-08-04,2026-08-04,2026-06-30,2026-06-30,10-Q,False,not selected,{}
SPCX,us-gaap,PaymentsRelatedToTaxWithholdingForShareBasedCompensation,"Payment, Tax Withholding, Share-based Payment Arrangement",other,USD,2,2026-08-04,2026-08-04,2025-06-30,2026-06-30,10-Q,False,not selected,{}
SPCX,us-gaap,PaymentsToAcquireEquityMethodInvestments,Payments to Acquire Equity Method Investments,other,USD,2,2026-08-04,2026-08-04,2025-06-30,2026-06-30,10-Q,False,not selected,{}
SPCX,us-gaap,PaymentsToAcquireIntangibleAssets,Payments to Acquire Intangible Assets,other,USD,2,2026-08-04,2026-08-04,2025-06-30,2026-06-30,10-Q,False,not selected,{}
SPCX,us-gaap,PaymentsToAcquireMarketableSecurities,Payments to Acquire Marketable Securities,other,USD,2,2026-08-04,2026-08-04,2025-06-30,2026-06-30,10-Q,False,not selected,{}
SPCX,us-gaap,PaymentsToAcquirePropertyPlantAndEquipment,"Payments to Acquire Property, Plant, and Equipment",other,USD,2,2026-08-04,2026-08-04,2025-06-30,2026-06-30,10-Q,False,not selected,{}
SPCX,us-gaap,PreferredStockParOrStatedValuePerShare,"Preferred Stock, Par or Stated Value Per Share",other,USD/shares,2,2026-08-04,2026-08-04,2025-12-31,2026-06-30,10-Q,False,not selected,{}
SPCX,us-gaap,PreferredStockSharesAuthorized,"Preferred Stock, Shares Authorized",other_share_concept_NOT_automatically_outstanding,shares,1,2026-08-04,2026-08-04,2026-06-30,2026-06-30,10-Q,False,not selected,{}
SPCX,us-gaap,PreferredStockSharesIssued,"Preferred Stock, Shares Issued",other_share_concept_NOT_automatically_outstanding,shares,2,2026-08-04,2026-08-04,2025-12-31,2026-06-30,10-Q,False,not selected,{}
SPCX,us-gaap,PreferredStockSharesOutstanding,"Preferred Stock, Shares Outstanding",shares_outstanding_candidate_VERIFY_classes_and_ADS,shares,2,2026-08-04,2026-08-04,2025-12-31,2026-06-30,10-Q,False,not selected,{}
SPCX,us-gaap,PreferredStockValue,"Preferred Stock, Value, Issued",other,USD,2,2026-08-04,2026-08-04,2025-12-31,2026-06-30,10-Q,False,not selected,{}
SPCX,us-gaap,PrepaidExpenseAndOtherAssetsCurrent,"Prepaid Expense and Other Assets, Current",other,USD,2,2026-08-04,2026-08-04,2025-12-31,2026-06-30,10-Q,False,not selected,{}
SPCX,us-gaap,ProceedsFromIssuanceInitialPublicOffering,Proceeds from Issuance Initial Public Offering,other,USD,2,2026-08-04,2026-08-04,2025-06-30,2026-06-30,10-Q,False,not selected,{}
SPCX,us-gaap,ProceedsFromIssuanceOfLongTermDebt,Proceeds from Issuance of Long-term Debt,other,USD,2,2026-08-04,2026-08-04,2025-06-30,2026-06-30,10-Q,False,not selected,{}
SPCX,us-gaap,ProceedsFromIssuanceOfSharesUnderIncentiveAndShareBasedCompensationPlansIncludingStockOptions,"Proceeds, Issuance of Shares, Share-based Payment Arrangement, Including Option Exercised",other_share_concept_NOT_automatically_outstanding,USD,2,2026-08-04,2026-08-04,2025-06-30,2026-06-30,10-Q,False,not selected,{}
SPCX,us-gaap,PropertyPlantAndEquipmentGross,"Property, Plant and Equipment, Gross",other,USD,2,2026-08-04,2026-08-04,2025-12-31,2026-06-30,10-Q,False,not selected,{}
SPCX,us-gaap,PropertyPlantAndEquipmentNet,"Property, Plant and Equipment, Net",other,USD,2,2026-08-04,2026-08-04,2025-12-31,2026-06-30,10-Q,False,not selected,{}
SPCX,us-gaap,RepaymentsOfLongTermDebt,Repayments of Long-term Debt,other,USD,2,2026-08-04,2026-08-04,2025-06-30,2026-06-30,10-Q,False,not selected,{}
SPCX,us-gaap,ResearchAndDevelopmentExpense,Research and Development Expense,other,USD,4,2026-08-04,2026-08-04,2025-06-30,2026-06-30,10-Q,False,not selected,{}
SPCX,us-gaap,RestrictedCashCurrent,"Restricted Cash, Current",other,USD,2,2026-08-04,2026-08-04,2025-12-31,2026-06-30,10-Q,False,not selected,{}
SPCX,us-gaap,RestrictedCashNoncurrent,"Restricted Cash, Noncurrent",other,USD,2,2026-08-04,2026-08-04,2025-12-31,2026-06-30,10-Q,False,not selected,{}
SPCX,us-gaap,RestructuringCharges,Restructuring Charges,other,USD,4,2026-08-04,2026-08-04,2025-06-30,2026-06-30,10-Q,False,not selected,{}
SPCX,us-gaap,RestructuringReserve,Restructuring Reserve,other,USD,2,2026-08-04,2026-08-04,2025-12-31,2026-06-30,10-Q,False,not selected,{}
SPCX,us-gaap,RestructuringReserveCurrent,"Restructuring Reserve, Current",other,USD,2,2026-08-04,2026-08-04,2025-12-31,2026-06-30,10-Q,False,not selected,{}
SPCX,us-gaap,RestructuringReserveTranslationAndOtherAdjustment,"Restructuring Reserve, Translation and Other Adjustment",other,USD,1,2026-08-04,2026-08-04,2026-06-30,2026-06-30,10-Q,False,not selected,{}
SPCX,us-gaap,RetainedEarningsAccumulatedDeficit,Retained Earnings (Accumulated Deficit),other,USD,2,2026-08-04,2026-08-04,2025-12-31,2026-06-30,10-Q,False,not selected,{}
SPCX,us-gaap,RevenueFromContractWithCustomerExcludingAssessedTax,"Revenue from Contract with Customer, Excluding Assessed Tax",revenue_candidate_VERIFY_scope_and_currency,USD,4,2026-08-04,2026-08-04,2025-06-30,2026-06-30,10-Q,True,4,{}
SPCX,us-gaap,RevenueRemainingPerformanceObligation,"Revenue, Remaining Performance Obligation, Amount",revenue_candidate_VERIFY_scope_and_currency,USD,1,2026-08-04,2026-08-04,2026-06-30,2026-06-30,10-Q,False,not selected,{}
SPCX,us-gaap,SellingGeneralAndAdministrativeExpense,"Selling, General and Administrative Expense",other,USD,4,2026-08-04,2026-08-04,2025-06-30,2026-06-30,10-Q,False,not selected,{}
SPCX,us-gaap,SeveranceCosts1,Severance Costs,other,USD,1,2026-08-04,2026-08-04,2026-06-30,2026-06-30,10-Q,False,not selected,{}
SPCX,us-gaap,ShareBasedCompensation,"Share-based Payment Arrangement, Noncash Expense",other,USD,2,2026-08-04,2026-08-04,2025-06-30,2026-06-30,10-Q,False,not selected,{}
SPCX,us-gaap,ShortTermLeaseCost,"Short-term Lease, Cost",other,USD,4,2026-08-04,2026-08-04,2025-06-30,2026-06-30,10-Q,False,not selected,{}
SPCX,us-gaap,StockholdersEquity,Stockholders' Equity Attributable to Parent,other,USD,6,2026-08-04,2026-08-04,2024-12-31,2026-06-30,10-Q,False,not selected,{}
SPCX,us-gaap,StockholdersEquityNoteStockSplitConversionRatio1,"Stockholders' Equity Note, Stock Split, Conversion Ratio",other,pure,1,2026-08-04,2026-08-04,2026-05-31,2026-05-31,10-Q,False,not selected,{}
SPCX,us-gaap,StockIssuedDuringPeriodValueConversionOfConvertibleSecurities,"Stock Issued During Period, Value, Conversion of Convertible Securities",other,USD,2,2026-08-04,2026-08-04,2025-06-30,2026-06-30,10-Q,False,not selected,{}
SPCX,us-gaap,StockIssuedDuringPeriodValueNewIssues,"Stock Issued During Period, Value, New Issues",other,USD,2,2026-08-04,2026-08-04,2025-06-30,2025-06-30,10-Q,False,not selected,{}
SPCX,us-gaap,StockRepurchasedAndRetiredDuringPeriodShares,"Stock Repurchased and Retired During Period, Shares",other_share_concept_NOT_automatically_outstanding,shares,3,2026-08-04,2026-08-04,2025-06-30,2026-06-30,10-Q,False,not selected,{}
SPCX,us-gaap,StockRepurchasedAndRetiredDuringPeriodValue,"Stock Repurchased and Retired During Period, Value",other,USD,3,2026-08-04,2026-08-04,2025-06-30,2026-06-30,10-Q,False,not selected,{}
SPCX,us-gaap,TaxesPayableCurrent,"Taxes Payable, Current",other,USD,2,2026-08-04,2026-08-04,2025-12-31,2026-06-30,10-Q,False,not selected,{}
SPCX,us-gaap,TemporaryEquityCarryingAmountAttributableToParent,"Temporary Equity, Carrying Amount, Attributable to Parent",other,USD,6,2026-08-04,2026-08-04,2024-12-31,2026-06-30,10-Q,False,not selected,{}
SPCX,us-gaap,TemporaryEquityDividendsAdjustment,"Temporary Equity, Dividends, Adjustment",other,USD,4,2026-08-04,2026-08-04,2025-06-30,2026-06-30,10-Q,False,not selected,{}
SPCX,us-gaap,TemporaryEquityParOrStatedValuePerShare,"Temporary Equity, Par or Stated Value Per Share",other,USD/shares,2,2026-08-04,2026-08-04,2025-12-31,2026-06-30,10-Q,False,not selected,{}
SPCX,us-gaap,TemporaryEquitySharesIssued,"Temporary Equity, Shares Issued",other_share_concept_NOT_automatically_outstanding,shares,2,2026-08-04,2026-08-04,2025-12-31,2026-06-30,10-Q,False,not selected,{}
SPCX,us-gaap,TemporaryEquitySharesOutstanding,"Temporary Equity, Shares Outstanding",shares_outstanding_candidate_VERIFY_classes_and_ADS,shares,6,2026-08-04,2026-08-04,2024-12-31,2026-06-30,10-Q,False,not selected,{}
SPCX,us-gaap,TemporaryEquityStockIssuedDuringPeriodValueNewIssues,"Temporary Equity, Stock Issued During Period, Value, New Issues",other,USD,3,2026-08-04,2026-08-04,2025-06-30,2026-06-30,10-Q,False,not selected,{}
SPCX,us-gaap,UnbilledReceivablesCurrent,"Unbilled Receivables, Current",other,USD,2,2026-08-04,2026-08-04,2025-12-31,2026-06-30,10-Q,False,not selected,{}
SPCX,us-gaap,UnrecordedUnconditionalPurchaseObligationBalanceOnFirstAnniversary,"Unrecorded Unconditional Purchase Obligation, to be Paid, Year One",other,USD,1,2026-08-04,2026-08-04,2026-06-30,2026-06-30,10-Q,False,not selected,{}
SPCX,us-gaap,UnrecordedUnconditionalPurchaseObligationBalanceOnFourthAnniversary,"Unrecorded Unconditional Purchase Obligation, to be Paid, Year Four",other,USD,1,2026-08-04,2026-08-04,2026-06-30,2026-06-30,10-Q,False,not selected,{}
SPCX,us-gaap,UnrecordedUnconditionalPurchaseObligationBalanceOnSecondAnniversary,"Unrecorded Unconditional Purchase Obligation, to be Paid, Year Two",other,USD,1,2026-08-04,2026-08-04,2026-06-30,2026-06-30,10-Q,False,not selected,{}
SPCX,us-gaap,UnrecordedUnconditionalPurchaseObligationBalanceOnThirdAnniversary,"Unrecorded Unconditional Purchase Obligation, to be Paid, Year Three",other,USD,1,2026-08-04,2026-08-04,2026-06-30,2026-06-30,10-Q,False,not selected,{}
SPCX,us-gaap,UnrecordedUnconditionalPurchaseObligationBalanceSheetAmount,Unrecorded Unconditional Purchase Obligation,other,USD,1,2026-08-04,2026-08-04,2026-06-30,2026-06-30,10-Q,False,not selected,{}
SPCX,us-gaap,UnrecordedUnconditionalPurchaseObligationDueInRemainderOfFiscalYear,"Unrecorded Unconditional Purchase Obligation, to be Paid, Remainder of Fiscal Year",other,USD,1,2026-08-04,2026-08-04,2026-06-30,2026-06-30,10-Q,False,not selected,{}
SPCX,us-gaap,VariableLeaseCost,"Variable Lease, Cost",other,USD,4,2026-08-04,2026-08-04,2025-06-30,2026-06-30,10-Q,False,not selected,{}
SPCX,us-gaap,WeightedAverageNumberOfDilutedSharesOutstanding,"Weighted Average Number of Shares Outstanding, Diluted",weighted_average_NOT_outstanding,shares,4,2026-08-04,2026-08-04,2025-06-30,2026-06-30,10-Q,False,not selected,{}
SPCX,us-gaap,WeightedAverageNumberOfSharesOutstandingBasic,"Weighted Average Number of Shares Outstanding, Basic",weighted_average_NOT_outstanding,shares,4,2026-08-04,2026-08-04,2025-06-30,2026-06-30,10-Q,False,not selected,{}
