ticker,cik,form,filed,report_date,accession,is_xbrl,is_inline_xbrl,document_url,index_url
ASTS,0001780312,S-1,2019-08-23,,0001213900-19-016623,0,0,https://www.sec.gov/Archives/edgar/data/1780312/000121390019016623/fs12019_newprovidence.htm,https://www.sec.gov/Archives/edgar/data/1780312/000121390019016623/0001213900-19-016623-index.html
ASTS,0001780312,S-1/A,2019-09-06,,0001213900-19-017309,0,0,https://www.sec.gov/Archives/edgar/data/1780312/000121390019017309/fs12019a1_newprovidence.htm,https://www.sec.gov/Archives/edgar/data/1780312/000121390019017309/0001213900-19-017309-index.html
ASTS,0001780312,424B4,2019-09-12,,0001213900-19-017878,0,0,https://www.sec.gov/Archives/edgar/data/1780312/000121390019017878/f424b4091119_newprovidence.htm,https://www.sec.gov/Archives/edgar/data/1780312/000121390019017878/0001213900-19-017878-index.html
ASTS,0001780312,8-K,2019-09-16,2019-09-10,0001213900-19-018154,0,0,https://www.sec.gov/Archives/edgar/data/1780312/000121390019018154/f8k091019_newprovidence.htm,https://www.sec.gov/Archives/edgar/data/1780312/000121390019018154/0001213900-19-018154-index.html
ASTS,0001780312,8-K,2019-09-19,2019-09-13,0001213900-19-018459,0,0,https://www.sec.gov/Archives/edgar/data/1780312/000121390019018459/f8k091319_newprovidenceacqu.htm,https://www.sec.gov/Archives/edgar/data/1780312/000121390019018459/0001213900-19-018459-index.html
ASTS,0001780312,8-K,2019-10-30,2019-10-30,0001213900-19-021542,0,0,https://www.sec.gov/Archives/edgar/data/1780312/000121390019021542/f8k103019_newprovidence.htm,https://www.sec.gov/Archives/edgar/data/1780312/000121390019021542/0001213900-19-021542-index.html
ASTS,0001780312,10-Q,2019-11-08,2019-09-30,0001213900-19-022562,1,0,https://www.sec.gov/Archives/edgar/data/1780312/000121390019022562/f10q0919_newprovidence.htm,https://www.sec.gov/Archives/edgar/data/1780312/000121390019022562/0001213900-19-022562-index.html
ASTS,0001780312,10-K,2020-03-30,2019-12-31,0001213900-20-008037,1,0,https://www.sec.gov/Archives/edgar/data/1780312/000121390020008037/f10k2019_newprovidence.htm,https://www.sec.gov/Archives/edgar/data/1780312/000121390020008037/0001213900-20-008037-index.html
ASTS,0001780312,10-Q,2020-05-14,2020-03-31,0001213900-20-012288,1,0,https://www.sec.gov/Archives/edgar/data/1780312/000121390020012288/f10q0320_newprovidence.htm,https://www.sec.gov/Archives/edgar/data/1780312/000121390020012288/0001213900-20-012288-index.html
ASTS,0001780312,10-Q,2020-08-13,2020-06-30,0001213900-20-021916,1,0,https://www.sec.gov/Archives/edgar/data/1780312/000121390020021916/f10q0620_newprovidenceacq.htm,https://www.sec.gov/Archives/edgar/data/1780312/000121390020021916/0001213900-20-021916-index.html
ASTS,0001780312,10-Q,2020-11-13,2020-09-30,0001213900-20-036663,1,0,https://www.sec.gov/Archives/edgar/data/1780312/000121390020036663/f10q0920_newprovidenceacq.htm,https://www.sec.gov/Archives/edgar/data/1780312/000121390020036663/0001213900-20-036663-index.html
ASTS,0001780312,8-K,2020-12-16,2020-12-15,0001213900-20-042897,0,0,https://www.sec.gov/Archives/edgar/data/1780312/000121390020042897/ea131629-8k_newprovidence.htm,https://www.sec.gov/Archives/edgar/data/1780312/000121390020042897/0001213900-20-042897-index.html
ASTS,0001780312,PREM14A,2020-12-23,2020-12-23,0001213900-20-044208,0,0,https://www.sec.gov/Archives/edgar/data/1780312/000121390020044208/prem14a2020_newprovid.htm,https://www.sec.gov/Archives/edgar/data/1780312/000121390020044208/0001213900-20-044208-index.html
ASTS,0001780312,10-K,2021-03-01,2020-12-31,0001213900-21-012253,1,0,https://www.sec.gov/Archives/edgar/data/1780312/000121390021012253/f10k2020_newprovidence.htm,https://www.sec.gov/Archives/edgar/data/1780312/000121390021012253/0001213900-21-012253-index.html
ASTS,0001780312,8-K,2021-03-12,2021-03-12,0001213900-21-015195,0,0,https://www.sec.gov/Archives/edgar/data/1780312/000121390021015195/ea137607-8k_newprovidence.htm,https://www.sec.gov/Archives/edgar/data/1780312/000121390021015195/0001213900-21-015195-index.html
ASTS,0001780312,DEFM14A,2021-03-12,,0001213900-21-015188,0,0,https://www.sec.gov/Archives/edgar/data/1780312/000121390021015188/defm14a_newprovacq.htm,https://www.sec.gov/Archives/edgar/data/1780312/000121390021015188/0001213900-21-015188-index.html
ASTS,0001780312,8-K,2021-03-26,2021-03-26,0001213900-21-017890,0,0,https://www.sec.gov/Archives/edgar/data/1780312/000121390021017890/ea138455-8k_newprovidence.htm,https://www.sec.gov/Archives/edgar/data/1780312/000121390021017890/0001213900-21-017890-index.html
ASTS,0001780312,8-K,2021-04-01,2021-04-01,0001213900-21-019621,0,0,https://www.sec.gov/Archives/edgar/data/1780312/000121390021019621/ea138837-8k_providenceacq.htm,https://www.sec.gov/Archives/edgar/data/1780312/000121390021019621/0001213900-21-019621-index.html
ASTS,0001780312,8-K,2021-04-12,2021-04-06,0001493152-21-008574,0,0,https://www.sec.gov/Archives/edgar/data/1780312/000149315221008574/form8-k.htm,https://www.sec.gov/Archives/edgar/data/1780312/000149315221008574/0001493152-21-008574-index.html
ASTS,0001780312,8-K/A,2021-04-23,2021-04-06,0001493152-21-009600,0,0,https://www.sec.gov/Archives/edgar/data/1780312/000149315221009600/form8-ka.htm,https://www.sec.gov/Archives/edgar/data/1780312/000149315221009600/0001493152-21-009600-index.html
ASTS,0001780312,8-K,2021-04-23,2021-04-23,0001493152-21-009598,0,0,https://www.sec.gov/Archives/edgar/data/1780312/000149315221009598/form8-k.htm,https://www.sec.gov/Archives/edgar/data/1780312/000149315221009598/0001493152-21-009598-index.html
ASTS,0001780312,8-K,2021-04-30,2021-04-29,0001493152-21-010210,0,0,https://www.sec.gov/Archives/edgar/data/1780312/000149315221010210/form8-k.htm,https://www.sec.gov/Archives/edgar/data/1780312/000149315221010210/0001493152-21-010210-index.html
ASTS,0001780312,S-1,2021-05-06,,0001493152-21-010648,1,0,https://www.sec.gov/Archives/edgar/data/1780312/000149315221010648/forms-1.htm,https://www.sec.gov/Archives/edgar/data/1780312/000149315221010648/0001493152-21-010648-index.html
ASTS,0001780312,8-K/A,2021-05-06,2021-04-06,0001493152-21-010634,0,0,https://www.sec.gov/Archives/edgar/data/1780312/000149315221010634/form8-k.htm,https://www.sec.gov/Archives/edgar/data/1780312/000149315221010634/0001493152-21-010634-index.html
ASTS,0001780312,10-K/A,2021-05-06,2020-12-31,0001493152-21-010599,1,0,https://www.sec.gov/Archives/edgar/data/1780312/000149315221010599/form10-ka.htm,https://www.sec.gov/Archives/edgar/data/1780312/000149315221010599/0001493152-21-010599-index.html
ASTS,0001780312,S-1/A,2021-05-13,,0001493152-21-011179,1,0,https://www.sec.gov/Archives/edgar/data/1780312/000149315221011179/forms-1a.htm,https://www.sec.gov/Archives/edgar/data/1780312/000149315221011179/0001493152-21-011179-index.html
ASTS,0001780312,424B3,2021-05-14,,0001493152-21-011558,0,0,https://www.sec.gov/Archives/edgar/data/1780312/000149315221011558/form424b3.htm,https://www.sec.gov/Archives/edgar/data/1780312/000149315221011558/0001493152-21-011558-index.html
ASTS,0001780312,424B3,2021-05-18,,0001493152-21-012090,0,0,https://www.sec.gov/Archives/edgar/data/1780312/000149315221012090/form424b3.htm,https://www.sec.gov/Archives/edgar/data/1780312/000149315221012090/0001493152-21-012090-index.html
ASTS,0001780312,424B3,2021-05-18,,0001493152-21-012088,0,0,https://www.sec.gov/Archives/edgar/data/1780312/000149315221012088/form424b3.htm,https://www.sec.gov/Archives/edgar/data/1780312/000149315221012088/0001493152-21-012088-index.html
ASTS,0001780312,8-K/A,2021-05-18,2021-04-06,0001493152-21-012086,0,0,https://www.sec.gov/Archives/edgar/data/1780312/000149315221012086/form8-ka.htm,https://www.sec.gov/Archives/edgar/data/1780312/000149315221012086/0001493152-21-012086-index.html
ASTS,0001780312,10-Q,2021-05-18,2021-03-31,0001493152-21-012084,1,0,https://www.sec.gov/Archives/edgar/data/1780312/000149315221012084/form10-q.htm,https://www.sec.gov/Archives/edgar/data/1780312/000149315221012084/0001493152-21-012084-index.html
ASTS,0001780312,S-1,2021-06-25,,0001493152-21-015289,1,0,https://www.sec.gov/Archives/edgar/data/1780312/000149315221015289/forms-1.htm,https://www.sec.gov/Archives/edgar/data/1780312/000149315221015289/0001493152-21-015289-index.html
ASTS,0001780312,424B3,2021-07-02,,0001493152-21-016095,0,0,https://www.sec.gov/Archives/edgar/data/1780312/000149315221016095/form424b3.htm,https://www.sec.gov/Archives/edgar/data/1780312/000149315221016095/0001493152-21-016095-index.html
ASTS,0001780312,424B3,2021-07-09,,0001493152-21-016562,0,0,https://www.sec.gov/Archives/edgar/data/1780312/000149315221016562/form-424b3.htm,https://www.sec.gov/Archives/edgar/data/1780312/000149315221016562/0001493152-21-016562-index.html
ASTS,0001780312,424B3,2021-07-09,,0001493152-21-016561,0,0,https://www.sec.gov/Archives/edgar/data/1780312/000149315221016561/form424b3.htm,https://www.sec.gov/Archives/edgar/data/1780312/000149315221016561/0001493152-21-016561-index.html
ASTS,0001780312,8-K,2021-07-09,2021-07-06,0001493152-21-016560,0,0,https://www.sec.gov/Archives/edgar/data/1780312/000149315221016560/form8-k.htm,https://www.sec.gov/Archives/edgar/data/1780312/000149315221016560/0001493152-21-016560-index.html
ASTS,0001780312,424B3,2021-07-29,,0001493152-21-018043,0,0,https://www.sec.gov/Archives/edgar/data/1780312/000149315221018043/form424b3.htm,https://www.sec.gov/Archives/edgar/data/1780312/000149315221018043/0001493152-21-018043-index.html
ASTS,0001780312,424B3,2021-07-29,,0001493152-21-018041,0,0,https://www.sec.gov/Archives/edgar/data/1780312/000149315221018041/form424b3.htm,https://www.sec.gov/Archives/edgar/data/1780312/000149315221018041/0001493152-21-018041-index.html
ASTS,0001780312,8-K,2021-07-29,2021-07-29,0001493152-21-018038,0,0,https://www.sec.gov/Archives/edgar/data/1780312/000149315221018038/form8-k.htm,https://www.sec.gov/Archives/edgar/data/1780312/000149315221018038/0001493152-21-018038-index.html
ASTS,0001780312,8-K,2021-07-29,2021-07-23,0001493152-21-018033,0,0,https://www.sec.gov/Archives/edgar/data/1780312/000149315221018033/form8-k.htm,https://www.sec.gov/Archives/edgar/data/1780312/000149315221018033/0001493152-21-018033-index.html
ASTS,0001780312,8-K,2021-08-16,2021-08-16,0001493152-21-020196,1,1,https://www.sec.gov/Archives/edgar/data/1780312/000149315221020196/form8-k.htm,https://www.sec.gov/Archives/edgar/data/1780312/000149315221020196/0001493152-21-020196-index.html
ASTS,0001780312,10-Q,2021-08-16,2021-06-30,0001493152-21-020153,1,1,https://www.sec.gov/Archives/edgar/data/1780312/000149315221020153/form10-q.htm,https://www.sec.gov/Archives/edgar/data/1780312/000149315221020153/0001493152-21-020153-index.html
ASTS,0001780312,424B3,2021-08-17,,0001493152-21-020427,0,0,https://www.sec.gov/Archives/edgar/data/1780312/000149315221020427/form-424b3.htm,https://www.sec.gov/Archives/edgar/data/1780312/000149315221020427/0001493152-21-020427-index.html
ASTS,0001780312,424B3,2021-08-17,,0001493152-21-020425,0,0,https://www.sec.gov/Archives/edgar/data/1780312/000149315221020425/form-424b3.htm,https://www.sec.gov/Archives/edgar/data/1780312/000149315221020425/0001493152-21-020425-index.html
ASTS,0001780312,8-K,2021-09-10,2021-09-10,0001493152-21-022365,1,1,https://www.sec.gov/Archives/edgar/data/1780312/000149315221022365/form8-k.htm,https://www.sec.gov/Archives/edgar/data/1780312/000149315221022365/0001493152-21-022365-index.html
ASTS,0001780312,8-K,2021-09-20,2021-09-15,0001493152-21-023191,1,1,https://www.sec.gov/Archives/edgar/data/1780312/000149315221023191/form8-k.htm,https://www.sec.gov/Archives/edgar/data/1780312/000149315221023191/0001493152-21-023191-index.html
ASTS,0001780312,424B3,2021-09-21,,0001493152-21-023287,0,0,https://www.sec.gov/Archives/edgar/data/1780312/000149315221023287/form42b3.htm,https://www.sec.gov/Archives/edgar/data/1780312/000149315221023287/0001493152-21-023287-index.html
ASTS,0001780312,424B3,2021-09-21,,0001493152-21-023286,0,0,https://www.sec.gov/Archives/edgar/data/1780312/000149315221023286/form424b3.htm,https://www.sec.gov/Archives/edgar/data/1780312/000149315221023286/0001493152-21-023286-index.html
ASTS,0001780312,8-K,2021-09-24,2021-09-20,0001493152-21-023618,1,1,https://www.sec.gov/Archives/edgar/data/1780312/000149315221023618/form8-k.htm,https://www.sec.gov/Archives/edgar/data/1780312/000149315221023618/0001493152-21-023618-index.html
ASTS,0001780312,8-K,2021-11-15,2021-11-15,0001493152-21-028676,1,1,https://www.sec.gov/Archives/edgar/data/1780312/000149315221028676/form8-k.htm,https://www.sec.gov/Archives/edgar/data/1780312/000149315221028676/0001493152-21-028676-index.html
ASTS,0001780312,10-Q,2021-11-15,2021-09-30,0001493152-21-028642,1,1,https://www.sec.gov/Archives/edgar/data/1780312/000149315221028642/form10-q.htm,https://www.sec.gov/Archives/edgar/data/1780312/000149315221028642/0001493152-21-028642-index.html
ASTS,0001780312,424B3,2021-11-17,,0001493152-21-029031,0,0,https://www.sec.gov/Archives/edgar/data/1780312/000149315221029031/form424b3.htm,https://www.sec.gov/Archives/edgar/data/1780312/000149315221029031/0001493152-21-029031-index.html
ASTS,0001780312,424B3,2021-11-17,,0001493152-21-029029,0,0,https://www.sec.gov/Archives/edgar/data/1780312/000149315221029029/form424b3.htm,https://www.sec.gov/Archives/edgar/data/1780312/000149315221029029/0001493152-21-029029-index.html
ASTS,0001780312,8-K,2021-11-26,2021-11-26,0001493152-21-029930,1,1,https://www.sec.gov/Archives/edgar/data/1780312/000149315221029930/form8-k.htm,https://www.sec.gov/Archives/edgar/data/1780312/000149315221029930/0001493152-21-029930-index.html
ASTS,0001780312,8-K,2021-12-03,2021-11-30,0001493152-21-030485,1,1,https://www.sec.gov/Archives/edgar/data/1780312/000149315221030485/form8-k.htm,https://www.sec.gov/Archives/edgar/data/1780312/000149315221030485/0001493152-21-030485-index.html
ASTS,0001780312,424B3,2021-12-07,,0001493152-21-030646,0,0,https://www.sec.gov/Archives/edgar/data/1780312/000149315221030646/form424b3.htm,https://www.sec.gov/Archives/edgar/data/1780312/000149315221030646/0001493152-21-030646-index.html
ASTS,0001780312,424B3,2021-12-07,,0001493152-21-030645,0,0,https://www.sec.gov/Archives/edgar/data/1780312/000149315221030645/form424b3.htm,https://www.sec.gov/Archives/edgar/data/1780312/000149315221030645/0001493152-21-030645-index.html
ASTS,0001780312,424B3,2022-01-20,,0001493152-22-001650,0,0,https://www.sec.gov/Archives/edgar/data/1780312/000149315222001650/form424b3.htm,https://www.sec.gov/Archives/edgar/data/1780312/000149315222001650/0001493152-22-001650-index.html
ASTS,0001780312,424B3,2022-01-20,,0001493152-22-001649,0,0,https://www.sec.gov/Archives/edgar/data/1780312/000149315222001649/form424b3.htm,https://www.sec.gov/Archives/edgar/data/1780312/000149315222001649/0001493152-22-001649-index.html
ASTS,0001780312,8-K,2022-01-20,2022-01-18,0001493152-22-001642,1,1,https://www.sec.gov/Archives/edgar/data/1780312/000149315222001642/form8-k.htm,https://www.sec.gov/Archives/edgar/data/1780312/000149315222001642/0001493152-22-001642-index.html
ASTS,0001780312,8-K,2022-03-09,2022-03-03,0001493152-22-006357,1,1,https://www.sec.gov/Archives/edgar/data/1780312/000149315222006357/form8k.htm,https://www.sec.gov/Archives/edgar/data/1780312/000149315222006357/0001493152-22-006357-index.html
ASTS,0001780312,424B3,2022-03-10,,0001493152-22-006441,0,0,https://www.sec.gov/Archives/edgar/data/1780312/000149315222006441/form424b3.htm,https://www.sec.gov/Archives/edgar/data/1780312/000149315222006441/0001493152-22-006441-index.html
ASTS,0001780312,424B3,2022-03-10,,0001493152-22-006440,0,0,https://www.sec.gov/Archives/edgar/data/1780312/000149315222006440/form424b3.htm,https://www.sec.gov/Archives/edgar/data/1780312/000149315222006440/0001493152-22-006440-index.html
ASTS,0001780312,8-K,2022-03-31,2022-03-29,0001493152-22-008496,1,1,https://www.sec.gov/Archives/edgar/data/1780312/000149315222008496/form8-k.htm,https://www.sec.gov/Archives/edgar/data/1780312/000149315222008496/0001493152-22-008496-index.html
ASTS,0001780312,10-K,2022-03-31,2021-12-31,0000950170-22-005212,1,1,https://www.sec.gov/Archives/edgar/data/1780312/000095017022005212/asts-20211231.htm,https://www.sec.gov/Archives/edgar/data/1780312/000095017022005212/0000950170-22-005212-index.html
ASTS,0001780312,424B3,2022-04-04,,0001493152-22-008920,0,0,https://www.sec.gov/Archives/edgar/data/1780312/000149315222008920/form424b3.htm,https://www.sec.gov/Archives/edgar/data/1780312/000149315222008920/0001493152-22-008920-index.html
ASTS,0001780312,424B3,2022-04-04,,0001493152-22-008918,0,0,https://www.sec.gov/Archives/edgar/data/1780312/000149315222008918/form424b3.htm,https://www.sec.gov/Archives/edgar/data/1780312/000149315222008918/0001493152-22-008918-index.html
BABA,0001577552,F-1,2014-05-06,,0001193125-14-184994,0,0,https://www.sec.gov/Archives/edgar/data/1577552/000119312514184994/d709111df1.htm,https://www.sec.gov/Archives/edgar/data/1577552/000119312514184994/0001193125-14-184994-index.html
BABA,0001577552,F-1/A,2014-06-16,,0001193125-14-236860,0,0,https://www.sec.gov/Archives/edgar/data/1577552/000119312514236860/d709111df1a.htm,https://www.sec.gov/Archives/edgar/data/1577552/000119312514236860/0001193125-14-236860-index.html
BABA,0001577552,F-1/A,2014-06-26,,0001193125-14-250684,0,0,https://www.sec.gov/Archives/edgar/data/1577552/000119312514250684/d709111df1a.htm,https://www.sec.gov/Archives/edgar/data/1577552/000119312514250684/0001193125-14-250684-index.html
BABA,0001577552,F-1/A,2014-07-11,,0001193125-14-266462,0,0,https://www.sec.gov/Archives/edgar/data/1577552/000119312514266462/d709111df1a.htm,https://www.sec.gov/Archives/edgar/data/1577552/000119312514266462/0001193125-14-266462-index.html
BABA,0001577552,F-1/A,2014-08-12,,0001193125-14-306647,0,0,https://www.sec.gov/Archives/edgar/data/1577552/000119312514306647/d709111df1a.htm,https://www.sec.gov/Archives/edgar/data/1577552/000119312514306647/0001193125-14-306647-index.html
BABA,0001577552,F-1/A,2014-08-27,,0001193125-14-322604,0,0,https://www.sec.gov/Archives/edgar/data/1577552/000119312514322604/d709111df1a.htm,https://www.sec.gov/Archives/edgar/data/1577552/000119312514322604/0001193125-14-322604-index.html
BABA,0001577552,F-1/A,2014-09-05,,0001193125-14-333674,0,0,https://www.sec.gov/Archives/edgar/data/1577552/000119312514333674/d709111df1a.htm,https://www.sec.gov/Archives/edgar/data/1577552/000119312514333674/0001193125-14-333674-index.html
BABA,0001577552,F-1/A,2014-09-15,,0001193125-14-341794,0,0,https://www.sec.gov/Archives/edgar/data/1577552/000119312514341794/d709111df1a.htm,https://www.sec.gov/Archives/edgar/data/1577552/000119312514341794/0001193125-14-341794-index.html
BABA,0001577552,424B4,2014-09-22,,0001193125-14-347620,0,0,https://www.sec.gov/Archives/edgar/data/1577552/000119312514347620/d709111d424b4.htm,https://www.sec.gov/Archives/edgar/data/1577552/000119312514347620/0001193125-14-347620-index.html
BABA,0001577552,6-K,2014-11-04,2014-11-04,0001193125-14-395484,0,0,https://www.sec.gov/Archives/edgar/data/1577552/000119312514395484/d815588d6k.htm,https://www.sec.gov/Archives/edgar/data/1577552/000119312514395484/0001193125-14-395484-index.html
BABA,0001577552,6-K,2014-11-13,2014-11-30,0001047469-14-009142,0,0,https://www.sec.gov/Archives/edgar/data/1577552/000104746914009142/a2222186z6-k.htm,https://www.sec.gov/Archives/edgar/data/1577552/000104746914009142/0001047469-14-009142-index.html
BABA,0001577552,6-K,2014-11-24,2014-11-30,0001104659-14-082832,0,0,https://www.sec.gov/Archives/edgar/data/1577552/000110465914082832/a14-23964_46k.htm,https://www.sec.gov/Archives/edgar/data/1577552/000110465914082832/0001104659-14-082832-index.html
BABA,0001577552,6-K,2015-01-29,2015-01-31,0001104659-15-005216,0,0,https://www.sec.gov/Archives/edgar/data/1577552/000110465915005216/a15-3356_16k.htm,https://www.sec.gov/Archives/edgar/data/1577552/000110465915005216/0001104659-15-005216-index.html
BABA,0001577552,6-K,2015-02-10,2015-02-28,0001104659-15-008007,0,0,https://www.sec.gov/Archives/edgar/data/1577552/000110465915008007/a15-4150_16k.htm,https://www.sec.gov/Archives/edgar/data/1577552/000110465915008007/0001104659-15-008007-index.html
BABA,0001577552,6-K,2015-04-16,2015-04-30,0001104659-15-027871,0,0,https://www.sec.gov/Archives/edgar/data/1577552/000110465915027871/a15-9221_16k.htm,https://www.sec.gov/Archives/edgar/data/1577552/000110465915027871/0001104659-15-027871-index.html
BABA,0001577552,6-K,2015-05-07,2015-05-31,0001104659-15-035237,0,0,https://www.sec.gov/Archives/edgar/data/1577552/000110465915035237/a15-11059_16k.htm,https://www.sec.gov/Archives/edgar/data/1577552/000110465915035237/0001104659-15-035237-index.html
BABA,0001577552,20-F,2015-06-25,2015-03-31,0001047469-15-005768,1,0,https://www.sec.gov/Archives/edgar/data/1577552/000104746915005768/a2225010z20-f.htm,https://www.sec.gov/Archives/edgar/data/1577552/000104746915005768/0001047469-15-005768-index.html
BABA,0001577552,6-K,2015-06-25,2015-06-30,0001104659-15-047455,0,0,https://www.sec.gov/Archives/edgar/data/1577552/000110465915047455/a15-14567_16k.htm,https://www.sec.gov/Archives/edgar/data/1577552/000110465915047455/0001104659-15-047455-index.html
BABA,0001577552,6-K,2015-08-10,2015-08-10,0001104659-15-057900,0,0,https://www.sec.gov/Archives/edgar/data/1577552/000110465915057900/a15-17334_16k.htm,https://www.sec.gov/Archives/edgar/data/1577552/000110465915057900/0001104659-15-057900-index.html
BABA,0001577552,6-K,2015-08-12,2015-08-12,0001104659-15-058914,0,0,https://www.sec.gov/Archives/edgar/data/1577552/000110465915058914/a15-17523_16k.htm,https://www.sec.gov/Archives/edgar/data/1577552/000110465915058914/0001104659-15-058914-index.html
BABA,0001577552,6-K,2015-08-17,2015-08-17,0001104659-15-060174,0,0,https://www.sec.gov/Archives/edgar/data/1577552/000110465915060174/a15-18106_16k.htm,https://www.sec.gov/Archives/edgar/data/1577552/000110465915060174/0001104659-15-060174-index.html
BABA,0001577552,6-K,2015-08-19,2015-08-19,0001104659-15-060819,0,0,https://www.sec.gov/Archives/edgar/data/1577552/000110465915060819/a15-18259_16k.htm,https://www.sec.gov/Archives/edgar/data/1577552/000110465915060819/0001104659-15-060819-index.html
BABA,0001577552,F-4,2015-08-26,,0001047469-15-006981,0,0,https://www.sec.gov/Archives/edgar/data/1577552/000104746915006981/a2225750zf-4.htm,https://www.sec.gov/Archives/edgar/data/1577552/000104746915006981/0001047469-15-006981-index.html
BABA,0001577552,F-4/A,2015-10-02,,0001047469-15-007669,0,0,https://www.sec.gov/Archives/edgar/data/1577552/000104746915007669/a2226137zf-4a.htm,https://www.sec.gov/Archives/edgar/data/1577552/000104746915007669/0001047469-15-007669-index.html
BABA,0001577552,6-K,2015-10-09,2015-10-31,0001104659-15-070151,0,0,https://www.sec.gov/Archives/edgar/data/1577552/000110465915070151/a15-20955_16k.htm,https://www.sec.gov/Archives/edgar/data/1577552/000110465915070151/0001104659-15-070151-index.html
BABA,0001577552,6-K,2015-10-16,2015-10-16,0001104659-15-071005,0,0,https://www.sec.gov/Archives/edgar/data/1577552/000110465915071005/a15-21262_16k.htm,https://www.sec.gov/Archives/edgar/data/1577552/000110465915071005/0001104659-15-071005-index.html
BABA,0001577552,F-4/A,2015-10-23,,0001047469-15-008015,0,0,https://www.sec.gov/Archives/edgar/data/1577552/000104746915008015/a2226292zf-4a.htm,https://www.sec.gov/Archives/edgar/data/1577552/000104746915008015/0001047469-15-008015-index.html
BABA,0001577552,6-K,2015-10-27,2015-10-31,0001104659-15-072968,0,0,https://www.sec.gov/Archives/edgar/data/1577552/000110465915072968/a15-21796_16k.htm,https://www.sec.gov/Archives/edgar/data/1577552/000110465915072968/0001104659-15-072968-index.html
BABA,0001577552,424B3,2015-10-28,,0001047469-15-008095,0,0,https://www.sec.gov/Archives/edgar/data/1577552/000104746915008095/a2226336z424b3.htm,https://www.sec.gov/Archives/edgar/data/1577552/000104746915008095/0001047469-15-008095-index.html
BABA,0001577552,6-K,2015-11-09,2015-11-09,0001104659-15-076853,0,0,https://www.sec.gov/Archives/edgar/data/1577552/000110465915076853/a15-22558_16k.htm,https://www.sec.gov/Archives/edgar/data/1577552/000110465915076853/0001104659-15-076853-index.html
BABA,0001577552,6-K,2015-12-04,2015-12-31,0001104659-15-083050,0,0,https://www.sec.gov/Archives/edgar/data/1577552/000110465915083050/a15-18107_196k.htm,https://www.sec.gov/Archives/edgar/data/1577552/000110465915083050/0001104659-15-083050-index.html
BABA,0001577552,6-K,2016-01-29,2016-01-28,0001104659-16-092294,0,0,https://www.sec.gov/Archives/edgar/data/1577552/000110465916092294/a16-3084_16k.htm,https://www.sec.gov/Archives/edgar/data/1577552/000110465916092294/0001104659-16-092294-index.html
BABA,0001577552,6-K,2016-03-09,2016-03-31,0001104659-16-103882,0,0,https://www.sec.gov/Archives/edgar/data/1577552/000110465916103882/a16-6077_16k.htm,https://www.sec.gov/Archives/edgar/data/1577552/000110465916103882/0001104659-16-103882-index.html
BABA,0001577552,6-K,2016-03-21,2016-03-21,0001104659-16-106460,1,0,https://www.sec.gov/Archives/edgar/data/1577552/000110465916106460/a16-6896_16k.htm,https://www.sec.gov/Archives/edgar/data/1577552/000110465916106460/0001104659-16-106460-index.html
BABA,0001577552,6-K,2016-04-05,2016-04-05,0001104659-16-109905,1,0,https://www.sec.gov/Archives/edgar/data/1577552/000110465916109905/a16-7970_16k.htm,https://www.sec.gov/Archives/edgar/data/1577552/000110465916109905/0001104659-16-109905-index.html
BABA,0001577552,6-K,2016-04-12,2016-04-30,0001104659-16-110885,1,0,https://www.sec.gov/Archives/edgar/data/1577552/000110465916110885/a16-8336_16k.htm,https://www.sec.gov/Archives/edgar/data/1577552/000110465916110885/0001104659-16-110885-index.html
BABA,0001577552,6-K,2016-04-25,2016-04-30,0001104659-16-113636,1,0,https://www.sec.gov/Archives/edgar/data/1577552/000110465916113636/a16-9202_16k.htm,https://www.sec.gov/Archives/edgar/data/1577552/000110465916113636/0001104659-16-113636-index.html
BABA,0001577552,6-K,2016-05-05,2016-05-31,0001104659-16-118194,1,0,https://www.sec.gov/Archives/edgar/data/1577552/000110465916118194/a16-10677_16k.htm,https://www.sec.gov/Archives/edgar/data/1577552/000110465916118194/0001104659-16-118194-index.html
BABA,0001577552,20-F,2016-05-24,2016-03-31,0001047469-16-013400,1,0,https://www.sec.gov/Archives/edgar/data/1577552/000104746916013400/a2228766z20-f.htm,https://www.sec.gov/Archives/edgar/data/1577552/000104746916013400/0001047469-16-013400-index.html
BABA,0001577552,6-K,2016-06-02,2016-06-30,0001104659-16-124959,1,0,https://www.sec.gov/Archives/edgar/data/1577552/000110465916124959/a16-12605_16k.htm,https://www.sec.gov/Archives/edgar/data/1577552/000110465916124959/0001104659-16-124959-index.html
BABA,0001577552,6-K,2016-08-11,2016-08-31,0001104659-16-138896,0,0,https://www.sec.gov/Archives/edgar/data/1577552/000110465916138896/a16-16621_16k.htm,https://www.sec.gov/Archives/edgar/data/1577552/000110465916138896/0001104659-16-138896-index.html
BABA,0001577552,6-K,2016-08-19,2016-08-19,0001104659-16-140731,0,0,https://www.sec.gov/Archives/edgar/data/1577552/000110465916140731/a16-17041_16k.htm,https://www.sec.gov/Archives/edgar/data/1577552/000110465916140731/0001104659-16-140731-index.html
BABA,0001577552,6-K,2016-08-22,2016-08-22,0001104659-16-140809,0,0,https://www.sec.gov/Archives/edgar/data/1577552/000110465916140809/a16-17305_16k.htm,https://www.sec.gov/Archives/edgar/data/1577552/000110465916140809/0001104659-16-140809-index.html
BABA,0001577552,6-K,2016-10-13,2016-10-31,0001104659-16-150089,0,0,https://www.sec.gov/Archives/edgar/data/1577552/000110465916150089/a16-19837_16k.htm,https://www.sec.gov/Archives/edgar/data/1577552/000110465916150089/0001104659-16-150089-index.html
BABA,0001577552,6-K,2016-11-02,2016-11-02,0001104659-16-154041,0,0,https://www.sec.gov/Archives/edgar/data/1577552/000110465916154041/a16-20954_16k.htm,https://www.sec.gov/Archives/edgar/data/1577552/000110465916154041/0001104659-16-154041-index.html
BABA,0001577552,6-K,2016-12-16,2016-12-31,0001104659-16-162618,0,0,https://www.sec.gov/Archives/edgar/data/1577552/000110465916162618/a16-23298_16k.htm,https://www.sec.gov/Archives/edgar/data/1577552/000110465916162618/0001104659-16-162618-index.html
BABA,0001577552,6-K,2017-01-24,2017-01-24,0001104659-17-003802,0,0,https://www.sec.gov/Archives/edgar/data/1577552/000110465917003802/a17-3083_16k.htm,https://www.sec.gov/Archives/edgar/data/1577552/000110465917003802/0001104659-17-003802-index.html
BABA,0001577552,6-K,2017-05-18,2017-05-18,0001104659-17-033787,0,0,https://www.sec.gov/Archives/edgar/data/1577552/000110465917033787/a17-13821_16k.htm,https://www.sec.gov/Archives/edgar/data/1577552/000110465917033787/0001104659-17-033787-index.html
BABA,0001577552,20-F,2017-06-15,2017-03-31,0001047469-17-004019,1,0,https://www.sec.gov/Archives/edgar/data/1577552/000104746917004019/a2231121z20-f.htm,https://www.sec.gov/Archives/edgar/data/1577552/000104746917004019/0001047469-17-004019-index.html
BABA,0001577552,6-K,2017-08-17,2017-08-17,0001104659-17-052468,0,0,https://www.sec.gov/Archives/edgar/data/1577552/000110465917052468/a17-20562_16k.htm,https://www.sec.gov/Archives/edgar/data/1577552/000110465917052468/0001104659-17-052468-index.html
BABA,0001577552,6-K,2017-09-13,2017-09-13,0001104659-17-056981,0,0,https://www.sec.gov/Archives/edgar/data/1577552/000110465917056981/a17-21992_16k.htm,https://www.sec.gov/Archives/edgar/data/1577552/000110465917056981/0001104659-17-056981-index.html
BABA,0001577552,6-K,2017-09-26,2017-09-26,0001104659-17-058730,0,0,https://www.sec.gov/Archives/edgar/data/1577552/000110465917058730/a17-22525_16k.htm,https://www.sec.gov/Archives/edgar/data/1577552/000110465917058730/0001104659-17-058730-index.html
BABA,0001577552,6-K,2017-10-18,2017-10-18,0001104659-17-062758,0,0,https://www.sec.gov/Archives/edgar/data/1577552/000110465917062758/a17-24149_16k.htm,https://www.sec.gov/Archives/edgar/data/1577552/000110465917062758/0001104659-17-062758-index.html
BABA,0001577552,6-K,2017-11-02,2017-11-02,0001104659-17-065677,0,0,https://www.sec.gov/Archives/edgar/data/1577552/000110465917065677/a17-25090_16k.htm,https://www.sec.gov/Archives/edgar/data/1577552/000110465917065677/0001104659-17-065677-index.html
BABA,0001577552,6-K,2017-11-22,2017-11-22,0001104659-17-070220,0,0,https://www.sec.gov/Archives/edgar/data/1577552/000110465917070220/a17-27503_16k.htm,https://www.sec.gov/Archives/edgar/data/1577552/000110465917070220/0001104659-17-070220-index.html
BABA,0001577552,6-K,2017-11-24,2017-11-24,0001047469-17-007286,1,0,https://www.sec.gov/Archives/edgar/data/1577552/000104746917007286/a2233801z6-k.htm,https://www.sec.gov/Archives/edgar/data/1577552/000104746917007286/0001047469-17-007286-index.html
BABA,0001577552,6-K,2017-11-27,2017-11-27,0001104659-17-070363,0,0,https://www.sec.gov/Archives/edgar/data/1577552/000110465917070363/a17-24278_86k.htm,https://www.sec.gov/Archives/edgar/data/1577552/000110465917070363/0001104659-17-070363-index.html
BABA,0001577552,6-K,2017-11-27,2017-11-27,0001047469-17-007296,0,0,https://www.sec.gov/Archives/edgar/data/1577552/000104746917007296/a2233845z6-k.htm,https://www.sec.gov/Archives/edgar/data/1577552/000104746917007296/0001047469-17-007296-index.html
BABA,0001577552,6-K,2017-11-30,2017-11-29,0001104659-17-071008,0,0,https://www.sec.gov/Archives/edgar/data/1577552/000110465917071008/a17-24278_96k.htm,https://www.sec.gov/Archives/edgar/data/1577552/000110465917071008/0001104659-17-071008-index.html
BABA,0001577552,6-K,2017-11-30,2017-11-29,0001104659-17-071007,0,0,https://www.sec.gov/Archives/edgar/data/1577552/000110465917071007/a17-24278_106k.htm,https://www.sec.gov/Archives/edgar/data/1577552/000110465917071007/0001104659-17-071007-index.html
BABA,0001577552,6-K,2017-12-06,2017-12-06,0001104659-17-072000,0,0,https://www.sec.gov/Archives/edgar/data/1577552/000110465917072000/a17-24278_126k.htm,https://www.sec.gov/Archives/edgar/data/1577552/000110465917072000/0001104659-17-072000-index.html
BABA,0001577552,6-K,2018-02-01,2018-02-01,0001104659-18-005843,0,0,https://www.sec.gov/Archives/edgar/data/1577552/000110465918005843/a18-5168_16k.htm,https://www.sec.gov/Archives/edgar/data/1577552/000110465918005843/0001104659-18-005843-index.html
BABA,0001577552,6-K,2018-02-01,2018-02-01,0001104659-18-005686,0,0,https://www.sec.gov/Archives/edgar/data/1577552/000110465918005686/a18-5168_26k.htm,https://www.sec.gov/Archives/edgar/data/1577552/000110465918005686/0001104659-18-005686-index.html
BABA,0001577552,6-K,2018-02-02,2018-02-02,0001104659-18-006211,0,0,https://www.sec.gov/Archives/edgar/data/1577552/000110465918006211/a18-5188_16k.htm,https://www.sec.gov/Archives/edgar/data/1577552/000110465918006211/0001104659-18-006211-index.html
BABA,0001577552,6-K,2018-02-26,2018-02-26,0001104659-18-011926,0,0,https://www.sec.gov/Archives/edgar/data/1577552/000110465918011926/a18-7073_16k.htm,https://www.sec.gov/Archives/edgar/data/1577552/000110465918011926/0001104659-18-011926-index.html
BABA,0001577552,6-K,2018-04-02,2018-04-02,0001104659-18-021637,0,0,https://www.sec.gov/Archives/edgar/data/1577552/000110465918021637/a18-9422_16k.htm,https://www.sec.gov/Archives/edgar/data/1577552/000110465918021637/0001104659-18-021637-index.html
BABA,0001577552,6-K,2018-05-04,2018-05-04,0001104659-18-030651,0,0,https://www.sec.gov/Archives/edgar/data/1577552/000110465918030651/a18-12785_16k.htm,https://www.sec.gov/Archives/edgar/data/1577552/000110465918030651/0001104659-18-030651-index.html
BABA,0001577552,6-K,2018-05-29,2018-05-31,0001104659-18-036123,0,0,https://www.sec.gov/Archives/edgar/data/1577552/000110465918036123/a18-14467_16k.htm,https://www.sec.gov/Archives/edgar/data/1577552/000110465918036123/0001104659-18-036123-index.html
BABA,0001577552,6-K,2018-05-30,2018-05-30,0001104659-18-036531,0,0,https://www.sec.gov/Archives/edgar/data/1577552/000110465918036531/a18-14499_16k.htm,https://www.sec.gov/Archives/edgar/data/1577552/000110465918036531/0001104659-18-036531-index.html
BABA,0001577552,6-K,2018-07-18,2018-07-18,0001104659-18-045643,0,0,https://www.sec.gov/Archives/edgar/data/1577552/000110465918045643/a18-17385_16k.htm,https://www.sec.gov/Archives/edgar/data/1577552/000110465918045643/0001104659-18-045643-index.html
BABA,0001577552,20-F,2018-07-27,2018-03-31,0001047469-18-005257,1,0,https://www.sec.gov/Archives/edgar/data/1577552/000104746918005257/a2235254z20-f.htm,https://www.sec.gov/Archives/edgar/data/1577552/000104746918005257/0001047469-18-005257-index.html
BABA,0001577552,6-K,2018-08-23,2018-08-23,0001104659-18-053369,0,0,https://www.sec.gov/Archives/edgar/data/1577552/000110465918053369/a18-21099_16k.htm,https://www.sec.gov/Archives/edgar/data/1577552/000110465918053369/0001104659-18-053369-index.html
BABA,0001577552,6-K,2018-09-07,2018-09-07,0001104659-18-055708,0,0,https://www.sec.gov/Archives/edgar/data/1577552/000110465918055708/a18-27118_16k.htm,https://www.sec.gov/Archives/edgar/data/1577552/000110465918055708/0001104659-18-055708-index.html
BABA,0001577552,6-K,2018-09-10,2018-09-10,0001104659-18-055896,0,0,https://www.sec.gov/Archives/edgar/data/1577552/000110465918055896/a18-28006_16k.htm,https://www.sec.gov/Archives/edgar/data/1577552/000110465918055896/0001104659-18-055896-index.html
BABA,0001577552,6-K,2018-10-31,2018-10-31,0001104659-18-065094,0,0,https://www.sec.gov/Archives/edgar/data/1577552/000110465918065094/a18-39297_16k.htm,https://www.sec.gov/Archives/edgar/data/1577552/000110465918065094/0001104659-18-065094-index.html
BABA,0001577552,6-K,2018-11-02,2018-11-02,0001104659-18-065748,0,0,https://www.sec.gov/Archives/edgar/data/1577552/000110465918065748/a18-39483_16k.htm,https://www.sec.gov/Archives/edgar/data/1577552/000110465918065748/0001104659-18-065748-index.html
BABA,0001577552,6-K,2018-12-04,2018-12-04,0001104659-18-071210,0,0,https://www.sec.gov/Archives/edgar/data/1577552/000110465918071210/a18-41097_16k.htm,https://www.sec.gov/Archives/edgar/data/1577552/000110465918071210/0001104659-18-071210-index.html
BABA,0001577552,6-K,2018-12-31,2018-12-31,0001104659-18-075203,0,0,https://www.sec.gov/Archives/edgar/data/1577552/000110465918075203/a18-42169_16k.htm,https://www.sec.gov/Archives/edgar/data/1577552/000110465918075203/0001104659-18-075203-index.html
BABA,0001577552,6-K,2019-01-30,2019-01-30,0001104659-19-004478,0,0,https://www.sec.gov/Archives/edgar/data/1577552/000110465919004478/a19-3718_16k.htm,https://www.sec.gov/Archives/edgar/data/1577552/000110465919004478/0001104659-19-004478-index.html
BABA,0001577552,6-K,2019-03-14,2019-03-14,0001104659-19-014857,0,0,https://www.sec.gov/Archives/edgar/data/1577552/000110465919014857/a19-6587_16k.htm,https://www.sec.gov/Archives/edgar/data/1577552/000110465919014857/0001104659-19-014857-index.html
BABA,0001577552,6-K,2019-04-29,2019-04-29,0001104659-19-024217,0,0,https://www.sec.gov/Archives/edgar/data/1577552/000110465919024217/a19-9036_16k.htm,https://www.sec.gov/Archives/edgar/data/1577552/000110465919024217/0001104659-19-024217-index.html
BABA,0001577552,6-K,2019-05-15,2019-05-15,0001104659-19-029738,0,0,https://www.sec.gov/Archives/edgar/data/1577552/000110465919029738/a19-10031_16k.htm,https://www.sec.gov/Archives/edgar/data/1577552/000110465919029738/0001104659-19-029738-index.html
BABA,0001577552,20-F,2019-06-05,2019-03-31,0001047469-19-003492,1,0,https://www.sec.gov/Archives/edgar/data/1577552/000104746919003492/a2238953z20-f.htm,https://www.sec.gov/Archives/edgar/data/1577552/000104746919003492/0001047469-19-003492-index.html
BABA,0001577552,6-K,2019-06-17,2019-06-17,0001104659-19-035956,0,0,https://www.sec.gov/Archives/edgar/data/1577552/000110465919035956/a19-11492_16k.htm,https://www.sec.gov/Archives/edgar/data/1577552/000110465919035956/0001104659-19-035956-index.html
BABA,0001577552,6-K,2019-07-15,2019-07-15,0001104659-19-040358,0,0,https://www.sec.gov/Archives/edgar/data/1577552/000110465919040358/a19-12833_16k.htm,https://www.sec.gov/Archives/edgar/data/1577552/000110465919040358/0001104659-19-040358-index.html
BABA,0001577552,6-K,2019-07-30,2019-07-30,0001104659-19-042446,0,0,https://www.sec.gov/Archives/edgar/data/1577552/000110465919042446/a19-16252_16k.htm,https://www.sec.gov/Archives/edgar/data/1577552/000110465919042446/0001104659-19-042446-index.html
BABA,0001577552,424B3,2019-07-30,,0001193805-19-000685,0,0,https://www.sec.gov/Archives/edgar/data/1577552/000119380519000685/e618561_424b3-aghl.htm,https://www.sec.gov/Archives/edgar/data/1577552/000119380519000685/0001193805-19-000685-index.html
BABA,0001577552,6-K,2019-08-15,2019-08-15,0001104659-19-046150,0,0,https://www.sec.gov/Archives/edgar/data/1577552/000110465919046150/a19-17229_16k.htm,https://www.sec.gov/Archives/edgar/data/1577552/000110465919046150/0001104659-19-046150-index.html
BABA,0001577552,6-K,2019-09-06,2019-09-06,0001104659-19-048991,0,0,https://www.sec.gov/Archives/edgar/data/1577552/000110465919048991/a19-18355_16k.htm,https://www.sec.gov/Archives/edgar/data/1577552/000110465919048991/0001104659-19-048991-index.html
BABA,0001577552,6-K,2019-09-11,2019-09-11,0001104659-19-049759,0,0,https://www.sec.gov/Archives/edgar/data/1577552/000110465919049759/a19-18549_16k.htm,https://www.sec.gov/Archives/edgar/data/1577552/000110465919049759/0001104659-19-049759-index.html
BABA,0001577552,6-K,2019-09-24,2019-09-24,0001104659-19-051206,0,0,https://www.sec.gov/Archives/edgar/data/1577552/000110465919051206/a19-18993_16k.htm,https://www.sec.gov/Archives/edgar/data/1577552/000110465919051206/0001104659-19-051206-index.html
BABA,0001577552,6-K,2019-11-01,2019-11-01,0001104659-19-059003,0,0,https://www.sec.gov/Archives/edgar/data/1577552/000110465919059003/a19-21664_16k.htm,https://www.sec.gov/Archives/edgar/data/1577552/000110465919059003/0001104659-19-059003-index.html
BABA,0001577552,6-K,2019-11-08,2019-11-08,0001104659-19-061731,0,0,https://www.sec.gov/Archives/edgar/data/1577552/000110465919061731/a19-22319_16k.htm,https://www.sec.gov/Archives/edgar/data/1577552/000110465919061731/0001104659-19-061731-index.html
BABA,0001577552,6-K,2019-11-13,2019-11-13,0001047469-19-006269,0,0,https://www.sec.gov/Archives/edgar/data/1577552/000104746919006269/a2240063z6-k.htm,https://www.sec.gov/Archives/edgar/data/1577552/000104746919006269/0001047469-19-006269-index.html
BABA,0001577552,6-K,2019-11-13,2019-11-13,0001047469-19-006258,0,0,https://www.sec.gov/Archives/edgar/data/1577552/000104746919006258/a2240023z6-k.htm,https://www.sec.gov/Archives/edgar/data/1577552/000104746919006258/0001047469-19-006258-index.html
BABA,0001577552,6-K,2019-11-13,2019-11-13,0001047469-19-006257,1,0,https://www.sec.gov/Archives/edgar/data/1577552/000104746919006257/a2239435z6-k.htm,https://www.sec.gov/Archives/edgar/data/1577552/000104746919006257/0001047469-19-006257-index.html
BABA,0001577552,6-K,2019-11-15,2019-11-15,0001104659-19-064490,0,0,https://www.sec.gov/Archives/edgar/data/1577552/000110465919064490/a19-22784_16k.htm,https://www.sec.gov/Archives/edgar/data/1577552/000110465919064490/0001104659-19-064490-index.html
BABA,0001577552,6-K,2019-11-20,2019-11-20,0001047469-19-006433,0,0,https://www.sec.gov/Archives/edgar/data/1577552/000104746919006433/a2240136z6-k.htm,https://www.sec.gov/Archives/edgar/data/1577552/000104746919006433/0001047469-19-006433-index.html
BABA,0001577552,6-K,2019-11-29,2019-11-29,0001104659-19-068453,0,0,https://www.sec.gov/Archives/edgar/data/1577552/000110465919068453/a19-22052_66k.htm,https://www.sec.gov/Archives/edgar/data/1577552/000110465919068453/0001104659-19-068453-index.html
BABA,0001577552,6-K,2019-12-03,2019-12-03,0001104659-19-069221,0,0,https://www.sec.gov/Archives/edgar/data/1577552/000110465919069221/a19-24249_16k.htm,https://www.sec.gov/Archives/edgar/data/1577552/000110465919069221/0001104659-19-069221-index.html
BABA,0001577552,6-K,2019-12-20,2019-12-20,0001104659-19-074597,0,0,https://www.sec.gov/Archives/edgar/data/1577552/000110465919074597/a19-26619_16k.htm,https://www.sec.gov/Archives/edgar/data/1577552/000110465919074597/0001104659-19-074597-index.html
BABA,0001577552,6-K,2020-01-23,2020-01-23,0001104659-20-006055,0,0,https://www.sec.gov/Archives/edgar/data/1577552/000110465920006055/a20-5658_16k.htm,https://www.sec.gov/Archives/edgar/data/1577552/000110465920006055/0001104659-20-006055-index.html
BABA,0001577552,6-K,2020-02-13,2020-02-13,0001104659-20-020231,0,0,https://www.sec.gov/Archives/edgar/data/1577552/000110465920020231/a20-7896_16k.htm,https://www.sec.gov/Archives/edgar/data/1577552/000110465920020231/0001104659-20-020231-index.html
BABA,0001577552,6-K,2020-05-11,2020-05-11,0001104659-20-059072,0,0,https://www.sec.gov/Archives/edgar/data/1577552/000110465920059072/a20-19234_16k.htm,https://www.sec.gov/Archives/edgar/data/1577552/000110465920059072/0001104659-20-059072-index.html
BABA,0001577552,6-K,2020-05-22,2020-05-22,0001104659-20-065398,0,0,https://www.sec.gov/Archives/edgar/data/1577552/000110465920065398/a20-20766_16k.htm,https://www.sec.gov/Archives/edgar/data/1577552/000110465920065398/0001104659-20-065398-index.html
BABA,0001577552,6-K,2020-06-25,2020-06-25,0001104659-20-076602,0,0,https://www.sec.gov/Archives/edgar/data/1577552/000110465920076602/a20-23408_16k.htm,https://www.sec.gov/Archives/edgar/data/1577552/000110465920076602/0001104659-20-076602-index.html
BABA,0001577552,20-F,2020-07-09,2020-03-31,0001104659-20-082409,1,1,https://www.sec.gov/Archives/edgar/data/1577552/000110465920082409/baba-20200331x20f.htm,https://www.sec.gov/Archives/edgar/data/1577552/000110465920082409/0001104659-20-082409-index.html
BABA,0001577552,6-K,2020-07-13,2020-07-13,0001104659-20-083110,0,0,https://www.sec.gov/Archives/edgar/data/1577552/000110465920083110/a20-24647_16k.htm,https://www.sec.gov/Archives/edgar/data/1577552/000110465920083110/0001104659-20-083110-index.html
BABA,0001577552,6-K,2020-07-13,2020-07-13,0001104659-20-082881,0,0,https://www.sec.gov/Archives/edgar/data/1577552/000110465920082881/a20-6321_46k.htm,https://www.sec.gov/Archives/edgar/data/1577552/000110465920082881/0001104659-20-082881-index.html
BABA,0001577552,6-K,2020-07-20,2020-07-20,0001104659-20-084639,0,0,https://www.sec.gov/Archives/edgar/data/1577552/000110465920084639/a20-25160_16k.htm,https://www.sec.gov/Archives/edgar/data/1577552/000110465920084639/0001104659-20-084639-index.html
BABA,0001577552,6-K,2020-08-03,2020-08-03,0001104659-20-089267,0,0,https://www.sec.gov/Archives/edgar/data/1577552/000110465920089267/a20-26231_16k.htm,https://www.sec.gov/Archives/edgar/data/1577552/000110465920089267/0001104659-20-089267-index.html
BABA,0001577552,6-K,2020-08-07,2020-08-07,0001104659-20-091677,0,0,https://www.sec.gov/Archives/edgar/data/1577552/000110465920091677/a20-26928_16k.htm,https://www.sec.gov/Archives/edgar/data/1577552/000110465920091677/0001104659-20-091677-index.html
BABA,0001577552,6-K,2020-08-20,2020-08-20,0001104659-20-097260,0,0,https://www.sec.gov/Archives/edgar/data/1577552/000110465920097260/a20-29076_16k.htm,https://www.sec.gov/Archives/edgar/data/1577552/000110465920097260/0001104659-20-097260-index.html
BABA,0001577552,6-K,2020-08-25,2020-08-25,0001104659-20-098141,0,0,https://www.sec.gov/Archives/edgar/data/1577552/000110465920098141/a20-29339_16k.htm,https://www.sec.gov/Archives/edgar/data/1577552/000110465920098141/0001104659-20-098141-index.html
BABA,0001577552,6-K,2020-08-25,2020-08-25,0001104659-20-098136,0,0,https://www.sec.gov/Archives/edgar/data/1577552/000110465920098136/a20-29339_36k.htm,https://www.sec.gov/Archives/edgar/data/1577552/000110465920098136/0001104659-20-098136-index.html
BABA,0001577552,6-K,2020-08-25,2020-08-25,0001104659-20-098130,0,0,https://www.sec.gov/Archives/edgar/data/1577552/000110465920098130/a20-29339_26k.htm,https://www.sec.gov/Archives/edgar/data/1577552/000110465920098130/0001104659-20-098130-index.html
BABA,0001577552,6-K,2020-09-30,2020-09-30,0001104659-20-110253,0,0,https://www.sec.gov/Archives/edgar/data/1577552/000110465920110253/a20-31974_16k.htm,https://www.sec.gov/Archives/edgar/data/1577552/000110465920110253/0001104659-20-110253-index.html
BABA,0001577552,6-K,2020-10-19,2020-10-19,0001104659-20-115828,0,0,https://www.sec.gov/Archives/edgar/data/1577552/000110465920115828/a20-33757_16k.htm,https://www.sec.gov/Archives/edgar/data/1577552/000110465920115828/0001104659-20-115828-index.html
BABA,0001577552,6-K,2020-10-21,2020-10-21,0001104659-20-116815,0,0,https://www.sec.gov/Archives/edgar/data/1577552/000110465920116815/a20-33854_16k.htm,https://www.sec.gov/Archives/edgar/data/1577552/000110465920116815/0001104659-20-116815-index.html
BABA,0001577552,6-K,2020-10-22,2020-10-22,0001104659-20-116934,0,0,https://www.sec.gov/Archives/edgar/data/1577552/000110465920116934/a20-33959_16k.htm,https://www.sec.gov/Archives/edgar/data/1577552/000110465920116934/0001104659-20-116934-index.html
BABA,0001577552,6-K,2020-10-26,2020-10-26,0001104659-20-117978,0,0,https://www.sec.gov/Archives/edgar/data/1577552/000110465920117978/a20-34249_16k.htm,https://www.sec.gov/Archives/edgar/data/1577552/000110465920117978/0001104659-20-117978-index.html
BABA,0001577552,6-K,2020-11-03,2020-11-03,0001104659-20-120757,0,0,https://www.sec.gov/Archives/edgar/data/1577552/000110465920120757/a20-34873_16k.htm,https://www.sec.gov/Archives/edgar/data/1577552/000110465920120757/0001104659-20-120757-index.html
BABA,0001577552,6-K,2020-11-05,2020-11-05,0001104659-20-121812,0,0,https://www.sec.gov/Archives/edgar/data/1577552/000110465920121812/a20-35108_16k.htm,https://www.sec.gov/Archives/edgar/data/1577552/000110465920121812/0001104659-20-121812-index.html
BABA,0001577552,6-K,2020-12-18,2020-12-18,0001104659-20-137127,0,0,https://www.sec.gov/Archives/edgar/data/1577552/000110465920137127/a20-38881_16k.htm,https://www.sec.gov/Archives/edgar/data/1577552/000110465920137127/0001104659-20-137127-index.html
BABA,0001577552,6-K,2020-12-28,2020-12-28,0001104659-20-139366,0,0,https://www.sec.gov/Archives/edgar/data/1577552/000110465920139366/tm2039392d1_6k.htm,https://www.sec.gov/Archives/edgar/data/1577552/000110465920139366/0001104659-20-139366-index.html
BABA,0001577552,6-K,2021-01-20,2021-01-20,0001104659-21-005585,0,0,https://www.sec.gov/Archives/edgar/data/1577552/000110465921005585/tm213657d1_6k.htm,https://www.sec.gov/Archives/edgar/data/1577552/000110465921005585/0001104659-21-005585-index.html
BABA,0001577552,6-K,2021-02-02,2021-02-02,0001104659-21-011016,0,0,https://www.sec.gov/Archives/edgar/data/1577552/000110465921011016/a21-1839_66k.htm,https://www.sec.gov/Archives/edgar/data/1577552/000110465921011016/0001104659-21-011016-index.html
BABA,0001577552,6-K,2021-02-02,2021-02-02,0001104659-21-011014,0,0,https://www.sec.gov/Archives/edgar/data/1577552/000110465921011014/a21-1839_56k.htm,https://www.sec.gov/Archives/edgar/data/1577552/000110465921011014/0001104659-21-011014-index.html
BABA,0001577552,6-K,2021-02-02,2021-02-02,0001104659-21-010975,0,0,https://www.sec.gov/Archives/edgar/data/1577552/000110465921010975/a21-1839_46k.htm,https://www.sec.gov/Archives/edgar/data/1577552/000110465921010975/0001104659-21-010975-index.html
BABA,0001577552,6-K,2021-02-02,2020-03-31,0001104659-21-010913,1,1,https://www.sec.gov/Archives/edgar/data/1577552/000110465921010913/baba-20200331x6k.htm,https://www.sec.gov/Archives/edgar/data/1577552/000110465921010913/0001104659-21-010913-index.html
BABA,0001577552,6-K,2021-02-02,2020-09-30,0001104659-21-010910,1,1,https://www.sec.gov/Archives/edgar/data/1577552/000110465921010910/baba-20200630x6k.htm,https://www.sec.gov/Archives/edgar/data/1577552/000110465921010910/0001104659-21-010910-index.html
BABA,0001577552,6-K,2021-02-05,2021-02-04,0001104659-21-012476,0,0,https://www.sec.gov/Archives/edgar/data/1577552/000110465921012476/a21-1839_76k.htm,https://www.sec.gov/Archives/edgar/data/1577552/000110465921012476/0001104659-21-012476-index.html
BABA,0001577552,6-K,2021-02-05,2021-02-04,0001104659-21-012378,0,0,https://www.sec.gov/Archives/edgar/data/1577552/000110465921012378/a21-1839_96k.htm,https://www.sec.gov/Archives/edgar/data/1577552/000110465921012378/0001104659-21-012378-index.html
BABA,0001577552,6-K,2021-02-09,2021-02-09,0001104659-21-016660,0,0,https://www.sec.gov/Archives/edgar/data/1577552/000110465921016660/a21-1839_106k.htm,https://www.sec.gov/Archives/edgar/data/1577552/000110465921016660/0001104659-21-016660-index.html
BABA,0001577552,6-K,2021-02-10,2021-02-10,0001104659-21-019786,0,0,https://www.sec.gov/Archives/edgar/data/1577552/000110465921019786/a21-6105_16k.htm,https://www.sec.gov/Archives/edgar/data/1577552/000110465921019786/0001104659-21-019786-index.html
BABA,0001577552,6-K,2021-04-12,2021-04-12,0001104659-21-049222,0,0,https://www.sec.gov/Archives/edgar/data/1577552/000110465921049222/a21-12722_16k.htm,https://www.sec.gov/Archives/edgar/data/1577552/000110465921049222/0001104659-21-049222-index.html
BABA,0001577552,6-K,2021-04-12,2021-04-12,0001104659-21-049093,0,0,https://www.sec.gov/Archives/edgar/data/1577552/000110465921049093/a21-12710_16k.htm,https://www.sec.gov/Archives/edgar/data/1577552/000110465921049093/0001104659-21-049093-index.html
BABA,0001577552,6-K,2021-04-30,2021-04-30,0001104659-21-058057,0,0,https://www.sec.gov/Archives/edgar/data/1577552/000110465921058057/a21-14734_16k.htm,https://www.sec.gov/Archives/edgar/data/1577552/000110465921058057/0001104659-21-058057-index.html
BABA,0001577552,6-K,2021-05-13,2021-05-13,0001104659-21-065916,0,0,https://www.sec.gov/Archives/edgar/data/1577552/000110465921065916/tm2116252d1_6k.htm,https://www.sec.gov/Archives/edgar/data/1577552/000110465921065916/0001104659-21-065916-index.html
BABA,0001577552,6-K,2021-07-19,2021-07-19,0001104659-21-093230,0,0,https://www.sec.gov/Archives/edgar/data/1577552/000110465921093230/tm2122523d1_6k.htm,https://www.sec.gov/Archives/edgar/data/1577552/000110465921093230/0001104659-21-093230-index.html
BABA,0001577552,6-K,2021-07-21,2021-07-21,0001104659-21-094104,0,0,https://www.sec.gov/Archives/edgar/data/1577552/000110465921094104/tm2122645d1_6k.htm,https://www.sec.gov/Archives/edgar/data/1577552/000110465921094104/0001104659-21-094104-index.html
BABA,0001577552,6-K,2021-07-27,2021-07-27,0001104659-21-096324,0,0,https://www.sec.gov/Archives/edgar/data/1577552/000110465921096324/a21-17183_36k.htm,https://www.sec.gov/Archives/edgar/data/1577552/000110465921096324/0001104659-21-096324-index.html
BABA,0001577552,20-F,2021-07-27,2021-03-31,0001104659-21-096092,1,1,https://www.sec.gov/Archives/edgar/data/1577552/000110465921096092/baba-20210331x20f.htm,https://www.sec.gov/Archives/edgar/data/1577552/000110465921096092/0001104659-21-096092-index.html
BABA,0001577552,6-K,2021-08-03,2021-08-03,0001104659-21-099438,0,0,https://www.sec.gov/Archives/edgar/data/1577552/000110465921099438/tm2123939d1_6k.htm,https://www.sec.gov/Archives/edgar/data/1577552/000110465921099438/0001104659-21-099438-index.html
BABA,0001577552,6-K,2021-08-11,2021-08-10,0001104659-21-103093,0,0,https://www.sec.gov/Archives/edgar/data/1577552/000110465921103093/tm2124526d2_6k.htm,https://www.sec.gov/Archives/edgar/data/1577552/000110465921103093/0001104659-21-103093-index.html
BABA,0001577552,6-K,2021-09-17,2021-09-17,0001104659-21-116782,0,0,https://www.sec.gov/Archives/edgar/data/1577552/000110465921116782/tm2127882d1_6k.htm,https://www.sec.gov/Archives/edgar/data/1577552/000110465921116782/0001104659-21-116782-index.html
BABA,0001577552,6-K,2021-11-05,2021-11-05,0001104659-21-134673,0,0,https://www.sec.gov/Archives/edgar/data/1577552/000110465921134673/tm2131948d1_6k.htm,https://www.sec.gov/Archives/edgar/data/1577552/000110465921134673/0001104659-21-134673-index.html
BABA,0001577552,6-K,2021-11-18,2021-11-18,0001104659-21-141204,0,0,https://www.sec.gov/Archives/edgar/data/1577552/000110465921141204/tm2133400d1_6k.htm,https://www.sec.gov/Archives/edgar/data/1577552/000110465921141204/0001104659-21-141204-index.html
BABA,0001577552,6-K,2021-12-06,2021-12-06,0001104659-21-146494,0,0,https://www.sec.gov/Archives/edgar/data/1577552/000110465921146494/tm2134644d1_6k.htm,https://www.sec.gov/Archives/edgar/data/1577552/000110465921146494/0001104659-21-146494-index.html
BABA,0001577552,6-K,2021-12-10,2021-12-10,0001104659-21-148335,0,0,https://www.sec.gov/Archives/edgar/data/1577552/000110465921148335/tm2135008d1_6k.htm,https://www.sec.gov/Archives/edgar/data/1577552/000110465921148335/0001104659-21-148335-index.html
BABA,0001577552,6-K,2022-02-11,2022-02-11,0001104659-22-019698,0,0,https://www.sec.gov/Archives/edgar/data/1577552/000110465922019698/tm226337d1_6k.htm,https://www.sec.gov/Archives/edgar/data/1577552/000110465922019698/0001104659-22-019698-index.html
BABA,0001577552,6-K,2022-02-24,2022-02-24,0001104659-22-026569,0,0,https://www.sec.gov/Archives/edgar/data/1577552/000110465922026569/tm227577d1_6k.htm,https://www.sec.gov/Archives/edgar/data/1577552/000110465922026569/0001104659-22-026569-index.html
BABA,0001577552,6-K,2022-03-22,2022-03-22,0001104659-22-036278,0,0,https://www.sec.gov/Archives/edgar/data/1577552/000110465922036278/tm2210114d1_6k.htm,https://www.sec.gov/Archives/edgar/data/1577552/000110465922036278/0001104659-22-036278-index.html
BABA,0001577552,6-K,2022-05-13,2022-05-13,0001104659-22-059786,0,0,https://www.sec.gov/Archives/edgar/data/1577552/000110465922059786/tm2215506d1_6k.htm,https://www.sec.gov/Archives/edgar/data/1577552/000110465922059786/0001104659-22-059786-index.html
BABA,0001577552,6-K,2022-05-26,2022-05-26,0001104659-22-065269,0,0,https://www.sec.gov/Archives/edgar/data/1577552/000110465922065269/tm2217018d1_6k.htm,https://www.sec.gov/Archives/edgar/data/1577552/000110465922065269/0001104659-22-065269-index.html
BABA,0001577552,6-K,2022-07-20,2022-07-20,0001104659-22-081007,0,0,https://www.sec.gov/Archives/edgar/data/1577552/000110465922081007/tm2221455d1_6k.htm,https://www.sec.gov/Archives/edgar/data/1577552/000110465922081007/0001104659-22-081007-index.html
BABA,0001577552,6-K,2022-07-22,2022-07-22,0001104659-22-081715,0,0,https://www.sec.gov/Archives/edgar/data/1577552/000110465922081715/tm2221287d1_6k.htm,https://www.sec.gov/Archives/edgar/data/1577552/000110465922081715/0001104659-22-081715-index.html
BABA,0001577552,6-K,2022-07-26,2022-07-26,0001104659-22-082632,0,0,https://www.sec.gov/Archives/edgar/data/1577552/000110465922082632/tm2215966d3_6k.htm,https://www.sec.gov/Archives/edgar/data/1577552/000110465922082632/0001104659-22-082632-index.html
BABA,0001577552,20-F,2022-07-26,2022-03-31,0001104659-22-082622,1,1,https://www.sec.gov/Archives/edgar/data/1577552/000110465922082622/baba-20220331x20f.htm,https://www.sec.gov/Archives/edgar/data/1577552/000110465922082622/0001104659-22-082622-index.html
BABA,0001577552,6-K,2022-07-26,2022-07-26,0001104659-22-082563,0,0,https://www.sec.gov/Archives/edgar/data/1577552/000110465922082563/tm2215966d2_6k.htm,https://www.sec.gov/Archives/edgar/data/1577552/000110465922082563/0001104659-22-082563-index.html
BABA,0001577552,6-K,2022-08-01,2022-08-01,0001104659-22-084395,0,0,https://www.sec.gov/Archives/edgar/data/1577552/000110465922084395/tm2222224d1_6k.htm,https://www.sec.gov/Archives/edgar/data/1577552/000110465922084395/0001104659-22-084395-index.html
BABA,0001577552,6-K,2022-08-04,2022-08-04,0001104659-22-086110,0,0,https://www.sec.gov/Archives/edgar/data/1577552/000110465922086110/tm2222585d1_6k.htm,https://www.sec.gov/Archives/edgar/data/1577552/000110465922086110/0001104659-22-086110-index.html
BABA,0001577552,6-K,2022-08-04,2022-08-04,0001104659-22-085820,0,0,https://www.sec.gov/Archives/edgar/data/1577552/000110465922085820/tm2222577d1_6k.htm,https://www.sec.gov/Archives/edgar/data/1577552/000110465922085820/0001104659-22-085820-index.html
BABA,0001577552,6-K,2022-08-08,2022-08-08,0001104659-22-086971,0,0,https://www.sec.gov/Archives/edgar/data/1577552/000110465922086971/tm2222806d1_6k.htm,https://www.sec.gov/Archives/edgar/data/1577552/000110465922086971/0001104659-22-086971-index.html
BABA,0001577552,6-K,2022-08-08,2022-08-08,0001104659-22-086970,0,0,https://www.sec.gov/Archives/edgar/data/1577552/000110465922086970/tm2222803d1_6k.htm,https://www.sec.gov/Archives/edgar/data/1577552/000110465922086970/0001104659-22-086970-index.html
BABA,0001577552,6-K,2022-08-10,2022-08-10,0001104659-22-088267,0,0,https://www.sec.gov/Archives/edgar/data/1577552/000110465922088267/tm2223071d1_6k.htm,https://www.sec.gov/Archives/edgar/data/1577552/000110465922088267/0001104659-22-088267-index.html
BABA,0001577552,6-K,2022-09-30,2022-09-30,0001104659-22-104370,0,0,https://www.sec.gov/Archives/edgar/data/1577552/000110465922104370/tm2226973d1_6k.htm,https://www.sec.gov/Archives/edgar/data/1577552/000110465922104370/0001104659-22-104370-index.html
BABA,0001577552,6-K,2022-11-04,2022-11-04,0001104659-22-114612,0,0,https://www.sec.gov/Archives/edgar/data/1577552/000110465922114612/tm2229725d1_6k.htm,https://www.sec.gov/Archives/edgar/data/1577552/000110465922114612/0001104659-22-114612-index.html
BABA,0001577552,6-K,2022-11-17,2022-11-17,0001104659-22-119884,0,0,https://www.sec.gov/Archives/edgar/data/1577552/000110465922119884/tm2230824d3_6k.htm,https://www.sec.gov/Archives/edgar/data/1577552/000110465922119884/0001104659-22-119884-index.html
BABA,0001577552,6-K,2022-11-17,2022-11-17,0001104659-22-119745,0,0,https://www.sec.gov/Archives/edgar/data/1577552/000110465922119745/tm2230824d2_6k.htm,https://www.sec.gov/Archives/edgar/data/1577552/000110465922119745/0001104659-22-119745-index.html
BABA,0001577552,6-K,2022-11-17,2022-11-17,0001104659-22-119743,0,0,https://www.sec.gov/Archives/edgar/data/1577552/000110465922119743/tm2230824d1_6k.htm,https://www.sec.gov/Archives/edgar/data/1577552/000110465922119743/0001104659-22-119743-index.html
BABA,0001577552,6-K,2022-11-25,2022-11-25,0001104659-22-121919,0,0,https://www.sec.gov/Archives/edgar/data/1577552/000110465922121919/tm2231361d1_6k.htm,https://www.sec.gov/Archives/edgar/data/1577552/000110465922121919/0001104659-22-121919-index.html
BABA,0001577552,6-K,2022-12-06,2022-12-06,0001104659-22-124694,0,0,https://www.sec.gov/Archives/edgar/data/1577552/000110465922124694/tm2232077d1_6k.htm,https://www.sec.gov/Archives/edgar/data/1577552/000110465922124694/0001104659-22-124694-index.html
BABA,0001577552,6-K,2022-12-16,2022-12-16,0001104659-22-127544,0,0,https://www.sec.gov/Archives/edgar/data/1577552/000110465922127544/tm2232886d1_6k.htm,https://www.sec.gov/Archives/edgar/data/1577552/000110465922127544/0001104659-22-127544-index.html
BABA,0001577552,6-K,2023-01-09,2023-01-09,0001104659-23-001961,0,0,https://www.sec.gov/Archives/edgar/data/1577552/000110465923001961/tm232663d1_6k.htm,https://www.sec.gov/Archives/edgar/data/1577552/000110465923001961/0001104659-23-001961-index.html
BABA,0001577552,6-K,2023-02-08,2023-02-08,0001104659-23-014605,0,0,https://www.sec.gov/Archives/edgar/data/1577552/000110465923014605/tm235941d1_6k.htm,https://www.sec.gov/Archives/edgar/data/1577552/000110465923014605/0001104659-23-014605-index.html
BABA,0001577552,6-K,2023-02-23,2023-02-23,0001104659-23-024761,0,0,https://www.sec.gov/Archives/edgar/data/1577552/000110465923024761/tm237669d1_6k.htm,https://www.sec.gov/Archives/edgar/data/1577552/000110465923024761/0001104659-23-024761-index.html
BABA,0001577552,6-K,2023-02-23,2023-02-23,0001104659-23-024752,0,0,https://www.sec.gov/Archives/edgar/data/1577552/000110465923024752/tm237669d2_6k.htm,https://www.sec.gov/Archives/edgar/data/1577552/000110465923024752/0001104659-23-024752-index.html
BABA,0001577552,6-K,2023-03-28,2023-03-28,0001104659-23-037408,0,0,https://www.sec.gov/Archives/edgar/data/1577552/000110465923037408/tm2310734d1_6k.htm,https://www.sec.gov/Archives/edgar/data/1577552/000110465923037408/0001104659-23-037408-index.html
BABA,0001577552,6-K,2023-05-05,2023-05-05,0001104659-23-056303,0,0,https://www.sec.gov/Archives/edgar/data/1577552/000110465923056303/tm2314826d1_6k.htm,https://www.sec.gov/Archives/edgar/data/1577552/000110465923056303/0001104659-23-056303-index.html
BABA,0001577552,6-K,2023-05-18,2023-05-18,0001104659-23-062246,0,0,https://www.sec.gov/Archives/edgar/data/1577552/000110465923062246/tm2316208d2_6k.htm,https://www.sec.gov/Archives/edgar/data/1577552/000110465923062246/0001104659-23-062246-index.html
BABA,0001577552,6-K,2023-05-18,2023-05-18,0001104659-23-062243,0,0,https://www.sec.gov/Archives/edgar/data/1577552/000110465923062243/tm2316208d1_6k.htm,https://www.sec.gov/Archives/edgar/data/1577552/000110465923062243/0001104659-23-062243-index.html
BABA,0001577552,6-K,2023-06-09,2023-06-09,0001104659-23-069655,0,0,https://www.sec.gov/Archives/edgar/data/1577552/000110465923069655/tm2318345d1_6k.htm,https://www.sec.gov/Archives/edgar/data/1577552/000110465923069655/0001104659-23-069655-index.html
BABA,0001577552,6-K,2023-06-20,2023-06-20,0001104659-23-072478,0,0,https://www.sec.gov/Archives/edgar/data/1577552/000110465923072478/tm2319146d1_6k.htm,https://www.sec.gov/Archives/edgar/data/1577552/000110465923072478/0001104659-23-072478-index.html
BABA,0001577552,6-K,2023-07-10,2023-07-10,0001104659-23-079258,0,0,https://www.sec.gov/Archives/edgar/data/1577552/000110465923079258/tm2320934d1_6k.htm,https://www.sec.gov/Archives/edgar/data/1577552/000110465923079258/0001104659-23-079258-index.html
BABA,0001577552,6-K,2023-07-21,2023-07-21,0001193125-23-190974,0,0,https://www.sec.gov/Archives/edgar/data/1577552/000119312523190974/d517168d6k.htm,https://www.sec.gov/Archives/edgar/data/1577552/000119312523190974/0001193125-23-190974-index.html
BABA,0001577552,20-F,2023-07-21,2023-03-31,0000950170-23-033752,1,1,https://www.sec.gov/Archives/edgar/data/1577552/000095017023033752/baba-20230331.htm,https://www.sec.gov/Archives/edgar/data/1577552/000095017023033752/0000950170-23-033752-index.html
BABA,0001577552,6-K,2023-07-24,2023-07-24,0001104659-23-083188,0,0,https://www.sec.gov/Archives/edgar/data/1577552/000110465923083188/tm2321880d1_6k.htm,https://www.sec.gov/Archives/edgar/data/1577552/000110465923083188/0001104659-23-083188-index.html
BABA,0001577552,6-K,2023-07-28,2023-07-28,0001104659-23-084976,0,0,https://www.sec.gov/Archives/edgar/data/1577552/000110465923084976/tm2322309d1_6k.htm,https://www.sec.gov/Archives/edgar/data/1577552/000110465923084976/0001104659-23-084976-index.html
BABA,0001577552,6-K,2023-08-01,2023-08-01,0001104659-23-086019,0,0,https://www.sec.gov/Archives/edgar/data/1577552/000110465923086019/tm2322510d1_6k.htm,https://www.sec.gov/Archives/edgar/data/1577552/000110465923086019/0001104659-23-086019-index.html
BABA,0001577552,6-K,2023-08-10,2023-08-10,0001104659-23-089768,0,0,https://www.sec.gov/Archives/edgar/data/1577552/000110465923089768/tm2323406d1_6k.htm,https://www.sec.gov/Archives/edgar/data/1577552/000110465923089768/0001104659-23-089768-index.html
BABA,0001577552,6-K,2023-08-16,2023-08-16,0001104659-23-092264,0,0,https://www.sec.gov/Archives/edgar/data/1577552/000110465923092264/tm2323926d1_6k.htm,https://www.sec.gov/Archives/edgar/data/1577552/000110465923092264/0001104659-23-092264-index.html
BABA,0001577552,6-K,2023-09-11,2023-09-11,0001104659-23-099414,0,0,https://www.sec.gov/Archives/edgar/data/1577552/000110465923099414/tm2325852d1_6k.htm,https://www.sec.gov/Archives/edgar/data/1577552/000110465923099414/0001104659-23-099414-index.html
BABA,0001577552,6-K,2023-09-26,2023-09-26,0001104659-23-103638,0,0,https://www.sec.gov/Archives/edgar/data/1577552/000110465923103638/tm2326925d1_6k.htm,https://www.sec.gov/Archives/edgar/data/1577552/000110465923103638/0001104659-23-103638-index.html
BABA,0001577552,6-K,2023-09-28,2023-09-28,0001104659-23-104568,0,0,https://www.sec.gov/Archives/edgar/data/1577552/000110465923104568/tm2327135d1_6k.htm,https://www.sec.gov/Archives/edgar/data/1577552/000110465923104568/0001104659-23-104568-index.html
BABA,0001577552,6-K,2023-11-03,2023-11-03,0001104659-23-113964,0,0,https://www.sec.gov/Archives/edgar/data/1577552/000110465923113964/tm2329802d1_6k.htm,https://www.sec.gov/Archives/edgar/data/1577552/000110465923113964/0001104659-23-113964-index.html
BABA,0001577552,6-K,2023-11-16,2023-11-16,0001104659-23-119088,0,0,https://www.sec.gov/Archives/edgar/data/1577552/000110465923119088/tm2330915d2_6k.htm,https://www.sec.gov/Archives/edgar/data/1577552/000110465923119088/0001104659-23-119088-index.html
BABA,0001577552,6-K,2023-11-16,2023-11-16,0001104659-23-119081,0,0,https://www.sec.gov/Archives/edgar/data/1577552/000110465923119081/tm2330915d1_6k.htm,https://www.sec.gov/Archives/edgar/data/1577552/000110465923119081/0001104659-23-119081-index.html
BABA,0001577552,6-K,2023-12-06,2023-12-06,0001104659-23-123758,0,0,https://www.sec.gov/Archives/edgar/data/1577552/000110465923123758/tm2332213d1_6k.htm,https://www.sec.gov/Archives/edgar/data/1577552/000110465923123758/0001104659-23-123758-index.html
BABA,0001577552,6-K,2023-12-20,2023-12-20,0001104659-23-127472,0,0,https://www.sec.gov/Archives/edgar/data/1577552/000110465923127472/tm2333340d1_6k.htm,https://www.sec.gov/Archives/edgar/data/1577552/000110465923127472/0001104659-23-127472-index.html
BABA,0001577552,6-K,2023-12-22,2023-12-22,0001104659-23-128427,0,0,https://www.sec.gov/Archives/edgar/data/1577552/000110465923128427/tm2333605d1_6k.htm,https://www.sec.gov/Archives/edgar/data/1577552/000110465923128427/0001104659-23-128427-index.html
BABA,0001577552,6-K,2024-01-02,2024-01-02,0001104659-24-000045,0,0,https://www.sec.gov/Archives/edgar/data/1577552/000110465924000045/tm241392d1_6k.htm,https://www.sec.gov/Archives/edgar/data/1577552/000110465924000045/0001104659-24-000045-index.html
BABA,0001577552,6-K,2024-01-25,2024-01-25,0001104659-24-006408,0,0,https://www.sec.gov/Archives/edgar/data/1577552/000110465924006408/tm244112d1_6k.htm,https://www.sec.gov/Archives/edgar/data/1577552/000110465924006408/0001104659-24-006408-index.html
BABA,0001577552,6-K,2024-02-07,2024-02-07,0001104659-24-011604,0,0,https://www.sec.gov/Archives/edgar/data/1577552/000110465924011604/tm245446d1_6k.htm,https://www.sec.gov/Archives/edgar/data/1577552/000110465924011604/0001104659-24-011604-index.html
BABA,0001577552,20-F/A,2024-02-23,2023-03-31,0001193125-24-044480,1,1,https://www.sec.gov/Archives/edgar/data/1577552/000119312524044480/d791119d20fa.htm,https://www.sec.gov/Archives/edgar/data/1577552/000119312524044480/0001193125-24-044480-index.html
BABA,0001577552,6-K,2024-03-26,2024-03-26,0001104659-24-038666,0,0,https://www.sec.gov/Archives/edgar/data/1577552/000110465924038666/tm249803d1_6k.htm,https://www.sec.gov/Archives/edgar/data/1577552/000110465924038666/0001104659-24-038666-index.html
BABA,0001577552,6-K,2024-04-02,2024-04-02,0001104659-24-042245,0,0,https://www.sec.gov/Archives/edgar/data/1577552/000110465924042245/tm2410529d1_6k.htm,https://www.sec.gov/Archives/edgar/data/1577552/000110465924042245/0001104659-24-042245-index.html
BABA,0001577552,6-K,2024-04-30,2024-04-30,0001104659-24-054387,0,0,https://www.sec.gov/Archives/edgar/data/1577552/000110465924054387/tm2413076d1_6k.htm,https://www.sec.gov/Archives/edgar/data/1577552/000110465924054387/0001104659-24-054387-index.html
BABA,0001577552,6-K,2024-05-14,2024-05-14,0001104659-24-061145,0,0,https://www.sec.gov/Archives/edgar/data/1577552/000110465924061145/tm2414429d1_6k.htm,https://www.sec.gov/Archives/edgar/data/1577552/000110465924061145/0001104659-24-061145-index.html
BABA,0001577552,6-K,2024-05-23,2024-05-23,0001193125-24-145954,0,0,https://www.sec.gov/Archives/edgar/data/1577552/000119312524145954/d842337d6k.htm,https://www.sec.gov/Archives/edgar/data/1577552/000119312524145954/0001193125-24-145954-index.html
BABA,0001577552,6-K,2024-05-23,2024-05-23,0001193125-24-145548,0,0,https://www.sec.gov/Archives/edgar/data/1577552/000119312524145548/d843528d6k.htm,https://www.sec.gov/Archives/edgar/data/1577552/000119312524145548/0001193125-24-145548-index.html
BABA,0001577552,20-F,2024-05-23,2024-03-31,0000950170-24-063767,1,1,https://www.sec.gov/Archives/edgar/data/1577552/000095017024063767/baba-20240331.htm,https://www.sec.gov/Archives/edgar/data/1577552/000095017024063767/0000950170-24-063767-index.html
BABA,0001577552,6-K,2024-05-24,2024-05-23,0001193125-24-146219,0,0,https://www.sec.gov/Archives/edgar/data/1577552/000119312524146219/d843385d6k.htm,https://www.sec.gov/Archives/edgar/data/1577552/000119312524146219/0001193125-24-146219-index.html
BABA,0001577552,6-K,2024-05-30,2024-05-29,0001193125-24-149515,0,0,https://www.sec.gov/Archives/edgar/data/1577552/000119312524149515/d779816d6k.htm,https://www.sec.gov/Archives/edgar/data/1577552/000119312524149515/0001193125-24-149515-index.html
BABA,0001577552,6-K,2024-05-31,2024-05-31,0001104659-24-066829,0,0,https://www.sec.gov/Archives/edgar/data/1577552/000110465924066829/tm2415924d1_6k.htm,https://www.sec.gov/Archives/edgar/data/1577552/000110465924066829/0001104659-24-066829-index.html
BABA,0001577552,6-K,2024-06-14,2024-06-14,0001104659-24-071494,0,0,https://www.sec.gov/Archives/edgar/data/1577552/000110465924071494/tm2417286d1_6k.htm,https://www.sec.gov/Archives/edgar/data/1577552/000110465924071494/0001104659-24-071494-index.html
BABA,0001577552,6-K,2024-07-02,2024-07-02,0001104659-24-077061,0,0,https://www.sec.gov/Archives/edgar/data/1577552/000110465924077061/tm2418711d1_6k.htm,https://www.sec.gov/Archives/edgar/data/1577552/000110465924077061/0001104659-24-077061-index.html
BABA,0001577552,6-K,2024-07-05,2024-07-05,0001104659-24-077941,0,0,https://www.sec.gov/Archives/edgar/data/1577552/000110465924077941/tm2418943d1_6k.htm,https://www.sec.gov/Archives/edgar/data/1577552/000110465924077941/0001104659-24-077941-index.html
BABA,0001577552,6-K,2024-08-02,2024-08-02,0001104659-24-085053,0,0,https://www.sec.gov/Archives/edgar/data/1577552/000110465924085053/tm2420742d1_6k.htm,https://www.sec.gov/Archives/edgar/data/1577552/000110465924085053/0001104659-24-085053-index.html
BABA,0001577552,6-K,2024-08-15,2024-08-15,0001104659-24-090104,0,0,https://www.sec.gov/Archives/edgar/data/1577552/000110465924090104/tm2421790d1_6k.htm,https://www.sec.gov/Archives/edgar/data/1577552/000110465924090104/0001104659-24-090104-index.html
BABA,0001577552,6-K,2024-08-15,2024-08-15,0001104659-24-090102,0,0,https://www.sec.gov/Archives/edgar/data/1577552/000110465924090102/tm2421791d1_6k.htm,https://www.sec.gov/Archives/edgar/data/1577552/000110465924090102/0001104659-24-090102-index.html
BABA,0001577552,6-K,2024-08-22,2024-08-22,0001104659-24-092027,0,0,https://www.sec.gov/Archives/edgar/data/1577552/000110465924092027/tm2422435d1_6k.htm,https://www.sec.gov/Archives/edgar/data/1577552/000110465924092027/0001104659-24-092027-index.html
BABA,0001577552,6-K,2024-08-23,2024-08-23,0001104659-24-092213,0,0,https://www.sec.gov/Archives/edgar/data/1577552/000110465924092213/tm2422538d1_6k.htm,https://www.sec.gov/Archives/edgar/data/1577552/000110465924092213/0001104659-24-092213-index.html
BABA,0001577552,6-K,2024-08-28,2024-08-28,0001104659-24-093618,0,0,https://www.sec.gov/Archives/edgar/data/1577552/000110465924093618/tm2422772d1_6k.htm,https://www.sec.gov/Archives/edgar/data/1577552/000110465924093618/0001104659-24-093618-index.html
BABA,0001577552,6-K,2024-08-30,2024-08-30,0001104659-24-095577,0,0,https://www.sec.gov/Archives/edgar/data/1577552/000110465924095577/tm2423009d1_6k.htm,https://www.sec.gov/Archives/edgar/data/1577552/000110465924095577/0001104659-24-095577-index.html
BABA,0001577552,6-K,2024-09-05,2024-09-05,0001104659-24-097357,0,0,https://www.sec.gov/Archives/edgar/data/1577552/000110465924097357/tm2423435d1_6k.htm,https://www.sec.gov/Archives/edgar/data/1577552/000110465924097357/0001104659-24-097357-index.html
BABA,0001577552,6-K,2024-09-06,2024-09-06,0001104659-24-097729,0,0,https://www.sec.gov/Archives/edgar/data/1577552/000110465924097729/tm2423216d1_6k.htm,https://www.sec.gov/Archives/edgar/data/1577552/000110465924097729/0001104659-24-097729-index.html
BABA,0001577552,6-K,2024-09-09,2024-09-09,0001104659-24-097992,0,0,https://www.sec.gov/Archives/edgar/data/1577552/000110465924097992/tm2423602d1_6k.htm,https://www.sec.gov/Archives/edgar/data/1577552/000110465924097992/0001104659-24-097992-index.html
BABA,0001577552,6-K,2024-09-13,2024-09-13,0001104659-24-099750,0,0,https://www.sec.gov/Archives/edgar/data/1577552/000110465924099750/tm2423606d1_6k.htm,https://www.sec.gov/Archives/edgar/data/1577552/000110465924099750/0001104659-24-099750-index.html
BABA,0001577552,6-K,2024-09-20,2024-09-20,0001104659-24-101684,0,0,https://www.sec.gov/Archives/edgar/data/1577552/000110465924101684/tm2424116d1_6k.htm,https://www.sec.gov/Archives/edgar/data/1577552/000110465924101684/0001104659-24-101684-index.html
BABA,0001577552,6-K,2024-09-27,2024-09-27,0001104659-24-103702,0,0,https://www.sec.gov/Archives/edgar/data/1577552/000110465924103702/tm2424538d1_6k.htm,https://www.sec.gov/Archives/edgar/data/1577552/000110465924103702/0001104659-24-103702-index.html
BABA,0001577552,6-K,2024-10-02,2024-10-02,0001104659-24-105192,0,0,https://www.sec.gov/Archives/edgar/data/1577552/000110465924105192/tm2425406d1_6k.htm,https://www.sec.gov/Archives/edgar/data/1577552/000110465924105192/0001104659-24-105192-index.html
BABA,0001577552,6-K,2024-10-04,2024-10-04,0001104659-24-106255,0,0,https://www.sec.gov/Archives/edgar/data/1577552/000110465924106255/tm2425626d1_6k.htm,https://www.sec.gov/Archives/edgar/data/1577552/000110465924106255/0001104659-24-106255-index.html
BABA,0001577552,6-K,2024-10-18,2024-10-18,0001104659-24-109845,0,0,https://www.sec.gov/Archives/edgar/data/1577552/000110465924109845/tm2426475d1_6k.htm,https://www.sec.gov/Archives/edgar/data/1577552/000110465924109845/0001104659-24-109845-index.html
BABA,0001577552,6-K,2024-10-25,2024-10-25,0001104659-24-111535,0,0,https://www.sec.gov/Archives/edgar/data/1577552/000110465924111535/tm2426715d2_6k.htm,https://www.sec.gov/Archives/edgar/data/1577552/000110465924111535/0001104659-24-111535-index.html
BABA,0001577552,6-K,2024-10-25,2024-10-25,0001104659-24-111458,0,0,https://www.sec.gov/Archives/edgar/data/1577552/000110465924111458/tm2426715d1_6k.htm,https://www.sec.gov/Archives/edgar/data/1577552/000110465924111458/0001104659-24-111458-index.html
BABA,0001577552,6-K,2024-11-01,2024-11-01,0001104659-24-113472,0,0,https://www.sec.gov/Archives/edgar/data/1577552/000110465924113472/tm2426952d1_6k.htm,https://www.sec.gov/Archives/edgar/data/1577552/000110465924113472/0001104659-24-113472-index.html
BABA,0001577552,6-K,2024-11-01,2024-11-01,0001104659-24-113237,0,0,https://www.sec.gov/Archives/edgar/data/1577552/000110465924113237/tm2427284d1_6k.htm,https://www.sec.gov/Archives/edgar/data/1577552/000110465924113237/0001104659-24-113237-index.html
BABA,0001577552,6-K,2024-11-06,2024-11-06,0001104659-24-114774,0,0,https://www.sec.gov/Archives/edgar/data/1577552/000110465924114774/tm2427642d1_6k.htm,https://www.sec.gov/Archives/edgar/data/1577552/000110465924114774/0001104659-24-114774-index.html
BABA,0001577552,6-K,2024-11-08,2024-11-08,0001104659-24-115841,0,0,https://www.sec.gov/Archives/edgar/data/1577552/000110465924115841/tm2427396d1_6k.htm,https://www.sec.gov/Archives/edgar/data/1577552/000110465924115841/0001104659-24-115841-index.html
BABA,0001577552,6-K,2024-11-15,2024-11-15,0001104659-24-119689,0,0,https://www.sec.gov/Archives/edgar/data/1577552/000110465924119689/tm2428049d1_6k.htm,https://www.sec.gov/Archives/edgar/data/1577552/000110465924119689/0001104659-24-119689-index.html
BABA,0001577552,6-K,2024-11-15,2024-11-15,0001104659-24-119688,0,0,https://www.sec.gov/Archives/edgar/data/1577552/000110465924119688/tm2428590d1_6k.htm,https://www.sec.gov/Archives/edgar/data/1577552/000110465924119688/0001104659-24-119688-index.html
BABA,0001577552,6-K,2024-11-18,2024-11-18,0001104659-24-119900,0,0,https://www.sec.gov/Archives/edgar/data/1577552/000110465924119900/tm2428696d1_6k.htm,https://www.sec.gov/Archives/edgar/data/1577552/000110465924119900/0001104659-24-119900-index.html
BABA,0001577552,6-K,2024-11-18,2024-11-18,0001104659-24-119899,0,0,https://www.sec.gov/Archives/edgar/data/1577552/000110465924119899/tm2428512d1_6k.htm,https://www.sec.gov/Archives/edgar/data/1577552/000110465924119899/0001104659-24-119899-index.html
BABA,0001577552,6-K,2024-11-20,2024-11-20,0001104659-24-121012,0,0,https://www.sec.gov/Archives/edgar/data/1577552/000110465924121012/tm2429006d1_6k.htm,https://www.sec.gov/Archives/edgar/data/1577552/000110465924121012/0001104659-24-121012-index.html
BABA,0001577552,6-K,2024-11-20,2024-11-20,0001104659-24-120794,0,0,https://www.sec.gov/Archives/edgar/data/1577552/000110465924120794/tm2428979d1_6k.htm,https://www.sec.gov/Archives/edgar/data/1577552/000110465924120794/0001104659-24-120794-index.html
BABA,0001577552,6-K,2024-11-21,2024-11-21,0001104659-24-121272,0,0,https://www.sec.gov/Archives/edgar/data/1577552/000110465924121272/tm2429125d1_6k.htm,https://www.sec.gov/Archives/edgar/data/1577552/000110465924121272/0001104659-24-121272-index.html
BABA,0001577552,6-K,2024-11-22,2024-11-22,0001104659-24-122083,0,0,https://www.sec.gov/Archives/edgar/data/1577552/000110465924122083/tm2428705d1_6k.htm,https://www.sec.gov/Archives/edgar/data/1577552/000110465924122083/0001104659-24-122083-index.html
BABA,0001577552,6-K,2024-11-29,2024-11-29,0001104659-24-124075,0,0,https://www.sec.gov/Archives/edgar/data/1577552/000110465924124075/tm2429821d1_6k.htm,https://www.sec.gov/Archives/edgar/data/1577552/000110465924124075/0001104659-24-124075-index.html
BABA,0001577552,6-K,2024-11-29,2024-11-29,0001104659-24-124073,0,0,https://www.sec.gov/Archives/edgar/data/1577552/000110465924124073/tm2429478d1_6k.htm,https://www.sec.gov/Archives/edgar/data/1577552/000110465924124073/0001104659-24-124073-index.html
BABA,0001577552,6-K,2024-11-29,2024-11-29,0001104659-24-123849,0,0,https://www.sec.gov/Archives/edgar/data/1577552/000110465924123849/tm2429790d1_6k.htm,https://www.sec.gov/Archives/edgar/data/1577552/000110465924123849/0001104659-24-123849-index.html
BABA,0001577552,6-K,2024-12-05,2024-12-05,0001104659-24-125894,0,0,https://www.sec.gov/Archives/edgar/data/1577552/000110465924125894/tm2430268d1_6k.htm,https://www.sec.gov/Archives/edgar/data/1577552/000110465924125894/0001104659-24-125894-index.html
BABA,0001577552,6-K,2024-12-06,2024-12-06,0001104659-24-126288,0,0,https://www.sec.gov/Archives/edgar/data/1577552/000110465924126288/tm2429888d1_6k.htm,https://www.sec.gov/Archives/edgar/data/1577552/000110465924126288/0001104659-24-126288-index.html
BABA,0001577552,6-K,2024-12-13,2024-12-13,0001104659-24-128410,0,0,https://www.sec.gov/Archives/edgar/data/1577552/000110465924128410/tm2430511d1_6k.htm,https://www.sec.gov/Archives/edgar/data/1577552/000110465924128410/0001104659-24-128410-index.html
BABA,0001577552,6-K,2024-12-17,2024-12-17,0001104659-24-129119,0,0,https://www.sec.gov/Archives/edgar/data/1577552/000110465924129119/tm2431305d1_6k.htm,https://www.sec.gov/Archives/edgar/data/1577552/000110465924129119/0001104659-24-129119-index.html
META,0001326801,S-1,2012-02-01,,0001193125-12-034517,0,0,https://www.sec.gov/Archives/edgar/data/1326801/000119312512034517/d287954ds1.htm,https://www.sec.gov/Archives/edgar/data/1326801/000119312512034517/0001193125-12-034517-index.html
META,0001326801,S-1/A,2012-02-08,,0001193125-12-046715,0,0,https://www.sec.gov/Archives/edgar/data/1326801/000119312512046715/d287954ds1a.htm,https://www.sec.gov/Archives/edgar/data/1326801/000119312512046715/0001193125-12-046715-index.html
META,0001326801,S-1/A,2012-03-07,,0001193125-12-101422,0,0,https://www.sec.gov/Archives/edgar/data/1326801/000119312512101422/d287954ds1a.htm,https://www.sec.gov/Archives/edgar/data/1326801/000119312512101422/0001193125-12-101422-index.html
META,0001326801,S-1/A,2012-03-27,,0001193125-12-134663,0,0,https://www.sec.gov/Archives/edgar/data/1326801/000119312512134663/d287954ds1a.htm,https://www.sec.gov/Archives/edgar/data/1326801/000119312512134663/0001193125-12-134663-index.html
META,0001326801,S-1/A,2012-04-23,,0001193125-12-175673,0,0,https://www.sec.gov/Archives/edgar/data/1326801/000119312512175673/d287954ds1a.htm,https://www.sec.gov/Archives/edgar/data/1326801/000119312512175673/0001193125-12-175673-index.html
META,0001326801,S-1/A,2012-05-03,,0001193125-12-208192,0,0,https://www.sec.gov/Archives/edgar/data/1326801/000119312512208192/d287954ds1a.htm,https://www.sec.gov/Archives/edgar/data/1326801/000119312512208192/0001193125-12-208192-index.html
META,0001326801,S-1/A,2012-05-09,,0001193125-12-222368,0,0,https://www.sec.gov/Archives/edgar/data/1326801/000119312512222368/d287954ds1a.htm,https://www.sec.gov/Archives/edgar/data/1326801/000119312512222368/0001193125-12-222368-index.html
META,0001326801,S-1/A,2012-05-15,,0001193125-12-232582,0,0,https://www.sec.gov/Archives/edgar/data/1326801/000119312512232582/d287954ds1a.htm,https://www.sec.gov/Archives/edgar/data/1326801/000119312512232582/0001193125-12-232582-index.html
META,0001326801,S-1/A,2012-05-16,,0001193125-12-235588,0,0,https://www.sec.gov/Archives/edgar/data/1326801/000119312512235588/d287954ds1a.htm,https://www.sec.gov/Archives/edgar/data/1326801/000119312512235588/0001193125-12-235588-index.html
META,0001326801,424B4,2012-05-18,,0001193125-12-240111,0,0,https://www.sec.gov/Archives/edgar/data/1326801/000119312512240111/d287954d424b4.htm,https://www.sec.gov/Archives/edgar/data/1326801/000119312512240111/0001193125-12-240111-index.html
META,0001326801,8-K,2012-06-25,2012-06-24,0001193125-12-282349,0,0,https://www.sec.gov/Archives/edgar/data/1326801/000119312512282349/d371533d8k.htm,https://www.sec.gov/Archives/edgar/data/1326801/000119312512282349/0001193125-12-282349-index.html
META,0001326801,8-K,2012-07-26,2012-07-26,0001193125-12-316895,0,0,https://www.sec.gov/Archives/edgar/data/1326801/000119312512316895/d385430d8k.htm,https://www.sec.gov/Archives/edgar/data/1326801/000119312512316895/0001193125-12-316895-index.html
META,0001326801,10-Q,2012-07-31,2012-06-30,0001193125-12-325997,1,0,https://www.sec.gov/Archives/edgar/data/1326801/000119312512325997/d371464d10q.htm,https://www.sec.gov/Archives/edgar/data/1326801/000119312512325997/0001193125-12-325997-index.html
META,0001326801,8-K,2012-09-04,2012-08-30,0001193125-12-379221,0,0,https://www.sec.gov/Archives/edgar/data/1326801/000119312512379221/d405186d8k.htm,https://www.sec.gov/Archives/edgar/data/1326801/000119312512379221/0001193125-12-379221-index.html
META,0001326801,8-K,2012-10-15,2012-10-12,0001193125-12-423438,0,0,https://www.sec.gov/Archives/edgar/data/1326801/000119312512423438/d424570d8k.htm,https://www.sec.gov/Archives/edgar/data/1326801/000119312512423438/0001193125-12-423438-index.html
META,0001326801,8-K,2012-10-23,2012-10-23,0001193125-12-431558,0,0,https://www.sec.gov/Archives/edgar/data/1326801/000119312512431558/d427739d8k.htm,https://www.sec.gov/Archives/edgar/data/1326801/000119312512431558/0001193125-12-431558-index.html
META,0001326801,10-Q,2012-10-24,2012-09-30,0001326801-12-000006,1,0,https://www.sec.gov/Archives/edgar/data/1326801/000132680112000006/fb-9302012x10q.htm,https://www.sec.gov/Archives/edgar/data/1326801/000132680112000006/0001326801-12-000006-index.html
META,0001326801,8-K,2012-10-29,2012-10-25,0001193125-12-439795,0,0,https://www.sec.gov/Archives/edgar/data/1326801/000119312512439795/d428686d8k.htm,https://www.sec.gov/Archives/edgar/data/1326801/000119312512439795/0001193125-12-439795-index.html
META,0001326801,8-K,2012-11-29,2012-11-28,0001193125-12-485803,0,0,https://www.sec.gov/Archives/edgar/data/1326801/000119312512485803/d446546d8k.htm,https://www.sec.gov/Archives/edgar/data/1326801/000119312512485803/0001193125-12-485803-index.html
META,0001326801,8-K,2013-01-30,2013-01-30,0001193125-13-029993,0,0,https://www.sec.gov/Archives/edgar/data/1326801/000119312513029993/d476012d8k.htm,https://www.sec.gov/Archives/edgar/data/1326801/000119312513029993/0001193125-13-029993-index.html
META,0001326801,10-K,2013-02-01,2012-12-31,0001326801-13-000003,1,0,https://www.sec.gov/Archives/edgar/data/1326801/000132680113000003/fb-12312012x10k.htm,https://www.sec.gov/Archives/edgar/data/1326801/000132680113000003/0001326801-13-000003-index.html
META,0001326801,8-K,2013-03-06,2013-03-05,0001326801-13-000006,0,0,https://www.sec.gov/Archives/edgar/data/1326801/000132680113000006/fb_x8-kxappointmentxofxsus.htm,https://www.sec.gov/Archives/edgar/data/1326801/000132680113000006/0001326801-13-000006-index.html
META,0001326801,8-K/A,2013-04-03,2013-04-02,0001326801-13-000008,0,0,https://www.sec.gov/Archives/edgar/data/1326801/000132680113000008/amendmenttofbform8-ksdhcom.htm,https://www.sec.gov/Archives/edgar/data/1326801/000132680113000008/0001326801-13-000008-index.html
META,0001326801,8-K,2013-04-26,2013-04-23,0001193125-13-177980,0,0,https://www.sec.gov/Archives/edgar/data/1326801/000119312513177980/d527261d8k.htm,https://www.sec.gov/Archives/edgar/data/1326801/000119312513177980/0001193125-13-177980-index.html
META,0001326801,8-K,2013-05-01,2013-04-25,0001193125-13-192397,0,0,https://www.sec.gov/Archives/edgar/data/1326801/000119312513192397/d530318d8k.htm,https://www.sec.gov/Archives/edgar/data/1326801/000119312513192397/0001193125-13-192397-index.html
META,0001326801,10-Q,2013-05-02,2013-03-31,0001326801-13-000011,1,0,https://www.sec.gov/Archives/edgar/data/1326801/000132680113000011/fb-3312013x10q.htm,https://www.sec.gov/Archives/edgar/data/1326801/000132680113000011/0001326801-13-000011-index.html
RKLB,0001819994,S-1,2020-09-08,,0001104659-20-103116,0,0,https://www.sec.gov/Archives/edgar/data/1819994/000110465920103116/tm2026739-2_s1.htm,https://www.sec.gov/Archives/edgar/data/1819994/000110465920103116/0001104659-20-103116-index.html
RKLB,0001819994,S-1/A,2020-09-18,,0001104659-20-106587,0,0,https://www.sec.gov/Archives/edgar/data/1819994/000110465920106587/tm2026739-4_s1a.htm,https://www.sec.gov/Archives/edgar/data/1819994/000110465920106587/0001104659-20-106587-index.html
RKLB,0001819994,424B4,2020-09-28,,0001104659-20-109352,0,0,https://www.sec.gov/Archives/edgar/data/1819994/000110465920109352/tm2026739-10_424b4.htm,https://www.sec.gov/Archives/edgar/data/1819994/000110465920109352/0001104659-20-109352-index.html
RKLB,0001819994,8-K,2020-09-30,2020-09-24,0001104659-20-110009,0,0,https://www.sec.gov/Archives/edgar/data/1819994/000110465920110009/tm2032060d1_8k.htm,https://www.sec.gov/Archives/edgar/data/1819994/000110465920110009/0001104659-20-110009-index.html
RKLB,0001819994,8-K,2020-10-05,2020-09-29,0001104659-20-112214,0,0,https://www.sec.gov/Archives/edgar/data/1819994/000110465920112214/tm2032462-1_8k.htm,https://www.sec.gov/Archives/edgar/data/1819994/000110465920112214/0001104659-20-112214-index.html
RKLB,0001819994,8-K,2020-10-26,2020-10-20,0001104659-20-118173,0,0,https://www.sec.gov/Archives/edgar/data/1819994/000110465920118173/tm2034127d1_8k.htm,https://www.sec.gov/Archives/edgar/data/1819994/000110465920118173/0001104659-20-118173-index.html
RKLB,0001819994,10-Q,2020-11-16,2020-09-30,0001213900-20-037159,1,0,https://www.sec.gov/Archives/edgar/data/1819994/000121390020037159/f10q0920_vectoracquis.htm,https://www.sec.gov/Archives/edgar/data/1819994/000121390020037159/0001213900-20-037159-index.html
RKLB,0001819994,8-K,2020-11-16,2020-11-16,0001213900-20-037149,0,0,https://www.sec.gov/Archives/edgar/data/1819994/000121390020037149/ea129901-8k_vectoracq.htm,https://www.sec.gov/Archives/edgar/data/1819994/000121390020037149/0001213900-20-037149-index.html
RKLB,0001819994,8-K,2021-03-01,2021-03-01,0001213900-21-012372,0,0,https://www.sec.gov/Archives/edgar/data/1819994/000121390021012372/ea136708-8k_vectoracq.htm,https://www.sec.gov/Archives/edgar/data/1819994/000121390021012372/0001213900-21-012372-index.html
RKLB,0001819994,10-K,2021-03-31,2020-12-31,0001193125-21-100852,1,0,https://www.sec.gov/Archives/edgar/data/1819994/000119312521100852/d157321d10k.htm,https://www.sec.gov/Archives/edgar/data/1819994/000119312521100852/0001193125-21-100852-index.html
RKLB,0001819994,8-K,2021-05-03,2021-04-29,0001213900-21-024120,0,0,https://www.sec.gov/Archives/edgar/data/1819994/000121390021024120/ea140080-8k_vectoracq.htm,https://www.sec.gov/Archives/edgar/data/1819994/000121390021024120/0001213900-21-024120-index.html
RKLB,0001819994,10-K/A,2021-05-03,2020-12-31,0001213900-21-024067,1,0,https://www.sec.gov/Archives/edgar/data/1819994/000121390021024067/f10k2020a1_vectoracq.htm,https://www.sec.gov/Archives/edgar/data/1819994/000121390021024067/0001213900-21-024067-index.html
RKLB,0001819994,8-K,2021-05-12,2021-05-07,0001193125-21-157932,0,0,https://www.sec.gov/Archives/edgar/data/1819994/000119312521157932/d471715d8k.htm,https://www.sec.gov/Archives/edgar/data/1819994/000119312521157932/0001193125-21-157932-index.html
RKLB,0001819994,10-Q,2021-05-24,2021-03-31,0001213900-21-028778,1,0,https://www.sec.gov/Archives/edgar/data/1819994/000121390021028778/f10q0321_vectoracquisition.htm,https://www.sec.gov/Archives/edgar/data/1819994/000121390021028778/0001213900-21-028778-index.html
RKLB,0001819994,S-4,2021-06-25,,0001193125-21-200567,1,0,https://www.sec.gov/Archives/edgar/data/1819994/000119312521200567/d169841ds4.htm,https://www.sec.gov/Archives/edgar/data/1819994/000119312521200567/0001193125-21-200567-index.html
RKLB,0001819994,S-4/A,2021-07-13,,0001193125-21-214238,0,0,https://www.sec.gov/Archives/edgar/data/1819994/000119312521214238/d169841ds4a.htm,https://www.sec.gov/Archives/edgar/data/1819994/000119312521214238/0001193125-21-214238-index.html
RKLB,0001819994,424B3,2021-07-21,,0001193125-21-220660,0,0,https://www.sec.gov/Archives/edgar/data/1819994/000119312521220660/d169841d424b3.htm,https://www.sec.gov/Archives/edgar/data/1819994/000119312521220660/0001193125-21-220660-index.html
RKLB,0001819994,10-Q,2021-08-03,2021-06-30,0001193125-21-234954,1,1,https://www.sec.gov/Archives/edgar/data/1819994/000119312521234954/d119425d10q.htm,https://www.sec.gov/Archives/edgar/data/1819994/000119312521234954/0001193125-21-234954-index.html
RKLB,0001819994,8-K,2021-08-13,2021-08-12,0001193125-21-245044,1,1,https://www.sec.gov/Archives/edgar/data/1819994/000119312521245044/d340695d8k.htm,https://www.sec.gov/Archives/edgar/data/1819994/000119312521245044/0001193125-21-245044-index.html
RKLB,0001819994,8-K,2021-08-20,2021-08-20,0001193125-21-252860,1,1,https://www.sec.gov/Archives/edgar/data/1819994/000119312521252860/d169370d8k.htm,https://www.sec.gov/Archives/edgar/data/1819994/000119312521252860/0001193125-21-252860-index.html
RKLB,0001819994,8-K,2021-08-30,2021-08-24,0001193125-21-260832,1,1,https://www.sec.gov/Archives/edgar/data/1819994/000119312521260832/d166156d8k.htm,https://www.sec.gov/Archives/edgar/data/1819994/000119312521260832/0001193125-21-260832-index.html
RKLB,0001819994,8-K,2021-08-31,2021-08-25,0001193125-21-262190,1,1,https://www.sec.gov/Archives/edgar/data/1819994/000119312521262190/d175539d8k.htm,https://www.sec.gov/Archives/edgar/data/1819994/000119312521262190/0001193125-21-262190-index.html
RKLB,0001819994,8-K,2021-09-08,2021-09-08,0001193125-21-267875,1,1,https://www.sec.gov/Archives/edgar/data/1819994/000119312521267875/d203150d8k.htm,https://www.sec.gov/Archives/edgar/data/1819994/000119312521267875/0001193125-21-267875-index.html
RKLB,0001819994,S-1,2021-09-24,,0001193125-21-282501,1,1,https://www.sec.gov/Archives/edgar/data/1819994/000119312521282501/d212874ds1.htm,https://www.sec.gov/Archives/edgar/data/1819994/000119312521282501/0001193125-21-282501-index.html
RKLB,0001819994,S-1/A,2021-10-01,,0001193125-21-289787,0,0,https://www.sec.gov/Archives/edgar/data/1819994/000119312521289787/d212874ds1a.htm,https://www.sec.gov/Archives/edgar/data/1819994/000119312521289787/0001193125-21-289787-index.html
RKLB,0001819994,424B3,2021-10-07,,0001193125-21-294315,0,0,https://www.sec.gov/Archives/edgar/data/1819994/000119312521294315/d212874d424b3.htm,https://www.sec.gov/Archives/edgar/data/1819994/000119312521294315/0001193125-21-294315-index.html
RKLB,0001819994,424B3,2021-10-07,,0001193125-21-294308,0,0,https://www.sec.gov/Archives/edgar/data/1819994/000119312521294308/d212874d424b3.htm,https://www.sec.gov/Archives/edgar/data/1819994/000119312521294308/0001193125-21-294308-index.html
RKLB,0001819994,424B3,2021-10-12,,0001193125-21-296924,0,0,https://www.sec.gov/Archives/edgar/data/1819994/000119312521296924/d226156d424b3.htm,https://www.sec.gov/Archives/edgar/data/1819994/000119312521296924/0001193125-21-296924-index.html
RKLB,0001819994,424B3,2021-10-12,,0001193125-21-296916,0,0,https://www.sec.gov/Archives/edgar/data/1819994/000119312521296916/d219050d424b3.htm,https://www.sec.gov/Archives/edgar/data/1819994/000119312521296916/0001193125-21-296916-index.html
RKLB,0001819994,8-K,2021-10-12,2021-10-12,0001193125-21-296911,1,1,https://www.sec.gov/Archives/edgar/data/1819994/000119312521296911/d226156d8k.htm,https://www.sec.gov/Archives/edgar/data/1819994/000119312521296911/0001193125-21-296911-index.html
RKLB,0001819994,424B3,2021-11-09,,0001193125-21-323673,0,0,https://www.sec.gov/Archives/edgar/data/1819994/000119312521323673/d112672d424b3.htm,https://www.sec.gov/Archives/edgar/data/1819994/000119312521323673/0001193125-21-323673-index.html
RKLB,0001819994,424B3,2021-11-09,,0001193125-21-323668,0,0,https://www.sec.gov/Archives/edgar/data/1819994/000119312521323668/d112672d424b3.htm,https://www.sec.gov/Archives/edgar/data/1819994/000119312521323668/0001193125-21-323668-index.html
RKLB,0001819994,8-K,2021-11-09,2021-11-03,0001193125-21-323661,1,1,https://www.sec.gov/Archives/edgar/data/1819994/000119312521323661/d199579d8k.htm,https://www.sec.gov/Archives/edgar/data/1819994/000119312521323661/0001193125-21-323661-index.html
RKLB,0001819994,10-Q,2021-11-15,2021-09-30,0001193125-21-330184,1,1,https://www.sec.gov/Archives/edgar/data/1819994/000119312521330184/d164324d10q.htm,https://www.sec.gov/Archives/edgar/data/1819994/000119312521330184/0001193125-21-330184-index.html
RKLB,0001819994,424B3,2021-11-15,,0001193125-21-330176,0,0,https://www.sec.gov/Archives/edgar/data/1819994/000119312521330176/d264111d424b3.htm,https://www.sec.gov/Archives/edgar/data/1819994/000119312521330176/0001193125-21-330176-index.html
RKLB,0001819994,424B3,2021-11-15,,0001193125-21-330147,0,0,https://www.sec.gov/Archives/edgar/data/1819994/000119312521330147/d264111d424b3.htm,https://www.sec.gov/Archives/edgar/data/1819994/000119312521330147/0001193125-21-330147-index.html
RKLB,0001819994,8-K,2021-11-15,2021-11-15,0001193125-21-329944,1,1,https://www.sec.gov/Archives/edgar/data/1819994/000119312521329944/d263351d8k.htm,https://www.sec.gov/Archives/edgar/data/1819994/000119312521329944/0001193125-21-329944-index.html
RKLB,0001819994,424B3,2021-11-16,,0001193125-21-330271,0,0,https://www.sec.gov/Archives/edgar/data/1819994/000119312521330271/d264113d424b3.htm,https://www.sec.gov/Archives/edgar/data/1819994/000119312521330271/0001193125-21-330271-index.html
RKLB,0001819994,424B3,2021-11-16,,0001193125-21-330270,0,0,https://www.sec.gov/Archives/edgar/data/1819994/000119312521330270/d264113d424b3.htm,https://www.sec.gov/Archives/edgar/data/1819994/000119312521330270/0001193125-21-330270-index.html
RKLB,0001819994,424B3,2021-12-13,,0001193125-21-355573,0,0,https://www.sec.gov/Archives/edgar/data/1819994/000119312521355573/d47447d424b3.htm,https://www.sec.gov/Archives/edgar/data/1819994/000119312521355573/0001193125-21-355573-index.html
RKLB,0001819994,424B3,2021-12-13,,0001193125-21-355557,0,0,https://www.sec.gov/Archives/edgar/data/1819994/000119312521355557/d47447d424b3.htm,https://www.sec.gov/Archives/edgar/data/1819994/000119312521355557/0001193125-21-355557-index.html
RKLB,0001819994,8-K,2021-12-13,2021-12-10,0001193125-21-355523,1,1,https://www.sec.gov/Archives/edgar/data/1819994/000119312521355523/d272243d8k.htm,https://www.sec.gov/Archives/edgar/data/1819994/000119312521355523/0001193125-21-355523-index.html
RKLB,0001819994,424B3,2021-12-22,,0001193125-21-365016,0,0,https://www.sec.gov/Archives/edgar/data/1819994/000119312521365016/d198390d424b3.htm,https://www.sec.gov/Archives/edgar/data/1819994/000119312521365016/0001193125-21-365016-index.html
RKLB,0001819994,8-K,2021-12-22,2021-12-22,0001193125-21-365007,1,1,https://www.sec.gov/Archives/edgar/data/1819994/000119312521365007/d87148d8k.htm,https://www.sec.gov/Archives/edgar/data/1819994/000119312521365007/0001193125-21-365007-index.html
RKLB,0001819994,424B3,2021-12-23,,0001193125-21-365545,0,0,https://www.sec.gov/Archives/edgar/data/1819994/000119312521365545/d198390d424b3.htm,https://www.sec.gov/Archives/edgar/data/1819994/000119312521365545/0001193125-21-365545-index.html
RKLB,0001819994,424B3,2022-01-07,,0001193125-22-004544,0,0,https://www.sec.gov/Archives/edgar/data/1819994/000119312522004544/d163743d424b3.htm,https://www.sec.gov/Archives/edgar/data/1819994/000119312522004544/0001193125-22-004544-index.html
RKLB,0001819994,424B3,2022-01-07,,0001193125-22-004541,0,0,https://www.sec.gov/Archives/edgar/data/1819994/000119312522004541/d163743d424b3.htm,https://www.sec.gov/Archives/edgar/data/1819994/000119312522004541/0001193125-22-004541-index.html
RKLB,0001819994,8-K,2022-01-07,2022-01-07,0001193125-22-004479,1,1,https://www.sec.gov/Archives/edgar/data/1819994/000119312522004479/d268763d8k.htm,https://www.sec.gov/Archives/edgar/data/1819994/000119312522004479/0001193125-22-004479-index.html
RKLB,0001819994,424B3,2022-01-19,,0001193125-22-011872,0,0,https://www.sec.gov/Archives/edgar/data/1819994/000119312522011872/d257103d424b3.htm,https://www.sec.gov/Archives/edgar/data/1819994/000119312522011872/0001193125-22-011872-index.html
RKLB,0001819994,424B3,2022-01-19,,0001193125-22-011871,0,0,https://www.sec.gov/Archives/edgar/data/1819994/000119312522011871/d257103d424b3.htm,https://www.sec.gov/Archives/edgar/data/1819994/000119312522011871/0001193125-22-011871-index.html
RKLB,0001819994,8-K,2022-01-19,2022-01-18,0001193125-22-011863,1,1,https://www.sec.gov/Archives/edgar/data/1819994/000119312522011863/d257103d8k.htm,https://www.sec.gov/Archives/edgar/data/1819994/000119312522011863/0001193125-22-011863-index.html
RKLB,0001819994,424B3,2022-01-21,,0001193125-22-014150,0,0,https://www.sec.gov/Archives/edgar/data/1819994/000119312522014150/d266786d424b3.htm,https://www.sec.gov/Archives/edgar/data/1819994/000119312522014150/0001193125-22-014150-index.html
RKLB,0001819994,424B3,2022-01-21,,0001193125-22-014147,0,0,https://www.sec.gov/Archives/edgar/data/1819994/000119312522014147/d266786d424b3.htm,https://www.sec.gov/Archives/edgar/data/1819994/000119312522014147/0001193125-22-014147-index.html
RKLB,0001819994,8-K,2022-01-21,2022-01-20,0001193125-22-014144,1,1,https://www.sec.gov/Archives/edgar/data/1819994/000119312522014144/d266786d8k.htm,https://www.sec.gov/Archives/edgar/data/1819994/000119312522014144/0001193125-22-014144-index.html
SPCX,0001181412,S-1,2026-05-20,,0001628280-26-036936,1,1,https://www.sec.gov/Archives/edgar/data/1181412/000162828026036936/spaceexplorationtechnologi.htm,https://www.sec.gov/Archives/edgar/data/1181412/000162828026036936/0001628280-26-036936-index.html
SPCX,0001181412,S-1/A,2026-06-01,,0001628280-26-039276,0,0,https://www.sec.gov/Archives/edgar/data/1181412/000162828026039276/spaceexplorationtechnologi.htm,https://www.sec.gov/Archives/edgar/data/1181412/000162828026039276/0001628280-26-039276-index.html
SPCX,0001181412,S-1/A,2026-06-03,,0001628280-26-040364,0,0,https://www.sec.gov/Archives/edgar/data/1181412/000162828026040364/spaceexplorationtechnologib.htm,https://www.sec.gov/Archives/edgar/data/1181412/000162828026040364/0001628280-26-040364-index.html
SPCX,0001181412,424B4,2026-06-12,,0001628280-26-042639,0,0,https://www.sec.gov/Archives/edgar/data/1181412/000162828026042639/spaceexplorationtechnologi.htm,https://www.sec.gov/Archives/edgar/data/1181412/000162828026042639/0001628280-26-042639-index.html
SPCX,0001181412,8-K,2026-06-15,2026-06-15,0001628280-26-043288,0,0,https://www.sec.gov/Archives/edgar/data/1181412/000162828026043288/spaceexplorationtechnologi.htm,https://www.sec.gov/Archives/edgar/data/1181412/000162828026043288/0001628280-26-043288-index.html
SPCX,0001181412,8-K,2026-06-16,2026-06-16,0001628280-26-043411,0,0,https://www.sec.gov/Archives/edgar/data/1181412/000162828026043411/spaceexplorationtechnologi.htm,https://www.sec.gov/Archives/edgar/data/1181412/000162828026043411/0001628280-26-043411-index.html
SPCX,0001181412,8-K,2026-06-17,2026-06-16,0001628280-26-043865,0,0,https://www.sec.gov/Archives/edgar/data/1181412/000162828026043865/spaceexplorationtechnologi.htm,https://www.sec.gov/Archives/edgar/data/1181412/000162828026043865/0001628280-26-043865-index.html
SPCX,0001181412,8-K,2026-06-22,2026-06-22,0001628280-26-044489,0,0,https://www.sec.gov/Archives/edgar/data/1181412/000162828026044489/spcx8-kxlaunchseniornotes.htm,https://www.sec.gov/Archives/edgar/data/1181412/000162828026044489/0001628280-26-044489-index.html
SPCX,0001181412,8-K,2026-06-23,2026-06-23,0001628280-26-044955,0,0,https://www.sec.gov/Archives/edgar/data/1181412/000162828026044955/spcx-pricing8xk.htm,https://www.sec.gov/Archives/edgar/data/1181412/000162828026044955/0001628280-26-044955-index.html
SPCX,0001181412,8-K,2026-06-26,2026-06-26,0001628280-26-045763,0,0,https://www.sec.gov/Archives/edgar/data/1181412/000162828026045763/spcx-closing8xkjune2026.htm,https://www.sec.gov/Archives/edgar/data/1181412/000162828026045763/0001628280-26-045763-index.html
SPCX,0001181412,10-Q,2026-08-04,2026-06-30,0001628280-26-052535,1,1,https://www.sec.gov/Archives/edgar/data/1181412/000162828026052535/spcx-20260630.htm,https://www.sec.gov/Archives/edgar/data/1181412/000162828026052535/0001628280-26-052535-index.html
SPCX,0001181412,8-K,2026-08-04,2026-08-04,0001628280-26-052515,1,1,https://www.sec.gov/Archives/edgar/data/1181412/000162828026052515/spcx-20260804.htm,https://www.sec.gov/Archives/edgar/data/1181412/000162828026052515/0001628280-26-052515-index.html
SPCX,0001181412,8-K,2026-08-14,2026-08-14,0001628280-26-056945,1,1,https://www.sec.gov/Archives/edgar/data/1181412/000162828026056945/spcx-20260814.htm,https://www.sec.gov/Archives/edgar/data/1181412/000162828026056945/0001628280-26-056945-index.html
