ticker,taxonomy,concept,category,unit,start,end,filed,value,form,accession,duration_days,existing_extractor,rejection_reasons
ASTS,us-gaap,CostOfRevenue,revenue_candidate_VERIFY_scope_and_currency,USD,2020-01-01,2020-06-30,2021-08-16,1801000,10-Q,0001493152-21-020153,182,False,
ASTS,us-gaap,CostOfRevenue,revenue_candidate_VERIFY_scope_and_currency,USD,2020-04-01,2020-06-30,2021-08-16,772000,10-Q,0001493152-21-020153,91,False,
ASTS,us-gaap,CostOfRevenue,revenue_candidate_VERIFY_scope_and_currency,USD,2020-01-01,2020-09-30,2021-11-15,2634000,10-Q,0001493152-21-028642,274,False,
ASTS,us-gaap,CostOfRevenue,revenue_candidate_VERIFY_scope_and_currency,USD,2020-07-01,2020-09-30,2021-11-15,833000,10-Q,0001493152-21-028642,92,False,
ASTS,us-gaap,CostOfRevenue,revenue_candidate_VERIFY_scope_and_currency,USD,2020-01-01,2020-12-31,2022-03-31,3025000,10-K,0000950170-22-005212,366,False,
ASTS,us-gaap,CostOfRevenue,revenue_candidate_VERIFY_scope_and_currency,USD,2021-01-01,2021-03-31,2022-05-16,896000,10-Q,0000950170-22-010115,90,False,
ASTS,us-gaap,CostOfRevenue,revenue_candidate_VERIFY_scope_and_currency,USD,2021-01-01,2021-06-30,2021-08-16,2019000,10-Q,0001493152-21-020153,181,False,
ASTS,us-gaap,CostOfRevenue,revenue_candidate_VERIFY_scope_and_currency,USD,2021-01-01,2021-06-30,2022-08-16,2019000,10-Q,0000950170-22-017458,181,False,
ASTS,us-gaap,CostOfRevenue,revenue_candidate_VERIFY_scope_and_currency,USD,2021-04-01,2021-06-30,2021-08-16,1112000,10-Q,0001493152-21-020153,91,False,
ASTS,us-gaap,CostOfRevenue,revenue_candidate_VERIFY_scope_and_currency,USD,2021-04-01,2021-06-30,2022-08-16,1112000,10-Q,0000950170-22-017458,91,False,
ASTS,us-gaap,CostOfRevenue,revenue_candidate_VERIFY_scope_and_currency,USD,2021-01-01,2021-09-30,2021-11-15,4122000,10-Q,0001493152-21-028642,273,False,
ASTS,us-gaap,CostOfRevenue,revenue_candidate_VERIFY_scope_and_currency,USD,2021-01-01,2021-09-30,2022-11-14,4122000,10-Q,0000950170-22-025059,273,False,
ASTS,us-gaap,CostOfRevenue,revenue_candidate_VERIFY_scope_and_currency,USD,2021-07-01,2021-09-30,2021-11-15,2103000,10-Q,0001493152-21-028642,92,False,
ASTS,us-gaap,CostOfRevenue,revenue_candidate_VERIFY_scope_and_currency,USD,2021-07-01,2021-09-30,2022-11-14,2103000,10-Q,0000950170-22-025059,92,False,
ASTS,us-gaap,CostOfRevenue,revenue_candidate_VERIFY_scope_and_currency,USD,2021-01-01,2021-12-31,2022-03-31,7563000,10-K,0000950170-22-005212,365,False,
ASTS,us-gaap,CostOfRevenue,revenue_candidate_VERIFY_scope_and_currency,USD,2021-01-01,2021-12-31,2023-03-31,7563000,10-K,0000950170-23-011124,365,False,
ASTS,us-gaap,CostOfRevenue,revenue_candidate_VERIFY_scope_and_currency,USD,2022-01-01,2022-03-31,2022-05-16,1986000,10-Q,0000950170-22-010115,90,False,
ASTS,us-gaap,CostOfRevenue,revenue_candidate_VERIFY_scope_and_currency,USD,2022-01-01,2022-03-31,2023-05-15,1986000,10-Q,0000950170-23-022235,90,False,
ASTS,us-gaap,CostOfRevenue,revenue_candidate_VERIFY_scope_and_currency,USD,2022-01-01,2022-06-30,2022-08-16,4189000,10-Q,0000950170-22-017458,181,False,
ASTS,us-gaap,CostOfRevenue,revenue_candidate_VERIFY_scope_and_currency,USD,2022-01-01,2022-06-30,2023-08-14,4189000,10-Q,0000950170-23-042394,181,False,
ASTS,us-gaap,CostOfRevenue,revenue_candidate_VERIFY_scope_and_currency,USD,2022-04-01,2022-06-30,2022-08-16,2202000,10-Q,0000950170-22-017458,91,False,
ASTS,us-gaap,CostOfRevenue,revenue_candidate_VERIFY_scope_and_currency,USD,2022-04-01,2022-06-30,2023-08-14,2202000,10-Q,0000950170-23-042394,91,False,
ASTS,us-gaap,CostOfRevenue,revenue_candidate_VERIFY_scope_and_currency,USD,2022-01-01,2022-09-30,2022-11-14,6714000,10-Q,0000950170-22-025059,273,False,
ASTS,us-gaap,CostOfRevenue,revenue_candidate_VERIFY_scope_and_currency,USD,2022-01-01,2022-09-30,2023-11-14,6714000,10-Q,0000950170-23-063737,273,False,
ASTS,us-gaap,CostOfRevenue,revenue_candidate_VERIFY_scope_and_currency,USD,2022-07-01,2022-09-30,2022-11-14,2525000,10-Q,0000950170-22-025059,92,False,
ASTS,us-gaap,CostOfRevenue,revenue_candidate_VERIFY_scope_and_currency,USD,2022-07-01,2022-09-30,2023-11-14,2525000,10-Q,0000950170-23-063737,92,False,
ASTS,us-gaap,CostOfRevenue,revenue_candidate_VERIFY_scope_and_currency,USD,2022-01-01,2022-12-31,2023-03-31,6714000,10-K,0000950170-23-011124,365,False,
ASTS,us-gaap,CostOfRevenue,revenue_candidate_VERIFY_scope_and_currency,USD,2022-01-01,2022-12-31,2024-04-01,6714000,10-K,0000950170-24-039342,365,False,
ASTS,us-gaap,CostOfRevenue,revenue_candidate_VERIFY_scope_and_currency,USD,2023-01-01,2023-03-31,2023-05-15,0,10-Q,0000950170-23-022235,90,False,
ASTS,us-gaap,CostOfRevenue,revenue_candidate_VERIFY_scope_and_currency,USD,2023-01-01,2023-06-30,2023-08-14,0,10-Q,0000950170-23-042394,181,False,
ASTS,us-gaap,CostOfRevenue,revenue_candidate_VERIFY_scope_and_currency,USD,2023-04-01,2023-06-30,2023-08-14,0,10-Q,0000950170-23-042394,91,False,
ASTS,us-gaap,CostOfRevenue,revenue_candidate_VERIFY_scope_and_currency,USD,2023-01-01,2023-09-30,2023-11-14,0,10-Q,0000950170-23-063737,273,False,
ASTS,us-gaap,CostOfRevenue,revenue_candidate_VERIFY_scope_and_currency,USD,2023-07-01,2023-09-30,2023-11-14,0,10-Q,0000950170-23-063737,92,False,
ASTS,us-gaap,CostOfRevenue,revenue_candidate_VERIFY_scope_and_currency,USD,2023-01-01,2023-12-31,2024-04-01,0,10-K,0000950170-24-039342,365,False,
ASTS,us-gaap,IncreaseDecreaseInDeferredRevenue,revenue_candidate_VERIFY_scope_and_currency,USD,2020-01-01,2020-06-30,2021-08-16,1838000,10-Q,0001493152-21-020153,182,False,
ASTS,us-gaap,IncreaseDecreaseInDeferredRevenue,revenue_candidate_VERIFY_scope_and_currency,USD,2020-01-01,2020-09-30,2021-11-15,1981000,10-Q,0001493152-21-028642,274,False,
ASTS,us-gaap,IncreaseDecreaseInDeferredRevenue,revenue_candidate_VERIFY_scope_and_currency,USD,2020-01-01,2020-12-31,2022-03-31,2235000,10-K,0000950170-22-005212,366,False,
ASTS,us-gaap,IncreaseDecreaseInDeferredRevenue,revenue_candidate_VERIFY_scope_and_currency,USD,2021-01-01,2021-03-31,2022-05-16,725000,10-Q,0000950170-22-010115,90,False,
ASTS,us-gaap,IncreaseDecreaseInDeferredRevenue,revenue_candidate_VERIFY_scope_and_currency,USD,2021-01-01,2021-06-30,2021-08-16,1828000,10-Q,0001493152-21-020153,181,False,
ASTS,us-gaap,IncreaseDecreaseInDeferredRevenue,revenue_candidate_VERIFY_scope_and_currency,USD,2021-01-01,2021-06-30,2022-08-16,1828000,10-Q,0000950170-22-017458,181,False,
ASTS,us-gaap,IncreaseDecreaseInDeferredRevenue,revenue_candidate_VERIFY_scope_and_currency,USD,2021-01-01,2021-09-30,2021-11-15,1662000,10-Q,0001493152-21-028642,273,False,
ASTS,us-gaap,IncreaseDecreaseInDeferredRevenue,revenue_candidate_VERIFY_scope_and_currency,USD,2021-01-01,2021-09-30,2022-11-14,1662000,10-Q,0000950170-22-025059,273,False,
ASTS,us-gaap,IncreaseDecreaseInDeferredRevenue,revenue_candidate_VERIFY_scope_and_currency,USD,2021-01-01,2021-12-31,2022-03-31,3572000,10-K,0000950170-22-005212,365,False,
ASTS,us-gaap,IncreaseDecreaseInDeferredRevenue,revenue_candidate_VERIFY_scope_and_currency,USD,2021-01-01,2021-12-31,2023-03-31,3572000,10-K,0000950170-23-011124,365,False,
ASTS,us-gaap,IncreaseDecreaseInDeferredRevenue,revenue_candidate_VERIFY_scope_and_currency,USD,2022-01-01,2022-03-31,2022-05-16,1333000,10-Q,0000950170-22-010115,90,False,
ASTS,us-gaap,IncreaseDecreaseInDeferredRevenue,revenue_candidate_VERIFY_scope_and_currency,USD,2022-01-01,2022-03-31,2023-05-15,1333000,10-Q,0000950170-23-022235,90,False,
ASTS,us-gaap,IncreaseDecreaseInDeferredRevenue,revenue_candidate_VERIFY_scope_and_currency,USD,2022-01-01,2022-06-30,2022-08-16,1393000,10-Q,0000950170-22-017458,181,False,
ASTS,us-gaap,IncreaseDecreaseInDeferredRevenue,revenue_candidate_VERIFY_scope_and_currency,USD,2022-01-01,2022-06-30,2023-08-14,1393000,10-Q,0000950170-23-042394,181,False,
ASTS,us-gaap,IncreaseDecreaseInDeferredRevenue,revenue_candidate_VERIFY_scope_and_currency,USD,2022-01-01,2022-09-30,2022-11-14,2395000,10-Q,0000950170-22-025059,273,False,
ASTS,us-gaap,IncreaseDecreaseInDeferredRevenue,revenue_candidate_VERIFY_scope_and_currency,USD,2022-01-01,2022-09-30,2023-11-14,2395000,10-Q,0000950170-23-063737,273,False,
ASTS,us-gaap,IncreaseDecreaseInDeferredRevenue,revenue_candidate_VERIFY_scope_and_currency,USD,2022-01-01,2022-12-31,2023-03-31,2395000,10-K,0000950170-23-011124,365,False,
ASTS,us-gaap,IncreaseDecreaseInDeferredRevenue,revenue_candidate_VERIFY_scope_and_currency,USD,2022-01-01,2022-12-31,2024-04-01,2395000,10-K,0000950170-24-039342,365,False,
ASTS,us-gaap,IncreaseDecreaseInDeferredRevenue,revenue_candidate_VERIFY_scope_and_currency,USD,2023-01-01,2023-03-31,2023-05-15,0,10-Q,0000950170-23-022235,90,False,
ASTS,us-gaap,IncreaseDecreaseInDeferredRevenue,revenue_candidate_VERIFY_scope_and_currency,USD,2023-01-01,2023-06-30,2023-08-14,0,10-Q,0000950170-23-042394,181,False,
ASTS,us-gaap,IncreaseDecreaseInDeferredRevenue,revenue_candidate_VERIFY_scope_and_currency,USD,2023-01-01,2023-09-30,2023-11-14,0,10-Q,0000950170-23-063737,273,False,
ASTS,us-gaap,IncreaseDecreaseInDeferredRevenue,revenue_candidate_VERIFY_scope_and_currency,USD,2023-01-01,2023-12-31,2024-04-01,0,10-K,0000950170-24-039342,365,False,
ASTS,us-gaap,IncrementalCommonSharesAttributableToCallOptionsAndWarrants,other_share_concept_NOT_automatically_outstanding,shares,2021-01-01,2021-09-30,2022-11-14,0,10-Q,0000950170-22-025059,273,False,
ASTS,us-gaap,IncrementalCommonSharesAttributableToCallOptionsAndWarrants,other_share_concept_NOT_automatically_outstanding,shares,2021-07-01,2021-09-30,2021-11-15,110137,10-Q,0001493152-21-028642,92,False,
ASTS,us-gaap,IncrementalCommonSharesAttributableToCallOptionsAndWarrants,other_share_concept_NOT_automatically_outstanding,shares,2021-07-01,2021-09-30,2022-11-14,110137,10-Q,0000950170-22-025059,92,False,
ASTS,us-gaap,OperatingLeaseWeightedAverageDiscountRatePercent,weighted_average_NOT_outstanding,pure,,2020-12-31,2022-03-31,0.14,10-K,0000950170-22-005212,,False,
ASTS,us-gaap,OperatingLeaseWeightedAverageDiscountRatePercent,weighted_average_NOT_outstanding,pure,,2021-06-30,2021-08-16,0.15,10-Q,0001493152-21-020153,,False,
ASTS,us-gaap,OperatingLeaseWeightedAverageDiscountRatePercent,weighted_average_NOT_outstanding,pure,,2021-09-30,2021-11-15,0.14,10-Q,0001493152-21-028642,,False,
ASTS,us-gaap,OperatingLeaseWeightedAverageDiscountRatePercent,weighted_average_NOT_outstanding,pure,,2021-12-31,2022-03-31,0.134,10-K,0000950170-22-005212,,False,
ASTS,us-gaap,OperatingLeaseWeightedAverageDiscountRatePercent,weighted_average_NOT_outstanding,pure,,2021-12-31,2023-03-31,0.134,10-K,0000950170-23-011124,,False,
ASTS,us-gaap,OperatingLeaseWeightedAverageDiscountRatePercent,weighted_average_NOT_outstanding,pure,,2022-03-31,2022-03-31,0.15,10-K,0000950170-22-005212,,False,
ASTS,us-gaap,OperatingLeaseWeightedAverageDiscountRatePercent,weighted_average_NOT_outstanding,pure,,2022-12-31,2023-03-31,0.131,10-K,0000950170-23-011124,,False,
ASTS,us-gaap,OperatingLeaseWeightedAverageDiscountRatePercent,weighted_average_NOT_outstanding,pure,,2022-12-31,2024-04-01,0.131,10-K,0000950170-24-039342,,False,
ASTS,us-gaap,OperatingLeaseWeightedAverageDiscountRatePercent,weighted_average_NOT_outstanding,pure,,2023-12-31,2024-04-01,0.132,10-K,0000950170-24-039342,,False,
ASTS,us-gaap,OperatingLeaseWeightedAverageDiscountRatePercent,weighted_average_NOT_outstanding,pure,,2023-12-31,2025-03-03,0.132,10-K,0000950170-25-030909,,False,
ASTS,us-gaap,OperatingLeaseWeightedAverageDiscountRatePercent,weighted_average_NOT_outstanding,pure,,2024-12-31,2025-03-03,0.124,10-K,0000950170-25-030909,,False,
ASTS,us-gaap,OperatingLeaseWeightedAverageDiscountRatePercent,weighted_average_NOT_outstanding,pure,,2024-12-31,2026-03-02,0.124,10-K,0001780312-26-000006,,False,
ASTS,us-gaap,OperatingLeaseWeightedAverageDiscountRatePercent,weighted_average_NOT_outstanding,pure,,2025-12-31,2026-03-02,0.11,10-K,0001780312-26-000006,,False,
ASTS,us-gaap,PreferredStockSharesAuthorized,other_share_concept_NOT_automatically_outstanding,shares,,2019-09-30,2019-11-08,1000000,10-Q,0001213900-19-022562,,False,
ASTS,us-gaap,PreferredStockSharesAuthorized,other_share_concept_NOT_automatically_outstanding,shares,,2019-12-31,2020-03-30,1000000,10-K,0001213900-20-008037,,False,
ASTS,us-gaap,PreferredStockSharesAuthorized,other_share_concept_NOT_automatically_outstanding,shares,,2019-12-31,2020-05-14,1000000,10-Q,0001213900-20-012288,,False,
ASTS,us-gaap,PreferredStockSharesAuthorized,other_share_concept_NOT_automatically_outstanding,shares,,2019-12-31,2020-08-13,1000000,10-Q,0001213900-20-021916,,False,
ASTS,us-gaap,PreferredStockSharesAuthorized,other_share_concept_NOT_automatically_outstanding,shares,,2019-12-31,2020-11-13,1000000,10-Q,0001213900-20-036663,,False,
ASTS,us-gaap,PreferredStockSharesAuthorized,other_share_concept_NOT_automatically_outstanding,shares,,2019-12-31,2021-03-01,1000000,10-K,0001213900-21-012253,,False,
ASTS,us-gaap,PreferredStockSharesAuthorized,other_share_concept_NOT_automatically_outstanding,shares,,2019-12-31,2021-05-06,1000000,10-K/A,0001493152-21-010599,,False,
ASTS,us-gaap,PreferredStockSharesAuthorized,other_share_concept_NOT_automatically_outstanding,shares,,2020-03-31,2020-05-14,1000000,10-Q,0001213900-20-012288,,False,
ASTS,us-gaap,PreferredStockSharesAuthorized,other_share_concept_NOT_automatically_outstanding,shares,,2020-06-30,2020-08-13,1000000,10-Q,0001213900-20-021916,,False,
ASTS,us-gaap,PreferredStockSharesAuthorized,other_share_concept_NOT_automatically_outstanding,shares,,2020-09-30,2020-11-13,1000000,10-Q,0001213900-20-036663,,False,
ASTS,us-gaap,PreferredStockSharesAuthorized,other_share_concept_NOT_automatically_outstanding,shares,,2020-12-31,2021-03-01,1000000,10-K,0001213900-21-012253,,False,
ASTS,us-gaap,PreferredStockSharesAuthorized,other_share_concept_NOT_automatically_outstanding,shares,,2020-12-31,2021-05-06,1000000,10-K/A,0001493152-21-010599,,False,
ASTS,us-gaap,PreferredStockSharesAuthorized,other_share_concept_NOT_automatically_outstanding,shares,,2020-12-31,2021-05-18,1000000,10-Q,0001493152-21-012084,,False,
ASTS,us-gaap,PreferredStockSharesAuthorized,other_share_concept_NOT_automatically_outstanding,shares,,2021-03-31,2021-05-18,1000000,10-Q,0001493152-21-012084,,False,
ASTS,us-gaap,PreferredStockSharesAuthorized,other_share_concept_NOT_automatically_outstanding,shares,,2021-06-30,2021-08-16,100000000,10-Q,0001493152-21-020153,,False,
ASTS,us-gaap,PreferredStockSharesAuthorized,other_share_concept_NOT_automatically_outstanding,shares,,2021-09-30,2021-11-15,100000000,10-Q,0001493152-21-028642,,False,
ASTS,us-gaap,PreferredStockSharesAuthorized,other_share_concept_NOT_automatically_outstanding,shares,,2021-12-31,2022-03-31,100000000,10-K,0000950170-22-005212,,False,
ASTS,us-gaap,PreferredStockSharesAuthorized,other_share_concept_NOT_automatically_outstanding,shares,,2022-12-31,2023-03-31,100000000,10-K,0000950170-23-011124,,False,
ASTS,us-gaap,PreferredStockSharesAuthorized,other_share_concept_NOT_automatically_outstanding,shares,,2023-03-31,2023-05-15,100000000,10-Q,0000950170-23-022235,,False,
ASTS,us-gaap,PreferredStockSharesAuthorized,other_share_concept_NOT_automatically_outstanding,shares,,2023-06-30,2023-08-14,100000000,10-Q,0000950170-23-042394,,False,
ASTS,us-gaap,PreferredStockSharesAuthorized,other_share_concept_NOT_automatically_outstanding,shares,,2023-09-30,2023-11-14,100000000,10-Q,0000950170-23-063737,,False,
ASTS,us-gaap,PreferredStockSharesAuthorized,other_share_concept_NOT_automatically_outstanding,shares,,2023-12-31,2024-04-01,100000000,10-K,0000950170-24-039342,,False,
ASTS,us-gaap,PreferredStockSharesAuthorized,other_share_concept_NOT_automatically_outstanding,shares,,2024-03-31,2024-05-15,100000000,10-Q,0000950170-24-060499,,False,
ASTS,us-gaap,PreferredStockSharesAuthorized,other_share_concept_NOT_automatically_outstanding,shares,,2024-06-30,2024-08-14,100000000,10-Q,0000950170-24-097099,,False,
ASTS,us-gaap,PreferredStockSharesAuthorized,other_share_concept_NOT_automatically_outstanding,shares,,2024-09-30,2024-11-14,100000000,10-Q,0000950170-24-127101,,False,
ASTS,us-gaap,PreferredStockSharesAuthorized,other_share_concept_NOT_automatically_outstanding,shares,,2024-12-31,2025-03-03,100000000,10-K,0000950170-25-030909,,False,
ASTS,us-gaap,PreferredStockSharesAuthorized,other_share_concept_NOT_automatically_outstanding,shares,,2025-03-31,2025-05-12,100000000,10-Q,0000950170-25-069403,,False,
ASTS,us-gaap,PreferredStockSharesAuthorized,other_share_concept_NOT_automatically_outstanding,shares,,2025-06-30,2025-08-11,100000000,10-Q,0000950170-25-106627,,False,
ASTS,us-gaap,PreferredStockSharesAuthorized,other_share_concept_NOT_automatically_outstanding,shares,,2025-09-30,2025-11-10,100000000,10-Q,0001193125-25-274391,,False,
ASTS,us-gaap,PreferredStockSharesAuthorized,other_share_concept_NOT_automatically_outstanding,shares,,2025-12-31,2026-03-02,100000000,10-K,0001780312-26-000006,,False,
ASTS,us-gaap,PreferredStockSharesAuthorized,other_share_concept_NOT_automatically_outstanding,shares,,2026-03-31,2026-05-11,100000000,10-Q,0001193125-26-216950,,False,
ASTS,us-gaap,PreferredStockSharesAuthorized,other_share_concept_NOT_automatically_outstanding,shares,,2026-06-30,2026-08-10,100000000,10-Q,0001193125-26-342550,,False,
ASTS,us-gaap,PreferredStockSharesIssued,other_share_concept_NOT_automatically_outstanding,shares,,2021-06-30,2021-08-16,0,10-Q,0001493152-21-020153,,False,
ASTS,us-gaap,PreferredStockSharesIssued,other_share_concept_NOT_automatically_outstanding,shares,,2025-12-31,2026-03-02,0,10-K,0001780312-26-000006,,False,
ASTS,us-gaap,PreferredStockSharesIssued,other_share_concept_NOT_automatically_outstanding,shares,,2026-03-31,2026-05-11,0,10-Q,0001193125-26-216950,,False,
ASTS,us-gaap,PreferredStockSharesIssued,other_share_concept_NOT_automatically_outstanding,shares,,2026-06-30,2026-08-10,0,10-Q,0001193125-26-342550,,False,
ASTS,us-gaap,PreferredStockSharesOutstanding,shares_outstanding_candidate_VERIFY_classes_and_ADS,shares,,2021-06-30,2021-08-16,0,10-Q,0001493152-21-020153,,False,
ASTS,us-gaap,PreferredStockSharesOutstanding,shares_outstanding_candidate_VERIFY_classes_and_ADS,shares,,2021-09-30,2021-11-15,0,10-Q,0001493152-21-028642,,False,
ASTS,us-gaap,PreferredStockSharesOutstanding,shares_outstanding_candidate_VERIFY_classes_and_ADS,shares,,2021-12-31,2022-03-31,0,10-K,0000950170-22-005212,,False,
ASTS,us-gaap,PreferredStockSharesOutstanding,shares_outstanding_candidate_VERIFY_classes_and_ADS,shares,,2022-12-31,2023-03-31,0,10-K,0000950170-23-011124,,False,
ASTS,us-gaap,PreferredStockSharesOutstanding,shares_outstanding_candidate_VERIFY_classes_and_ADS,shares,,2023-03-31,2023-05-15,0,10-Q,0000950170-23-022235,,False,
ASTS,us-gaap,PreferredStockSharesOutstanding,shares_outstanding_candidate_VERIFY_classes_and_ADS,shares,,2023-06-30,2023-08-14,0,10-Q,0000950170-23-042394,,False,
ASTS,us-gaap,PreferredStockSharesOutstanding,shares_outstanding_candidate_VERIFY_classes_and_ADS,shares,,2023-09-30,2023-11-14,0,10-Q,0000950170-23-063737,,False,
ASTS,us-gaap,PreferredStockSharesOutstanding,shares_outstanding_candidate_VERIFY_classes_and_ADS,shares,,2023-12-31,2024-04-01,0,10-K,0000950170-24-039342,,False,
ASTS,us-gaap,PreferredStockSharesOutstanding,shares_outstanding_candidate_VERIFY_classes_and_ADS,shares,,2024-03-31,2024-05-15,0,10-Q,0000950170-24-060499,,False,
ASTS,us-gaap,PreferredStockSharesOutstanding,shares_outstanding_candidate_VERIFY_classes_and_ADS,shares,,2024-06-30,2024-08-14,0,10-Q,0000950170-24-097099,,False,
ASTS,us-gaap,PreferredStockSharesOutstanding,shares_outstanding_candidate_VERIFY_classes_and_ADS,shares,,2024-09-30,2024-11-14,0,10-Q,0000950170-24-127101,,False,
ASTS,us-gaap,PreferredStockSharesOutstanding,shares_outstanding_candidate_VERIFY_classes_and_ADS,shares,,2024-12-31,2025-03-03,0,10-K,0000950170-25-030909,,False,
ASTS,us-gaap,PreferredStockSharesOutstanding,shares_outstanding_candidate_VERIFY_classes_and_ADS,shares,,2025-03-31,2025-05-12,0,10-Q,0000950170-25-069403,,False,
ASTS,us-gaap,PreferredStockSharesOutstanding,shares_outstanding_candidate_VERIFY_classes_and_ADS,shares,,2025-06-30,2025-08-11,0,10-Q,0000950170-25-106627,,False,
ASTS,us-gaap,PreferredStockSharesOutstanding,shares_outstanding_candidate_VERIFY_classes_and_ADS,shares,,2025-09-30,2025-11-10,0,10-Q,0001193125-25-274391,,False,
ASTS,us-gaap,PreferredStockSharesOutstanding,shares_outstanding_candidate_VERIFY_classes_and_ADS,shares,,2025-12-31,2026-03-02,0,10-K,0001780312-26-000006,,False,
ASTS,us-gaap,PreferredStockSharesOutstanding,shares_outstanding_candidate_VERIFY_classes_and_ADS,shares,,2026-03-31,2026-05-11,0,10-Q,0001193125-26-216950,,False,
ASTS,us-gaap,PreferredStockSharesOutstanding,shares_outstanding_candidate_VERIFY_classes_and_ADS,shares,,2026-06-30,2026-08-10,0,10-Q,0001193125-26-342550,,False,
ASTS,us-gaap,RevenueFromContractWithCustomerExcludingAssessedTax,revenue_candidate_VERIFY_scope_and_currency,USD,2020-01-01,2020-06-30,2021-08-16,1175000,10-Q,0001493152-21-020153,182,True,
ASTS,us-gaap,RevenueFromContractWithCustomerExcludingAssessedTax,revenue_candidate_VERIFY_scope_and_currency,USD,2020-04-01,2020-06-30,2021-08-16,402000,10-Q,0001493152-21-020153,91,True,
ASTS,us-gaap,RevenueFromContractWithCustomerExcludingAssessedTax,revenue_candidate_VERIFY_scope_and_currency,USD,2020-01-01,2020-09-30,2021-11-15,3265000,10-Q,0001493152-21-028642,274,True,
ASTS,us-gaap,RevenueFromContractWithCustomerExcludingAssessedTax,revenue_candidate_VERIFY_scope_and_currency,USD,2020-07-01,2020-09-30,2021-11-15,2090000,10-Q,0001493152-21-028642,92,True,
ASTS,us-gaap,RevenueFromContractWithCustomerExcludingAssessedTax,revenue_candidate_VERIFY_scope_and_currency,USD,2020-01-01,2020-12-31,2022-03-31,5967000,10-K,0000950170-22-005212,366,True,
ASTS,us-gaap,RevenueFromContractWithCustomerExcludingAssessedTax,revenue_candidate_VERIFY_scope_and_currency,USD,2021-01-01,2021-03-31,2022-05-16,951000,10-Q,0000950170-22-010115,90,True,
ASTS,us-gaap,RevenueFromContractWithCustomerExcludingAssessedTax,revenue_candidate_VERIFY_scope_and_currency,USD,2021-01-01,2021-06-30,2021-08-16,3735000,10-Q,0001493152-21-020153,181,True,
ASTS,us-gaap,RevenueFromContractWithCustomerExcludingAssessedTax,revenue_candidate_VERIFY_scope_and_currency,USD,2021-01-01,2021-06-30,2022-08-16,3735000,10-Q,0000950170-22-017458,181,True,
ASTS,us-gaap,RevenueFromContractWithCustomerExcludingAssessedTax,revenue_candidate_VERIFY_scope_and_currency,USD,2021-04-01,2021-06-30,2021-08-16,2773000,10-Q,0001493152-21-020153,91,True,
ASTS,us-gaap,RevenueFromContractWithCustomerExcludingAssessedTax,revenue_candidate_VERIFY_scope_and_currency,USD,2021-04-01,2021-06-30,2022-08-16,2773000,10-Q,0000950170-22-017458,91,True,
ASTS,us-gaap,RevenueFromContractWithCustomerExcludingAssessedTax,revenue_candidate_VERIFY_scope_and_currency,USD,2021-01-01,2021-09-30,2021-11-15,6185000,10-Q,0001493152-21-028642,273,True,
ASTS,us-gaap,RevenueFromContractWithCustomerExcludingAssessedTax,revenue_candidate_VERIFY_scope_and_currency,USD,2021-01-01,2021-09-30,2022-11-14,6185000,10-Q,0000950170-22-025059,273,True,
ASTS,us-gaap,RevenueFromContractWithCustomerExcludingAssessedTax,revenue_candidate_VERIFY_scope_and_currency,USD,2021-07-01,2021-09-30,2021-11-15,2450000,10-Q,0001493152-21-028642,92,True,
ASTS,us-gaap,RevenueFromContractWithCustomerExcludingAssessedTax,revenue_candidate_VERIFY_scope_and_currency,USD,2021-07-01,2021-09-30,2022-11-14,2450000,10-Q,0000950170-22-025059,92,True,
ASTS,us-gaap,RevenueFromContractWithCustomerExcludingAssessedTax,revenue_candidate_VERIFY_scope_and_currency,USD,2021-01-01,2021-12-31,2022-03-31,12405000,10-K,0000950170-22-005212,365,True,
ASTS,us-gaap,RevenueFromContractWithCustomerExcludingAssessedTax,revenue_candidate_VERIFY_scope_and_currency,USD,2021-01-01,2021-12-31,2023-03-31,12405000,10-K,0000950170-23-011124,365,True,
ASTS,us-gaap,RevenueFromContractWithCustomerExcludingAssessedTax,revenue_candidate_VERIFY_scope_and_currency,USD,2022-01-01,2022-03-31,2022-05-16,2394000,10-Q,0000950170-22-010115,90,True,
ASTS,us-gaap,RevenueFromContractWithCustomerExcludingAssessedTax,revenue_candidate_VERIFY_scope_and_currency,USD,2022-01-01,2022-06-30,2022-08-16,9658000,10-Q,0000950170-22-017458,181,True,
ASTS,us-gaap,RevenueFromContractWithCustomerExcludingAssessedTax,revenue_candidate_VERIFY_scope_and_currency,USD,2022-01-01,2022-06-30,2023-08-14,9658000,10-Q,0000950170-23-042394,181,True,
ASTS,us-gaap,RevenueFromContractWithCustomerExcludingAssessedTax,revenue_candidate_VERIFY_scope_and_currency,USD,2022-04-01,2022-06-30,2022-08-16,7264000,10-Q,0000950170-22-017458,91,True,
ASTS,us-gaap,RevenueFromContractWithCustomerExcludingAssessedTax,revenue_candidate_VERIFY_scope_and_currency,USD,2022-04-01,2022-06-30,2023-08-14,7264000,10-Q,0000950170-23-042394,91,True,
ASTS,us-gaap,RevenueFromContractWithCustomerExcludingAssessedTax,revenue_candidate_VERIFY_scope_and_currency,USD,2022-01-01,2022-09-30,2022-11-14,13825000,10-Q,0000950170-22-025059,273,True,
ASTS,us-gaap,RevenueFromContractWithCustomerExcludingAssessedTax,revenue_candidate_VERIFY_scope_and_currency,USD,2022-01-01,2022-09-30,2023-11-14,13825000,10-Q,0000950170-23-063737,273,True,
ASTS,us-gaap,RevenueFromContractWithCustomerExcludingAssessedTax,revenue_candidate_VERIFY_scope_and_currency,USD,2022-07-01,2022-09-30,2022-11-14,4168000,10-Q,0000950170-22-025059,92,True,
ASTS,us-gaap,RevenueFromContractWithCustomerExcludingAssessedTax,revenue_candidate_VERIFY_scope_and_currency,USD,2022-07-01,2022-09-30,2023-11-14,4168000,10-Q,0000950170-23-063737,92,True,
ASTS,us-gaap,RevenueFromContractWithCustomerExcludingAssessedTax,revenue_candidate_VERIFY_scope_and_currency,USD,2022-01-01,2022-12-31,2023-03-31,13825000,10-K,0000950170-23-011124,365,True,
ASTS,us-gaap,RevenueFromContractWithCustomerExcludingAssessedTax,revenue_candidate_VERIFY_scope_and_currency,USD,2022-01-01,2022-12-31,2024-04-01,13825000,10-K,0000950170-24-039342,365,True,
ASTS,us-gaap,RevenueFromContractWithCustomerExcludingAssessedTax,revenue_candidate_VERIFY_scope_and_currency,USD,2023-01-01,2023-03-31,2023-05-15,2394000,10-Q,0000950170-23-022235,90,True,
ASTS,us-gaap,RevenueFromContractWithCustomerExcludingAssessedTax,revenue_candidate_VERIFY_scope_and_currency,USD,2024-01-01,2024-12-31,2025-03-03,13825000,10-K,0000950170-25-030909,366,True,
ASTS,us-gaap,RevenueFromContractWithCustomerIncludingAssessedTax,revenue_candidate_VERIFY_scope_and_currency,USD,2020-01-01,2020-06-30,2021-08-16,1175000,10-Q,0001493152-21-020153,182,False,
ASTS,us-gaap,RevenueFromContractWithCustomerIncludingAssessedTax,revenue_candidate_VERIFY_scope_and_currency,USD,2020-04-01,2020-06-30,2021-08-16,402000,10-Q,0001493152-21-020153,91,False,
ASTS,us-gaap,RevenueFromContractWithCustomerIncludingAssessedTax,revenue_candidate_VERIFY_scope_and_currency,USD,2020-01-01,2020-09-30,2021-11-15,3265000,10-Q,0001493152-21-028642,274,False,
ASTS,us-gaap,RevenueFromContractWithCustomerIncludingAssessedTax,revenue_candidate_VERIFY_scope_and_currency,USD,2020-07-01,2020-09-30,2021-11-15,2090000,10-Q,0001493152-21-028642,92,False,
ASTS,us-gaap,RevenueFromContractWithCustomerIncludingAssessedTax,revenue_candidate_VERIFY_scope_and_currency,USD,2020-01-01,2020-12-31,2022-03-31,5967000,10-K,0000950170-22-005212,366,False,
ASTS,us-gaap,RevenueFromContractWithCustomerIncludingAssessedTax,revenue_candidate_VERIFY_scope_and_currency,USD,2021-01-01,2021-03-31,2022-05-16,951000,10-Q,0000950170-22-010115,90,False,
ASTS,us-gaap,RevenueFromContractWithCustomerIncludingAssessedTax,revenue_candidate_VERIFY_scope_and_currency,USD,2021-01-01,2021-06-30,2021-08-16,3735000,10-Q,0001493152-21-020153,181,False,
ASTS,us-gaap,RevenueFromContractWithCustomerIncludingAssessedTax,revenue_candidate_VERIFY_scope_and_currency,USD,2021-01-01,2021-06-30,2022-08-16,3735000,10-Q,0000950170-22-017458,181,False,
ASTS,us-gaap,RevenueFromContractWithCustomerIncludingAssessedTax,revenue_candidate_VERIFY_scope_and_currency,USD,2021-04-01,2021-06-30,2021-08-16,2773000,10-Q,0001493152-21-020153,91,False,
ASTS,us-gaap,RevenueFromContractWithCustomerIncludingAssessedTax,revenue_candidate_VERIFY_scope_and_currency,USD,2021-04-01,2021-06-30,2022-08-16,2773000,10-Q,0000950170-22-017458,91,False,
ASTS,us-gaap,RevenueFromContractWithCustomerIncludingAssessedTax,revenue_candidate_VERIFY_scope_and_currency,USD,2021-01-01,2021-09-30,2021-11-15,6185000,10-Q,0001493152-21-028642,273,False,
ASTS,us-gaap,RevenueFromContractWithCustomerIncludingAssessedTax,revenue_candidate_VERIFY_scope_and_currency,USD,2021-01-01,2021-09-30,2022-11-14,6185000,10-Q,0000950170-22-025059,273,False,
ASTS,us-gaap,RevenueFromContractWithCustomerIncludingAssessedTax,revenue_candidate_VERIFY_scope_and_currency,USD,2021-07-01,2021-09-30,2021-11-15,2450000,10-Q,0001493152-21-028642,92,False,
ASTS,us-gaap,RevenueFromContractWithCustomerIncludingAssessedTax,revenue_candidate_VERIFY_scope_and_currency,USD,2021-07-01,2021-09-30,2022-11-14,2450000,10-Q,0000950170-22-025059,92,False,
ASTS,us-gaap,RevenueFromContractWithCustomerIncludingAssessedTax,revenue_candidate_VERIFY_scope_and_currency,USD,2021-01-01,2021-12-31,2022-03-31,12405000,10-K,0000950170-22-005212,365,False,
ASTS,us-gaap,RevenueFromContractWithCustomerIncludingAssessedTax,revenue_candidate_VERIFY_scope_and_currency,USD,2021-01-01,2021-12-31,2023-03-31,12405000,10-K,0000950170-23-011124,365,False,
ASTS,us-gaap,RevenueFromContractWithCustomerIncludingAssessedTax,revenue_candidate_VERIFY_scope_and_currency,USD,2022-01-01,2022-03-31,2022-05-16,2394000,10-Q,0000950170-22-010115,90,False,
ASTS,us-gaap,RevenueFromContractWithCustomerIncludingAssessedTax,revenue_candidate_VERIFY_scope_and_currency,USD,2022-01-01,2022-03-31,2023-05-15,2394000,10-Q,0000950170-23-022235,90,False,
ASTS,us-gaap,RevenueFromContractWithCustomerIncludingAssessedTax,revenue_candidate_VERIFY_scope_and_currency,USD,2022-01-01,2022-06-30,2022-08-16,9658000,10-Q,0000950170-22-017458,181,False,
ASTS,us-gaap,RevenueFromContractWithCustomerIncludingAssessedTax,revenue_candidate_VERIFY_scope_and_currency,USD,2022-01-01,2022-06-30,2023-08-14,9658000,10-Q,0000950170-23-042394,181,False,
ASTS,us-gaap,RevenueFromContractWithCustomerIncludingAssessedTax,revenue_candidate_VERIFY_scope_and_currency,USD,2022-04-01,2022-06-30,2022-08-16,7264000,10-Q,0000950170-22-017458,91,False,
ASTS,us-gaap,RevenueFromContractWithCustomerIncludingAssessedTax,revenue_candidate_VERIFY_scope_and_currency,USD,2022-04-01,2022-06-30,2023-08-14,7264000,10-Q,0000950170-23-042394,91,False,
ASTS,us-gaap,RevenueFromContractWithCustomerIncludingAssessedTax,revenue_candidate_VERIFY_scope_and_currency,USD,2022-01-01,2022-09-30,2022-11-14,13825000,10-Q,0000950170-22-025059,273,False,
ASTS,us-gaap,RevenueFromContractWithCustomerIncludingAssessedTax,revenue_candidate_VERIFY_scope_and_currency,USD,2022-01-01,2022-09-30,2023-11-14,13825000,10-Q,0000950170-23-063737,273,False,
ASTS,us-gaap,RevenueFromContractWithCustomerIncludingAssessedTax,revenue_candidate_VERIFY_scope_and_currency,USD,2022-07-01,2022-09-30,2022-11-14,4168000,10-Q,0000950170-22-025059,92,False,
ASTS,us-gaap,RevenueFromContractWithCustomerIncludingAssessedTax,revenue_candidate_VERIFY_scope_and_currency,USD,2022-07-01,2022-09-30,2023-11-14,4168000,10-Q,0000950170-23-063737,92,False,
ASTS,us-gaap,RevenueFromContractWithCustomerIncludingAssessedTax,revenue_candidate_VERIFY_scope_and_currency,USD,2022-01-01,2022-12-31,2023-03-31,13825000,10-K,0000950170-23-011124,365,False,
ASTS,us-gaap,RevenueFromContractWithCustomerIncludingAssessedTax,revenue_candidate_VERIFY_scope_and_currency,USD,2022-01-01,2022-12-31,2024-04-01,13825000,10-K,0000950170-24-039342,365,False,
ASTS,us-gaap,RevenueFromContractWithCustomerIncludingAssessedTax,revenue_candidate_VERIFY_scope_and_currency,USD,2022-01-01,2022-12-31,2025-03-03,13825000,10-K,0000950170-25-030909,365,False,
ASTS,us-gaap,RevenueFromContractWithCustomerIncludingAssessedTax,revenue_candidate_VERIFY_scope_and_currency,USD,2023-01-01,2023-03-31,2023-05-15,0,10-Q,0000950170-23-022235,90,False,
ASTS,us-gaap,RevenueFromContractWithCustomerIncludingAssessedTax,revenue_candidate_VERIFY_scope_and_currency,USD,2023-01-01,2023-03-31,2024-05-15,0,10-Q,0000950170-24-060499,90,False,
ASTS,us-gaap,RevenueFromContractWithCustomerIncludingAssessedTax,revenue_candidate_VERIFY_scope_and_currency,USD,2023-01-01,2023-06-30,2023-08-14,0,10-Q,0000950170-23-042394,181,False,
ASTS,us-gaap,RevenueFromContractWithCustomerIncludingAssessedTax,revenue_candidate_VERIFY_scope_and_currency,USD,2023-01-01,2023-06-30,2024-08-14,0,10-Q,0000950170-24-097099,181,False,
ASTS,us-gaap,RevenueFromContractWithCustomerIncludingAssessedTax,revenue_candidate_VERIFY_scope_and_currency,USD,2023-04-01,2023-06-30,2023-08-14,0,10-Q,0000950170-23-042394,91,False,
ASTS,us-gaap,RevenueFromContractWithCustomerIncludingAssessedTax,revenue_candidate_VERIFY_scope_and_currency,USD,2023-04-01,2023-06-30,2024-08-14,0,10-Q,0000950170-24-097099,91,False,
ASTS,us-gaap,RevenueFromContractWithCustomerIncludingAssessedTax,revenue_candidate_VERIFY_scope_and_currency,USD,2023-01-01,2023-09-30,2023-11-14,0,10-Q,0000950170-23-063737,273,False,
ASTS,us-gaap,RevenueFromContractWithCustomerIncludingAssessedTax,revenue_candidate_VERIFY_scope_and_currency,USD,2023-01-01,2023-09-30,2024-11-14,0,10-Q,0000950170-24-127101,273,False,
ASTS,us-gaap,RevenueFromContractWithCustomerIncludingAssessedTax,revenue_candidate_VERIFY_scope_and_currency,USD,2023-07-01,2023-09-30,2023-11-14,0,10-Q,0000950170-23-063737,92,False,
ASTS,us-gaap,RevenueFromContractWithCustomerIncludingAssessedTax,revenue_candidate_VERIFY_scope_and_currency,USD,2023-07-01,2023-09-30,2024-11-14,0,10-Q,0000950170-24-127101,92,False,
ASTS,us-gaap,RevenueFromContractWithCustomerIncludingAssessedTax,revenue_candidate_VERIFY_scope_and_currency,USD,2023-01-01,2023-12-31,2024-04-01,0,10-K,0000950170-24-039342,365,False,
ASTS,us-gaap,RevenueFromContractWithCustomerIncludingAssessedTax,revenue_candidate_VERIFY_scope_and_currency,USD,2023-01-01,2023-12-31,2025-03-03,0,10-K,0000950170-25-030909,365,False,
ASTS,us-gaap,RevenueFromContractWithCustomerIncludingAssessedTax,revenue_candidate_VERIFY_scope_and_currency,USD,2023-01-01,2023-12-31,2026-03-02,0,10-K,0001780312-26-000006,365,False,
ASTS,us-gaap,RevenueFromContractWithCustomerIncludingAssessedTax,revenue_candidate_VERIFY_scope_and_currency,USD,2024-01-01,2024-03-31,2024-05-15,500000,10-Q,0000950170-24-060499,91,False,
ASTS,us-gaap,RevenueFromContractWithCustomerIncludingAssessedTax,revenue_candidate_VERIFY_scope_and_currency,USD,2024-01-01,2024-03-31,2025-05-12,500000,10-Q,0000950170-25-069403,91,False,
ASTS,us-gaap,RevenueFromContractWithCustomerIncludingAssessedTax,revenue_candidate_VERIFY_scope_and_currency,USD,2024-01-01,2024-06-30,2024-08-14,1400000,10-Q,0000950170-24-097099,182,False,
ASTS,us-gaap,RevenueFromContractWithCustomerIncludingAssessedTax,revenue_candidate_VERIFY_scope_and_currency,USD,2024-01-01,2024-06-30,2025-08-11,1400000,10-Q,0000950170-25-106627,182,False,
ASTS,us-gaap,RevenueFromContractWithCustomerIncludingAssessedTax,revenue_candidate_VERIFY_scope_and_currency,USD,2024-04-01,2024-06-30,2024-08-14,900000,10-Q,0000950170-24-097099,91,False,
ASTS,us-gaap,RevenueFromContractWithCustomerIncludingAssessedTax,revenue_candidate_VERIFY_scope_and_currency,USD,2024-04-01,2024-06-30,2025-08-11,900000,10-Q,0000950170-25-106627,91,False,
ASTS,us-gaap,RevenueFromContractWithCustomerIncludingAssessedTax,revenue_candidate_VERIFY_scope_and_currency,USD,2024-01-01,2024-09-30,2024-11-14,2500000,10-Q,0000950170-24-127101,274,False,
ASTS,us-gaap,RevenueFromContractWithCustomerIncludingAssessedTax,revenue_candidate_VERIFY_scope_and_currency,USD,2024-01-01,2024-09-30,2025-11-10,2500000,10-Q,0001193125-25-274391,274,False,
ASTS,us-gaap,RevenueFromContractWithCustomerIncludingAssessedTax,revenue_candidate_VERIFY_scope_and_currency,USD,2024-07-01,2024-09-30,2024-11-14,1100000,10-Q,0000950170-24-127101,92,False,
ASTS,us-gaap,RevenueFromContractWithCustomerIncludingAssessedTax,revenue_candidate_VERIFY_scope_and_currency,USD,2024-07-01,2024-09-30,2025-11-10,1100000,10-Q,0001193125-25-274391,92,False,
ASTS,us-gaap,RevenueFromContractWithCustomerIncludingAssessedTax,revenue_candidate_VERIFY_scope_and_currency,USD,2024-01-01,2024-12-31,2025-03-03,4418000,10-K,0000950170-25-030909,366,False,
ASTS,us-gaap,RevenueFromContractWithCustomerIncludingAssessedTax,revenue_candidate_VERIFY_scope_and_currency,USD,2024-01-01,2024-12-31,2026-03-02,4418000,10-K,0001780312-26-000006,366,False,
ASTS,us-gaap,RevenueFromContractWithCustomerIncludingAssessedTax,revenue_candidate_VERIFY_scope_and_currency,USD,2025-01-01,2025-03-31,2025-05-12,718000,10-Q,0000950170-25-069403,90,False,
ASTS,us-gaap,RevenueFromContractWithCustomerIncludingAssessedTax,revenue_candidate_VERIFY_scope_and_currency,USD,2025-01-01,2025-03-31,2026-05-11,718000,10-Q,0001193125-26-216950,90,False,
ASTS,us-gaap,RevenueFromContractWithCustomerIncludingAssessedTax,revenue_candidate_VERIFY_scope_and_currency,USD,2025-01-01,2025-06-30,2025-08-11,1874000,10-Q,0000950170-25-106627,181,False,
ASTS,us-gaap,RevenueFromContractWithCustomerIncludingAssessedTax,revenue_candidate_VERIFY_scope_and_currency,USD,2025-01-01,2025-06-30,2026-08-10,1874000,10-Q,0001193125-26-342550,181,False,
ASTS,us-gaap,RevenueFromContractWithCustomerIncludingAssessedTax,revenue_candidate_VERIFY_scope_and_currency,USD,2025-04-01,2025-06-30,2025-08-11,1156000,10-Q,0000950170-25-106627,91,False,
ASTS,us-gaap,RevenueFromContractWithCustomerIncludingAssessedTax,revenue_candidate_VERIFY_scope_and_currency,USD,2025-04-01,2025-06-30,2026-08-10,1156000,10-Q,0001193125-26-342550,91,False,
ASTS,us-gaap,RevenueFromContractWithCustomerIncludingAssessedTax,revenue_candidate_VERIFY_scope_and_currency,USD,2025-01-01,2025-09-30,2025-11-10,16613000,10-Q,0001193125-25-274391,273,False,
ASTS,us-gaap,RevenueFromContractWithCustomerIncludingAssessedTax,revenue_candidate_VERIFY_scope_and_currency,USD,2025-07-01,2025-09-30,2025-11-10,14739000,10-Q,0001193125-25-274391,92,False,
ASTS,us-gaap,RevenueFromContractWithCustomerIncludingAssessedTax,revenue_candidate_VERIFY_scope_and_currency,USD,2025-01-01,2025-12-31,2026-03-02,70918000,10-K,0001780312-26-000006,365,False,
ASTS,us-gaap,RevenueFromContractWithCustomerIncludingAssessedTax,revenue_candidate_VERIFY_scope_and_currency,USD,2026-01-01,2026-03-31,2026-05-11,14735000,10-Q,0001193125-26-216950,90,False,
ASTS,us-gaap,RevenueFromContractWithCustomerIncludingAssessedTax,revenue_candidate_VERIFY_scope_and_currency,USD,2026-01-01,2026-06-30,2026-08-10,46255000,10-Q,0001193125-26-342550,181,False,
ASTS,us-gaap,RevenueFromContractWithCustomerIncludingAssessedTax,revenue_candidate_VERIFY_scope_and_currency,USD,2026-04-01,2026-06-30,2026-08-10,31520000,10-Q,0001193125-26-342550,91,False,
ASTS,us-gaap,ShareBasedCompensationArrangementByShareBasedPaymentAwardOptionsExercisableNumber,other_share_concept_NOT_automatically_outstanding,shares,,2021-06-30,2021-08-16,6500408,10-Q,0001493152-21-020153,,False,
ASTS,us-gaap,ShareBasedCompensationArrangementByShareBasedPaymentAwardOptionsExercisableNumber,other_share_concept_NOT_automatically_outstanding,shares,,2021-09-30,2021-11-15,7096395,10-Q,0001493152-21-028642,,False,
ASTS,us-gaap,ShareBasedCompensationArrangementByShareBasedPaymentAwardOptionsExercisableNumber,other_share_concept_NOT_automatically_outstanding,shares,,2021-12-31,2022-03-31,7168669,10-K,0000950170-22-005212,,False,
ASTS,us-gaap,ShareBasedCompensationArrangementByShareBasedPaymentAwardOptionsExercisableNumber,other_share_concept_NOT_automatically_outstanding,shares,,2022-03-31,2022-05-16,7068725,10-Q,0000950170-22-010115,,False,
ASTS,us-gaap,ShareBasedCompensationArrangementByShareBasedPaymentAwardOptionsExercisableNumber,other_share_concept_NOT_automatically_outstanding,shares,,2022-06-30,2022-08-16,7520139,10-Q,0000950170-22-017458,,False,
ASTS,us-gaap,ShareBasedCompensationArrangementByShareBasedPaymentAwardOptionsExercisableNumber,other_share_concept_NOT_automatically_outstanding,shares,,2022-09-30,2022-11-14,7894163,10-Q,0000950170-22-025059,,False,
ASTS,us-gaap,ShareBasedCompensationArrangementByShareBasedPaymentAwardOptionsExercisableNumber,other_share_concept_NOT_automatically_outstanding,shares,,2022-12-31,2023-03-31,8122559,10-K,0000950170-23-011124,,False,
ASTS,us-gaap,ShareBasedCompensationArrangementByShareBasedPaymentAwardOptionsExercisableNumber,other_share_concept_NOT_automatically_outstanding,shares,,2023-03-31,2023-05-15,6850703,10-Q,0000950170-23-022235,,False,
ASTS,us-gaap,ShareBasedCompensationArrangementByShareBasedPaymentAwardOptionsExercisableNumber,other_share_concept_NOT_automatically_outstanding,shares,,2023-06-30,2023-08-14,5657811,10-Q,0000950170-23-042394,,False,
ASTS,us-gaap,ShareBasedCompensationArrangementByShareBasedPaymentAwardOptionsExercisableNumber,other_share_concept_NOT_automatically_outstanding,shares,,2023-09-30,2023-11-14,5781431,10-Q,0000950170-23-063737,,False,
ASTS,us-gaap,ShareBasedCompensationArrangementByShareBasedPaymentAwardOptionsExercisableNumber,other_share_concept_NOT_automatically_outstanding,shares,,2023-12-31,2024-04-01,5960866,10-K,0000950170-24-039342,,False,
ASTS,us-gaap,ShareBasedCompensationArrangementByShareBasedPaymentAwardOptionsExercisableNumber,other_share_concept_NOT_automatically_outstanding,shares,,2024-03-31,2024-05-15,5709500,10-Q,0000950170-24-060499,,False,
ASTS,us-gaap,ShareBasedCompensationArrangementByShareBasedPaymentAwardOptionsExercisableNumber,other_share_concept_NOT_automatically_outstanding,shares,,2024-06-30,2024-08-14,5974864,10-Q,0000950170-24-097099,,False,
ASTS,us-gaap,ShareBasedCompensationArrangementByShareBasedPaymentAwardOptionsExercisableNumber,other_share_concept_NOT_automatically_outstanding,shares,,2024-09-30,2024-11-14,5863333,10-Q,0000950170-24-127101,,False,
ASTS,us-gaap,ShareBasedCompensationArrangementByShareBasedPaymentAwardOptionsExercisableNumber,other_share_concept_NOT_automatically_outstanding,shares,,2024-12-31,2025-03-03,5521149,10-K,0000950170-25-030909,,False,
ASTS,us-gaap,ShareBasedCompensationArrangementByShareBasedPaymentAwardOptionsExercisableNumber,other_share_concept_NOT_automatically_outstanding,shares,,2025-03-31,2025-05-12,5211633,10-Q,0000950170-25-069403,,False,
ASTS,us-gaap,ShareBasedCompensationArrangementByShareBasedPaymentAwardOptionsExercisableNumber,other_share_concept_NOT_automatically_outstanding,shares,,2025-06-30,2025-08-11,4537237,10-Q,0000950170-25-106627,,False,
ASTS,us-gaap,ShareBasedCompensationArrangementByShareBasedPaymentAwardOptionsExercisableNumber,other_share_concept_NOT_automatically_outstanding,shares,,2025-09-30,2025-11-10,4225050,10-Q,0001193125-25-274391,,False,
ASTS,us-gaap,ShareBasedCompensationArrangementByShareBasedPaymentAwardOptionsExercisableNumber,other_share_concept_NOT_automatically_outstanding,shares,,2025-12-31,2026-03-02,3921920,10-K,0001780312-26-000006,,False,
ASTS,us-gaap,ShareBasedCompensationArrangementByShareBasedPaymentAwardOptionsExercisableNumber,other_share_concept_NOT_automatically_outstanding,shares,,2026-03-31,2026-05-11,3760461,10-Q,0001193125-26-216950,,False,
ASTS,us-gaap,ShareBasedCompensationArrangementByShareBasedPaymentAwardOptionsExercisableNumber,other_share_concept_NOT_automatically_outstanding,shares,,2026-06-30,2026-08-10,3527445,10-Q,0001193125-26-342550,,False,
ASTS,us-gaap,ShareBasedCompensationArrangementByShareBasedPaymentAwardOptionsExercisableWeightedAverageExercisePrice,weighted_average_NOT_outstanding,USD/shares,,2021-06-30,2021-08-16,0.15,10-Q,0001493152-21-020153,,False,
ASTS,us-gaap,ShareBasedCompensationArrangementByShareBasedPaymentAwardOptionsExercisableWeightedAverageExercisePrice,weighted_average_NOT_outstanding,USD/shares,,2021-09-30,2021-11-15,0.23,10-Q,0001493152-21-028642,,False,
ASTS,us-gaap,ShareBasedCompensationArrangementByShareBasedPaymentAwardOptionsExercisableWeightedAverageExercisePrice,weighted_average_NOT_outstanding,USD/shares,,2021-12-31,2022-03-31,0.39,10-K,0000950170-22-005212,,False,
ASTS,us-gaap,ShareBasedCompensationArrangementByShareBasedPaymentAwardOptionsExercisableWeightedAverageExercisePrice,weighted_average_NOT_outstanding,USD/shares,,2022-03-31,2022-05-16,0.45,10-Q,0000950170-22-010115,,False,
ASTS,us-gaap,ShareBasedCompensationArrangementByShareBasedPaymentAwardOptionsExercisableWeightedAverageExercisePrice,weighted_average_NOT_outstanding,USD/shares,,2022-06-30,2022-08-16,0.48,10-Q,0000950170-22-017458,,False,
ASTS,us-gaap,ShareBasedCompensationArrangementByShareBasedPaymentAwardOptionsExercisableWeightedAverageExercisePrice,weighted_average_NOT_outstanding,USD/shares,,2022-09-30,2022-11-14,0.49,10-Q,0000950170-22-025059,,False,
ASTS,us-gaap,ShareBasedCompensationArrangementByShareBasedPaymentAwardOptionsExercisableWeightedAverageExercisePrice,weighted_average_NOT_outstanding,USD/shares,,2022-12-31,2023-03-31,0.51,10-K,0000950170-23-011124,,False,
ASTS,us-gaap,ShareBasedCompensationArrangementByShareBasedPaymentAwardOptionsExercisableWeightedAverageExercisePrice,weighted_average_NOT_outstanding,USD/shares,,2023-03-31,2023-05-15,0.64,10-Q,0000950170-23-022235,,False,
ASTS,us-gaap,ShareBasedCompensationArrangementByShareBasedPaymentAwardOptionsExercisableWeightedAverageExercisePrice,weighted_average_NOT_outstanding,USD/shares,,2023-06-30,2023-08-14,0.83,10-Q,0000950170-23-042394,,False,
ASTS,us-gaap,ShareBasedCompensationArrangementByShareBasedPaymentAwardOptionsExercisableWeightedAverageExercisePrice,weighted_average_NOT_outstanding,USD/shares,,2023-09-30,2023-11-14,0.87,10-Q,0000950170-23-063737,,False,
ASTS,us-gaap,ShareBasedCompensationArrangementByShareBasedPaymentAwardOptionsExercisableWeightedAverageExercisePrice,weighted_average_NOT_outstanding,USD/shares,,2023-12-31,2024-04-01,0.9,10-K,0000950170-24-039342,,False,
ASTS,us-gaap,ShareBasedCompensationArrangementByShareBasedPaymentAwardOptionsExercisableWeightedAverageExercisePrice,weighted_average_NOT_outstanding,USD/shares,,2024-03-31,2024-05-15,1,10-Q,0000950170-24-060499,,False,
ASTS,us-gaap,ShareBasedCompensationArrangementByShareBasedPaymentAwardOptionsExercisableWeightedAverageExercisePrice,weighted_average_NOT_outstanding,USD/shares,,2024-06-30,2024-08-14,1.07,10-Q,0000950170-24-097099,,False,
ASTS,us-gaap,ShareBasedCompensationArrangementByShareBasedPaymentAwardOptionsExercisableWeightedAverageExercisePrice,weighted_average_NOT_outstanding,USD/shares,,2024-09-30,2024-11-14,1.03,10-Q,0000950170-24-127101,,False,
ASTS,us-gaap,ShareBasedCompensationArrangementByShareBasedPaymentAwardOptionsExercisableWeightedAverageExercisePrice,weighted_average_NOT_outstanding,USD/shares,,2024-12-31,2025-03-03,1.1,10-K,0000950170-25-030909,,False,
ASTS,us-gaap,ShareBasedCompensationArrangementByShareBasedPaymentAwardOptionsExercisableWeightedAverageExercisePrice,weighted_average_NOT_outstanding,USD/shares,,2025-03-31,2025-05-12,0.98,10-Q,0000950170-25-069403,,False,
ASTS,us-gaap,ShareBasedCompensationArrangementByShareBasedPaymentAwardOptionsExercisableWeightedAverageExercisePrice,weighted_average_NOT_outstanding,USD/shares,,2025-06-30,2025-08-11,1.06,10-Q,0000950170-25-106627,,False,
ASTS,us-gaap,ShareBasedCompensationArrangementByShareBasedPaymentAwardOptionsExercisableWeightedAverageExercisePrice,weighted_average_NOT_outstanding,USD/shares,,2025-09-30,2025-11-10,1.14,10-Q,0001193125-25-274391,,False,
ASTS,us-gaap,ShareBasedCompensationArrangementByShareBasedPaymentAwardOptionsExercisableWeightedAverageExercisePrice,weighted_average_NOT_outstanding,USD/shares,,2025-12-31,2026-03-02,1.16,10-K,0001780312-26-000006,,False,
ASTS,us-gaap,ShareBasedCompensationArrangementByShareBasedPaymentAwardOptionsExercisableWeightedAverageExercisePrice,weighted_average_NOT_outstanding,USD/shares,,2026-03-31,2026-05-11,1.15,10-Q,0001193125-26-216950,,False,
ASTS,us-gaap,ShareBasedCompensationArrangementByShareBasedPaymentAwardOptionsExercisableWeightedAverageExercisePrice,weighted_average_NOT_outstanding,USD/shares,,2026-06-30,2026-08-10,1.06,10-Q,0001193125-26-342550,,False,
ASTS,us-gaap,ShareBasedCompensationArrangementByShareBasedPaymentAwardOptionsForfeituresAndExpirationsInPeriod,other_share_concept_NOT_automatically_outstanding,shares,2021-01-01,2021-06-30,2021-08-16,167492,10-Q,0001493152-21-020153,181,False,
ASTS,us-gaap,ShareBasedCompensationArrangementByShareBasedPaymentAwardOptionsForfeituresAndExpirationsInPeriod,other_share_concept_NOT_automatically_outstanding,shares,2021-01-01,2021-09-30,2021-11-15,211040,10-Q,0001493152-21-028642,273,False,
ASTS,us-gaap,ShareBasedCompensationArrangementByShareBasedPaymentAwardOptionsForfeituresAndExpirationsInPeriod,other_share_concept_NOT_automatically_outstanding,shares,2021-01-01,2021-12-31,2022-03-31,253834,10-K,0000950170-22-005212,365,False,
ASTS,us-gaap,ShareBasedCompensationArrangementByShareBasedPaymentAwardOptionsForfeituresAndExpirationsInPeriod,other_share_concept_NOT_automatically_outstanding,shares,2022-01-01,2022-03-31,2022-05-16,226704,10-Q,0000950170-22-010115,90,False,
ASTS,us-gaap,ShareBasedCompensationArrangementByShareBasedPaymentAwardOptionsForfeituresAndExpirationsInPeriod,other_share_concept_NOT_automatically_outstanding,shares,2022-01-01,2022-06-30,2022-08-16,477303,10-Q,0000950170-22-017458,181,False,
ASTS,us-gaap,ShareBasedCompensationArrangementByShareBasedPaymentAwardOptionsForfeituresAndExpirationsInPeriod,other_share_concept_NOT_automatically_outstanding,shares,2022-01-01,2022-09-30,2022-11-14,792491,10-Q,0000950170-22-025059,273,False,
ASTS,us-gaap,ShareBasedCompensationArrangementByShareBasedPaymentAwardOptionsForfeituresAndExpirationsInPeriod,other_share_concept_NOT_automatically_outstanding,shares,2022-01-01,2022-12-31,2023-03-31,923970,10-K,0000950170-23-011124,365,False,
ASTS,us-gaap,ShareBasedCompensationArrangementByShareBasedPaymentAwardOptionsForfeituresAndExpirationsInPeriod,other_share_concept_NOT_automatically_outstanding,shares,2023-01-01,2023-03-31,2023-05-15,0,10-Q,0000950170-23-022235,90,False,
ASTS,us-gaap,ShareBasedCompensationArrangementByShareBasedPaymentAwardOptionsForfeituresAndExpirationsInPeriod,other_share_concept_NOT_automatically_outstanding,shares,2023-01-01,2023-06-30,2023-08-14,21150,10-Q,0000950170-23-042394,181,False,
ASTS,us-gaap,ShareBasedCompensationArrangementByShareBasedPaymentAwardOptionsForfeituresAndExpirationsInPeriod,other_share_concept_NOT_automatically_outstanding,shares,2023-01-01,2023-09-30,2023-11-14,24313,10-Q,0000950170-23-063737,273,False,
ASTS,us-gaap,ShareBasedCompensationArrangementByShareBasedPaymentAwardOptionsForfeituresAndExpirationsInPeriod,other_share_concept_NOT_automatically_outstanding,shares,2023-01-01,2023-12-31,2024-04-01,24797,10-K,0000950170-24-039342,365,False,
ASTS,us-gaap,ShareBasedCompensationArrangementByShareBasedPaymentAwardOptionsForfeituresAndExpirationsInPeriod,other_share_concept_NOT_automatically_outstanding,shares,2024-01-01,2024-03-31,2024-05-15,17644,10-Q,0000950170-24-060499,91,False,
ASTS,us-gaap,ShareBasedCompensationArrangementByShareBasedPaymentAwardOptionsForfeituresAndExpirationsInPeriod,other_share_concept_NOT_automatically_outstanding,shares,2024-01-01,2024-06-30,2024-08-14,14623,10-Q,0000950170-24-097099,182,False,
ASTS,us-gaap,ShareBasedCompensationArrangementByShareBasedPaymentAwardOptionsForfeituresAndExpirationsInPeriod,other_share_concept_NOT_automatically_outstanding,shares,2024-01-01,2024-09-30,2024-11-14,199395,10-Q,0000950170-24-127101,274,False,
ASTS,us-gaap,ShareBasedCompensationArrangementByShareBasedPaymentAwardOptionsForfeituresAndExpirationsInPeriod,other_share_concept_NOT_automatically_outstanding,shares,2024-01-01,2024-12-31,2025-03-03,202296,10-K,0000950170-25-030909,366,False,
ASTS,us-gaap,ShareBasedCompensationArrangementByShareBasedPaymentAwardOptionsForfeituresAndExpirationsInPeriod,other_share_concept_NOT_automatically_outstanding,shares,2025-01-01,2025-03-31,2025-05-12,13197,10-Q,0000950170-25-069403,90,False,
ASTS,us-gaap,ShareBasedCompensationArrangementByShareBasedPaymentAwardOptionsForfeituresAndExpirationsInPeriod,other_share_concept_NOT_automatically_outstanding,shares,2025-01-01,2025-06-30,2025-08-11,13227,10-Q,0000950170-25-106627,181,False,
ASTS,us-gaap,ShareBasedCompensationArrangementByShareBasedPaymentAwardOptionsForfeituresAndExpirationsInPeriod,other_share_concept_NOT_automatically_outstanding,shares,2025-01-01,2025-09-30,2025-11-10,14678,10-Q,0001193125-25-274391,273,False,
ASTS,us-gaap,ShareBasedCompensationArrangementByShareBasedPaymentAwardOptionsForfeituresAndExpirationsInPeriod,other_share_concept_NOT_automatically_outstanding,shares,2025-01-01,2025-12-31,2026-03-02,14678,10-K,0001780312-26-000006,365,False,
ASTS,us-gaap,ShareBasedCompensationArrangementByShareBasedPaymentAwardOptionsForfeituresAndExpirationsInPeriod,other_share_concept_NOT_automatically_outstanding,shares,2026-01-01,2026-03-31,2026-05-11,0,10-Q,0001193125-26-216950,90,False,
ASTS,us-gaap,ShareBasedCompensationArrangementByShareBasedPaymentAwardOptionsForfeituresAndExpirationsInPeriod,other_share_concept_NOT_automatically_outstanding,shares,2026-01-01,2026-06-30,2026-08-10,0,10-Q,0001193125-26-342550,181,False,
ASTS,us-gaap,ShareBasedCompensationArrangementByShareBasedPaymentAwardOptionsForfeituresAndExpirationsInPeriodWeightedAverageExercisePrice,weighted_average_NOT_outstanding,USD/shares,2021-01-01,2021-06-30,2021-08-16,0.17,10-Q,0001493152-21-020153,181,False,
ASTS,us-gaap,ShareBasedCompensationArrangementByShareBasedPaymentAwardOptionsForfeituresAndExpirationsInPeriodWeightedAverageExercisePrice,weighted_average_NOT_outstanding,USD/shares,2021-01-01,2021-09-30,2021-11-15,0.92,10-Q,0001493152-21-028642,273,False,
ASTS,us-gaap,ShareBasedCompensationArrangementByShareBasedPaymentAwardOptionsForfeituresAndExpirationsInPeriodWeightedAverageExercisePrice,weighted_average_NOT_outstanding,USD/shares,2021-01-01,2021-12-31,2022-03-31,0.81,10-K,0000950170-22-005212,365,False,
ASTS,us-gaap,ShareBasedCompensationArrangementByShareBasedPaymentAwardOptionsForfeituresAndExpirationsInPeriodWeightedAverageExercisePrice,weighted_average_NOT_outstanding,USD/shares,2022-01-01,2022-03-31,2022-05-16,0.6,10-Q,0000950170-22-010115,90,False,
ASTS,us-gaap,ShareBasedCompensationArrangementByShareBasedPaymentAwardOptionsForfeituresAndExpirationsInPeriodWeightedAverageExercisePrice,weighted_average_NOT_outstanding,USD/shares,2022-01-01,2022-06-30,2022-08-16,0.92,10-Q,0000950170-22-017458,181,False,
ASTS,us-gaap,ShareBasedCompensationArrangementByShareBasedPaymentAwardOptionsForfeituresAndExpirationsInPeriodWeightedAverageExercisePrice,weighted_average_NOT_outstanding,USD/shares,2022-01-01,2022-09-30,2022-11-14,1.24,10-Q,0000950170-22-025059,273,False,
ASTS,us-gaap,ShareBasedCompensationArrangementByShareBasedPaymentAwardOptionsForfeituresAndExpirationsInPeriodWeightedAverageExercisePrice,weighted_average_NOT_outstanding,USD/shares,2022-01-01,2022-12-31,2023-03-31,1.37,10-K,0000950170-23-011124,365,False,
ASTS,us-gaap,ShareBasedCompensationArrangementByShareBasedPaymentAwardOptionsForfeituresAndExpirationsInPeriodWeightedAverageExercisePrice,weighted_average_NOT_outstanding,USD/shares,2023-01-01,2023-03-31,2023-05-15,0,10-Q,0000950170-23-022235,90,False,
ASTS,us-gaap,ShareBasedCompensationArrangementByShareBasedPaymentAwardOptionsForfeituresAndExpirationsInPeriodWeightedAverageExercisePrice,weighted_average_NOT_outstanding,USD/shares,2023-01-01,2023-06-30,2023-08-14,2.27,10-Q,0000950170-23-042394,181,False,
ASTS,us-gaap,ShareBasedCompensationArrangementByShareBasedPaymentAwardOptionsForfeituresAndExpirationsInPeriodWeightedAverageExercisePrice,weighted_average_NOT_outstanding,USD/shares,2023-01-01,2023-09-30,2023-11-14,3.4,10-Q,0000950170-23-063737,273,False,
ASTS,us-gaap,ShareBasedCompensationArrangementByShareBasedPaymentAwardOptionsForfeituresAndExpirationsInPeriodWeightedAverageExercisePrice,weighted_average_NOT_outstanding,USD/shares,2023-01-01,2023-12-31,2024-04-01,3.35,10-K,0000950170-24-039342,365,False,
ASTS,us-gaap,ShareBasedCompensationArrangementByShareBasedPaymentAwardOptionsForfeituresAndExpirationsInPeriodWeightedAverageExercisePrice,weighted_average_NOT_outstanding,USD/shares,2024-01-01,2024-03-31,2024-05-15,0.6,10-Q,0000950170-24-060499,91,False,
ASTS,us-gaap,ShareBasedCompensationArrangementByShareBasedPaymentAwardOptionsForfeituresAndExpirationsInPeriodWeightedAverageExercisePrice,weighted_average_NOT_outstanding,USD/shares,2024-01-01,2024-06-30,2024-08-14,7.67,10-Q,0000950170-24-097099,182,False,
ASTS,us-gaap,ShareBasedCompensationArrangementByShareBasedPaymentAwardOptionsForfeituresAndExpirationsInPeriodWeightedAverageExercisePrice,weighted_average_NOT_outstanding,USD/shares,2024-01-01,2024-09-30,2024-11-14,4.36,10-Q,0000950170-24-127101,274,False,
ASTS,us-gaap,ShareBasedCompensationArrangementByShareBasedPaymentAwardOptionsForfeituresAndExpirationsInPeriodWeightedAverageExercisePrice,weighted_average_NOT_outstanding,USD/shares,2024-01-01,2024-12-31,2025-03-03,4.44,10-K,0000950170-25-030909,366,False,
ASTS,us-gaap,ShareBasedCompensationArrangementByShareBasedPaymentAwardOptionsForfeituresAndExpirationsInPeriodWeightedAverageExercisePrice,weighted_average_NOT_outstanding,USD/shares,2025-01-01,2025-03-31,2025-05-12,10,10-Q,0000950170-25-069403,90,False,
ASTS,us-gaap,ShareBasedCompensationArrangementByShareBasedPaymentAwardOptionsForfeituresAndExpirationsInPeriodWeightedAverageExercisePrice,weighted_average_NOT_outstanding,USD/shares,2025-01-01,2025-06-30,2025-08-11,10,10-Q,0000950170-25-106627,181,False,
ASTS,us-gaap,ShareBasedCompensationArrangementByShareBasedPaymentAwardOptionsForfeituresAndExpirationsInPeriodWeightedAverageExercisePrice,weighted_average_NOT_outstanding,USD/shares,2025-01-01,2025-09-30,2025-11-10,10,10-Q,0001193125-25-274391,273,False,
ASTS,us-gaap,ShareBasedCompensationArrangementByShareBasedPaymentAwardOptionsForfeituresAndExpirationsInPeriodWeightedAverageExercisePrice,weighted_average_NOT_outstanding,USD/shares,2025-01-01,2025-12-31,2026-03-02,10,10-K,0001780312-26-000006,365,False,
ASTS,us-gaap,ShareBasedCompensationArrangementByShareBasedPaymentAwardOptionsForfeituresAndExpirationsInPeriodWeightedAverageExercisePrice,weighted_average_NOT_outstanding,USD/shares,2026-01-01,2026-03-31,2026-05-11,0,10-Q,0001193125-26-216950,90,False,
ASTS,us-gaap,ShareBasedCompensationArrangementByShareBasedPaymentAwardOptionsForfeituresAndExpirationsInPeriodWeightedAverageExercisePrice,weighted_average_NOT_outstanding,USD/shares,2026-01-01,2026-06-30,2026-08-10,0,10-Q,0001193125-26-342550,181,False,
ASTS,us-gaap,ShareBasedCompensationArrangementByShareBasedPaymentAwardOptionsGrantsInPeriodGross,other_share_concept_NOT_automatically_outstanding,shares,2021-01-01,2021-06-30,2021-08-16,806283,10-Q,0001493152-21-020153,181,False,
ASTS,us-gaap,ShareBasedCompensationArrangementByShareBasedPaymentAwardOptionsGrantsInPeriodGross,other_share_concept_NOT_automatically_outstanding,shares,2021-01-01,2021-09-30,2021-11-15,806283,10-Q,0001493152-21-028642,273,False,
ASTS,us-gaap,ShareBasedCompensationArrangementByShareBasedPaymentAwardOptionsGrantsInPeriodGross,other_share_concept_NOT_automatically_outstanding,shares,2021-01-01,2021-12-31,2022-03-31,806283,10-K,0000950170-22-005212,365,False,
ASTS,us-gaap,ShareBasedCompensationArrangementByShareBasedPaymentAwardOptionsGrantsInPeriodGross,other_share_concept_NOT_automatically_outstanding,shares,2022-01-01,2022-03-31,2022-05-16,0,10-Q,0000950170-22-010115,90,False,
ASTS,us-gaap,ShareBasedCompensationArrangementByShareBasedPaymentAwardOptionsGrantsInPeriodGross,other_share_concept_NOT_automatically_outstanding,shares,2022-01-01,2022-06-30,2022-08-16,0,10-Q,0000950170-22-017458,181,False,
ASTS,us-gaap,ShareBasedCompensationArrangementByShareBasedPaymentAwardOptionsGrantsInPeriodGross,other_share_concept_NOT_automatically_outstanding,shares,2022-01-01,2022-09-30,2022-11-14,0,10-Q,0000950170-22-025059,273,False,
ASTS,us-gaap,ShareBasedCompensationArrangementByShareBasedPaymentAwardOptionsGrantsInPeriodGross,other_share_concept_NOT_automatically_outstanding,shares,2022-01-01,2022-12-31,2023-03-31,0,10-K,0000950170-23-011124,365,False,
ASTS,us-gaap,ShareBasedCompensationArrangementByShareBasedPaymentAwardOptionsGrantsInPeriodGross,other_share_concept_NOT_automatically_outstanding,shares,2023-01-01,2023-03-31,2023-05-15,0,10-Q,0000950170-23-022235,90,False,
ASTS,us-gaap,ShareBasedCompensationArrangementByShareBasedPaymentAwardOptionsGrantsInPeriodGross,other_share_concept_NOT_automatically_outstanding,shares,2023-01-01,2023-06-30,2023-08-14,0,10-Q,0000950170-23-042394,181,False,
ASTS,us-gaap,ShareBasedCompensationArrangementByShareBasedPaymentAwardOptionsGrantsInPeriodGross,other_share_concept_NOT_automatically_outstanding,shares,2023-01-01,2023-09-30,2023-11-14,0,10-Q,0000950170-23-063737,273,False,
ASTS,us-gaap,ShareBasedCompensationArrangementByShareBasedPaymentAwardOptionsGrantsInPeriodGross,other_share_concept_NOT_automatically_outstanding,shares,2023-01-01,2023-12-31,2024-04-01,0,10-K,0000950170-24-039342,365,False,
ASTS,us-gaap,ShareBasedCompensationArrangementByShareBasedPaymentAwardOptionsGrantsInPeriodGross,other_share_concept_NOT_automatically_outstanding,shares,2024-01-01,2024-03-31,2024-05-15,0,10-Q,0000950170-24-060499,91,False,
ASTS,us-gaap,ShareBasedCompensationArrangementByShareBasedPaymentAwardOptionsGrantsInPeriodGross,other_share_concept_NOT_automatically_outstanding,shares,2024-01-01,2024-06-30,2024-08-14,0,10-Q,0000950170-24-097099,182,False,
ASTS,us-gaap,ShareBasedCompensationArrangementByShareBasedPaymentAwardOptionsGrantsInPeriodGross,other_share_concept_NOT_automatically_outstanding,shares,2024-01-01,2024-09-30,2024-11-14,0,10-Q,0000950170-24-127101,274,False,
ASTS,us-gaap,ShareBasedCompensationArrangementByShareBasedPaymentAwardOptionsGrantsInPeriodGross,other_share_concept_NOT_automatically_outstanding,shares,2024-01-01,2024-12-31,2025-03-03,0,10-K,0000950170-25-030909,366,False,
ASTS,us-gaap,ShareBasedCompensationArrangementByShareBasedPaymentAwardOptionsGrantsInPeriodGross,other_share_concept_NOT_automatically_outstanding,shares,2025-01-01,2025-03-31,2025-05-12,0,10-Q,0000950170-25-069403,90,False,
ASTS,us-gaap,ShareBasedCompensationArrangementByShareBasedPaymentAwardOptionsGrantsInPeriodGross,other_share_concept_NOT_automatically_outstanding,shares,2025-01-01,2025-06-30,2025-08-11,0,10-Q,0000950170-25-106627,181,False,
ASTS,us-gaap,ShareBasedCompensationArrangementByShareBasedPaymentAwardOptionsGrantsInPeriodGross,other_share_concept_NOT_automatically_outstanding,shares,2025-01-01,2025-09-30,2025-11-10,0,10-Q,0001193125-25-274391,273,False,
ASTS,us-gaap,ShareBasedCompensationArrangementByShareBasedPaymentAwardOptionsGrantsInPeriodGross,other_share_concept_NOT_automatically_outstanding,shares,2025-01-01,2025-12-31,2026-03-02,0,10-K,0001780312-26-000006,365,False,
ASTS,us-gaap,ShareBasedCompensationArrangementByShareBasedPaymentAwardOptionsGrantsInPeriodGross,other_share_concept_NOT_automatically_outstanding,shares,2026-01-01,2026-03-31,2026-05-11,0,10-Q,0001193125-26-216950,90,False,
ASTS,us-gaap,ShareBasedCompensationArrangementByShareBasedPaymentAwardOptionsGrantsInPeriodGross,other_share_concept_NOT_automatically_outstanding,shares,2026-01-01,2026-06-30,2026-08-10,0,10-Q,0001193125-26-342550,181,False,
ASTS,us-gaap,ShareBasedCompensationArrangementByShareBasedPaymentAwardOptionsGrantsInPeriodWeightedAverageGrantDateFairValue,weighted_average_NOT_outstanding,USD/shares,2020-01-01,2020-09-30,2021-11-15,0.33,10-Q,0001493152-21-028642,274,False,
ASTS,us-gaap,ShareBasedCompensationArrangementByShareBasedPaymentAwardOptionsGrantsInPeriodWeightedAverageGrantDateFairValue,weighted_average_NOT_outstanding,USD/shares,2020-01-01,2020-12-31,2022-03-31,0.33,10-K,0000950170-22-005212,366,False,
ASTS,us-gaap,ShareBasedCompensationArrangementByShareBasedPaymentAwardOptionsGrantsInPeriodWeightedAverageGrantDateFairValue,weighted_average_NOT_outstanding,USD/shares,2021-01-01,2021-03-31,2022-05-16,0,10-Q,0000950170-22-010115,90,False,
ASTS,us-gaap,ShareBasedCompensationArrangementByShareBasedPaymentAwardOptionsGrantsInPeriodWeightedAverageGrantDateFairValue,weighted_average_NOT_outstanding,USD/shares,2021-01-01,2021-06-30,2021-08-16,60.15,10-Q,0001493152-21-020153,181,False,
ASTS,us-gaap,ShareBasedCompensationArrangementByShareBasedPaymentAwardOptionsGrantsInPeriodWeightedAverageGrantDateFairValue,weighted_average_NOT_outstanding,USD/shares,2021-01-01,2021-06-30,2022-08-16,4.15,10-Q,0000950170-22-017458,181,False,
ASTS,us-gaap,ShareBasedCompensationArrangementByShareBasedPaymentAwardOptionsGrantsInPeriodWeightedAverageGrantDateFairValue,weighted_average_NOT_outstanding,USD/shares,2021-01-01,2021-09-30,2021-11-15,4.15,10-Q,0001493152-21-028642,273,False,
ASTS,us-gaap,ShareBasedCompensationArrangementByShareBasedPaymentAwardOptionsGrantsInPeriodWeightedAverageGrantDateFairValue,weighted_average_NOT_outstanding,USD/shares,2021-01-01,2021-09-30,2022-11-14,4.15,10-Q,0000950170-22-025059,273,False,
ASTS,us-gaap,ShareBasedCompensationArrangementByShareBasedPaymentAwardOptionsGrantsInPeriodWeightedAverageGrantDateFairValue,weighted_average_NOT_outstanding,USD/shares,2021-01-01,2021-12-31,2022-03-31,4.15,10-K,0000950170-22-005212,365,False,
ASTS,us-gaap,ShareBasedCompensationArrangementByShareBasedPaymentAwardOptionsGrantsInPeriodWeightedAverageGrantDateFairValue,weighted_average_NOT_outstanding,USD/shares,2021-01-01,2021-12-31,2023-03-31,4.15,10-K,0000950170-23-011124,365,False,
ASTS,us-gaap,ShareBasedCompensationArrangementByShareBasedPaymentAwardOptionsGrantsInPeriodWeightedAverageGrantDateFairValue,weighted_average_NOT_outstanding,USD/shares,2022-01-01,2022-03-31,2022-05-16,0,10-Q,0000950170-22-010115,90,False,
ASTS,us-gaap,ShareBasedCompensationArrangementByShareBasedPaymentAwardOptionsGrantsInPeriodWeightedAverageGrantDateFairValue,weighted_average_NOT_outstanding,USD/shares,2022-01-01,2022-03-31,2023-05-15,0,10-Q,0000950170-23-022235,90,False,
ASTS,us-gaap,ShareBasedCompensationArrangementByShareBasedPaymentAwardOptionsGrantsInPeriodWeightedAverageGrantDateFairValue,weighted_average_NOT_outstanding,USD/shares,2022-01-01,2022-06-30,2022-08-16,0,10-Q,0000950170-22-017458,181,False,
ASTS,us-gaap,ShareBasedCompensationArrangementByShareBasedPaymentAwardOptionsGrantsInPeriodWeightedAverageGrantDateFairValue,weighted_average_NOT_outstanding,USD/shares,2022-01-01,2022-06-30,2023-08-14,0,10-Q,0000950170-23-042394,181,False,
ASTS,us-gaap,ShareBasedCompensationArrangementByShareBasedPaymentAwardOptionsGrantsInPeriodWeightedAverageGrantDateFairValue,weighted_average_NOT_outstanding,USD/shares,2022-01-01,2022-09-30,2022-11-14,0,10-Q,0000950170-22-025059,273,False,
ASTS,us-gaap,ShareBasedCompensationArrangementByShareBasedPaymentAwardOptionsGrantsInPeriodWeightedAverageGrantDateFairValue,weighted_average_NOT_outstanding,USD/shares,2022-01-01,2022-09-30,2023-11-14,0,10-Q,0000950170-23-063737,273,False,
ASTS,us-gaap,ShareBasedCompensationArrangementByShareBasedPaymentAwardOptionsGrantsInPeriodWeightedAverageGrantDateFairValue,weighted_average_NOT_outstanding,USD/shares,2022-01-01,2022-12-31,2023-03-31,0,10-K,0000950170-23-011124,365,False,
ASTS,us-gaap,ShareBasedCompensationArrangementByShareBasedPaymentAwardOptionsGrantsInPeriodWeightedAverageGrantDateFairValue,weighted_average_NOT_outstanding,USD/shares,2022-01-01,2022-12-31,2024-04-01,0,10-K,0000950170-24-039342,365,False,
ASTS,us-gaap,ShareBasedCompensationArrangementByShareBasedPaymentAwardOptionsGrantsInPeriodWeightedAverageGrantDateFairValue,weighted_average_NOT_outstanding,USD/shares,2022-01-01,2022-12-31,2025-03-03,0,10-K,0000950170-25-030909,365,False,
ASTS,us-gaap,ShareBasedCompensationArrangementByShareBasedPaymentAwardOptionsGrantsInPeriodWeightedAverageGrantDateFairValue,weighted_average_NOT_outstanding,USD/shares,2023-01-01,2023-03-31,2023-05-15,0,10-Q,0000950170-23-022235,90,False,
ASTS,us-gaap,ShareBasedCompensationArrangementByShareBasedPaymentAwardOptionsGrantsInPeriodWeightedAverageGrantDateFairValue,weighted_average_NOT_outstanding,USD/shares,2023-01-01,2023-03-31,2024-05-15,0,10-Q,0000950170-24-060499,90,False,
ASTS,us-gaap,ShareBasedCompensationArrangementByShareBasedPaymentAwardOptionsGrantsInPeriodWeightedAverageGrantDateFairValue,weighted_average_NOT_outstanding,USD/shares,2023-01-01,2023-06-30,2023-08-14,0,10-Q,0000950170-23-042394,181,False,
ASTS,us-gaap,ShareBasedCompensationArrangementByShareBasedPaymentAwardOptionsGrantsInPeriodWeightedAverageGrantDateFairValue,weighted_average_NOT_outstanding,USD/shares,2023-01-01,2023-06-30,2024-08-14,0,10-Q,0000950170-24-097099,181,False,
ASTS,us-gaap,ShareBasedCompensationArrangementByShareBasedPaymentAwardOptionsGrantsInPeriodWeightedAverageGrantDateFairValue,weighted_average_NOT_outstanding,USD/shares,2023-01-01,2023-09-30,2023-11-14,0,10-Q,0000950170-23-063737,273,False,
ASTS,us-gaap,ShareBasedCompensationArrangementByShareBasedPaymentAwardOptionsGrantsInPeriodWeightedAverageGrantDateFairValue,weighted_average_NOT_outstanding,USD/shares,2023-01-01,2023-09-30,2024-11-14,0,10-Q,0000950170-24-127101,273,False,
ASTS,us-gaap,ShareBasedCompensationArrangementByShareBasedPaymentAwardOptionsGrantsInPeriodWeightedAverageGrantDateFairValue,weighted_average_NOT_outstanding,USD/shares,2023-01-01,2023-12-31,2024-04-01,0,10-K,0000950170-24-039342,365,False,
ASTS,us-gaap,ShareBasedCompensationArrangementByShareBasedPaymentAwardOptionsGrantsInPeriodWeightedAverageGrantDateFairValue,weighted_average_NOT_outstanding,USD/shares,2023-01-01,2023-12-31,2025-03-03,0,10-K,0000950170-25-030909,365,False,
ASTS,us-gaap,ShareBasedCompensationArrangementByShareBasedPaymentAwardOptionsGrantsInPeriodWeightedAverageGrantDateFairValue,weighted_average_NOT_outstanding,USD/shares,2023-01-01,2023-12-31,2026-03-02,0,10-K,0001780312-26-000006,365,False,
ASTS,us-gaap,ShareBasedCompensationArrangementByShareBasedPaymentAwardOptionsGrantsInPeriodWeightedAverageGrantDateFairValue,weighted_average_NOT_outstanding,USD/shares,2024-01-01,2024-03-31,2024-05-15,0,10-Q,0000950170-24-060499,91,False,
ASTS,us-gaap,ShareBasedCompensationArrangementByShareBasedPaymentAwardOptionsGrantsInPeriodWeightedAverageGrantDateFairValue,weighted_average_NOT_outstanding,USD/shares,2024-01-01,2024-06-30,2024-08-14,0,10-Q,0000950170-24-097099,182,False,
ASTS,us-gaap,ShareBasedCompensationArrangementByShareBasedPaymentAwardOptionsGrantsInPeriodWeightedAverageGrantDateFairValue,weighted_average_NOT_outstanding,USD/shares,2024-01-01,2024-09-30,2024-11-14,0,10-Q,0000950170-24-127101,274,False,
ASTS,us-gaap,ShareBasedCompensationArrangementByShareBasedPaymentAwardOptionsGrantsInPeriodWeightedAverageGrantDateFairValue,weighted_average_NOT_outstanding,USD/shares,2024-01-01,2024-12-31,2025-03-03,0,10-K,0000950170-25-030909,366,False,
ASTS,us-gaap,ShareBasedCompensationArrangementByShareBasedPaymentAwardOptionsGrantsInPeriodWeightedAverageGrantDateFairValue,weighted_average_NOT_outstanding,USD/shares,2024-01-01,2024-12-31,2026-03-02,0,10-K,0001780312-26-000006,366,False,
ASTS,us-gaap,ShareBasedCompensationArrangementByShareBasedPaymentAwardOptionsGrantsInPeriodWeightedAverageGrantDateFairValue,weighted_average_NOT_outstanding,USD/shares,2025-01-01,2025-03-31,2025-05-12,0,10-Q,0000950170-25-069403,90,False,
ASTS,us-gaap,ShareBasedCompensationArrangementByShareBasedPaymentAwardOptionsGrantsInPeriodWeightedAverageGrantDateFairValue,weighted_average_NOT_outstanding,USD/shares,2025-01-01,2025-06-30,2025-08-11,0,10-Q,0000950170-25-106627,181,False,
ASTS,us-gaap,ShareBasedCompensationArrangementByShareBasedPaymentAwardOptionsGrantsInPeriodWeightedAverageGrantDateFairValue,weighted_average_NOT_outstanding,USD/shares,2025-01-01,2025-09-30,2025-11-10,0,10-Q,0001193125-25-274391,273,False,
ASTS,us-gaap,ShareBasedCompensationArrangementByShareBasedPaymentAwardOptionsGrantsInPeriodWeightedAverageGrantDateFairValue,weighted_average_NOT_outstanding,USD/shares,2025-01-01,2025-12-31,2026-03-02,0,10-K,0001780312-26-000006,365,False,
ASTS,us-gaap,ShareBasedCompensationArrangementByShareBasedPaymentAwardOptionsGrantsInPeriodWeightedAverageGrantDateFairValue,weighted_average_NOT_outstanding,USD/shares,2026-01-01,2026-03-31,2026-05-11,0,10-Q,0001193125-26-216950,90,False,
ASTS,us-gaap,ShareBasedCompensationArrangementByShareBasedPaymentAwardOptionsGrantsInPeriodWeightedAverageGrantDateFairValue,weighted_average_NOT_outstanding,USD/shares,2026-01-01,2026-06-30,2026-08-10,0,10-Q,0001193125-26-342550,181,False,
ASTS,us-gaap,ShareBasedCompensationArrangementByShareBasedPaymentAwardOptionsOutstandingNumber,other_share_concept_NOT_automatically_outstanding,shares,,2020-12-31,2021-08-16,11822100,10-Q,0001493152-21-020153,,False,
ASTS,us-gaap,ShareBasedCompensationArrangementByShareBasedPaymentAwardOptionsOutstandingNumber,other_share_concept_NOT_automatically_outstanding,shares,,2020-12-31,2021-11-15,11822100,10-Q,0001493152-21-028642,,False,
ASTS,us-gaap,ShareBasedCompensationArrangementByShareBasedPaymentAwardOptionsOutstandingNumber,other_share_concept_NOT_automatically_outstanding,shares,,2020-12-31,2022-03-31,11822100,10-K,0000950170-22-005212,,False,
ASTS,us-gaap,ShareBasedCompensationArrangementByShareBasedPaymentAwardOptionsOutstandingNumber,other_share_concept_NOT_automatically_outstanding,shares,,2021-06-30,2021-08-16,12445664,10-Q,0001493152-21-020153,,False,
ASTS,us-gaap,ShareBasedCompensationArrangementByShareBasedPaymentAwardOptionsOutstandingNumber,other_share_concept_NOT_automatically_outstanding,shares,,2021-09-30,2021-11-15,12402116,10-Q,0001493152-21-028642,,False,
ASTS,us-gaap,ShareBasedCompensationArrangementByShareBasedPaymentAwardOptionsOutstandingNumber,other_share_concept_NOT_automatically_outstanding,shares,,2021-09-30,2022-05-16,11574068,10-Q,0000950170-22-010115,,False,
ASTS,us-gaap,ShareBasedCompensationArrangementByShareBasedPaymentAwardOptionsOutstandingNumber,other_share_concept_NOT_automatically_outstanding,shares,,2021-12-31,2022-03-31,12359322,10-K,0000950170-22-005212,,False,
ASTS,us-gaap,ShareBasedCompensationArrangementByShareBasedPaymentAwardOptionsOutstandingNumber,other_share_concept_NOT_automatically_outstanding,shares,,2021-12-31,2022-05-16,12359322,10-Q,0000950170-22-010115,,False,
ASTS,us-gaap,ShareBasedCompensationArrangementByShareBasedPaymentAwardOptionsOutstandingNumber,other_share_concept_NOT_automatically_outstanding,shares,,2021-12-31,2022-08-16,12359322,10-Q,0000950170-22-017458,,False,
ASTS,us-gaap,ShareBasedCompensationArrangementByShareBasedPaymentAwardOptionsOutstandingNumber,other_share_concept_NOT_automatically_outstanding,shares,,2021-12-31,2022-11-14,12359322,10-Q,0000950170-22-025059,,False,
ASTS,us-gaap,ShareBasedCompensationArrangementByShareBasedPaymentAwardOptionsOutstandingNumber,other_share_concept_NOT_automatically_outstanding,shares,,2021-12-31,2023-03-31,12359322,10-K,0000950170-23-011124,,False,
ASTS,us-gaap,ShareBasedCompensationArrangementByShareBasedPaymentAwardOptionsOutstandingNumber,other_share_concept_NOT_automatically_outstanding,shares,,2022-06-30,2022-08-16,11323469,10-Q,0000950170-22-017458,,False,
ASTS,us-gaap,ShareBasedCompensationArrangementByShareBasedPaymentAwardOptionsOutstandingNumber,other_share_concept_NOT_automatically_outstanding,shares,,2022-09-30,2022-11-14,10976360,10-Q,0000950170-22-025059,,False,
ASTS,us-gaap,ShareBasedCompensationArrangementByShareBasedPaymentAwardOptionsOutstandingNumber,other_share_concept_NOT_automatically_outstanding,shares,,2022-12-31,2023-03-31,10767799,10-K,0000950170-23-011124,,False,
ASTS,us-gaap,ShareBasedCompensationArrangementByShareBasedPaymentAwardOptionsOutstandingNumber,other_share_concept_NOT_automatically_outstanding,shares,,2022-12-31,2023-05-15,10767799,10-Q,0000950170-23-022235,,False,
ASTS,us-gaap,ShareBasedCompensationArrangementByShareBasedPaymentAwardOptionsOutstandingNumber,other_share_concept_NOT_automatically_outstanding,shares,,2022-12-31,2023-08-14,10767799,10-Q,0000950170-23-042394,,False,
ASTS,us-gaap,ShareBasedCompensationArrangementByShareBasedPaymentAwardOptionsOutstandingNumber,other_share_concept_NOT_automatically_outstanding,shares,,2022-12-31,2023-11-14,10767799,10-Q,0000950170-23-063737,,False,
ASTS,us-gaap,ShareBasedCompensationArrangementByShareBasedPaymentAwardOptionsOutstandingNumber,other_share_concept_NOT_automatically_outstanding,shares,,2022-12-31,2024-04-01,10767799,10-K,0000950170-24-039342,,False,
ASTS,us-gaap,ShareBasedCompensationArrangementByShareBasedPaymentAwardOptionsOutstandingNumber,other_share_concept_NOT_automatically_outstanding,shares,,2023-03-31,2023-05-15,9277959,10-Q,0000950170-23-022235,,False,
ASTS,us-gaap,ShareBasedCompensationArrangementByShareBasedPaymentAwardOptionsOutstandingNumber,other_share_concept_NOT_automatically_outstanding,shares,,2023-06-30,2023-08-14,7847263,10-Q,0000950170-23-042394,,False,
ASTS,us-gaap,ShareBasedCompensationArrangementByShareBasedPaymentAwardOptionsOutstandingNumber,other_share_concept_NOT_automatically_outstanding,shares,,2023-09-30,2023-11-14,7770905,10-Q,0000950170-23-063737,,False,
ASTS,us-gaap,ShareBasedCompensationArrangementByShareBasedPaymentAwardOptionsOutstandingNumber,other_share_concept_NOT_automatically_outstanding,shares,,2023-12-31,2024-04-01,7770421,10-K,0000950170-24-039342,,False,
ASTS,us-gaap,ShareBasedCompensationArrangementByShareBasedPaymentAwardOptionsOutstandingNumber,other_share_concept_NOT_automatically_outstanding,shares,,2023-12-31,2024-05-15,7770421,10-Q,0000950170-24-060499,,False,
ASTS,us-gaap,ShareBasedCompensationArrangementByShareBasedPaymentAwardOptionsOutstandingNumber,other_share_concept_NOT_automatically_outstanding,shares,,2023-12-31,2024-08-14,7770421,10-Q,0000950170-24-097099,,False,
ASTS,us-gaap,ShareBasedCompensationArrangementByShareBasedPaymentAwardOptionsOutstandingNumber,other_share_concept_NOT_automatically_outstanding,shares,,2023-12-31,2024-11-14,7770421,10-Q,0000950170-24-127101,,False,
ASTS,us-gaap,ShareBasedCompensationArrangementByShareBasedPaymentAwardOptionsOutstandingNumber,other_share_concept_NOT_automatically_outstanding,shares,,2023-12-31,2025-03-03,7770421,10-K,0000950170-25-030909,,False,
ASTS,us-gaap,ShareBasedCompensationArrangementByShareBasedPaymentAwardOptionsOutstandingNumber,other_share_concept_NOT_automatically_outstanding,shares,,2024-03-31,2024-05-15,7433744,10-Q,0000950170-24-060499,,False,
ASTS,us-gaap,ShareBasedCompensationArrangementByShareBasedPaymentAwardOptionsOutstandingNumber,other_share_concept_NOT_automatically_outstanding,shares,,2024-06-30,2024-08-14,7103410,10-Q,0000950170-24-097099,,False,
ASTS,us-gaap,ShareBasedCompensationArrangementByShareBasedPaymentAwardOptionsOutstandingNumber,other_share_concept_NOT_automatically_outstanding,shares,,2024-09-30,2024-11-14,6801763,10-Q,0000950170-24-127101,,False,
ASTS,us-gaap,ShareBasedCompensationArrangementByShareBasedPaymentAwardOptionsOutstandingNumber,other_share_concept_NOT_automatically_outstanding,shares,,2024-12-31,2025-03-03,6390261,10-K,0000950170-25-030909,,False,
ASTS,us-gaap,ShareBasedCompensationArrangementByShareBasedPaymentAwardOptionsOutstandingNumber,other_share_concept_NOT_automatically_outstanding,shares,,2024-12-31,2025-05-12,6390261,10-Q,0000950170-25-069403,,False,
ASTS,us-gaap,ShareBasedCompensationArrangementByShareBasedPaymentAwardOptionsOutstandingNumber,other_share_concept_NOT_automatically_outstanding,shares,,2024-12-31,2025-08-11,6390261,10-Q,0000950170-25-106627,,False,
ASTS,us-gaap,ShareBasedCompensationArrangementByShareBasedPaymentAwardOptionsOutstandingNumber,other_share_concept_NOT_automatically_outstanding,shares,,2024-12-31,2025-11-10,6390261,10-Q,0001193125-25-274391,,False,
ASTS,us-gaap,ShareBasedCompensationArrangementByShareBasedPaymentAwardOptionsOutstandingNumber,other_share_concept_NOT_automatically_outstanding,shares,,2024-12-31,2026-03-02,6390261,10-K,0001780312-26-000006,,False,
ASTS,us-gaap,ShareBasedCompensationArrangementByShareBasedPaymentAwardOptionsOutstandingNumber,other_share_concept_NOT_automatically_outstanding,shares,,2025-03-31,2025-05-12,6020249,10-Q,0000950170-25-069403,,False,
ASTS,us-gaap,ShareBasedCompensationArrangementByShareBasedPaymentAwardOptionsOutstandingNumber,other_share_concept_NOT_automatically_outstanding,shares,,2025-06-30,2025-08-11,5320887,10-Q,0000950170-25-106627,,False,
ASTS,us-gaap,ShareBasedCompensationArrangementByShareBasedPaymentAwardOptionsOutstandingNumber,other_share_concept_NOT_automatically_outstanding,shares,,2025-09-30,2025-11-10,4990984,10-Q,0001193125-25-274391,,False,
ASTS,us-gaap,ShareBasedCompensationArrangementByShareBasedPaymentAwardOptionsOutstandingNumber,other_share_concept_NOT_automatically_outstanding,shares,,2025-12-31,2026-03-02,4677777,10-K,0001780312-26-000006,,False,
ASTS,us-gaap,ShareBasedCompensationArrangementByShareBasedPaymentAwardOptionsOutstandingNumber,other_share_concept_NOT_automatically_outstanding,shares,,2025-12-31,2026-05-11,4677777,10-Q,0001193125-26-216950,,False,
ASTS,us-gaap,ShareBasedCompensationArrangementByShareBasedPaymentAwardOptionsOutstandingNumber,other_share_concept_NOT_automatically_outstanding,shares,,2025-12-31,2026-08-10,4677777,10-Q,0001193125-26-342550,,False,
ASTS,us-gaap,ShareBasedCompensationArrangementByShareBasedPaymentAwardOptionsOutstandingNumber,other_share_concept_NOT_automatically_outstanding,shares,,2026-03-31,2026-05-11,4516318,10-Q,0001193125-26-216950,,False,
ASTS,us-gaap,ShareBasedCompensationArrangementByShareBasedPaymentAwardOptionsOutstandingNumber,other_share_concept_NOT_automatically_outstanding,shares,,2026-06-30,2026-08-10,4283302,10-Q,0001193125-26-342550,,False,
ASTS,us-gaap,ShareBasedCompensationArrangementByShareBasedPaymentAwardOptionsOutstandingWeightedAverageExercisePrice,weighted_average_NOT_outstanding,USD/shares,,2020-12-31,2021-08-16,0.2,10-Q,0001493152-21-020153,,False,
ASTS,us-gaap,ShareBasedCompensationArrangementByShareBasedPaymentAwardOptionsOutstandingWeightedAverageExercisePrice,weighted_average_NOT_outstanding,USD/shares,,2020-12-31,2021-11-15,0.2,10-Q,0001493152-21-028642,,False,
ASTS,us-gaap,ShareBasedCompensationArrangementByShareBasedPaymentAwardOptionsOutstandingWeightedAverageExercisePrice,weighted_average_NOT_outstanding,USD/shares,,2020-12-31,2022-03-31,0.2,10-K,0000950170-22-005212,,False,
ASTS,us-gaap,ShareBasedCompensationArrangementByShareBasedPaymentAwardOptionsOutstandingWeightedAverageExercisePrice,weighted_average_NOT_outstanding,USD/shares,,2021-06-30,2021-08-16,0.84,10-Q,0001493152-21-020153,,False,
ASTS,us-gaap,ShareBasedCompensationArrangementByShareBasedPaymentAwardOptionsOutstandingWeightedAverageExercisePrice,weighted_average_NOT_outstanding,USD/shares,,2021-09-30,2021-11-15,0.83,10-Q,0001493152-21-028642,,False,
ASTS,us-gaap,ShareBasedCompensationArrangementByShareBasedPaymentAwardOptionsOutstandingWeightedAverageExercisePrice,weighted_average_NOT_outstanding,USD/shares,,2021-12-31,2022-03-31,0.83,10-K,0000950170-22-005212,,False,
ASTS,us-gaap,ShareBasedCompensationArrangementByShareBasedPaymentAwardOptionsOutstandingWeightedAverageExercisePrice,weighted_average_NOT_outstanding,USD/shares,,2021-12-31,2022-05-16,0.83,10-Q,0000950170-22-010115,,False,
ASTS,us-gaap,ShareBasedCompensationArrangementByShareBasedPaymentAwardOptionsOutstandingWeightedAverageExercisePrice,weighted_average_NOT_outstanding,USD/shares,,2021-12-31,2022-08-16,0.83,10-Q,0000950170-22-017458,,False,
ASTS,us-gaap,ShareBasedCompensationArrangementByShareBasedPaymentAwardOptionsOutstandingWeightedAverageExercisePrice,weighted_average_NOT_outstanding,USD/shares,,2021-12-31,2022-11-14,0.83,10-Q,0000950170-22-025059,,False,
ASTS,us-gaap,ShareBasedCompensationArrangementByShareBasedPaymentAwardOptionsOutstandingWeightedAverageExercisePrice,weighted_average_NOT_outstanding,USD/shares,,2021-12-31,2023-03-31,0.83,10-K,0000950170-23-011124,,False,
ASTS,us-gaap,ShareBasedCompensationArrangementByShareBasedPaymentAwardOptionsOutstandingWeightedAverageExercisePrice,weighted_average_NOT_outstanding,USD/shares,,2022-03-31,2022-05-16,0.87,10-Q,0000950170-22-010115,,False,
ASTS,us-gaap,ShareBasedCompensationArrangementByShareBasedPaymentAwardOptionsOutstandingWeightedAverageExercisePrice,weighted_average_NOT_outstanding,USD/shares,,2022-06-30,2022-08-16,0.86,10-Q,0000950170-22-017458,,False,
ASTS,us-gaap,ShareBasedCompensationArrangementByShareBasedPaymentAwardOptionsOutstandingWeightedAverageExercisePrice,weighted_average_NOT_outstanding,USD/shares,,2022-09-30,2022-11-14,0.84,10-Q,0000950170-22-025059,,False,
ASTS,us-gaap,ShareBasedCompensationArrangementByShareBasedPaymentAwardOptionsOutstandingWeightedAverageExercisePrice,weighted_average_NOT_outstanding,USD/shares,,2022-12-31,2023-03-31,0.83,10-K,0000950170-23-011124,,False,
ASTS,us-gaap,ShareBasedCompensationArrangementByShareBasedPaymentAwardOptionsOutstandingWeightedAverageExercisePrice,weighted_average_NOT_outstanding,USD/shares,,2022-12-31,2023-05-15,0.83,10-Q,0000950170-23-022235,,False,
ASTS,us-gaap,ShareBasedCompensationArrangementByShareBasedPaymentAwardOptionsOutstandingWeightedAverageExercisePrice,weighted_average_NOT_outstanding,USD/shares,,2022-12-31,2023-08-14,0.83,10-Q,0000950170-23-042394,,False,
ASTS,us-gaap,ShareBasedCompensationArrangementByShareBasedPaymentAwardOptionsOutstandingWeightedAverageExercisePrice,weighted_average_NOT_outstanding,USD/shares,,2022-12-31,2023-11-14,0.83,10-Q,0000950170-23-063737,,False,
ASTS,us-gaap,ShareBasedCompensationArrangementByShareBasedPaymentAwardOptionsOutstandingWeightedAverageExercisePrice,weighted_average_NOT_outstanding,USD/shares,,2022-12-31,2024-04-01,0.83,10-K,0000950170-24-039342,,False,
ASTS,us-gaap,ShareBasedCompensationArrangementByShareBasedPaymentAwardOptionsOutstandingWeightedAverageExercisePrice,weighted_average_NOT_outstanding,USD/shares,,2023-03-31,2023-05-15,0.95,10-Q,0000950170-23-022235,,False,
ASTS,us-gaap,ShareBasedCompensationArrangementByShareBasedPaymentAwardOptionsOutstandingWeightedAverageExercisePrice,weighted_average_NOT_outstanding,USD/shares,,2023-06-30,2023-08-14,1.11,10-Q,0000950170-23-042394,,False,
ASTS,us-gaap,ShareBasedCompensationArrangementByShareBasedPaymentAwardOptionsOutstandingWeightedAverageExercisePrice,weighted_average_NOT_outstanding,USD/shares,,2023-09-30,2023-11-14,1.11,10-Q,0000950170-23-063737,,False,
ASTS,us-gaap,ShareBasedCompensationArrangementByShareBasedPaymentAwardOptionsOutstandingWeightedAverageExercisePrice,weighted_average_NOT_outstanding,USD/shares,,2023-12-31,2024-04-01,1.11,10-K,0000950170-24-039342,,False,
ASTS,us-gaap,ShareBasedCompensationArrangementByShareBasedPaymentAwardOptionsOutstandingWeightedAverageExercisePrice,weighted_average_NOT_outstanding,USD/shares,,2023-12-31,2024-05-15,1.11,10-Q,0000950170-24-060499,,False,
ASTS,us-gaap,ShareBasedCompensationArrangementByShareBasedPaymentAwardOptionsOutstandingWeightedAverageExercisePrice,weighted_average_NOT_outstanding,USD/shares,,2023-12-31,2024-08-14,1.11,10-Q,0000950170-24-097099,,False,
ASTS,us-gaap,ShareBasedCompensationArrangementByShareBasedPaymentAwardOptionsOutstandingWeightedAverageExercisePrice,weighted_average_NOT_outstanding,USD/shares,,2023-12-31,2024-11-14,1.11,10-Q,0000950170-24-127101,,False,
ASTS,us-gaap,ShareBasedCompensationArrangementByShareBasedPaymentAwardOptionsOutstandingWeightedAverageExercisePrice,weighted_average_NOT_outstanding,USD/shares,,2023-12-31,2025-03-03,1.11,10-K,0000950170-25-030909,,False,
ASTS,us-gaap,ShareBasedCompensationArrangementByShareBasedPaymentAwardOptionsOutstandingWeightedAverageExercisePrice,weighted_average_NOT_outstanding,USD/shares,,2024-03-31,2024-05-15,1.15,10-Q,0000950170-24-060499,,False,
ASTS,us-gaap,ShareBasedCompensationArrangementByShareBasedPaymentAwardOptionsOutstandingWeightedAverageExercisePrice,weighted_average_NOT_outstanding,USD/shares,,2024-06-30,2024-08-14,1.18,10-Q,0000950170-24-097099,,False,
ASTS,us-gaap,ShareBasedCompensationArrangementByShareBasedPaymentAwardOptionsOutstandingWeightedAverageExercisePrice,weighted_average_NOT_outstanding,USD/shares,,2024-09-30,2024-11-14,1.12,10-Q,0000950170-24-127101,,False,
ASTS,us-gaap,ShareBasedCompensationArrangementByShareBasedPaymentAwardOptionsOutstandingWeightedAverageExercisePrice,weighted_average_NOT_outstanding,USD/shares,,2024-12-31,2025-03-03,1.14,10-K,0000950170-25-030909,,False,
ASTS,us-gaap,ShareBasedCompensationArrangementByShareBasedPaymentAwardOptionsOutstandingWeightedAverageExercisePrice,weighted_average_NOT_outstanding,USD/shares,,2024-12-31,2025-08-11,1.14,10-Q,0000950170-25-106627,,False,
ASTS,us-gaap,ShareBasedCompensationArrangementByShareBasedPaymentAwardOptionsOutstandingWeightedAverageExercisePrice,weighted_average_NOT_outstanding,USD/shares,,2024-12-31,2025-11-10,1.14,10-Q,0001193125-25-274391,,False,
ASTS,us-gaap,ShareBasedCompensationArrangementByShareBasedPaymentAwardOptionsOutstandingWeightedAverageExercisePrice,weighted_average_NOT_outstanding,USD/shares,,2024-12-31,2026-03-02,1.14,10-K,0001780312-26-000006,,False,
ASTS,us-gaap,ShareBasedCompensationArrangementByShareBasedPaymentAwardOptionsOutstandingWeightedAverageExercisePrice,weighted_average_NOT_outstanding,USD/shares,,2025-03-31,2025-05-12,0.98,10-Q,0000950170-25-069403,,False,
ASTS,us-gaap,ShareBasedCompensationArrangementByShareBasedPaymentAwardOptionsOutstandingWeightedAverageExercisePrice,weighted_average_NOT_outstanding,USD/shares,,2025-06-30,2025-08-11,1.01,10-Q,0000950170-25-106627,,False,
ASTS,us-gaap,ShareBasedCompensationArrangementByShareBasedPaymentAwardOptionsOutstandingWeightedAverageExercisePrice,weighted_average_NOT_outstanding,USD/shares,,2025-09-30,2025-11-10,1.04,10-Q,0001193125-25-274391,,False,
ASTS,us-gaap,ShareBasedCompensationArrangementByShareBasedPaymentAwardOptionsOutstandingWeightedAverageExercisePrice,weighted_average_NOT_outstanding,USD/shares,,2025-12-31,2026-03-02,1.04,10-K,0001780312-26-000006,,False,
ASTS,us-gaap,ShareBasedCompensationArrangementByShareBasedPaymentAwardOptionsOutstandingWeightedAverageExercisePrice,weighted_average_NOT_outstanding,USD/shares,,2025-12-31,2026-05-11,1.04,10-Q,0001193125-26-216950,,False,
ASTS,us-gaap,ShareBasedCompensationArrangementByShareBasedPaymentAwardOptionsOutstandingWeightedAverageExercisePrice,weighted_average_NOT_outstanding,USD/shares,,2025-12-31,2026-08-10,1.04,10-Q,0001193125-26-342550,,False,
ASTS,us-gaap,ShareBasedCompensationArrangementByShareBasedPaymentAwardOptionsOutstandingWeightedAverageExercisePrice,weighted_average_NOT_outstanding,USD/shares,,2026-03-31,2026-05-11,1.03,10-Q,0001193125-26-216950,,False,
ASTS,us-gaap,ShareBasedCompensationArrangementByShareBasedPaymentAwardOptionsOutstandingWeightedAverageExercisePrice,weighted_average_NOT_outstanding,USD/shares,,2026-06-30,2026-08-10,0.95,10-Q,0001193125-26-342550,,False,
ASTS,us-gaap,ShareBasedCompensationArrangementByShareBasedPaymentAwardOptionsVestedAndExpectedToVestExercisableNumber,other_share_concept_NOT_automatically_outstanding,shares,,2021-06-30,2021-08-16,12445664,10-Q,0001493152-21-020153,,False,
ASTS,us-gaap,ShareBasedCompensationArrangementByShareBasedPaymentAwardOptionsVestedAndExpectedToVestExercisableNumber,other_share_concept_NOT_automatically_outstanding,shares,,2021-09-30,2021-11-15,12402116,10-Q,0001493152-21-028642,,False,
ASTS,us-gaap,ShareBasedCompensationArrangementByShareBasedPaymentAwardOptionsVestedAndExpectedToVestExercisableNumber,other_share_concept_NOT_automatically_outstanding,shares,,2021-12-31,2022-03-31,12359322,10-K,0000950170-22-005212,,False,
ASTS,us-gaap,ShareBasedCompensationArrangementByShareBasedPaymentAwardOptionsVestedAndExpectedToVestExercisableNumber,other_share_concept_NOT_automatically_outstanding,shares,,2022-03-31,2022-05-16,11574068,10-Q,0000950170-22-010115,,False,
ASTS,us-gaap,ShareBasedCompensationArrangementByShareBasedPaymentAwardOptionsVestedAndExpectedToVestExercisableNumber,other_share_concept_NOT_automatically_outstanding,shares,,2022-06-30,2022-08-16,11323469,10-Q,0000950170-22-017458,,False,
ASTS,us-gaap,ShareBasedCompensationArrangementByShareBasedPaymentAwardOptionsVestedAndExpectedToVestExercisableNumber,other_share_concept_NOT_automatically_outstanding,shares,,2022-09-30,2022-11-14,10976360,10-Q,0000950170-22-025059,,False,
ASTS,us-gaap,ShareBasedCompensationArrangementByShareBasedPaymentAwardOptionsVestedAndExpectedToVestExercisableNumber,other_share_concept_NOT_automatically_outstanding,shares,,2022-12-31,2023-03-31,9388382,10-K,0000950170-23-011124,,False,
ASTS,us-gaap,ShareBasedCompensationArrangementByShareBasedPaymentAwardOptionsVestedAndExpectedToVestExercisableNumber,other_share_concept_NOT_automatically_outstanding,shares,,2023-03-31,2023-05-15,7898540,10-Q,0000950170-23-022235,,False,
ASTS,us-gaap,ShareBasedCompensationArrangementByShareBasedPaymentAwardOptionsVestedAndExpectedToVestExercisableNumber,other_share_concept_NOT_automatically_outstanding,shares,,2023-06-30,2023-08-14,6467845,10-Q,0000950170-23-042394,,False,
ASTS,us-gaap,ShareBasedCompensationArrangementByShareBasedPaymentAwardOptionsVestedAndExpectedToVestExercisableNumber,other_share_concept_NOT_automatically_outstanding,shares,,2023-09-30,2023-11-14,6391487,10-Q,0000950170-23-063737,,False,
ASTS,us-gaap,ShareBasedCompensationArrangementByShareBasedPaymentAwardOptionsVestedAndExpectedToVestExercisableNumber,other_share_concept_NOT_automatically_outstanding,shares,,2023-12-31,2024-04-01,6391004,10-K,0000950170-24-039342,,False,
ASTS,us-gaap,ShareBasedCompensationArrangementByShareBasedPaymentAwardOptionsVestedAndExpectedToVestExercisableNumber,other_share_concept_NOT_automatically_outstanding,shares,,2024-03-31,2024-05-15,6054327,10-Q,0000950170-24-060499,,False,
ASTS,us-gaap,ShareBasedCompensationArrangementByShareBasedPaymentAwardOptionsVestedAndExpectedToVestExercisableNumber,other_share_concept_NOT_automatically_outstanding,shares,,2024-06-30,2024-08-14,6231544,10-Q,0000950170-24-097099,,False,
ASTS,us-gaap,ShareBasedCompensationArrangementByShareBasedPaymentAwardOptionsVestedAndExpectedToVestExercisableNumber,other_share_concept_NOT_automatically_outstanding,shares,,2024-09-30,2024-11-14,6045907,10-Q,0000950170-24-127101,,False,
ASTS,us-gaap,ShareBasedCompensationArrangementByShareBasedPaymentAwardOptionsVestedAndExpectedToVestExercisableNumber,other_share_concept_NOT_automatically_outstanding,shares,,2024-12-31,2025-03-03,5634406,10-K,0000950170-25-030909,,False,
ASTS,us-gaap,ShareBasedCompensationArrangementByShareBasedPaymentAwardOptionsVestedAndExpectedToVestExercisableNumber,other_share_concept_NOT_automatically_outstanding,shares,,2025-03-31,2025-05-12,5264393,10-Q,0000950170-25-069403,,False,
ASTS,us-gaap,ShareBasedCompensationArrangementByShareBasedPaymentAwardOptionsVestedAndExpectedToVestExercisableNumber,other_share_concept_NOT_automatically_outstanding,shares,,2025-06-30,2025-08-11,4565034,10-Q,0000950170-25-106627,,False,
ASTS,us-gaap,ShareBasedCompensationArrangementByShareBasedPaymentAwardOptionsVestedAndExpectedToVestExercisableNumber,other_share_concept_NOT_automatically_outstanding,shares,,2025-09-30,2025-11-10,4235131,10-Q,0001193125-25-274391,,False,
ASTS,us-gaap,ShareBasedCompensationArrangementByShareBasedPaymentAwardOptionsVestedAndExpectedToVestExercisableNumber,other_share_concept_NOT_automatically_outstanding,shares,,2025-12-31,2026-03-02,3921920,10-K,0001780312-26-000006,,False,
ASTS,us-gaap,ShareBasedCompensationArrangementByShareBasedPaymentAwardOptionsVestedAndExpectedToVestExercisableNumber,other_share_concept_NOT_automatically_outstanding,shares,,2026-03-31,2026-05-11,3760461,10-Q,0001193125-26-216950,,False,
ASTS,us-gaap,ShareBasedCompensationArrangementByShareBasedPaymentAwardOptionsVestedAndExpectedToVestExercisableNumber,other_share_concept_NOT_automatically_outstanding,shares,,2026-06-30,2026-08-10,3527445,10-Q,0001193125-26-342550,,False,
ASTS,us-gaap,ShareBasedCompensationArrangementByShareBasedPaymentAwardOptionsVestedAndExpectedToVestExercisableWeightedAverageExercisePrice,weighted_average_NOT_outstanding,USD/shares,,2021-06-30,2021-08-16,0.84,10-Q,0001493152-21-020153,,False,
ASTS,us-gaap,ShareBasedCompensationArrangementByShareBasedPaymentAwardOptionsVestedAndExpectedToVestExercisableWeightedAverageExercisePrice,weighted_average_NOT_outstanding,USD/shares,,2021-09-30,2021-11-15,0.83,10-Q,0001493152-21-028642,,False,
ASTS,us-gaap,ShareBasedCompensationArrangementByShareBasedPaymentAwardOptionsVestedAndExpectedToVestExercisableWeightedAverageExercisePrice,weighted_average_NOT_outstanding,USD/shares,,2021-12-31,2022-03-31,0.83,10-K,0000950170-22-005212,,False,
ASTS,us-gaap,ShareBasedCompensationArrangementByShareBasedPaymentAwardOptionsVestedAndExpectedToVestExercisableWeightedAverageExercisePrice,weighted_average_NOT_outstanding,USD/shares,,2022-03-31,2022-05-16,0.87,10-Q,0000950170-22-010115,,False,
ASTS,us-gaap,ShareBasedCompensationArrangementByShareBasedPaymentAwardOptionsVestedAndExpectedToVestExercisableWeightedAverageExercisePrice,weighted_average_NOT_outstanding,USD/shares,,2022-06-30,2022-08-16,0.86,10-Q,0000950170-22-017458,,False,
ASTS,us-gaap,ShareBasedCompensationArrangementByShareBasedPaymentAwardOptionsVestedAndExpectedToVestExercisableWeightedAverageExercisePrice,weighted_average_NOT_outstanding,USD/shares,,2022-09-30,2022-11-14,0.84,10-Q,0000950170-22-025059,,False,
ASTS,us-gaap,ShareBasedCompensationArrangementByShareBasedPaymentAwardOptionsVestedAndExpectedToVestExercisableWeightedAverageExercisePrice,weighted_average_NOT_outstanding,USD/shares,,2022-12-31,2023-03-31,0.87,10-K,0000950170-23-011124,,False,
ASTS,us-gaap,ShareBasedCompensationArrangementByShareBasedPaymentAwardOptionsVestedAndExpectedToVestExercisableWeightedAverageExercisePrice,weighted_average_NOT_outstanding,USD/shares,,2023-03-31,2023-05-15,1.03,10-Q,0000950170-23-022235,,False,
ASTS,us-gaap,ShareBasedCompensationArrangementByShareBasedPaymentAwardOptionsVestedAndExpectedToVestExercisableWeightedAverageExercisePrice,weighted_average_NOT_outstanding,USD/shares,,2023-06-30,2023-08-14,1.23,10-Q,0000950170-23-042394,,False,
ASTS,us-gaap,ShareBasedCompensationArrangementByShareBasedPaymentAwardOptionsVestedAndExpectedToVestExercisableWeightedAverageExercisePrice,weighted_average_NOT_outstanding,USD/shares,,2023-09-30,2023-11-14,1.24,10-Q,0000950170-23-063737,,False,
ASTS,us-gaap,ShareBasedCompensationArrangementByShareBasedPaymentAwardOptionsVestedAndExpectedToVestExercisableWeightedAverageExercisePrice,weighted_average_NOT_outstanding,USD/shares,,2023-12-31,2024-04-01,1.24,10-K,0000950170-24-039342,,False,
ASTS,us-gaap,ShareBasedCompensationArrangementByShareBasedPaymentAwardOptionsVestedAndExpectedToVestExercisableWeightedAverageExercisePrice,weighted_average_NOT_outstanding,USD/shares,,2024-03-31,2024-05-15,1.3,10-Q,0000950170-24-060499,,False,
ASTS,us-gaap,ShareBasedCompensationArrangementByShareBasedPaymentAwardOptionsVestedAndExpectedToVestExercisableWeightedAverageExercisePrice,weighted_average_NOT_outstanding,USD/shares,,2024-06-30,2024-08-14,1.29,10-Q,0000950170-24-097099,,False,
ASTS,us-gaap,ShareBasedCompensationArrangementByShareBasedPaymentAwardOptionsVestedAndExpectedToVestExercisableWeightedAverageExercisePrice,weighted_average_NOT_outstanding,USD/shares,,2024-09-30,2024-11-14,1.21,10-Q,0000950170-24-127101,,False,
ASTS,us-gaap,ShareBasedCompensationArrangementByShareBasedPaymentAwardOptionsVestedAndExpectedToVestExercisableWeightedAverageExercisePrice,weighted_average_NOT_outstanding,USD/shares,,2024-12-31,2025-03-03,1.24,10-K,0000950170-25-030909,,False,
ASTS,us-gaap,ShareBasedCompensationArrangementByShareBasedPaymentAwardOptionsVestedAndExpectedToVestExercisableWeightedAverageExercisePrice,weighted_average_NOT_outstanding,USD/shares,,2025-03-31,2025-05-12,1.06,10-Q,0000950170-25-069403,,False,
ASTS,us-gaap,ShareBasedCompensationArrangementByShareBasedPaymentAwardOptionsVestedAndExpectedToVestExercisableWeightedAverageExercisePrice,weighted_average_NOT_outstanding,USD/shares,,2025-06-30,2025-08-11,1.11,10-Q,0000950170-25-106627,,False,
ASTS,us-gaap,ShareBasedCompensationArrangementByShareBasedPaymentAwardOptionsVestedAndExpectedToVestExercisableWeightedAverageExercisePrice,weighted_average_NOT_outstanding,USD/shares,,2025-09-30,2025-11-10,1.16,10-Q,0001193125-25-274391,,False,
ASTS,us-gaap,ShareBasedCompensationArrangementByShareBasedPaymentAwardOptionsVestedAndExpectedToVestExercisableWeightedAverageExercisePrice,weighted_average_NOT_outstanding,USD/shares,,2025-12-31,2026-03-02,1.16,10-K,0001780312-26-000006,,False,
ASTS,us-gaap,ShareBasedCompensationArrangementByShareBasedPaymentAwardOptionsVestedAndExpectedToVestExercisableWeightedAverageExercisePrice,weighted_average_NOT_outstanding,USD/shares,,2026-03-31,2026-05-11,1.15,10-Q,0001193125-26-216950,,False,
ASTS,us-gaap,ShareBasedCompensationArrangementByShareBasedPaymentAwardOptionsVestedAndExpectedToVestExercisableWeightedAverageExercisePrice,weighted_average_NOT_outstanding,USD/shares,,2026-06-30,2026-08-10,1.06,10-Q,0001193125-26-342550,,False,
ASTS,us-gaap,ShareBasedCompensationArrangementsByShareBasedPaymentAwardOptionsExercisesInPeriodWeightedAverageExercisePrice,weighted_average_NOT_outstanding,USD/shares,2021-01-01,2021-06-30,2021-08-16,0.06,10-Q,0001493152-21-020153,181,False,
ASTS,us-gaap,ShareBasedCompensationArrangementsByShareBasedPaymentAwardOptionsExercisesInPeriodWeightedAverageExercisePrice,weighted_average_NOT_outstanding,USD/shares,2021-01-01,2021-09-30,2021-11-15,0.06,10-Q,0001493152-21-028642,273,False,
ASTS,us-gaap,ShareBasedCompensationArrangementsByShareBasedPaymentAwardOptionsExercisesInPeriodWeightedAverageExercisePrice,weighted_average_NOT_outstanding,USD/shares,2021-01-01,2021-12-31,2022-03-31,0.06,10-K,0000950170-22-005212,365,False,
ASTS,us-gaap,ShareBasedCompensationArrangementsByShareBasedPaymentAwardOptionsExercisesInPeriodWeightedAverageExercisePrice,weighted_average_NOT_outstanding,USD/shares,2022-01-01,2022-03-31,2022-05-16,0.06,10-Q,0000950170-22-010115,90,False,
ASTS,us-gaap,ShareBasedCompensationArrangementsByShareBasedPaymentAwardOptionsExercisesInPeriodWeightedAverageExercisePrice,weighted_average_NOT_outstanding,USD/shares,2022-01-01,2022-06-30,2022-08-16,0.06,10-Q,0000950170-22-017458,181,False,
ASTS,us-gaap,ShareBasedCompensationArrangementsByShareBasedPaymentAwardOptionsExercisesInPeriodWeightedAverageExercisePrice,weighted_average_NOT_outstanding,USD/shares,2022-01-01,2022-09-30,2022-11-14,0.09,10-Q,0000950170-22-025059,273,False,
ASTS,us-gaap,ShareBasedCompensationArrangementsByShareBasedPaymentAwardOptionsExercisesInPeriodWeightedAverageExercisePrice,weighted_average_NOT_outstanding,USD/shares,2022-01-01,2022-12-31,2023-03-31,0.1,10-K,0000950170-23-011124,365,False,
ASTS,us-gaap,ShareBasedCompensationArrangementsByShareBasedPaymentAwardOptionsExercisesInPeriodWeightedAverageExercisePrice,weighted_average_NOT_outstanding,USD/shares,2023-01-01,2023-03-31,2023-05-15,0.06,10-Q,0000950170-23-022235,90,False,
ASTS,us-gaap,ShareBasedCompensationArrangementsByShareBasedPaymentAwardOptionsExercisesInPeriodWeightedAverageExercisePrice,weighted_average_NOT_outstanding,USD/shares,2023-01-01,2023-06-30,2023-08-14,0.06,10-Q,0000950170-23-042394,181,False,
ASTS,us-gaap,ShareBasedCompensationArrangementsByShareBasedPaymentAwardOptionsExercisesInPeriodWeightedAverageExercisePrice,weighted_average_NOT_outstanding,USD/shares,2023-01-01,2023-09-30,2023-11-14,0.08,10-Q,0000950170-23-063737,273,False,
ASTS,us-gaap,ShareBasedCompensationArrangementsByShareBasedPaymentAwardOptionsExercisesInPeriodWeightedAverageExercisePrice,weighted_average_NOT_outstanding,USD/shares,2023-01-01,2023-12-31,2024-04-01,0.08,10-K,0000950170-24-039342,365,False,
ASTS,us-gaap,ShareBasedCompensationArrangementsByShareBasedPaymentAwardOptionsExercisesInPeriodWeightedAverageExercisePrice,weighted_average_NOT_outstanding,USD/shares,2024-01-01,2024-03-31,2024-05-15,0.06,10-Q,0000950170-24-060499,91,False,
ASTS,us-gaap,ShareBasedCompensationArrangementsByShareBasedPaymentAwardOptionsExercisesInPeriodWeightedAverageExercisePrice,weighted_average_NOT_outstanding,USD/shares,2024-01-01,2024-06-30,2024-08-14,0.11,10-Q,0000950170-24-097099,182,False,
ASTS,us-gaap,ShareBasedCompensationArrangementsByShareBasedPaymentAwardOptionsExercisesInPeriodWeightedAverageExercisePrice,weighted_average_NOT_outstanding,USD/shares,2024-01-01,2024-09-30,2024-11-14,0.11,10-Q,0000950170-24-127101,274,False,
ASTS,us-gaap,ShareBasedCompensationArrangementsByShareBasedPaymentAwardOptionsExercisesInPeriodWeightedAverageExercisePrice,weighted_average_NOT_outstanding,USD/shares,2024-01-01,2024-12-31,2025-03-03,0.33,10-K,0000950170-25-030909,366,False,
ASTS,us-gaap,ShareBasedCompensationArrangementsByShareBasedPaymentAwardOptionsExercisesInPeriodWeightedAverageExercisePrice,weighted_average_NOT_outstanding,USD/shares,2024-01-01,2024-12-31,2025-05-12,1.14,10-Q,0000950170-25-069403,366,False,
ASTS,us-gaap,ShareBasedCompensationArrangementsByShareBasedPaymentAwardOptionsExercisesInPeriodWeightedAverageExercisePrice,weighted_average_NOT_outstanding,USD/shares,2025-01-01,2025-03-31,2025-05-12,3.58,10-Q,0000950170-25-069403,90,False,
ASTS,us-gaap,ShareBasedCompensationArrangementsByShareBasedPaymentAwardOptionsExercisesInPeriodWeightedAverageExercisePrice,weighted_average_NOT_outstanding,USD/shares,2025-01-01,2025-06-30,2025-08-11,1.68,10-Q,0000950170-25-106627,181,False,
ASTS,us-gaap,ShareBasedCompensationArrangementsByShareBasedPaymentAwardOptionsExercisesInPeriodWeightedAverageExercisePrice,weighted_average_NOT_outstanding,USD/shares,2025-01-01,2025-09-30,2025-11-10,1.39,10-Q,0001193125-25-274391,273,False,
ASTS,us-gaap,ShareBasedCompensationArrangementsByShareBasedPaymentAwardOptionsExercisesInPeriodWeightedAverageExercisePrice,weighted_average_NOT_outstanding,USD/shares,2025-01-01,2025-12-31,2026-03-02,1.35,10-K,0001780312-26-000006,365,False,
ASTS,us-gaap,ShareBasedCompensationArrangementsByShareBasedPaymentAwardOptionsExercisesInPeriodWeightedAverageExercisePrice,weighted_average_NOT_outstanding,USD/shares,2026-01-01,2026-03-31,2026-05-11,1.28,10-Q,0001193125-26-216950,90,False,
ASTS,us-gaap,ShareBasedCompensationArrangementsByShareBasedPaymentAwardOptionsExercisesInPeriodWeightedAverageExercisePrice,weighted_average_NOT_outstanding,USD/shares,2026-01-01,2026-06-30,2026-08-10,2.01,10-Q,0001193125-26-342550,181,False,
ASTS,us-gaap,ShareBasedCompensationArrangementsByShareBasedPaymentAwardOptionsGrantsInPeriodWeightedAverageExercisePrice,weighted_average_NOT_outstanding,USD/shares,2021-01-01,2021-06-30,2021-08-16,10,10-Q,0001493152-21-020153,181,False,
ASTS,us-gaap,ShareBasedCompensationArrangementsByShareBasedPaymentAwardOptionsGrantsInPeriodWeightedAverageExercisePrice,weighted_average_NOT_outstanding,USD/shares,2021-01-01,2021-09-30,2021-11-15,10,10-Q,0001493152-21-028642,273,False,
ASTS,us-gaap,ShareBasedCompensationArrangementsByShareBasedPaymentAwardOptionsGrantsInPeriodWeightedAverageExercisePrice,weighted_average_NOT_outstanding,USD/shares,2021-01-01,2021-12-31,2022-03-31,10,10-K,0000950170-22-005212,365,False,
ASTS,us-gaap,ShareBasedCompensationArrangementsByShareBasedPaymentAwardOptionsGrantsInPeriodWeightedAverageExercisePrice,weighted_average_NOT_outstanding,USD/shares,2022-01-01,2022-06-30,2022-08-16,0,10-Q,0000950170-22-017458,181,False,
ASTS,us-gaap,ShareBasedCompensationArrangementsByShareBasedPaymentAwardOptionsGrantsInPeriodWeightedAverageExercisePrice,weighted_average_NOT_outstanding,USD/shares,2022-01-01,2022-09-30,2022-11-14,0,10-Q,0000950170-22-025059,273,False,
ASTS,us-gaap,ShareBasedCompensationArrangementsByShareBasedPaymentAwardOptionsGrantsInPeriodWeightedAverageExercisePrice,weighted_average_NOT_outstanding,USD/shares,2022-01-01,2022-12-31,2023-03-31,0,10-K,0000950170-23-011124,365,False,
ASTS,us-gaap,ShareBasedCompensationArrangementsByShareBasedPaymentAwardOptionsGrantsInPeriodWeightedAverageExercisePrice,weighted_average_NOT_outstanding,USD/shares,2023-01-01,2023-03-31,2023-05-15,0,10-Q,0000950170-23-022235,90,False,
ASTS,us-gaap,ShareBasedCompensationArrangementsByShareBasedPaymentAwardOptionsGrantsInPeriodWeightedAverageExercisePrice,weighted_average_NOT_outstanding,USD/shares,2023-01-01,2023-06-30,2023-08-14,0,10-Q,0000950170-23-042394,181,False,
ASTS,us-gaap,ShareBasedCompensationArrangementsByShareBasedPaymentAwardOptionsGrantsInPeriodWeightedAverageExercisePrice,weighted_average_NOT_outstanding,USD/shares,2023-01-01,2023-09-30,2023-11-14,0,10-Q,0000950170-23-063737,273,False,
ASTS,us-gaap,ShareBasedCompensationArrangementsByShareBasedPaymentAwardOptionsGrantsInPeriodWeightedAverageExercisePrice,weighted_average_NOT_outstanding,USD/shares,2023-01-01,2023-12-31,2024-04-01,0,10-K,0000950170-24-039342,365,False,
ASTS,us-gaap,ShareBasedCompensationArrangementsByShareBasedPaymentAwardOptionsGrantsInPeriodWeightedAverageExercisePrice,weighted_average_NOT_outstanding,USD/shares,2024-01-01,2024-03-31,2024-05-15,0,10-Q,0000950170-24-060499,91,False,
ASTS,us-gaap,ShareBasedCompensationArrangementsByShareBasedPaymentAwardOptionsGrantsInPeriodWeightedAverageExercisePrice,weighted_average_NOT_outstanding,USD/shares,2024-01-01,2024-06-30,2024-08-14,0,10-Q,0000950170-24-097099,182,False,
ASTS,us-gaap,ShareBasedCompensationArrangementsByShareBasedPaymentAwardOptionsGrantsInPeriodWeightedAverageExercisePrice,weighted_average_NOT_outstanding,USD/shares,2024-01-01,2024-09-30,2024-11-14,0,10-Q,0000950170-24-127101,274,False,
ASTS,us-gaap,ShareBasedCompensationArrangementsByShareBasedPaymentAwardOptionsGrantsInPeriodWeightedAverageExercisePrice,weighted_average_NOT_outstanding,USD/shares,2024-01-01,2024-12-31,2025-03-03,0,10-K,0000950170-25-030909,366,False,
ASTS,us-gaap,ShareBasedCompensationArrangementsByShareBasedPaymentAwardOptionsGrantsInPeriodWeightedAverageExercisePrice,weighted_average_NOT_outstanding,USD/shares,2025-01-01,2025-03-31,2025-05-12,0,10-Q,0000950170-25-069403,90,False,
ASTS,us-gaap,ShareBasedCompensationArrangementsByShareBasedPaymentAwardOptionsGrantsInPeriodWeightedAverageExercisePrice,weighted_average_NOT_outstanding,USD/shares,2025-01-01,2025-06-30,2025-08-11,0,10-Q,0000950170-25-106627,181,False,
ASTS,us-gaap,ShareBasedCompensationArrangementsByShareBasedPaymentAwardOptionsGrantsInPeriodWeightedAverageExercisePrice,weighted_average_NOT_outstanding,USD/shares,2025-01-01,2025-09-30,2025-11-10,0,10-Q,0001193125-25-274391,273,False,
ASTS,us-gaap,ShareBasedCompensationArrangementsByShareBasedPaymentAwardOptionsGrantsInPeriodWeightedAverageExercisePrice,weighted_average_NOT_outstanding,USD/shares,2025-01-01,2025-12-31,2026-03-02,0,10-K,0001780312-26-000006,365,False,
ASTS,us-gaap,ShareBasedCompensationArrangementsByShareBasedPaymentAwardOptionsGrantsInPeriodWeightedAverageExercisePrice,weighted_average_NOT_outstanding,USD/shares,2026-01-01,2026-03-31,2026-05-11,0,10-Q,0001193125-26-216950,90,False,
ASTS,us-gaap,ShareBasedCompensationArrangementsByShareBasedPaymentAwardOptionsGrantsInPeriodWeightedAverageExercisePrice,weighted_average_NOT_outstanding,USD/shares,2026-01-01,2026-06-30,2026-08-10,0,10-Q,0001193125-26-342550,181,False,
ASTS,us-gaap,SharebasedCompensationArrangementBySharebasedPaymentAwardOptionsNonvestedNumberOfShares,other_share_concept_NOT_automatically_outstanding,shares,,2020-12-31,2021-08-16,6526494,10-Q,0001493152-21-020153,,False,
ASTS,us-gaap,SharebasedCompensationArrangementBySharebasedPaymentAwardOptionsNonvestedNumberOfShares,other_share_concept_NOT_automatically_outstanding,shares,,2020-12-31,2021-11-15,6526494,10-Q,0001493152-21-028642,,False,
ASTS,us-gaap,SharebasedCompensationArrangementBySharebasedPaymentAwardOptionsNonvestedNumberOfShares,other_share_concept_NOT_automatically_outstanding,shares,,2020-12-31,2022-03-31,6526496,10-K,0000950170-22-005212,,False,
ASTS,us-gaap,SharebasedCompensationArrangementBySharebasedPaymentAwardOptionsNonvestedNumberOfShares,other_share_concept_NOT_automatically_outstanding,shares,,2021-06-30,2021-08-16,5945232,10-Q,0001493152-21-020153,,False,
ASTS,us-gaap,SharebasedCompensationArrangementBySharebasedPaymentAwardOptionsNonvestedNumberOfShares,other_share_concept_NOT_automatically_outstanding,shares,,2021-09-30,2021-11-15,5305740,10-Q,0001493152-21-028642,,False,
ASTS,us-gaap,SharebasedCompensationArrangementBySharebasedPaymentAwardOptionsNonvestedNumberOfShares,other_share_concept_NOT_automatically_outstanding,shares,,2021-12-31,2022-03-31,5188990,10-K,0000950170-22-005212,,False,
ASTS,us-gaap,SharebasedCompensationArrangementBySharebasedPaymentAwardOptionsNonvestedNumberOfShares,other_share_concept_NOT_automatically_outstanding,shares,,2021-12-31,2022-05-16,5188990,10-Q,0000950170-22-010115,,False,
ASTS,us-gaap,SharebasedCompensationArrangementBySharebasedPaymentAwardOptionsNonvestedNumberOfShares,other_share_concept_NOT_automatically_outstanding,shares,,2021-12-31,2022-08-16,5188990,10-Q,0000950170-22-017458,,False,
ASTS,us-gaap,SharebasedCompensationArrangementBySharebasedPaymentAwardOptionsNonvestedNumberOfShares,other_share_concept_NOT_automatically_outstanding,shares,,2021-12-31,2022-11-14,5188990,10-Q,0000950170-22-025059,,False,
ASTS,us-gaap,SharebasedCompensationArrangementBySharebasedPaymentAwardOptionsNonvestedNumberOfShares,other_share_concept_NOT_automatically_outstanding,shares,,2021-12-31,2023-03-31,5188990,10-K,0000950170-23-011124,,False,
ASTS,us-gaap,SharebasedCompensationArrangementBySharebasedPaymentAwardOptionsNonvestedNumberOfShares,other_share_concept_NOT_automatically_outstanding,shares,,2022-03-31,2022-05-16,4505343,10-Q,0000950170-22-010115,,False,
ASTS,us-gaap,SharebasedCompensationArrangementBySharebasedPaymentAwardOptionsNonvestedNumberOfShares,other_share_concept_NOT_automatically_outstanding,shares,,2022-06-30,2022-08-16,3803330,10-Q,0000950170-22-017458,,False,
ASTS,us-gaap,SharebasedCompensationArrangementBySharebasedPaymentAwardOptionsNonvestedNumberOfShares,other_share_concept_NOT_automatically_outstanding,shares,,2022-09-30,2022-11-14,3082197,10-Q,0000950170-22-025059,,False,
ASTS,us-gaap,SharebasedCompensationArrangementBySharebasedPaymentAwardOptionsNonvestedNumberOfShares,other_share_concept_NOT_automatically_outstanding,shares,,2022-12-31,2023-03-31,2645240,10-K,0000950170-23-011124,,False,
ASTS,us-gaap,SharebasedCompensationArrangementBySharebasedPaymentAwardOptionsNonvestedNumberOfShares,other_share_concept_NOT_automatically_outstanding,shares,,2022-12-31,2023-05-15,2645240,10-Q,0000950170-23-022235,,False,
ASTS,us-gaap,SharebasedCompensationArrangementBySharebasedPaymentAwardOptionsNonvestedNumberOfShares,other_share_concept_NOT_automatically_outstanding,shares,,2022-12-31,2023-08-14,2645240,10-Q,0000950170-23-042394,,False,
ASTS,us-gaap,SharebasedCompensationArrangementBySharebasedPaymentAwardOptionsNonvestedNumberOfShares,other_share_concept_NOT_automatically_outstanding,shares,,2022-12-31,2023-11-14,2645240,10-Q,0000950170-23-063737,,False,
ASTS,us-gaap,SharebasedCompensationArrangementBySharebasedPaymentAwardOptionsNonvestedNumberOfShares,other_share_concept_NOT_automatically_outstanding,shares,,2022-12-31,2024-04-01,2645240,10-K,0000950170-24-039342,,False,
ASTS,us-gaap,SharebasedCompensationArrangementBySharebasedPaymentAwardOptionsNonvestedNumberOfShares,other_share_concept_NOT_automatically_outstanding,shares,,2023-03-31,2023-05-15,2427256,10-Q,0000950170-23-022235,,False,
ASTS,us-gaap,SharebasedCompensationArrangementBySharebasedPaymentAwardOptionsNonvestedNumberOfShares,other_share_concept_NOT_automatically_outstanding,shares,,2023-06-30,2023-08-14,2189452,10-Q,0000950170-23-042394,,False,
ASTS,us-gaap,SharebasedCompensationArrangementBySharebasedPaymentAwardOptionsNonvestedNumberOfShares,other_share_concept_NOT_automatically_outstanding,shares,,2023-09-30,2023-11-14,1989474,10-Q,0000950170-23-063737,,False,
ASTS,us-gaap,SharebasedCompensationArrangementBySharebasedPaymentAwardOptionsNonvestedNumberOfShares,other_share_concept_NOT_automatically_outstanding,shares,,2023-12-31,2024-04-01,1809555,10-K,0000950170-24-039342,,False,
ASTS,us-gaap,SharebasedCompensationArrangementBySharebasedPaymentAwardOptionsNonvestedNumberOfShares,other_share_concept_NOT_automatically_outstanding,shares,,2023-12-31,2024-05-15,1809555,10-Q,0000950170-24-060499,,False,
ASTS,us-gaap,SharebasedCompensationArrangementBySharebasedPaymentAwardOptionsNonvestedNumberOfShares,other_share_concept_NOT_automatically_outstanding,shares,,2023-12-31,2024-08-14,1809555,10-Q,0000950170-24-097099,,False,
ASTS,us-gaap,SharebasedCompensationArrangementBySharebasedPaymentAwardOptionsNonvestedNumberOfShares,other_share_concept_NOT_automatically_outstanding,shares,,2023-12-31,2024-11-14,1809555,10-Q,0000950170-24-127101,,False,
ASTS,us-gaap,SharebasedCompensationArrangementBySharebasedPaymentAwardOptionsNonvestedNumberOfShares,other_share_concept_NOT_automatically_outstanding,shares,,2023-12-31,2025-03-03,1809555,10-K,0000950170-25-030909,,False,
ASTS,us-gaap,SharebasedCompensationArrangementBySharebasedPaymentAwardOptionsNonvestedNumberOfShares,other_share_concept_NOT_automatically_outstanding,shares,,2024-03-31,2024-05-15,1724244,10-Q,0000950170-24-060499,,False,
ASTS,us-gaap,SharebasedCompensationArrangementBySharebasedPaymentAwardOptionsNonvestedNumberOfShares,other_share_concept_NOT_automatically_outstanding,shares,,2024-06-30,2024-08-14,1128546,10-Q,0000950170-24-097099,,False,
ASTS,us-gaap,SharebasedCompensationArrangementBySharebasedPaymentAwardOptionsNonvestedNumberOfShares,other_share_concept_NOT_automatically_outstanding,shares,,2024-09-30,2024-11-14,938430,10-Q,0000950170-24-127101,,False,
ASTS,us-gaap,SharebasedCompensationArrangementBySharebasedPaymentAwardOptionsNonvestedNumberOfShares,other_share_concept_NOT_automatically_outstanding,shares,,2024-12-31,2025-03-03,869112,10-K,0000950170-25-030909,,False,
ASTS,us-gaap,SharebasedCompensationArrangementBySharebasedPaymentAwardOptionsNonvestedNumberOfShares,other_share_concept_NOT_automatically_outstanding,shares,,2024-12-31,2025-05-12,869112,10-Q,0000950170-25-069403,,False,
ASTS,us-gaap,SharebasedCompensationArrangementBySharebasedPaymentAwardOptionsNonvestedNumberOfShares,other_share_concept_NOT_automatically_outstanding,shares,,2024-12-31,2025-08-11,869112,10-Q,0000950170-25-106627,,False,
ASTS,us-gaap,SharebasedCompensationArrangementBySharebasedPaymentAwardOptionsNonvestedNumberOfShares,other_share_concept_NOT_automatically_outstanding,shares,,2024-12-31,2025-11-10,869112,10-Q,0001193125-25-274391,,False,
ASTS,us-gaap,SharebasedCompensationArrangementBySharebasedPaymentAwardOptionsNonvestedNumberOfShares,other_share_concept_NOT_automatically_outstanding,shares,,2024-12-31,2026-03-02,869112,10-K,0001780312-26-000006,,False,
ASTS,us-gaap,SharebasedCompensationArrangementBySharebasedPaymentAwardOptionsNonvestedNumberOfShares,other_share_concept_NOT_automatically_outstanding,shares,,2025-03-31,2025-05-12,808616,10-Q,0000950170-25-069403,,False,
ASTS,us-gaap,SharebasedCompensationArrangementBySharebasedPaymentAwardOptionsNonvestedNumberOfShares,other_share_concept_NOT_automatically_outstanding,shares,,2025-06-30,2025-08-11,783650,10-Q,0000950170-25-106627,,False,
ASTS,us-gaap,SharebasedCompensationArrangementBySharebasedPaymentAwardOptionsNonvestedNumberOfShares,other_share_concept_NOT_automatically_outstanding,shares,,2025-09-30,2025-11-10,765934,10-Q,0001193125-25-274391,,False,
ASTS,us-gaap,SharebasedCompensationArrangementBySharebasedPaymentAwardOptionsNonvestedNumberOfShares,other_share_concept_NOT_automatically_outstanding,shares,,2025-12-31,2026-03-02,755857,10-K,0001780312-26-000006,,False,
ASTS,us-gaap,SharebasedCompensationArrangementBySharebasedPaymentAwardOptionsNonvestedNumberOfShares,other_share_concept_NOT_automatically_outstanding,shares,,2025-12-31,2026-05-11,755857,10-Q,0001193125-26-216950,,False,
ASTS,us-gaap,SharebasedCompensationArrangementBySharebasedPaymentAwardOptionsNonvestedNumberOfShares,other_share_concept_NOT_automatically_outstanding,shares,,2025-12-31,2026-08-10,755857,10-Q,0001193125-26-342550,,False,
ASTS,us-gaap,SharebasedCompensationArrangementBySharebasedPaymentAwardOptionsNonvestedNumberOfShares,other_share_concept_NOT_automatically_outstanding,shares,,2026-03-31,2026-05-11,755857,10-Q,0001193125-26-216950,,False,
ASTS,us-gaap,SharebasedCompensationArrangementBySharebasedPaymentAwardOptionsNonvestedNumberOfShares,other_share_concept_NOT_automatically_outstanding,shares,,2026-06-30,2026-08-10,755857,10-Q,0001193125-26-342550,,False,
ASTS,us-gaap,SharebasedCompensationArrangementBySharebasedPaymentAwardOptionsNonvestedOptionsForfeitedNumberOfShares,other_share_concept_NOT_automatically_outstanding,shares,2021-01-01,2021-06-30,2021-08-16,105670,10-Q,0001493152-21-020153,181,False,
ASTS,us-gaap,SharebasedCompensationArrangementBySharebasedPaymentAwardOptionsNonvestedOptionsForfeitedNumberOfShares,other_share_concept_NOT_automatically_outstanding,shares,2021-01-01,2021-09-30,2021-11-15,149175,10-Q,0001493152-21-028642,273,False,
ASTS,us-gaap,SharebasedCompensationArrangementBySharebasedPaymentAwardOptionsNonvestedOptionsForfeitedNumberOfShares,other_share_concept_NOT_automatically_outstanding,shares,2021-01-01,2021-12-31,2022-03-31,214438,10-K,0000950170-22-005212,365,False,
ASTS,us-gaap,SharebasedCompensationArrangementBySharebasedPaymentAwardOptionsNonvestedOptionsForfeitedNumberOfShares,other_share_concept_NOT_automatically_outstanding,shares,2022-01-01,2022-03-31,2022-05-16,217522,10-Q,0000950170-22-010115,90,False,
ASTS,us-gaap,SharebasedCompensationArrangementBySharebasedPaymentAwardOptionsNonvestedOptionsForfeitedNumberOfShares,other_share_concept_NOT_automatically_outstanding,shares,2022-01-01,2022-06-30,2022-08-16,468161,10-Q,0000950170-22-017458,181,False,
ASTS,us-gaap,SharebasedCompensationArrangementBySharebasedPaymentAwardOptionsNonvestedOptionsForfeitedNumberOfShares,other_share_concept_NOT_automatically_outstanding,shares,2022-01-01,2022-09-30,2022-11-14,744934,10-Q,0000950170-22-025059,273,False,
ASTS,us-gaap,SharebasedCompensationArrangementBySharebasedPaymentAwardOptionsNonvestedOptionsForfeitedNumberOfShares,other_share_concept_NOT_automatically_outstanding,shares,2022-01-01,2022-12-31,2023-03-31,744934,10-K,0000950170-23-011124,365,False,
ASTS,us-gaap,SharebasedCompensationArrangementBySharebasedPaymentAwardOptionsNonvestedOptionsForfeitedNumberOfShares,other_share_concept_NOT_automatically_outstanding,shares,2023-01-01,2023-03-31,2023-05-15,0,10-Q,0000950170-23-022235,90,False,
ASTS,us-gaap,SharebasedCompensationArrangementBySharebasedPaymentAwardOptionsNonvestedOptionsForfeitedNumberOfShares,other_share_concept_NOT_automatically_outstanding,shares,2023-01-01,2023-06-30,2023-08-14,21150,10-Q,0000950170-23-042394,181,False,
ASTS,us-gaap,SharebasedCompensationArrangementBySharebasedPaymentAwardOptionsNonvestedOptionsForfeitedNumberOfShares,other_share_concept_NOT_automatically_outstanding,shares,2023-01-01,2023-09-30,2023-11-14,20787,10-Q,0000950170-23-063737,273,False,
ASTS,us-gaap,SharebasedCompensationArrangementBySharebasedPaymentAwardOptionsNonvestedOptionsForfeitedNumberOfShares,other_share_concept_NOT_automatically_outstanding,shares,2023-01-01,2023-12-31,2024-04-01,21270,10-K,0000950170-24-039342,365,False,
ASTS,us-gaap,SharebasedCompensationArrangementBySharebasedPaymentAwardOptionsNonvestedOptionsForfeitedNumberOfShares,other_share_concept_NOT_automatically_outstanding,shares,2024-01-01,2024-03-31,2024-05-15,3626,10-Q,0000950170-24-060499,91,False,
ASTS,us-gaap,SharebasedCompensationArrangementBySharebasedPaymentAwardOptionsNonvestedOptionsForfeitedNumberOfShares,other_share_concept_NOT_automatically_outstanding,shares,2024-01-01,2024-06-30,2024-08-14,14623,10-Q,0000950170-24-097099,182,False,
ASTS,us-gaap,SharebasedCompensationArrangementBySharebasedPaymentAwardOptionsNonvestedOptionsForfeitedNumberOfShares,other_share_concept_NOT_automatically_outstanding,shares,2024-01-01,2024-09-30,2024-11-14,141753,10-Q,0000950170-24-127101,274,False,
ASTS,us-gaap,SharebasedCompensationArrangementBySharebasedPaymentAwardOptionsNonvestedOptionsForfeitedNumberOfShares,other_share_concept_NOT_automatically_outstanding,shares,2024-01-01,2024-12-31,2025-03-03,144172,10-K,0000950170-25-030909,366,False,
ASTS,us-gaap,SharebasedCompensationArrangementBySharebasedPaymentAwardOptionsNonvestedOptionsForfeitedNumberOfShares,other_share_concept_NOT_automatically_outstanding,shares,2025-01-01,2025-03-31,2025-05-12,12690,10-Q,0000950170-25-069403,90,False,
ASTS,us-gaap,SharebasedCompensationArrangementBySharebasedPaymentAwardOptionsNonvestedOptionsForfeitedNumberOfShares,other_share_concept_NOT_automatically_outstanding,shares,2025-01-01,2025-06-30,2025-08-11,12717,10-Q,0000950170-25-106627,181,False,
ASTS,us-gaap,SharebasedCompensationArrangementBySharebasedPaymentAwardOptionsNonvestedOptionsForfeitedNumberOfShares,other_share_concept_NOT_automatically_outstanding,shares,2025-01-01,2025-09-30,2025-11-10,14168,10-Q,0001193125-25-274391,273,False,
ASTS,us-gaap,SharebasedCompensationArrangementBySharebasedPaymentAwardOptionsNonvestedOptionsForfeitedNumberOfShares,other_share_concept_NOT_automatically_outstanding,shares,2025-01-01,2025-12-31,2026-03-02,14167,10-K,0001780312-26-000006,365,False,
ASTS,us-gaap,SharebasedCompensationArrangementBySharebasedPaymentAwardOptionsNonvestedOptionsForfeitedNumberOfShares,other_share_concept_NOT_automatically_outstanding,shares,2026-01-01,2026-03-31,2026-05-11,0,10-Q,0001193125-26-216950,90,False,
ASTS,us-gaap,SharebasedCompensationArrangementBySharebasedPaymentAwardOptionsNonvestedOptionsForfeitedNumberOfShares,other_share_concept_NOT_automatically_outstanding,shares,2026-01-01,2026-06-30,2026-08-10,0,10-Q,0001193125-26-342550,181,False,
ASTS,us-gaap,SharebasedCompensationArrangementBySharebasedPaymentAwardOptionsNonvestedOptionsForfeitedWeightedAverageGrantDateFairValue,weighted_average_NOT_outstanding,USD/shares,2021-01-01,2021-06-30,2021-08-16,1.82,10-Q,0001493152-21-020153,181,False,
ASTS,us-gaap,SharebasedCompensationArrangementBySharebasedPaymentAwardOptionsNonvestedOptionsForfeitedWeightedAverageGrantDateFairValue,weighted_average_NOT_outstanding,USD/shares,2021-01-01,2021-09-30,2021-11-15,0.56,10-Q,0001493152-21-028642,273,False,
ASTS,us-gaap,SharebasedCompensationArrangementBySharebasedPaymentAwardOptionsNonvestedOptionsForfeitedWeightedAverageGrantDateFairValue,weighted_average_NOT_outstanding,USD/shares,2021-01-01,2021-12-31,2022-03-31,0.44,10-K,0000950170-22-005212,365,False,
ASTS,us-gaap,SharebasedCompensationArrangementBySharebasedPaymentAwardOptionsNonvestedOptionsForfeitedWeightedAverageGrantDateFairValue,weighted_average_NOT_outstanding,USD/shares,2022-01-01,2022-03-31,2022-05-16,0.25,10-Q,0000950170-22-010115,90,False,
ASTS,us-gaap,SharebasedCompensationArrangementBySharebasedPaymentAwardOptionsNonvestedOptionsForfeitedWeightedAverageGrantDateFairValue,weighted_average_NOT_outstanding,USD/shares,2022-01-01,2022-06-30,2022-08-16,0.93,10-Q,0000950170-22-017458,181,False,
ASTS,us-gaap,SharebasedCompensationArrangementBySharebasedPaymentAwardOptionsNonvestedOptionsForfeitedWeightedAverageGrantDateFairValue,weighted_average_NOT_outstanding,USD/shares,2022-01-01,2022-09-30,2022-11-14,0.52,10-Q,0000950170-22-025059,273,False,
ASTS,us-gaap,SharebasedCompensationArrangementBySharebasedPaymentAwardOptionsNonvestedOptionsForfeitedWeightedAverageGrantDateFairValue,weighted_average_NOT_outstanding,USD/shares,2022-01-01,2022-12-31,2023-03-31,0.51,10-K,0000950170-23-011124,365,False,
ASTS,us-gaap,SharebasedCompensationArrangementBySharebasedPaymentAwardOptionsNonvestedOptionsForfeitedWeightedAverageGrantDateFairValue,weighted_average_NOT_outstanding,USD/shares,2023-01-01,2023-03-31,2023-05-15,0,10-Q,0000950170-23-022235,90,False,
ASTS,us-gaap,SharebasedCompensationArrangementBySharebasedPaymentAwardOptionsNonvestedOptionsForfeitedWeightedAverageGrantDateFairValue,weighted_average_NOT_outstanding,USD/shares,2023-01-01,2023-06-30,2023-08-14,2.26,10-Q,0000950170-23-042394,181,False,
ASTS,us-gaap,SharebasedCompensationArrangementBySharebasedPaymentAwardOptionsNonvestedOptionsForfeitedWeightedAverageGrantDateFairValue,weighted_average_NOT_outstanding,USD/shares,2023-01-01,2023-09-30,2023-11-14,2.29,10-Q,0000950170-23-063737,273,False,
ASTS,us-gaap,SharebasedCompensationArrangementBySharebasedPaymentAwardOptionsNonvestedOptionsForfeitedWeightedAverageGrantDateFairValue,weighted_average_NOT_outstanding,USD/shares,2023-01-01,2023-12-31,2024-04-01,2.25,10-K,0000950170-24-039342,365,False,
ASTS,us-gaap,SharebasedCompensationArrangementBySharebasedPaymentAwardOptionsNonvestedOptionsForfeitedWeightedAverageGrantDateFairValue,weighted_average_NOT_outstanding,USD/shares,2024-01-01,2024-03-31,2024-05-15,0.6,10-Q,0000950170-24-060499,91,False,
ASTS,us-gaap,SharebasedCompensationArrangementBySharebasedPaymentAwardOptionsNonvestedOptionsForfeitedWeightedAverageGrantDateFairValue,weighted_average_NOT_outstanding,USD/shares,2024-01-01,2024-06-30,2024-08-14,3.2,10-Q,0000950170-24-097099,182,False,
ASTS,us-gaap,SharebasedCompensationArrangementBySharebasedPaymentAwardOptionsNonvestedOptionsForfeitedWeightedAverageGrantDateFairValue,weighted_average_NOT_outstanding,USD/shares,2024-01-01,2024-09-30,2024-11-14,1.61,10-Q,0000950170-24-127101,274,False,
ASTS,us-gaap,SharebasedCompensationArrangementBySharebasedPaymentAwardOptionsNonvestedOptionsForfeitedWeightedAverageGrantDateFairValue,weighted_average_NOT_outstanding,USD/shares,2024-01-01,2024-12-31,2025-03-03,1.77,10-K,0000950170-25-030909,366,False,
ASTS,us-gaap,SharebasedCompensationArrangementBySharebasedPaymentAwardOptionsNonvestedOptionsForfeitedWeightedAverageGrantDateFairValue,weighted_average_NOT_outstanding,USD/shares,2025-01-01,2025-03-31,2025-05-12,10.4,10-Q,0000950170-25-069403,90,False,
ASTS,us-gaap,SharebasedCompensationArrangementBySharebasedPaymentAwardOptionsNonvestedOptionsForfeitedWeightedAverageGrantDateFairValue,weighted_average_NOT_outstanding,USD/shares,2025-01-01,2025-06-30,2025-08-11,10.4,10-Q,0000950170-25-106627,181,False,
ASTS,us-gaap,SharebasedCompensationArrangementBySharebasedPaymentAwardOptionsNonvestedOptionsForfeitedWeightedAverageGrantDateFairValue,weighted_average_NOT_outstanding,USD/shares,2025-01-01,2025-09-30,2025-11-10,4.15,10-Q,0001193125-25-274391,273,False,
ASTS,us-gaap,SharebasedCompensationArrangementBySharebasedPaymentAwardOptionsNonvestedOptionsForfeitedWeightedAverageGrantDateFairValue,weighted_average_NOT_outstanding,USD/shares,2025-01-01,2025-12-31,2026-03-02,4.15,10-K,0001780312-26-000006,365,False,
ASTS,us-gaap,SharebasedCompensationArrangementBySharebasedPaymentAwardOptionsNonvestedOptionsForfeitedWeightedAverageGrantDateFairValue,weighted_average_NOT_outstanding,USD/shares,2026-01-01,2026-03-31,2026-05-11,0,10-Q,0001193125-26-216950,90,False,
ASTS,us-gaap,SharebasedCompensationArrangementBySharebasedPaymentAwardOptionsNonvestedOptionsForfeitedWeightedAverageGrantDateFairValue,weighted_average_NOT_outstanding,USD/shares,2026-01-01,2026-06-30,2026-08-10,0,10-Q,0001193125-26-342550,181,False,
ASTS,us-gaap,SharebasedCompensationArrangementBySharebasedPaymentAwardOptionsNonvestedWeightedAverageGrantDateFairValue,weighted_average_NOT_outstanding,USD/shares,,2020-12-31,2021-08-16,2.37,10-Q,0001493152-21-020153,,False,
ASTS,us-gaap,SharebasedCompensationArrangementBySharebasedPaymentAwardOptionsNonvestedWeightedAverageGrantDateFairValue,weighted_average_NOT_outstanding,USD/shares,,2020-12-31,2021-11-15,0.16,10-Q,0001493152-21-028642,,False,
ASTS,us-gaap,SharebasedCompensationArrangementBySharebasedPaymentAwardOptionsNonvestedWeightedAverageGrantDateFairValue,weighted_average_NOT_outstanding,USD/shares,,2020-12-31,2022-03-31,0.16,10-K,0000950170-22-005212,,False,
ASTS,us-gaap,SharebasedCompensationArrangementBySharebasedPaymentAwardOptionsNonvestedWeightedAverageGrantDateFairValue,weighted_average_NOT_outstanding,USD/shares,,2021-06-30,2021-08-16,10.13,10-Q,0001493152-21-020153,,False,
ASTS,us-gaap,SharebasedCompensationArrangementBySharebasedPaymentAwardOptionsNonvestedWeightedAverageGrantDateFairValue,weighted_average_NOT_outstanding,USD/shares,,2021-09-30,2021-11-15,0.71,10-Q,0001493152-21-028642,,False,
ASTS,us-gaap,SharebasedCompensationArrangementBySharebasedPaymentAwardOptionsNonvestedWeightedAverageGrantDateFairValue,weighted_average_NOT_outstanding,USD/shares,,2021-12-31,2022-03-31,0.64,10-K,0000950170-22-005212,,False,
ASTS,us-gaap,SharebasedCompensationArrangementBySharebasedPaymentAwardOptionsNonvestedWeightedAverageGrantDateFairValue,weighted_average_NOT_outstanding,USD/shares,,2021-12-31,2022-05-16,0.64,10-Q,0000950170-22-010115,,False,
ASTS,us-gaap,SharebasedCompensationArrangementBySharebasedPaymentAwardOptionsNonvestedWeightedAverageGrantDateFairValue,weighted_average_NOT_outstanding,USD/shares,,2021-12-31,2022-08-16,0.64,10-Q,0000950170-22-017458,,False,
ASTS,us-gaap,SharebasedCompensationArrangementBySharebasedPaymentAwardOptionsNonvestedWeightedAverageGrantDateFairValue,weighted_average_NOT_outstanding,USD/shares,,2021-12-31,2022-11-14,0.64,10-Q,0000950170-22-025059,,False,
ASTS,us-gaap,SharebasedCompensationArrangementBySharebasedPaymentAwardOptionsNonvestedWeightedAverageGrantDateFairValue,weighted_average_NOT_outstanding,USD/shares,,2021-12-31,2023-03-31,0.64,10-K,0000950170-23-011124,,False,
ASTS,us-gaap,SharebasedCompensationArrangementBySharebasedPaymentAwardOptionsNonvestedWeightedAverageGrantDateFairValue,weighted_average_NOT_outstanding,USD/shares,,2022-03-31,2022-05-16,0.68,10-Q,0000950170-22-010115,,False,
ASTS,us-gaap,SharebasedCompensationArrangementBySharebasedPaymentAwardOptionsNonvestedWeightedAverageGrantDateFairValue,weighted_average_NOT_outstanding,USD/shares,,2022-06-30,2022-08-16,0.72,10-Q,0000950170-22-017458,,False,
ASTS,us-gaap,SharebasedCompensationArrangementBySharebasedPaymentAwardOptionsNonvestedWeightedAverageGrantDateFairValue,weighted_average_NOT_outstanding,USD/shares,,2022-09-30,2022-11-14,0.77,10-Q,0000950170-22-025059,,False,
ASTS,us-gaap,SharebasedCompensationArrangementBySharebasedPaymentAwardOptionsNonvestedWeightedAverageGrantDateFairValue,weighted_average_NOT_outstanding,USD/shares,,2022-12-31,2023-03-31,0.8,10-K,0000950170-23-011124,,False,
ASTS,us-gaap,SharebasedCompensationArrangementBySharebasedPaymentAwardOptionsNonvestedWeightedAverageGrantDateFairValue,weighted_average_NOT_outstanding,USD/shares,,2022-12-31,2023-05-15,0.8,10-Q,0000950170-23-022235,,False,
ASTS,us-gaap,SharebasedCompensationArrangementBySharebasedPaymentAwardOptionsNonvestedWeightedAverageGrantDateFairValue,weighted_average_NOT_outstanding,USD/shares,,2022-12-31,2023-08-14,0.8,10-Q,0000950170-23-042394,,False,
ASTS,us-gaap,SharebasedCompensationArrangementBySharebasedPaymentAwardOptionsNonvestedWeightedAverageGrantDateFairValue,weighted_average_NOT_outstanding,USD/shares,,2022-12-31,2023-11-14,0.8,10-Q,0000950170-23-063737,,False,
ASTS,us-gaap,SharebasedCompensationArrangementBySharebasedPaymentAwardOptionsNonvestedWeightedAverageGrantDateFairValue,weighted_average_NOT_outstanding,USD/shares,,2022-12-31,2024-04-01,0.8,10-K,0000950170-24-039342,,False,
ASTS,us-gaap,SharebasedCompensationArrangementBySharebasedPaymentAwardOptionsNonvestedWeightedAverageGrantDateFairValue,weighted_average_NOT_outstanding,USD/shares,,2023-03-31,2023-05-15,0.8,10-Q,0000950170-23-022235,,False,
ASTS,us-gaap,SharebasedCompensationArrangementBySharebasedPaymentAwardOptionsNonvestedWeightedAverageGrantDateFairValue,weighted_average_NOT_outstanding,USD/shares,,2023-06-30,2023-08-14,0.8,10-Q,0000950170-23-042394,,False,
ASTS,us-gaap,SharebasedCompensationArrangementBySharebasedPaymentAwardOptionsNonvestedWeightedAverageGrantDateFairValue,weighted_average_NOT_outstanding,USD/shares,,2023-09-30,2023-11-14,0.8,10-Q,0000950170-23-063737,,False,
ASTS,us-gaap,SharebasedCompensationArrangementBySharebasedPaymentAwardOptionsNonvestedWeightedAverageGrantDateFairValue,weighted_average_NOT_outstanding,USD/shares,,2023-12-31,2024-04-01,0.8,10-K,0000950170-24-039342,,False,
ASTS,us-gaap,SharebasedCompensationArrangementBySharebasedPaymentAwardOptionsNonvestedWeightedAverageGrantDateFairValue,weighted_average_NOT_outstanding,USD/shares,,2023-12-31,2024-05-15,0.8,10-Q,0000950170-24-060499,,False,
ASTS,us-gaap,SharebasedCompensationArrangementBySharebasedPaymentAwardOptionsNonvestedWeightedAverageGrantDateFairValue,weighted_average_NOT_outstanding,USD/shares,,2023-12-31,2024-08-14,0.8,10-Q,0000950170-24-097099,,False,
ASTS,us-gaap,SharebasedCompensationArrangementBySharebasedPaymentAwardOptionsNonvestedWeightedAverageGrantDateFairValue,weighted_average_NOT_outstanding,USD/shares,,2023-12-31,2024-11-14,0.8,10-Q,0000950170-24-127101,,False,
ASTS,us-gaap,SharebasedCompensationArrangementBySharebasedPaymentAwardOptionsNonvestedWeightedAverageGrantDateFairValue,weighted_average_NOT_outstanding,USD/shares,,2023-12-31,2025-03-03,0.8,10-K,0000950170-25-030909,,False,
ASTS,us-gaap,SharebasedCompensationArrangementBySharebasedPaymentAwardOptionsNonvestedWeightedAverageGrantDateFairValue,weighted_average_NOT_outstanding,USD/shares,,2024-03-31,2024-05-15,0.74,10-Q,0000950170-24-060499,,False,
ASTS,us-gaap,SharebasedCompensationArrangementBySharebasedPaymentAwardOptionsNonvestedWeightedAverageGrantDateFairValue,weighted_average_NOT_outstanding,USD/shares,,2024-06-30,2024-08-14,0.81,10-Q,0000950170-24-097099,,False,
ASTS,us-gaap,SharebasedCompensationArrangementBySharebasedPaymentAwardOptionsNonvestedWeightedAverageGrantDateFairValue,weighted_average_NOT_outstanding,USD/shares,,2024-09-30,2024-11-14,0.75,10-Q,0000950170-24-127101,,False,
ASTS,us-gaap,SharebasedCompensationArrangementBySharebasedPaymentAwardOptionsNonvestedWeightedAverageGrantDateFairValue,weighted_average_NOT_outstanding,USD/shares,,2024-12-31,2025-03-03,0.64,10-K,0000950170-25-030909,,False,
ASTS,us-gaap,SharebasedCompensationArrangementBySharebasedPaymentAwardOptionsNonvestedWeightedAverageGrantDateFairValue,weighted_average_NOT_outstanding,USD/shares,,2024-12-31,2025-05-12,0.64,10-Q,0000950170-25-069403,,False,
ASTS,us-gaap,SharebasedCompensationArrangementBySharebasedPaymentAwardOptionsNonvestedWeightedAverageGrantDateFairValue,weighted_average_NOT_outstanding,USD/shares,,2024-12-31,2025-08-11,0.64,10-Q,0000950170-25-106627,,False,
ASTS,us-gaap,SharebasedCompensationArrangementBySharebasedPaymentAwardOptionsNonvestedWeightedAverageGrantDateFairValue,weighted_average_NOT_outstanding,USD/shares,,2024-12-31,2025-11-10,0.64,10-Q,0001193125-25-274391,,False,
ASTS,us-gaap,SharebasedCompensationArrangementBySharebasedPaymentAwardOptionsNonvestedWeightedAverageGrantDateFairValue,weighted_average_NOT_outstanding,USD/shares,,2024-12-31,2026-03-02,0.64,10-K,0001780312-26-000006,,False,
ASTS,us-gaap,SharebasedCompensationArrangementBySharebasedPaymentAwardOptionsNonvestedWeightedAverageGrantDateFairValue,weighted_average_NOT_outstanding,USD/shares,,2025-03-31,2025-05-12,0.47,10-Q,0000950170-25-069403,,False,
ASTS,us-gaap,SharebasedCompensationArrangementBySharebasedPaymentAwardOptionsNonvestedWeightedAverageGrantDateFairValue,weighted_average_NOT_outstanding,USD/shares,,2025-06-30,2025-08-11,0.38,10-Q,0000950170-25-106627,,False,
ASTS,us-gaap,SharebasedCompensationArrangementBySharebasedPaymentAwardOptionsNonvestedWeightedAverageGrantDateFairValue,weighted_average_NOT_outstanding,USD/shares,,2025-09-30,2025-11-10,0.29,10-Q,0001193125-25-274391,,False,
ASTS,us-gaap,SharebasedCompensationArrangementBySharebasedPaymentAwardOptionsNonvestedWeightedAverageGrantDateFairValue,weighted_average_NOT_outstanding,USD/shares,,2025-12-31,2026-03-02,0.24,10-K,0001780312-26-000006,,False,
ASTS,us-gaap,SharebasedCompensationArrangementBySharebasedPaymentAwardOptionsNonvestedWeightedAverageGrantDateFairValue,weighted_average_NOT_outstanding,USD/shares,,2025-12-31,2026-05-11,0.24,10-Q,0001193125-26-216950,,False,
ASTS,us-gaap,SharebasedCompensationArrangementBySharebasedPaymentAwardOptionsNonvestedWeightedAverageGrantDateFairValue,weighted_average_NOT_outstanding,USD/shares,,2025-12-31,2026-08-10,0.24,10-Q,0001193125-26-342550,,False,
ASTS,us-gaap,SharebasedCompensationArrangementBySharebasedPaymentAwardOptionsNonvestedWeightedAverageGrantDateFairValue,weighted_average_NOT_outstanding,USD/shares,,2026-03-31,2026-05-11,0.24,10-Q,0001193125-26-216950,,False,
ASTS,us-gaap,SharebasedCompensationArrangementBySharebasedPaymentAwardOptionsNonvestedWeightedAverageGrantDateFairValue,weighted_average_NOT_outstanding,USD/shares,,2026-06-30,2026-08-10,0.24,10-Q,0001193125-26-342550,,False,
ASTS,us-gaap,SharebasedCompensationArrangementBySharebasedPaymentAwardOptionsVestedNumberOfShares,other_share_concept_NOT_automatically_outstanding,shares,2021-01-01,2021-06-30,2021-08-16,1281875,10-Q,0001493152-21-020153,181,False,
ASTS,us-gaap,SharebasedCompensationArrangementBySharebasedPaymentAwardOptionsVestedNumberOfShares,other_share_concept_NOT_automatically_outstanding,shares,2021-01-01,2021-09-30,2021-11-15,1877862,10-Q,0001493152-21-028642,273,False,
ASTS,us-gaap,SharebasedCompensationArrangementBySharebasedPaymentAwardOptionsVestedNumberOfShares,other_share_concept_NOT_automatically_outstanding,shares,2021-01-01,2021-12-31,2022-03-31,1929351,10-K,0000950170-22-005212,365,False,
ASTS,us-gaap,SharebasedCompensationArrangementBySharebasedPaymentAwardOptionsVestedNumberOfShares,other_share_concept_NOT_automatically_outstanding,shares,2022-01-01,2022-03-31,2022-05-16,466125,10-Q,0000950170-22-010115,90,False,
ASTS,us-gaap,SharebasedCompensationArrangementBySharebasedPaymentAwardOptionsVestedNumberOfShares,other_share_concept_NOT_automatically_outstanding,shares,2022-01-01,2022-06-30,2022-08-16,917499,10-Q,0000950170-22-017458,181,False,
ASTS,us-gaap,SharebasedCompensationArrangementBySharebasedPaymentAwardOptionsVestedNumberOfShares,other_share_concept_NOT_automatically_outstanding,shares,2022-01-01,2022-09-30,2022-11-14,1361859,10-Q,0000950170-22-025059,273,False,
ASTS,us-gaap,SharebasedCompensationArrangementBySharebasedPaymentAwardOptionsVestedNumberOfShares,other_share_concept_NOT_automatically_outstanding,shares,2022-01-01,2022-12-31,2023-03-31,1798816,10-K,0000950170-23-011124,365,False,
ASTS,us-gaap,SharebasedCompensationArrangementBySharebasedPaymentAwardOptionsVestedNumberOfShares,other_share_concept_NOT_automatically_outstanding,shares,2023-01-01,2023-03-31,2023-05-15,217984,10-Q,0000950170-23-022235,90,False,
ASTS,us-gaap,SharebasedCompensationArrangementBySharebasedPaymentAwardOptionsVestedNumberOfShares,other_share_concept_NOT_automatically_outstanding,shares,2023-01-01,2023-06-30,2023-08-14,434638,10-Q,0000950170-23-042394,181,False,
ASTS,us-gaap,SharebasedCompensationArrangementBySharebasedPaymentAwardOptionsVestedNumberOfShares,other_share_concept_NOT_automatically_outstanding,shares,2023-01-01,2023-09-30,2023-11-14,634979,10-Q,0000950170-23-063737,273,False,
ASTS,us-gaap,SharebasedCompensationArrangementBySharebasedPaymentAwardOptionsVestedNumberOfShares,other_share_concept_NOT_automatically_outstanding,shares,2023-01-01,2023-12-31,2024-04-01,814415,10-K,0000950170-24-039342,365,False,
ASTS,us-gaap,SharebasedCompensationArrangementBySharebasedPaymentAwardOptionsVestedNumberOfShares,other_share_concept_NOT_automatically_outstanding,shares,2024-01-01,2024-03-31,2024-05-15,81685,10-Q,0000950170-24-060499,91,False,
ASTS,us-gaap,SharebasedCompensationArrangementBySharebasedPaymentAwardOptionsVestedNumberOfShares,other_share_concept_NOT_automatically_outstanding,shares,2024-01-01,2024-06-30,2024-08-14,666386,10-Q,0000950170-24-097099,182,False,
ASTS,us-gaap,SharebasedCompensationArrangementBySharebasedPaymentAwardOptionsVestedNumberOfShares,other_share_concept_NOT_automatically_outstanding,shares,2024-01-01,2024-09-30,2024-11-14,729372,10-Q,0000950170-24-127101,274,False,
ASTS,us-gaap,SharebasedCompensationArrangementBySharebasedPaymentAwardOptionsVestedNumberOfShares,other_share_concept_NOT_automatically_outstanding,shares,2024-01-01,2024-12-31,2025-03-03,796271,10-K,0000950170-25-030909,366,False,
ASTS,us-gaap,SharebasedCompensationArrangementBySharebasedPaymentAwardOptionsVestedNumberOfShares,other_share_concept_NOT_automatically_outstanding,shares,2025-01-01,2025-03-31,2025-05-12,47806,10-Q,0000950170-25-069403,90,False,
ASTS,us-gaap,SharebasedCompensationArrangementBySharebasedPaymentAwardOptionsVestedNumberOfShares,other_share_concept_NOT_automatically_outstanding,shares,2025-01-01,2025-06-30,2025-08-11,72745,10-Q,0000950170-25-106627,181,False,
ASTS,us-gaap,SharebasedCompensationArrangementBySharebasedPaymentAwardOptionsVestedNumberOfShares,other_share_concept_NOT_automatically_outstanding,shares,2025-01-01,2025-09-30,2025-11-10,89010,10-Q,0001193125-25-274391,273,False,
ASTS,us-gaap,SharebasedCompensationArrangementBySharebasedPaymentAwardOptionsVestedNumberOfShares,other_share_concept_NOT_automatically_outstanding,shares,2025-01-01,2025-12-31,2026-03-02,99088,10-K,0001780312-26-000006,365,False,
ASTS,us-gaap,SharebasedCompensationArrangementBySharebasedPaymentAwardOptionsVestedNumberOfShares,other_share_concept_NOT_automatically_outstanding,shares,2026-01-01,2026-03-31,2026-05-11,0,10-Q,0001193125-26-216950,90,False,
ASTS,us-gaap,SharebasedCompensationArrangementBySharebasedPaymentAwardOptionsVestedNumberOfShares,other_share_concept_NOT_automatically_outstanding,shares,2026-01-01,2026-06-30,2026-08-10,0,10-Q,0001193125-26-342550,181,False,
ASTS,us-gaap,SharebasedCompensationArrangementBySharebasedPaymentAwardOptionsVestedWeightedAverageGrantDateFairValue,weighted_average_NOT_outstanding,USD/shares,2021-01-01,2021-06-30,2021-08-16,2.78,10-Q,0001493152-21-020153,181,False,
ASTS,us-gaap,SharebasedCompensationArrangementBySharebasedPaymentAwardOptionsVestedWeightedAverageGrantDateFairValue,weighted_average_NOT_outstanding,USD/shares,2021-01-01,2021-09-30,2021-11-15,0.29,10-Q,0001493152-21-028642,273,False,
ASTS,us-gaap,SharebasedCompensationArrangementBySharebasedPaymentAwardOptionsVestedWeightedAverageGrantDateFairValue,weighted_average_NOT_outstanding,USD/shares,2021-01-01,2021-12-31,2022-03-31,0.52,10-K,0000950170-22-005212,365,False,
ASTS,us-gaap,SharebasedCompensationArrangementBySharebasedPaymentAwardOptionsVestedWeightedAverageGrantDateFairValue,weighted_average_NOT_outstanding,USD/shares,2022-01-01,2022-03-31,2022-05-16,0.43,10-Q,0000950170-22-010115,90,False,
ASTS,us-gaap,SharebasedCompensationArrangementBySharebasedPaymentAwardOptionsVestedWeightedAverageGrantDateFairValue,weighted_average_NOT_outstanding,USD/shares,2022-01-01,2022-06-30,2022-08-16,0.43,10-Q,0000950170-22-017458,181,False,
ASTS,us-gaap,SharebasedCompensationArrangementBySharebasedPaymentAwardOptionsVestedWeightedAverageGrantDateFairValue,weighted_average_NOT_outstanding,USD/shares,2022-01-01,2022-09-30,2022-11-14,0.42,10-Q,0000950170-22-025059,273,False,
ASTS,us-gaap,SharebasedCompensationArrangementBySharebasedPaymentAwardOptionsVestedWeightedAverageGrantDateFairValue,weighted_average_NOT_outstanding,USD/shares,2022-01-01,2022-12-31,2023-03-31,0.46,10-K,0000950170-23-011124,365,False,
ASTS,us-gaap,SharebasedCompensationArrangementBySharebasedPaymentAwardOptionsVestedWeightedAverageGrantDateFairValue,weighted_average_NOT_outstanding,USD/shares,2023-01-01,2023-03-31,2023-05-15,0.78,10-Q,0000950170-23-022235,90,False,
ASTS,us-gaap,SharebasedCompensationArrangementBySharebasedPaymentAwardOptionsVestedWeightedAverageGrantDateFairValue,weighted_average_NOT_outstanding,USD/shares,2023-01-01,2023-06-30,2023-08-14,0.73,10-Q,0000950170-23-042394,181,False,
ASTS,us-gaap,SharebasedCompensationArrangementBySharebasedPaymentAwardOptionsVestedWeightedAverageGrantDateFairValue,weighted_average_NOT_outstanding,USD/shares,2023-01-01,2023-09-30,2023-11-14,0.76,10-Q,0000950170-23-063737,273,False,
ASTS,us-gaap,SharebasedCompensationArrangementBySharebasedPaymentAwardOptionsVestedWeightedAverageGrantDateFairValue,weighted_average_NOT_outstanding,USD/shares,2023-01-01,2023-12-31,2024-04-01,0.76,10-K,0000950170-24-039342,365,False,
ASTS,us-gaap,SharebasedCompensationArrangementBySharebasedPaymentAwardOptionsVestedWeightedAverageGrantDateFairValue,weighted_average_NOT_outstanding,USD/shares,2024-01-01,2024-03-31,2024-05-15,1.98,10-Q,0000950170-24-060499,91,False,
ASTS,us-gaap,SharebasedCompensationArrangementBySharebasedPaymentAwardOptionsVestedWeightedAverageGrantDateFairValue,weighted_average_NOT_outstanding,USD/shares,2024-01-01,2024-06-30,2024-08-14,7.63,10-Q,0000950170-24-097099,182,False,
ASTS,us-gaap,SharebasedCompensationArrangementBySharebasedPaymentAwardOptionsVestedWeightedAverageGrantDateFairValue,weighted_average_NOT_outstanding,USD/shares,2024-01-01,2024-09-30,2024-11-14,7.13,10-Q,0000950170-24-127101,274,False,
ASTS,us-gaap,SharebasedCompensationArrangementBySharebasedPaymentAwardOptionsVestedWeightedAverageGrantDateFairValue,weighted_average_NOT_outstanding,USD/shares,2024-01-01,2024-12-31,2025-03-03,6.73,10-K,0000950170-25-030909,366,False,
ASTS,us-gaap,SharebasedCompensationArrangementBySharebasedPaymentAwardOptionsVestedWeightedAverageGrantDateFairValue,weighted_average_NOT_outstanding,USD/shares,2025-01-01,2025-03-31,2025-05-12,2.57,10-Q,0000950170-25-069403,90,False,
ASTS,us-gaap,SharebasedCompensationArrangementBySharebasedPaymentAwardOptionsVestedWeightedAverageGrantDateFairValue,weighted_average_NOT_outstanding,USD/shares,2025-01-01,2025-06-30,2025-08-11,2.83,10-Q,0000950170-25-106627,181,False,
ASTS,us-gaap,SharebasedCompensationArrangementBySharebasedPaymentAwardOptionsVestedWeightedAverageGrantDateFairValue,weighted_average_NOT_outstanding,USD/shares,2025-01-01,2025-09-30,2025-11-10,3.07,10-Q,0001193125-25-274391,273,False,
ASTS,us-gaap,SharebasedCompensationArrangementBySharebasedPaymentAwardOptionsVestedWeightedAverageGrantDateFairValue,weighted_average_NOT_outstanding,USD/shares,2025-01-01,2025-12-31,2026-03-02,3.18,10-K,0001780312-26-000006,365,False,
ASTS,us-gaap,SharebasedCompensationArrangementBySharebasedPaymentAwardOptionsVestedWeightedAverageGrantDateFairValue,weighted_average_NOT_outstanding,USD/shares,2026-01-01,2026-03-31,2026-05-11,0,10-Q,0001193125-26-216950,90,False,
ASTS,us-gaap,SharebasedCompensationArrangementBySharebasedPaymentAwardOptionsVestedWeightedAverageGrantDateFairValue,weighted_average_NOT_outstanding,USD/shares,2026-01-01,2026-06-30,2026-08-10,0,10-Q,0001193125-26-342550,181,False,
ASTS,us-gaap,StockIssuedDuringPeriodSharesNewIssues,other_share_concept_NOT_automatically_outstanding,shares,2020-01-01,2020-12-31,2021-05-06,23000000,10-K/A,0001493152-21-010599,366,False,
ASTS,us-gaap,StockIssuedDuringPeriodSharesOther,other_share_concept_NOT_automatically_outstanding,shares,2019-05-28,2019-09-30,2019-11-08,23000000,10-Q,0001213900-19-022562,126,False,
ASTS,us-gaap,StockIssuedDuringPeriodSharesOther,other_share_concept_NOT_automatically_outstanding,shares,2019-07-01,2019-09-30,2020-11-13,23000000,10-Q,0001213900-20-036663,92,False,
ASTS,us-gaap,StockIssuedDuringPeriodSharesOther,other_share_concept_NOT_automatically_outstanding,shares,2019-05-28,2019-12-31,2020-03-30,23000000,10-K,0001213900-20-008037,218,False,
ASTS,us-gaap,StockIssuedDuringPeriodSharesPurchaseOfAssets,other_share_concept_NOT_automatically_outstanding,shares,2020-01-01,2020-12-31,2021-05-06,17600000,10-K/A,0001493152-21-010599,366,False,
ASTS,us-gaap,StockIssuedDuringPeriodSharesPurchaseOfAssets,other_share_concept_NOT_automatically_outstanding,shares,2021-01-01,2021-03-31,2021-05-18,17600000,10-Q,0001493152-21-012084,90,False,
ASTS,us-gaap,StockIssuedDuringPeriodSharesShareBasedCompensation,other_share_concept_NOT_automatically_outstanding,shares,2019-05-28,2019-09-30,2019-11-08,750000,10-Q,0001213900-19-022562,126,False,
ASTS,us-gaap,StockIssuedDuringPeriodSharesShareBasedCompensation,other_share_concept_NOT_automatically_outstanding,shares,2019-05-28,2019-12-31,2020-03-30,750000,10-K,0001213900-20-008037,218,False,
ASTS,us-gaap,StockIssuedDuringPeriodSharesStockOptionsExercised,other_share_concept_NOT_automatically_outstanding,shares,2021-01-01,2021-06-30,2021-08-16,15227,10-Q,0001493152-21-020153,181,False,
ASTS,us-gaap,StockIssuedDuringPeriodSharesStockOptionsExercised,other_share_concept_NOT_automatically_outstanding,shares,2021-01-01,2021-09-30,2021-11-15,15227,10-Q,0001493152-21-028642,273,False,
ASTS,us-gaap,StockIssuedDuringPeriodSharesStockOptionsExercised,other_share_concept_NOT_automatically_outstanding,shares,2021-01-01,2021-12-31,2022-03-31,15227,10-K,0000950170-22-005212,365,False,
ASTS,us-gaap,StockIssuedDuringPeriodSharesStockOptionsExercised,other_share_concept_NOT_automatically_outstanding,shares,2022-01-01,2022-03-31,2022-05-16,558550,10-Q,0000950170-22-010115,90,False,
ASTS,us-gaap,StockIssuedDuringPeriodSharesStockOptionsExercised,other_share_concept_NOT_automatically_outstanding,shares,2022-01-01,2022-06-30,2022-08-16,558550,10-Q,0000950170-22-017458,181,False,
ASTS,us-gaap,StockIssuedDuringPeriodSharesStockOptionsExercised,other_share_concept_NOT_automatically_outstanding,shares,2022-01-01,2022-09-30,2022-11-14,590471,10-Q,0000950170-22-025059,273,False,
ASTS,us-gaap,StockIssuedDuringPeriodSharesStockOptionsExercised,other_share_concept_NOT_automatically_outstanding,shares,2022-01-01,2022-12-31,2023-03-31,667553,10-K,0000950170-23-011124,365,False,
ASTS,us-gaap,StockIssuedDuringPeriodSharesStockOptionsExercised,other_share_concept_NOT_automatically_outstanding,shares,2023-01-01,2023-03-31,2023-05-15,1489840,10-Q,0000950170-23-022235,90,False,
ASTS,us-gaap,StockIssuedDuringPeriodSharesStockOptionsExercised,other_share_concept_NOT_automatically_outstanding,shares,2023-01-01,2023-06-30,2023-08-14,2899386,10-Q,0000950170-23-042394,181,False,
ASTS,us-gaap,StockIssuedDuringPeriodSharesStockOptionsExercised,other_share_concept_NOT_automatically_outstanding,shares,2023-01-01,2023-09-30,2023-11-14,2972581,10-Q,0000950170-23-063737,273,False,
ASTS,us-gaap,StockIssuedDuringPeriodSharesStockOptionsExercised,other_share_concept_NOT_automatically_outstanding,shares,2023-01-01,2023-12-31,2024-04-01,2972581,10-K,0000950170-24-039342,365,False,
ASTS,us-gaap,StockIssuedDuringPeriodSharesStockOptionsExercised,other_share_concept_NOT_automatically_outstanding,shares,2024-01-01,2024-03-31,2024-05-15,319033,10-Q,0000950170-24-060499,91,False,
ASTS,us-gaap,StockIssuedDuringPeriodSharesStockOptionsExercised,other_share_concept_NOT_automatically_outstanding,shares,2024-01-01,2024-06-30,2024-08-14,652388,10-Q,0000950170-24-097099,182,False,
ASTS,us-gaap,StockIssuedDuringPeriodSharesStockOptionsExercised,other_share_concept_NOT_automatically_outstanding,shares,2024-01-01,2024-09-30,2024-11-14,769263,10-Q,0000950170-24-127101,274,False,
ASTS,us-gaap,StockIssuedDuringPeriodSharesStockOptionsExercised,other_share_concept_NOT_automatically_outstanding,shares,2024-01-01,2024-12-31,2025-03-03,1177864,10-K,0000950170-25-030909,366,False,
ASTS,us-gaap,StockIssuedDuringPeriodSharesStockOptionsExercised,other_share_concept_NOT_automatically_outstanding,shares,2025-01-01,2025-03-31,2025-05-12,356815,10-Q,0000950170-25-069403,90,False,
ASTS,us-gaap,StockIssuedDuringPeriodSharesStockOptionsExercised,other_share_concept_NOT_automatically_outstanding,shares,2025-01-01,2025-06-30,2025-08-11,1056147,10-Q,0000950170-25-106627,181,False,
ASTS,us-gaap,StockIssuedDuringPeriodSharesStockOptionsExercised,other_share_concept_NOT_automatically_outstanding,shares,2025-01-01,2025-09-30,2025-11-10,1384599,10-Q,0001193125-25-274391,273,False,
ASTS,us-gaap,StockIssuedDuringPeriodSharesStockOptionsExercised,other_share_concept_NOT_automatically_outstanding,shares,2025-01-01,2025-12-31,2026-03-02,1697806,10-K,0001780312-26-000006,365,False,
ASTS,us-gaap,StockIssuedDuringPeriodSharesStockOptionsExercised,other_share_concept_NOT_automatically_outstanding,shares,2026-01-01,2026-03-31,2026-05-11,161459,10-Q,0001193125-26-216950,90,False,
ASTS,us-gaap,StockIssuedDuringPeriodSharesStockOptionsExercised,other_share_concept_NOT_automatically_outstanding,shares,2026-01-01,2026-06-30,2026-08-10,394475,10-Q,0001193125-26-342550,181,False,
ASTS,us-gaap,TemporaryEquitySharesOutstanding,shares_outstanding_candidate_VERIFY_classes_and_ADS,shares,,2019-12-31,2021-05-06,20157878,10-K/A,0001493152-21-010599,,False,
ASTS,us-gaap,TemporaryEquitySharesOutstanding,shares_outstanding_candidate_VERIFY_classes_and_ADS,shares,,2020-12-31,2021-05-06,14922915,10-K/A,0001493152-21-010599,,False,
ASTS,us-gaap,WeightedAverageNumberOfDilutedSharesOutstanding,weighted_average_NOT_outstanding,shares,2021-01-01,2021-06-30,2022-08-16,51729704,10-Q,0000950170-22-017458,181,False,
ASTS,us-gaap,WeightedAverageNumberOfDilutedSharesOutstanding,weighted_average_NOT_outstanding,shares,2021-04-01,2021-06-30,2022-08-16,51729704,10-Q,0000950170-22-017458,91,False,
ASTS,us-gaap,WeightedAverageNumberOfDilutedSharesOutstanding,weighted_average_NOT_outstanding,shares,2021-01-01,2021-09-30,2021-11-15,51729704,10-Q,0001493152-21-028642,273,False,
ASTS,us-gaap,WeightedAverageNumberOfDilutedSharesOutstanding,weighted_average_NOT_outstanding,shares,2021-01-01,2021-09-30,2022-11-14,51729704,10-Q,0000950170-22-025059,273,False,
ASTS,us-gaap,WeightedAverageNumberOfDilutedSharesOutstanding,weighted_average_NOT_outstanding,shares,2021-07-01,2021-09-30,2021-11-15,51839841,10-Q,0001493152-21-028642,92,False,
ASTS,us-gaap,WeightedAverageNumberOfDilutedSharesOutstanding,weighted_average_NOT_outstanding,shares,2021-07-01,2021-09-30,2022-11-14,51839841,10-Q,0000950170-22-025059,92,False,
ASTS,us-gaap,WeightedAverageNumberOfDilutedSharesOutstanding,weighted_average_NOT_outstanding,shares,2022-01-01,2022-06-30,2022-08-16,51814888,10-Q,0000950170-22-017458,181,False,
ASTS,us-gaap,WeightedAverageNumberOfDilutedSharesOutstanding,weighted_average_NOT_outstanding,shares,2022-04-01,2022-06-30,2022-08-16,51868658,10-Q,0000950170-22-017458,91,False,
ASTS,us-gaap,WeightedAverageNumberOfDilutedSharesOutstanding,weighted_average_NOT_outstanding,shares,2022-01-01,2022-09-30,2022-11-14,52292972,10-Q,0000950170-22-025059,273,False,
ASTS,us-gaap,WeightedAverageNumberOfDilutedSharesOutstanding,weighted_average_NOT_outstanding,shares,2022-07-01,2022-09-30,2022-11-14,53233552,10-Q,0000950170-22-025059,92,False,
ASTS,us-gaap,WeightedAverageNumberOfDilutedSharesOutstanding,weighted_average_NOT_outstanding,shares,2023-01-01,2023-12-31,2026-03-02,81824122,10-K,0001780312-26-000006,365,False,
ASTS,us-gaap,WeightedAverageNumberOfDilutedSharesOutstanding,weighted_average_NOT_outstanding,shares,2024-01-01,2024-06-30,2025-08-11,131316319,10-Q,0000950170-25-106627,182,False,
ASTS,us-gaap,WeightedAverageNumberOfDilutedSharesOutstanding,weighted_average_NOT_outstanding,shares,2024-04-01,2024-06-30,2025-08-11,141185500,10-Q,0000950170-25-106627,91,False,
ASTS,us-gaap,WeightedAverageNumberOfDilutedSharesOutstanding,weighted_average_NOT_outstanding,shares,2024-01-01,2024-09-30,2025-11-10,139485036,10-Q,0001193125-25-274391,274,False,
ASTS,us-gaap,WeightedAverageNumberOfDilutedSharesOutstanding,weighted_average_NOT_outstanding,shares,2024-07-01,2024-09-30,2025-11-10,155644888,10-Q,0001193125-25-274391,92,False,
ASTS,us-gaap,WeightedAverageNumberOfDilutedSharesOutstanding,weighted_average_NOT_outstanding,shares,2024-01-01,2024-12-31,2026-03-02,154501344,10-K,0001780312-26-000006,366,False,
ASTS,us-gaap,WeightedAverageNumberOfDilutedSharesOutstanding,weighted_average_NOT_outstanding,shares,2025-01-01,2025-03-31,2026-05-11,223974396,10-Q,0001193125-26-216950,90,False,
ASTS,us-gaap,WeightedAverageNumberOfDilutedSharesOutstanding,weighted_average_NOT_outstanding,shares,2025-01-01,2025-06-30,2025-08-11,233101209,10-Q,0000950170-25-106627,181,False,
ASTS,us-gaap,WeightedAverageNumberOfDilutedSharesOutstanding,weighted_average_NOT_outstanding,shares,2025-01-01,2025-06-30,2026-08-10,233101209,10-Q,0001193125-26-342550,181,False,
ASTS,us-gaap,WeightedAverageNumberOfDilutedSharesOutstanding,weighted_average_NOT_outstanding,shares,2025-04-01,2025-06-30,2025-08-11,241985507,10-Q,0000950170-25-106627,91,False,
ASTS,us-gaap,WeightedAverageNumberOfDilutedSharesOutstanding,weighted_average_NOT_outstanding,shares,2025-04-01,2025-06-30,2026-08-10,241985507,10-Q,0001193125-26-342550,91,False,
ASTS,us-gaap,WeightedAverageNumberOfDilutedSharesOutstanding,weighted_average_NOT_outstanding,shares,2025-01-01,2025-09-30,2025-11-10,246490060,10-Q,0001193125-25-274391,273,False,
ASTS,us-gaap,WeightedAverageNumberOfDilutedSharesOutstanding,weighted_average_NOT_outstanding,shares,2025-07-01,2025-09-30,2025-11-10,272831168,10-Q,0001193125-25-274391,92,False,
ASTS,us-gaap,WeightedAverageNumberOfDilutedSharesOutstanding,weighted_average_NOT_outstanding,shares,2025-01-01,2025-12-31,2026-03-02,255982592,10-K,0001780312-26-000006,365,False,
ASTS,us-gaap,WeightedAverageNumberOfDilutedSharesOutstanding,weighted_average_NOT_outstanding,shares,2026-01-01,2026-03-31,2026-05-11,290689457,10-Q,0001193125-26-216950,90,False,
ASTS,us-gaap,WeightedAverageNumberOfDilutedSharesOutstanding,weighted_average_NOT_outstanding,shares,2026-01-01,2026-06-30,2026-08-10,294898761,10-Q,0001193125-26-342550,181,False,
ASTS,us-gaap,WeightedAverageNumberOfDilutedSharesOutstanding,weighted_average_NOT_outstanding,shares,2026-04-01,2026-06-30,2026-08-10,299061662,10-Q,0001193125-26-342550,91,False,
ASTS,us-gaap,WeightedAverageNumberOfShareOutstandingBasicAndDiluted,weighted_average_NOT_outstanding,shares,2019-05-28,2019-06-30,2020-08-13,5000000,10-Q,0001213900-20-021916,34,False,
ASTS,us-gaap,WeightedAverageNumberOfShareOutstandingBasicAndDiluted,weighted_average_NOT_outstanding,shares,2019-05-28,2019-09-30,2019-11-08,5274301,10-Q,0001213900-19-022562,126,False,
ASTS,us-gaap,WeightedAverageNumberOfShareOutstandingBasicAndDiluted,weighted_average_NOT_outstanding,shares,2019-05-28,2019-09-30,2020-11-13,5274301,10-Q,0001213900-20-036663,126,False,
ASTS,us-gaap,WeightedAverageNumberOfShareOutstandingBasicAndDiluted,weighted_average_NOT_outstanding,shares,2019-05-28,2019-09-30,2021-05-06,4514200,10-K/A,0001493152-21-010599,126,False,
ASTS,us-gaap,WeightedAverageNumberOfShareOutstandingBasicAndDiluted,weighted_average_NOT_outstanding,shares,2019-07-01,2019-09-30,2019-11-08,5307098,10-Q,0001213900-19-022562,92,False,
ASTS,us-gaap,WeightedAverageNumberOfShareOutstandingBasicAndDiluted,weighted_average_NOT_outstanding,shares,2019-07-01,2019-09-30,2020-11-13,5307098,10-Q,0001213900-20-036663,92,False,
ASTS,us-gaap,WeightedAverageNumberOfShareOutstandingBasicAndDiluted,weighted_average_NOT_outstanding,shares,2019-07-01,2019-09-30,2021-05-06,5535597,10-K/A,0001493152-21-010599,92,False,
ASTS,us-gaap,WeightedAverageNumberOfShareOutstandingBasicAndDiluted,weighted_average_NOT_outstanding,shares,2019-05-28,2019-12-31,2020-03-30,6075732,10-K,0001213900-20-008037,218,False,
ASTS,us-gaap,WeightedAverageNumberOfShareOutstandingBasicAndDiluted,weighted_average_NOT_outstanding,shares,2019-05-28,2019-12-31,2021-03-01,6075732,10-K,0001213900-21-012253,218,False,
ASTS,us-gaap,WeightedAverageNumberOfShareOutstandingBasicAndDiluted,weighted_average_NOT_outstanding,shares,2019-05-28,2019-12-31,2021-05-06,6111484,10-K/A,0001493152-21-010599,218,False,
ASTS,us-gaap,WeightedAverageNumberOfShareOutstandingBasicAndDiluted,weighted_average_NOT_outstanding,shares,2020-01-01,2020-03-31,2020-05-14,7003637,10-Q,0001213900-20-012288,91,False,
ASTS,us-gaap,WeightedAverageNumberOfShareOutstandingBasicAndDiluted,weighted_average_NOT_outstanding,shares,2020-01-01,2020-03-31,2021-05-06,8592122,10-K/A,0001493152-21-010599,91,False,
ASTS,us-gaap,WeightedAverageNumberOfShareOutstandingBasicAndDiluted,weighted_average_NOT_outstanding,shares,2020-01-01,2020-03-31,2021-05-18,8592122,10-Q,0001493152-21-012084,91,False,
ASTS,us-gaap,WeightedAverageNumberOfShareOutstandingBasicAndDiluted,weighted_average_NOT_outstanding,shares,2020-01-01,2020-06-30,2020-08-13,7004380,10-Q,0001213900-20-021916,182,False,
ASTS,us-gaap,WeightedAverageNumberOfShareOutstandingBasicAndDiluted,weighted_average_NOT_outstanding,shares,2020-01-01,2020-06-30,2021-05-06,8246521,10-K/A,0001493152-21-010599,182,False,
ASTS,us-gaap,WeightedAverageNumberOfShareOutstandingBasicAndDiluted,weighted_average_NOT_outstanding,shares,2020-04-01,2020-06-30,2020-08-13,7005122,10-Q,0001213900-20-021916,91,False,
ASTS,us-gaap,WeightedAverageNumberOfShareOutstandingBasicAndDiluted,weighted_average_NOT_outstanding,shares,2020-04-01,2020-06-30,2021-05-06,7900920,10-K/A,0001493152-21-010599,91,False,
ASTS,us-gaap,WeightedAverageNumberOfShareOutstandingBasicAndDiluted,weighted_average_NOT_outstanding,shares,2020-01-01,2020-09-30,2020-11-13,7005591,10-Q,0001213900-20-036663,274,False,
ASTS,us-gaap,WeightedAverageNumberOfShareOutstandingBasicAndDiluted,weighted_average_NOT_outstanding,shares,2020-01-01,2020-09-30,2021-05-06,8418537,10-K/A,0001493152-21-010599,274,False,
ASTS,us-gaap,WeightedAverageNumberOfShareOutstandingBasicAndDiluted,weighted_average_NOT_outstanding,shares,2020-07-01,2020-09-30,2020-11-13,7007989,10-Q,0001213900-20-036663,92,False,
ASTS,us-gaap,WeightedAverageNumberOfShareOutstandingBasicAndDiluted,weighted_average_NOT_outstanding,shares,2020-07-01,2020-09-30,2021-05-06,8758829,10-K/A,0001493152-21-010599,92,False,
ASTS,us-gaap,WeightedAverageNumberOfShareOutstandingBasicAndDiluted,weighted_average_NOT_outstanding,shares,2020-01-01,2020-12-31,2021-03-01,7008667,10-K,0001213900-21-012253,366,False,
ASTS,us-gaap,WeightedAverageNumberOfShareOutstandingBasicAndDiluted,weighted_average_NOT_outstanding,shares,2020-01-01,2020-12-31,2021-05-06,8598542,10-K/A,0001493152-21-010599,366,False,
ASTS,us-gaap,WeightedAverageNumberOfShareOutstandingBasicAndDiluted,weighted_average_NOT_outstanding,shares,2021-01-01,2021-03-31,2021-05-18,13827085,10-Q,0001493152-21-012084,90,False,
ASTS,us-gaap,WeightedAverageNumberOfShareOutstandingBasicAndDiluted,weighted_average_NOT_outstanding,shares,2021-01-01,2021-06-30,2021-08-16,51729704,10-Q,0001493152-21-020153,181,False,
ASTS,us-gaap,WeightedAverageNumberOfShareOutstandingBasicAndDiluted,weighted_average_NOT_outstanding,shares,2021-04-01,2021-06-30,2021-08-16,51729704,10-Q,0001493152-21-020153,91,False,
ASTS,us-gaap,WeightedAverageNumberOfShareOutstandingBasicAndDiluted,weighted_average_NOT_outstanding,shares,2021-01-01,2021-12-31,2022-03-31,51729785,10-K,0000950170-22-005212,365,False,
ASTS,us-gaap,WeightedAverageNumberOfShareOutstandingBasicAndDiluted,weighted_average_NOT_outstanding,shares,2022-01-01,2022-03-31,2022-05-16,51760520,10-Q,0000950170-22-010115,90,False,
ASTS,us-gaap,WeightedAverageNumberOfSharesOutstandingBasic,weighted_average_NOT_outstanding,shares,2021-01-01,2021-06-30,2022-08-16,51729704,10-Q,0000950170-22-017458,181,False,
ASTS,us-gaap,WeightedAverageNumberOfSharesOutstandingBasic,weighted_average_NOT_outstanding,shares,2021-04-01,2021-06-30,2022-08-16,51729704,10-Q,0000950170-22-017458,91,False,
ASTS,us-gaap,WeightedAverageNumberOfSharesOutstandingBasic,weighted_average_NOT_outstanding,shares,2021-01-01,2021-09-30,2021-11-15,51729704,10-Q,0001493152-21-028642,273,False,
ASTS,us-gaap,WeightedAverageNumberOfSharesOutstandingBasic,weighted_average_NOT_outstanding,shares,2021-01-01,2021-09-30,2022-11-14,51729704,10-Q,0000950170-22-025059,273,False,
ASTS,us-gaap,WeightedAverageNumberOfSharesOutstandingBasic,weighted_average_NOT_outstanding,shares,2021-07-01,2021-09-30,2021-11-15,51729704,10-Q,0001493152-21-028642,92,False,
ASTS,us-gaap,WeightedAverageNumberOfSharesOutstandingBasic,weighted_average_NOT_outstanding,shares,2021-07-01,2021-09-30,2022-11-14,51729704,10-Q,0000950170-22-025059,92,False,
ASTS,us-gaap,WeightedAverageNumberOfSharesOutstandingBasic,weighted_average_NOT_outstanding,shares,2022-01-01,2022-06-30,2022-08-16,51814888,10-Q,0000950170-22-017458,181,False,
ASTS,us-gaap,WeightedAverageNumberOfSharesOutstandingBasic,weighted_average_NOT_outstanding,shares,2022-04-01,2022-06-30,2022-08-16,51868658,10-Q,0000950170-22-017458,91,False,
ASTS,us-gaap,WeightedAverageNumberOfSharesOutstandingBasic,weighted_average_NOT_outstanding,shares,2022-01-01,2022-09-30,2022-11-14,52292972,10-Q,0000950170-22-025059,273,False,
ASTS,us-gaap,WeightedAverageNumberOfSharesOutstandingBasic,weighted_average_NOT_outstanding,shares,2022-07-01,2022-09-30,2022-11-14,53233552,10-Q,0000950170-22-025059,92,False,
ASTS,us-gaap,WeightedAverageNumberOfSharesOutstandingBasic,weighted_average_NOT_outstanding,shares,2023-01-01,2023-12-31,2026-03-02,81824122,10-K,0001780312-26-000006,365,False,
ASTS,us-gaap,WeightedAverageNumberOfSharesOutstandingBasic,weighted_average_NOT_outstanding,shares,2024-01-01,2024-06-30,2025-08-11,131316319,10-Q,0000950170-25-106627,182,False,
ASTS,us-gaap,WeightedAverageNumberOfSharesOutstandingBasic,weighted_average_NOT_outstanding,shares,2024-04-01,2024-06-30,2025-08-11,141185500,10-Q,0000950170-25-106627,91,False,
ASTS,us-gaap,WeightedAverageNumberOfSharesOutstandingBasic,weighted_average_NOT_outstanding,shares,2024-01-01,2024-09-30,2025-11-10,139485036,10-Q,0001193125-25-274391,274,False,
ASTS,us-gaap,WeightedAverageNumberOfSharesOutstandingBasic,weighted_average_NOT_outstanding,shares,2024-07-01,2024-09-30,2025-11-10,155644888,10-Q,0001193125-25-274391,92,False,
ASTS,us-gaap,WeightedAverageNumberOfSharesOutstandingBasic,weighted_average_NOT_outstanding,shares,2024-01-01,2024-12-31,2026-03-02,154501344,10-K,0001780312-26-000006,366,False,
ASTS,us-gaap,WeightedAverageNumberOfSharesOutstandingBasic,weighted_average_NOT_outstanding,shares,2025-01-01,2025-03-31,2026-05-11,223974396,10-Q,0001193125-26-216950,90,False,
ASTS,us-gaap,WeightedAverageNumberOfSharesOutstandingBasic,weighted_average_NOT_outstanding,shares,2025-01-01,2025-06-30,2025-08-11,233101209,10-Q,0000950170-25-106627,181,False,
ASTS,us-gaap,WeightedAverageNumberOfSharesOutstandingBasic,weighted_average_NOT_outstanding,shares,2025-01-01,2025-06-30,2026-08-10,233101209,10-Q,0001193125-26-342550,181,False,
ASTS,us-gaap,WeightedAverageNumberOfSharesOutstandingBasic,weighted_average_NOT_outstanding,shares,2025-04-01,2025-06-30,2025-08-11,241985507,10-Q,0000950170-25-106627,91,False,
ASTS,us-gaap,WeightedAverageNumberOfSharesOutstandingBasic,weighted_average_NOT_outstanding,shares,2025-04-01,2025-06-30,2026-08-10,241985507,10-Q,0001193125-26-342550,91,False,
ASTS,us-gaap,WeightedAverageNumberOfSharesOutstandingBasic,weighted_average_NOT_outstanding,shares,2025-01-01,2025-09-30,2025-11-10,246490060,10-Q,0001193125-25-274391,273,False,
ASTS,us-gaap,WeightedAverageNumberOfSharesOutstandingBasic,weighted_average_NOT_outstanding,shares,2025-07-01,2025-09-30,2025-11-10,272831168,10-Q,0001193125-25-274391,92,False,
ASTS,us-gaap,WeightedAverageNumberOfSharesOutstandingBasic,weighted_average_NOT_outstanding,shares,2025-01-01,2025-12-31,2026-03-02,255982592,10-K,0001780312-26-000006,365,False,
ASTS,us-gaap,WeightedAverageNumberOfSharesOutstandingBasic,weighted_average_NOT_outstanding,shares,2026-01-01,2026-03-31,2026-05-11,290689457,10-Q,0001193125-26-216950,90,False,
ASTS,us-gaap,WeightedAverageNumberOfSharesOutstandingBasic,weighted_average_NOT_outstanding,shares,2026-01-01,2026-06-30,2026-08-10,294898761,10-Q,0001193125-26-342550,181,False,
ASTS,us-gaap,WeightedAverageNumberOfSharesOutstandingBasic,weighted_average_NOT_outstanding,shares,2026-04-01,2026-06-30,2026-08-10,299061662,10-Q,0001193125-26-342550,91,False,
ASTS,us-gaap,ContractWithCustomerLiabilityRevenueRecognized,revenue_candidate_VERIFY_scope_and_currency,USD,2021-01-01,2021-12-31,2022-03-31,-2498000,10-K,0000950170-22-005212,365,False,
ASTS,us-gaap,ContractWithCustomerLiabilityRevenueRecognized,revenue_candidate_VERIFY_scope_and_currency,USD,2022-01-01,2022-03-31,2022-05-16,-544000,10-Q,0000950170-22-010115,90,False,
ASTS,us-gaap,ContractWithCustomerLiabilityRevenueRecognized,revenue_candidate_VERIFY_scope_and_currency,USD,2022-01-01,2022-06-30,2022-08-16,-1565000,10-Q,0000950170-22-017458,181,False,
ASTS,us-gaap,ContractWithCustomerLiabilityRevenueRecognized,revenue_candidate_VERIFY_scope_and_currency,USD,2022-01-01,2022-09-30,2022-11-14,-2426000,10-Q,0000950170-22-025059,273,False,
ASTS,us-gaap,ContractWithCustomerLiabilityRevenueRecognized,revenue_candidate_VERIFY_scope_and_currency,USD,2022-01-01,2022-12-31,2023-03-31,-2426000,10-K,0000950170-23-011124,365,False,
ASTS,us-gaap,DeferredRevenue,revenue_candidate_VERIFY_scope_and_currency,USD,,2020-12-31,2022-03-31,3401000,10-K,0000950170-22-005212,,False,
ASTS,us-gaap,DeferredRevenue,revenue_candidate_VERIFY_scope_and_currency,USD,,2021-12-31,2022-03-31,6636000,10-K,0000950170-22-005212,,False,
ASTS,us-gaap,DeferredRevenue,revenue_candidate_VERIFY_scope_and_currency,USD,,2021-12-31,2022-05-16,6636000,10-Q,0000950170-22-010115,,False,
ASTS,us-gaap,DeferredRevenue,revenue_candidate_VERIFY_scope_and_currency,USD,,2021-12-31,2022-08-16,6636000,10-Q,0000950170-22-017458,,False,
ASTS,us-gaap,DeferredRevenue,revenue_candidate_VERIFY_scope_and_currency,USD,,2021-12-31,2022-11-14,6636000,10-Q,0000950170-22-025059,,False,
ASTS,us-gaap,DeferredRevenue,revenue_candidate_VERIFY_scope_and_currency,USD,,2021-12-31,2023-03-31,6636000,10-K,0000950170-23-011124,,False,
ASTS,us-gaap,DeferredRevenue,revenue_candidate_VERIFY_scope_and_currency,USD,,2022-03-31,2022-05-16,7800000,10-Q,0000950170-22-010115,,False,
ASTS,us-gaap,DeferredRevenue,revenue_candidate_VERIFY_scope_and_currency,USD,,2022-06-30,2022-08-16,7490000,10-Q,0000950170-22-017458,,False,
ASTS,us-gaap,DeferredRevenue,revenue_candidate_VERIFY_scope_and_currency,USD,,2022-09-30,2022-11-14,0,10-Q,0000950170-22-025059,,False,
ASTS,us-gaap,DeferredRevenue,revenue_candidate_VERIFY_scope_and_currency,USD,,2022-12-31,2023-03-31,0,10-K,0000950170-23-011124,,False,
ASTS,us-gaap,Revenues,revenue_candidate_VERIFY_scope_and_currency,USD,2023-01-01,2023-12-31,2025-03-03,0,10-K,0000950170-25-030909,365,True,
ASTS,us-gaap,Revenues,revenue_candidate_VERIFY_scope_and_currency,USD,2024-01-01,2024-03-31,2024-05-15,500000,10-Q,0000950170-24-060499,91,True,
ASTS,us-gaap,Revenues,revenue_candidate_VERIFY_scope_and_currency,USD,2024-01-01,2024-06-30,2024-08-14,1400000,10-Q,0000950170-24-097099,182,True,
ASTS,us-gaap,Revenues,revenue_candidate_VERIFY_scope_and_currency,USD,2024-04-01,2024-06-30,2024-08-14,900000,10-Q,0000950170-24-097099,91,True,
ASTS,us-gaap,Revenues,revenue_candidate_VERIFY_scope_and_currency,USD,2024-01-01,2024-09-30,2024-11-14,2500000,10-Q,0000950170-24-127101,274,True,
ASTS,us-gaap,Revenues,revenue_candidate_VERIFY_scope_and_currency,USD,2024-07-01,2024-09-30,2024-11-14,1100000,10-Q,0000950170-24-127101,92,True,
ASTS,us-gaap,Revenues,revenue_candidate_VERIFY_scope_and_currency,USD,2024-01-01,2024-12-31,2025-03-03,4400000,10-K,0000950170-25-030909,366,True,
ASTS,us-gaap,AntidilutiveSecuritiesExcludedFromComputationOfEarningsPerShareAmount,other_share_concept_NOT_automatically_outstanding,shares,2024-01-01,2024-12-31,2025-03-03,25732053,10-K,0000950170-25-030909,366,False,
ASTS,us-gaap,AntidilutiveSecuritiesExcludedFromComputationOfEarningsPerShareAmount,other_share_concept_NOT_automatically_outstanding,shares,2025-01-01,2025-03-31,2025-05-12,17044610,10-Q,0000950170-25-069403,90,False,
ASTS,us-gaap,AntidilutiveSecuritiesExcludedFromComputationOfEarningsPerShareAmount,other_share_concept_NOT_automatically_outstanding,shares,2025-01-01,2025-06-30,2025-08-11,17044610,10-Q,0000950170-25-106627,181,False,
ASTS,us-gaap,AntidilutiveSecuritiesExcludedFromComputationOfEarningsPerShareAmount,other_share_concept_NOT_automatically_outstanding,shares,2025-01-01,2025-09-30,2025-11-10,11683475,10-Q,0001193125-25-274391,273,False,
ASTS,us-gaap,AntidilutiveSecuritiesExcludedFromComputationOfEarningsPerShareAmount,other_share_concept_NOT_automatically_outstanding,shares,2025-01-01,2025-12-31,2026-03-02,21772975,10-K,0001780312-26-000006,365,False,
ASTS,us-gaap,AntidilutiveSecuritiesExcludedFromComputationOfEarningsPerShareAmount,other_share_concept_NOT_automatically_outstanding,shares,2026-01-01,2026-03-31,2026-05-11,25824820,10-Q,0001193125-26-216950,90,False,
ASTS,us-gaap,AntidilutiveSecuritiesExcludedFromComputationOfEarningsPerShareAmount,other_share_concept_NOT_automatically_outstanding,shares,2026-01-01,2026-06-30,2026-08-10,25824820,10-Q,0001193125-26-342550,181,False,
ASTS,us-gaap,RevenueRemainingPerformanceObligationPercentage,revenue_candidate_VERIFY_scope_and_currency,pure,,2025-12-31,2026-03-02,0.09,10-K,0001780312-26-000006,,False,
ASTS,us-gaap,RevenueRemainingPerformanceObligationPercentage,revenue_candidate_VERIFY_scope_and_currency,pure,,2026-03-31,2026-05-11,0.084,10-Q,0001193125-26-216950,,False,
ASTS,us-gaap,RevenueRemainingPerformanceObligationPercentage,revenue_candidate_VERIFY_scope_and_currency,pure,,2026-06-30,2026-08-10,0.066,10-Q,0001193125-26-342550,,False,
ASTS,us-gaap,StockRedeemedOrCalledDuringPeriodShares,other_share_concept_NOT_automatically_outstanding,shares,2025-01-01,2025-12-31,2026-03-02,0,10-K,0001780312-26-000006,365,False,
ASTS,us-gaap,UnregulatedOperatingRevenue,revenue_candidate_VERIFY_scope_and_currency,USD,2025-01-01,2025-12-31,2026-03-02,1200000000,10-K,0001780312-26-000006,365,False,
ASTS,us-gaap,UnregulatedOperatingRevenue,revenue_candidate_VERIFY_scope_and_currency,USD,2026-01-01,2026-03-31,2026-05-11,1200000000,10-Q,0001193125-26-216950,90,False,
ASTS,us-gaap,UnregulatedOperatingRevenue,revenue_candidate_VERIFY_scope_and_currency,USD,2026-01-01,2026-06-30,2026-08-10,1200000000,10-Q,0001193125-26-342550,181,False,
BABA,dei,EntityCommonStockSharesOutstanding,shares_outstanding_candidate_VERIFY_classes_and_ADS,shares,,2015-03-31,2015-06-25,2495499036,20-F,0001047469-15-005768,,True,
BABA,dei,EntityCommonStockSharesOutstanding,shares_outstanding_candidate_VERIFY_classes_and_ADS,shares,,2016-03-31,2016-05-24,2473927859,20-F,0001047469-16-013400,,True,
BABA,dei,EntityCommonStockSharesOutstanding,shares_outstanding_candidate_VERIFY_classes_and_ADS,shares,,2017-03-31,2017-06-15,2529364189,20-F,0001047469-17-004019,,True,
BABA,dei,EntityCommonStockSharesOutstanding,shares_outstanding_candidate_VERIFY_classes_and_ADS,shares,,2018-03-31,2018-07-27,2571929843,20-F,0001047469-18-005257,,True,
BABA,dei,EntityCommonStockSharesOutstanding,shares_outstanding_candidate_VERIFY_classes_and_ADS,shares,,2019-03-31,2019-06-05,2587059572,20-F,0001047469-19-003492,,True,
BABA,dei,EntityCommonStockSharesOutstanding,shares_outstanding_candidate_VERIFY_classes_and_ADS,shares,,2020-03-31,2020-07-09,21491994944,20-F,0001104659-20-082409,,True,
BABA,dei,EntityCommonStockSharesOutstanding,shares_outstanding_candidate_VERIFY_classes_and_ADS,shares,,2021-03-31,2021-07-27,21699031448,20-F,0001104659-21-096092,,True,
BABA,dei,EntityCommonStockSharesOutstanding,shares_outstanding_candidate_VERIFY_classes_and_ADS,shares,,2022-03-31,2022-07-26,21357323112,20-F,0001104659-22-082622,,True,
BABA,dei,EntityCommonStockSharesOutstanding,shares_outstanding_candidate_VERIFY_classes_and_ADS,shares,,2023-03-31,2023-07-21,20526017712,20-F,0000950170-23-033752,,True,
BABA,dei,EntityCommonStockSharesOutstanding,shares_outstanding_candidate_VERIFY_classes_and_ADS,shares,,2023-03-31,2024-02-23,20526017712,20-F/A,0001193125-24-044480,,True,
BABA,dei,EntityCommonStockSharesOutstanding,shares_outstanding_candidate_VERIFY_classes_and_ADS,shares,,2024-03-31,2024-05-23,19469126956,20-F,0000950170-24-063767,,True,
BABA,dei,EntityCommonStockSharesOutstanding,shares_outstanding_candidate_VERIFY_classes_and_ADS,shares,,2025-03-31,2025-06-26,18474235708,20-F,0000950170-25-090161,,True,
BABA,dei,EntityCommonStockSharesOutstanding,shares_outstanding_candidate_VERIFY_classes_and_ADS,shares,,2026-03-31,2026-05-20,1858037427,20-F,0001193125-26-231755,,True,
BABA,us-gaap,AvailableForSaleSecuritiesAccumulatedGrossUnrealizedGainLossBeforeTax,revenue_candidate_VERIFY_scope_and_currency,CNY,,2013-03-31,2015-06-25,0,20-F,0001047469-15-005768,,False,
BABA,us-gaap,AvailableForSaleSecuritiesAccumulatedGrossUnrealizedGainLossBeforeTax,revenue_candidate_VERIFY_scope_and_currency,CNY,,2014-03-31,2015-06-25,299000000,20-F,0001047469-15-005768,,False,
BABA,us-gaap,AvailableForSaleSecuritiesAccumulatedGrossUnrealizedGainLossBeforeTax,revenue_candidate_VERIFY_scope_and_currency,CNY,,2014-03-31,2016-05-24,299000000,20-F,0001047469-16-013400,,False,
BABA,us-gaap,AvailableForSaleSecuritiesAccumulatedGrossUnrealizedGainLossBeforeTax,revenue_candidate_VERIFY_scope_and_currency,CNY,,2015-03-31,2015-06-25,3384000000,20-F,0001047469-15-005768,,False,
BABA,us-gaap,AvailableForSaleSecuritiesAccumulatedGrossUnrealizedGainLossBeforeTax,revenue_candidate_VERIFY_scope_and_currency,CNY,,2015-03-31,2016-05-24,3384000000,20-F,0001047469-16-013400,,False,
BABA,us-gaap,AvailableForSaleSecuritiesAccumulatedGrossUnrealizedGainLossBeforeTax,revenue_candidate_VERIFY_scope_and_currency,CNY,,2015-03-31,2017-06-15,3384000000,20-F,0001047469-17-004019,,False,
BABA,us-gaap,AvailableForSaleSecuritiesAccumulatedGrossUnrealizedGainLossBeforeTax,revenue_candidate_VERIFY_scope_and_currency,CNY,,2015-03-31,2017-11-24,3384000000,6-K,0001047469-17-007286,,False,
BABA,us-gaap,AvailableForSaleSecuritiesAccumulatedGrossUnrealizedGainLossBeforeTax,revenue_candidate_VERIFY_scope_and_currency,CNY,,2016-03-31,2016-05-24,5502000000,20-F,0001047469-16-013400,,False,
BABA,us-gaap,AvailableForSaleSecuritiesAccumulatedGrossUnrealizedGainLossBeforeTax,revenue_candidate_VERIFY_scope_and_currency,CNY,,2016-03-31,2017-06-15,5502000000,20-F,0001047469-17-004019,,False,
BABA,us-gaap,AvailableForSaleSecuritiesAccumulatedGrossUnrealizedGainLossBeforeTax,revenue_candidate_VERIFY_scope_and_currency,CNY,,2016-03-31,2017-11-24,5502000000,6-K,0001047469-17-007286,,False,
BABA,us-gaap,AvailableForSaleSecuritiesAccumulatedGrossUnrealizedGainLossBeforeTax,revenue_candidate_VERIFY_scope_and_currency,CNY,,2016-03-31,2018-07-27,5502000000,20-F,0001047469-18-005257,,False,
BABA,us-gaap,AvailableForSaleSecuritiesAccumulatedGrossUnrealizedGainLossBeforeTax,revenue_candidate_VERIFY_scope_and_currency,CNY,,2017-03-31,2017-06-15,8956000000,20-F,0001047469-17-004019,,False,
BABA,us-gaap,AvailableForSaleSecuritiesAccumulatedGrossUnrealizedGainLossBeforeTax,revenue_candidate_VERIFY_scope_and_currency,CNY,,2017-03-31,2017-11-24,8956000000,6-K,0001047469-17-007286,,False,
BABA,us-gaap,AvailableForSaleSecuritiesAccumulatedGrossUnrealizedGainLossBeforeTax,revenue_candidate_VERIFY_scope_and_currency,CNY,,2017-03-31,2018-07-27,8956000000,20-F,0001047469-18-005257,,False,
BABA,us-gaap,AvailableForSaleSecuritiesAccumulatedGrossUnrealizedGainLossBeforeTax,revenue_candidate_VERIFY_scope_and_currency,CNY,,2018-03-31,2018-07-27,9403000000,20-F,0001047469-18-005257,,False,
BABA,us-gaap,AvailableForSaleSecuritiesAccumulatedGrossUnrealizedGainLossBeforeTax,revenue_candidate_VERIFY_scope_and_currency,CNY,,2018-03-31,2019-06-05,9403000000,20-F,0001047469-19-003492,,False,
BABA,us-gaap,AvailableForSaleSecuritiesAccumulatedGrossUnrealizedGainLossBeforeTax,revenue_candidate_VERIFY_scope_and_currency,CNY,,2018-03-31,2019-11-13,9403000000,6-K,0001047469-19-006257,,False,
BABA,us-gaap,AvailableForSaleSecuritiesContinuousUnrealizedLossPositionFairValue,revenue_candidate_VERIFY_scope_and_currency,CNY,,2014-03-31,2015-06-25,0,20-F,0001047469-15-005768,,False,
BABA,us-gaap,AvailableForSaleSecuritiesContinuousUnrealizedLossPositionFairValue,revenue_candidate_VERIFY_scope_and_currency,CNY,,2015-03-31,2015-06-25,4929000000,20-F,0001047469-15-005768,,False,
BABA,us-gaap,AvailableForSaleSecuritiesContinuousUnrealizedLossPositionFairValue,revenue_candidate_VERIFY_scope_and_currency,CNY,,2015-03-31,2016-05-24,4929000000,20-F,0001047469-16-013400,,False,
BABA,us-gaap,AvailableForSaleSecuritiesContinuousUnrealizedLossPositionFairValue,revenue_candidate_VERIFY_scope_and_currency,CNY,,2015-03-31,2017-06-15,4929000000,20-F,0001047469-17-004019,,False,
BABA,us-gaap,AvailableForSaleSecuritiesContinuousUnrealizedLossPositionFairValue,revenue_candidate_VERIFY_scope_and_currency,CNY,,2015-03-31,2017-11-24,4929000000,6-K,0001047469-17-007286,,False,
BABA,us-gaap,AvailableForSaleSecuritiesContinuousUnrealizedLossPositionFairValue,revenue_candidate_VERIFY_scope_and_currency,CNY,,2016-03-31,2016-05-24,1751000000,20-F,0001047469-16-013400,,False,
BABA,us-gaap,AvailableForSaleSecuritiesContinuousUnrealizedLossPositionFairValue,revenue_candidate_VERIFY_scope_and_currency,CNY,,2016-03-31,2017-06-15,1751000000,20-F,0001047469-17-004019,,False,
BABA,us-gaap,AvailableForSaleSecuritiesContinuousUnrealizedLossPositionFairValue,revenue_candidate_VERIFY_scope_and_currency,CNY,,2016-03-31,2017-11-24,1751000000,6-K,0001047469-17-007286,,False,
BABA,us-gaap,AvailableForSaleSecuritiesContinuousUnrealizedLossPositionFairValue,revenue_candidate_VERIFY_scope_and_currency,CNY,,2016-03-31,2018-07-27,1751000000,20-F,0001047469-18-005257,,False,
BABA,us-gaap,AvailableForSaleSecuritiesContinuousUnrealizedLossPositionFairValue,revenue_candidate_VERIFY_scope_and_currency,CNY,,2017-03-31,2017-06-15,4366000000,20-F,0001047469-17-004019,,False,
BABA,us-gaap,AvailableForSaleSecuritiesContinuousUnrealizedLossPositionFairValue,revenue_candidate_VERIFY_scope_and_currency,CNY,,2017-03-31,2017-11-24,4366000000,6-K,0001047469-17-007286,,False,
BABA,us-gaap,AvailableForSaleSecuritiesContinuousUnrealizedLossPositionFairValue,revenue_candidate_VERIFY_scope_and_currency,CNY,,2017-03-31,2018-07-27,4366000000,20-F,0001047469-18-005257,,False,
BABA,us-gaap,AvailableForSaleSecuritiesContinuousUnrealizedLossPositionFairValue,revenue_candidate_VERIFY_scope_and_currency,CNY,,2018-03-31,2018-07-27,7636000000,20-F,0001047469-18-005257,,False,
BABA,us-gaap,AvailableForSaleSecuritiesContinuousUnrealizedLossPositionFairValue,revenue_candidate_VERIFY_scope_and_currency,CNY,,2018-03-31,2019-06-05,7636000000,20-F,0001047469-19-003492,,False,
BABA,us-gaap,AvailableForSaleSecuritiesContinuousUnrealizedLossPositionFairValue,revenue_candidate_VERIFY_scope_and_currency,CNY,,2018-03-31,2019-11-13,7636000000,6-K,0001047469-19-006257,,False,
BABA,us-gaap,CommonStockSharesAuthorized,other_share_concept_NOT_automatically_outstanding,shares,,2014-03-31,2015-06-25,2797400000,20-F,0001047469-15-005768,,False,
BABA,us-gaap,CommonStockSharesAuthorized,other_share_concept_NOT_automatically_outstanding,shares,,2015-03-31,2015-06-25,4000000000,20-F,0001047469-15-005768,,False,
BABA,us-gaap,CommonStockSharesAuthorized,other_share_concept_NOT_automatically_outstanding,shares,,2015-03-31,2016-05-24,4000000000,20-F,0001047469-16-013400,,False,
BABA,us-gaap,CommonStockSharesAuthorized,other_share_concept_NOT_automatically_outstanding,shares,,2016-03-31,2016-05-24,4000000000,20-F,0001047469-16-013400,,False,
BABA,us-gaap,CommonStockSharesAuthorized,other_share_concept_NOT_automatically_outstanding,shares,,2016-03-31,2017-06-15,4000000000,20-F,0001047469-17-004019,,False,
BABA,us-gaap,CommonStockSharesAuthorized,other_share_concept_NOT_automatically_outstanding,shares,,2016-03-31,2017-11-24,4000000000,6-K,0001047469-17-007286,,False,
BABA,us-gaap,CommonStockSharesAuthorized,other_share_concept_NOT_automatically_outstanding,shares,,2017-03-31,2017-06-15,4000000000,20-F,0001047469-17-004019,,False,
BABA,us-gaap,CommonStockSharesAuthorized,other_share_concept_NOT_automatically_outstanding,shares,,2017-03-31,2017-11-24,4000000000,6-K,0001047469-17-007286,,False,
BABA,us-gaap,CommonStockSharesAuthorized,other_share_concept_NOT_automatically_outstanding,shares,,2017-03-31,2018-07-27,4000000000,20-F,0001047469-18-005257,,False,
BABA,us-gaap,CommonStockSharesAuthorized,other_share_concept_NOT_automatically_outstanding,shares,,2018-03-31,2018-07-27,4000000000,20-F,0001047469-18-005257,,False,
BABA,us-gaap,CommonStockSharesAuthorized,other_share_concept_NOT_automatically_outstanding,shares,,2018-03-31,2019-06-05,4000000000,20-F,0001047469-19-003492,,False,
BABA,us-gaap,CommonStockSharesAuthorized,other_share_concept_NOT_automatically_outstanding,shares,,2018-03-31,2019-11-13,32000000000,6-K,0001047469-19-006257,,False,
BABA,us-gaap,CommonStockSharesAuthorized,other_share_concept_NOT_automatically_outstanding,shares,,2019-03-31,2019-06-05,4000000000,20-F,0001047469-19-003492,,False,
BABA,us-gaap,CommonStockSharesAuthorized,other_share_concept_NOT_automatically_outstanding,shares,,2019-03-31,2019-11-13,32000000000,6-K,0001047469-19-006257,,False,
BABA,us-gaap,CommonStockSharesAuthorized,other_share_concept_NOT_automatically_outstanding,shares,,2019-03-31,2020-07-09,32000000000,20-F,0001104659-20-082409,,False,
BABA,us-gaap,CommonStockSharesAuthorized,other_share_concept_NOT_automatically_outstanding,shares,,2019-03-31,2021-02-02,32000000000,6-K,0001104659-21-010913,,False,
BABA,us-gaap,CommonStockSharesAuthorized,other_share_concept_NOT_automatically_outstanding,shares,,2019-07-30,2019-11-13,32000000000,6-K,0001047469-19-006257,,False,
BABA,us-gaap,CommonStockSharesAuthorized,other_share_concept_NOT_automatically_outstanding,shares,,2019-07-30,2020-07-09,32000000000,20-F,0001104659-20-082409,,False,
BABA,us-gaap,CommonStockSharesAuthorized,other_share_concept_NOT_automatically_outstanding,shares,,2019-07-30,2021-02-02,32000000000,6-K,0001104659-21-010910,,False,
BABA,us-gaap,CommonStockSharesAuthorized,other_share_concept_NOT_automatically_outstanding,shares,,2019-07-30,2021-02-02,32000000000,6-K,0001104659-21-010913,,False,
BABA,us-gaap,CommonStockSharesAuthorized,other_share_concept_NOT_automatically_outstanding,shares,,2019-07-30,2021-07-27,32000000000,20-F,0001104659-21-096092,,False,
BABA,us-gaap,CommonStockSharesAuthorized,other_share_concept_NOT_automatically_outstanding,shares,,2019-07-30,2022-07-26,32000000000,20-F,0001104659-22-082622,,False,
BABA,us-gaap,CommonStockSharesAuthorized,other_share_concept_NOT_automatically_outstanding,shares,,2020-03-31,2020-07-09,32000000000,20-F,0001104659-20-082409,,False,
BABA,us-gaap,CommonStockSharesAuthorized,other_share_concept_NOT_automatically_outstanding,shares,,2020-03-31,2021-02-02,32000000000,6-K,0001104659-21-010910,,False,
BABA,us-gaap,CommonStockSharesAuthorized,other_share_concept_NOT_automatically_outstanding,shares,,2020-03-31,2021-02-02,32000000000,6-K,0001104659-21-010913,,False,
BABA,us-gaap,CommonStockSharesAuthorized,other_share_concept_NOT_automatically_outstanding,shares,,2020-03-31,2021-07-27,32000000000,20-F,0001104659-21-096092,,False,
BABA,us-gaap,CommonStockSharesAuthorized,other_share_concept_NOT_automatically_outstanding,shares,,2020-09-30,2021-02-02,32000000000,6-K,0001104659-21-010910,,False,
BABA,us-gaap,CommonStockSharesAuthorized,other_share_concept_NOT_automatically_outstanding,shares,,2021-03-31,2021-07-27,32000000000,20-F,0001104659-21-096092,,False,
BABA,us-gaap,CommonStockSharesAuthorized,other_share_concept_NOT_automatically_outstanding,shares,,2021-03-31,2022-07-26,32000000000,20-F,0001104659-22-082622,,False,
BABA,us-gaap,CommonStockSharesAuthorized,other_share_concept_NOT_automatically_outstanding,shares,,2022-03-31,2022-07-26,32000000000,20-F,0001104659-22-082622,,False,
BABA,us-gaap,CommonStockSharesAuthorized,other_share_concept_NOT_automatically_outstanding,shares,,2022-03-31,2023-07-21,32000000000,20-F,0000950170-23-033752,,False,
BABA,us-gaap,CommonStockSharesAuthorized,other_share_concept_NOT_automatically_outstanding,shares,,2023-03-31,2023-07-21,32000000000,20-F,0000950170-23-033752,,False,
BABA,us-gaap,CommonStockSharesAuthorized,other_share_concept_NOT_automatically_outstanding,shares,,2023-03-31,2024-05-23,32000000000,20-F,0000950170-24-063767,,False,
BABA,us-gaap,CommonStockSharesAuthorized,other_share_concept_NOT_automatically_outstanding,shares,,2024-03-31,2024-05-23,32000000000,20-F,0000950170-24-063767,,False,
BABA,us-gaap,CommonStockSharesAuthorized,other_share_concept_NOT_automatically_outstanding,shares,,2024-03-31,2025-06-26,32000000000,20-F,0000950170-25-090161,,False,
BABA,us-gaap,CommonStockSharesAuthorized,other_share_concept_NOT_automatically_outstanding,shares,,2025-03-31,2025-06-26,32000000000,20-F,0000950170-25-090161,,False,
BABA,us-gaap,CommonStockSharesAuthorized,other_share_concept_NOT_automatically_outstanding,shares,,2025-03-31,2026-05-20,32000000000,20-F,0001193125-26-231755,,False,
BABA,us-gaap,CommonStockSharesAuthorized,other_share_concept_NOT_automatically_outstanding,shares,,2026-03-31,2026-05-20,32000000000,20-F,0001193125-26-231755,,False,
BABA,us-gaap,CommonStockSharesIssued,other_share_concept_NOT_automatically_outstanding,shares,,2014-03-31,2015-06-25,2226810660,20-F,0001047469-15-005768,,False,
BABA,us-gaap,CommonStockSharesIssued,other_share_concept_NOT_automatically_outstanding,shares,,2015-03-31,2015-06-25,2495499036,20-F,0001047469-15-005768,,False,
BABA,us-gaap,CommonStockSharesIssued,other_share_concept_NOT_automatically_outstanding,shares,,2015-03-31,2016-05-24,2495499036,20-F,0001047469-16-013400,,False,
BABA,us-gaap,CommonStockSharesIssued,other_share_concept_NOT_automatically_outstanding,shares,,2016-03-31,2016-05-24,2473927859,20-F,0001047469-16-013400,,False,
BABA,us-gaap,CommonStockSharesIssued,other_share_concept_NOT_automatically_outstanding,shares,,2016-03-31,2017-06-15,2473927859,20-F,0001047469-17-004019,,False,
BABA,us-gaap,CommonStockSharesIssued,other_share_concept_NOT_automatically_outstanding,shares,,2016-03-31,2017-11-24,2473927859,6-K,0001047469-17-007286,,False,
BABA,us-gaap,CommonStockSharesIssued,other_share_concept_NOT_automatically_outstanding,shares,,2017-03-31,2017-06-15,2529364189,20-F,0001047469-17-004019,,False,
BABA,us-gaap,CommonStockSharesIssued,other_share_concept_NOT_automatically_outstanding,shares,,2017-03-31,2017-11-24,2529364189,6-K,0001047469-17-007286,,False,
BABA,us-gaap,CommonStockSharesIssued,other_share_concept_NOT_automatically_outstanding,shares,,2017-03-31,2018-07-27,2529364189,20-F,0001047469-18-005257,,False,
BABA,us-gaap,CommonStockSharesIssued,other_share_concept_NOT_automatically_outstanding,shares,,2018-03-31,2018-07-27,2571929843,20-F,0001047469-18-005257,,False,
BABA,us-gaap,CommonStockSharesIssued,other_share_concept_NOT_automatically_outstanding,shares,,2018-03-31,2019-06-05,2571929843,20-F,0001047469-19-003492,,False,
BABA,us-gaap,CommonStockSharesIssued,other_share_concept_NOT_automatically_outstanding,shares,,2018-03-31,2019-11-13,20575438744,6-K,0001047469-19-006257,,False,
BABA,us-gaap,CommonStockSharesIssued,other_share_concept_NOT_automatically_outstanding,shares,,2019-03-31,2019-06-05,2587059572,20-F,0001047469-19-003492,,False,
BABA,us-gaap,CommonStockSharesIssued,other_share_concept_NOT_automatically_outstanding,shares,,2019-03-31,2019-11-13,20696476576,6-K,0001047469-19-006257,,False,
BABA,us-gaap,CommonStockSharesIssued,other_share_concept_NOT_automatically_outstanding,shares,,2019-03-31,2020-07-09,20696476576,20-F,0001104659-20-082409,,False,
BABA,us-gaap,CommonStockSharesIssued,other_share_concept_NOT_automatically_outstanding,shares,,2019-03-31,2021-02-02,20696476576,6-K,0001104659-21-010913,,False,
BABA,us-gaap,CommonStockSharesIssued,other_share_concept_NOT_automatically_outstanding,shares,,2020-03-31,2020-07-09,21491994944,20-F,0001104659-20-082409,,False,
BABA,us-gaap,CommonStockSharesIssued,other_share_concept_NOT_automatically_outstanding,shares,,2020-03-31,2021-02-02,21491994944,6-K,0001104659-21-010910,,False,
BABA,us-gaap,CommonStockSharesIssued,other_share_concept_NOT_automatically_outstanding,shares,,2020-03-31,2021-02-02,21491994944,6-K,0001104659-21-010913,,False,
BABA,us-gaap,CommonStockSharesIssued,other_share_concept_NOT_automatically_outstanding,shares,,2020-03-31,2021-07-27,21491994944,20-F,0001104659-21-096092,,False,
BABA,us-gaap,CommonStockSharesIssued,other_share_concept_NOT_automatically_outstanding,shares,,2020-09-30,2021-02-02,21655958968,6-K,0001104659-21-010910,,False,
BABA,us-gaap,CommonStockSharesIssued,other_share_concept_NOT_automatically_outstanding,shares,,2021-03-31,2021-07-27,21699031448,20-F,0001104659-21-096092,,False,
BABA,us-gaap,CommonStockSharesIssued,other_share_concept_NOT_automatically_outstanding,shares,,2021-03-31,2022-07-26,21699031448,20-F,0001104659-22-082622,,False,
BABA,us-gaap,CommonStockSharesIssued,other_share_concept_NOT_automatically_outstanding,shares,,2022-03-31,2022-07-26,21357323112,20-F,0001104659-22-082622,,False,
BABA,us-gaap,CommonStockSharesIssued,other_share_concept_NOT_automatically_outstanding,shares,,2022-03-31,2023-07-21,21357323112,20-F,0000950170-23-033752,,False,
BABA,us-gaap,CommonStockSharesIssued,other_share_concept_NOT_automatically_outstanding,shares,,2023-03-31,2023-07-21,20526017712,20-F,0000950170-23-033752,,False,
BABA,us-gaap,CommonStockSharesIssued,other_share_concept_NOT_automatically_outstanding,shares,,2023-03-31,2024-05-23,20526017712,20-F,0000950170-24-063767,,False,
BABA,us-gaap,CommonStockSharesIssued,other_share_concept_NOT_automatically_outstanding,shares,,2024-03-31,2024-05-23,19469126956,20-F,0000950170-24-063767,,False,
BABA,us-gaap,CommonStockSharesIssued,other_share_concept_NOT_automatically_outstanding,shares,,2024-03-31,2025-06-26,19469126956,20-F,0000950170-25-090161,,False,
BABA,us-gaap,CommonStockSharesIssued,other_share_concept_NOT_automatically_outstanding,shares,,2025-03-31,2025-06-26,18474235708,20-F,0000950170-25-090161,,False,
BABA,us-gaap,CommonStockSharesIssued,other_share_concept_NOT_automatically_outstanding,shares,,2025-03-31,2026-05-20,18474235708,20-F,0001193125-26-231755,,False,
BABA,us-gaap,CommonStockSharesIssued,other_share_concept_NOT_automatically_outstanding,shares,,2026-03-31,2026-05-20,18580374278,20-F,0001193125-26-231755,,False,
BABA,us-gaap,CommonStockSharesOutstanding,shares_outstanding_candidate_VERIFY_classes_and_ADS,shares,,2014-03-31,2015-06-25,2226810660,20-F,0001047469-15-005768,,False,
BABA,us-gaap,CommonStockSharesOutstanding,shares_outstanding_candidate_VERIFY_classes_and_ADS,shares,,2015-03-31,2015-06-25,2495499036,20-F,0001047469-15-005768,,False,
BABA,us-gaap,CommonStockSharesOutstanding,shares_outstanding_candidate_VERIFY_classes_and_ADS,shares,,2015-03-31,2016-05-24,2495499036,20-F,0001047469-16-013400,,False,
BABA,us-gaap,CommonStockSharesOutstanding,shares_outstanding_candidate_VERIFY_classes_and_ADS,shares,,2016-03-31,2016-05-24,2473927859,20-F,0001047469-16-013400,,False,
BABA,us-gaap,CommonStockSharesOutstanding,shares_outstanding_candidate_VERIFY_classes_and_ADS,shares,,2016-03-31,2017-06-15,2473927859,20-F,0001047469-17-004019,,False,
BABA,us-gaap,CommonStockSharesOutstanding,shares_outstanding_candidate_VERIFY_classes_and_ADS,shares,,2016-03-31,2017-11-24,2473927859,6-K,0001047469-17-007286,,False,
BABA,us-gaap,CommonStockSharesOutstanding,shares_outstanding_candidate_VERIFY_classes_and_ADS,shares,,2017-03-31,2017-06-15,2529364189,20-F,0001047469-17-004019,,False,
BABA,us-gaap,CommonStockSharesOutstanding,shares_outstanding_candidate_VERIFY_classes_and_ADS,shares,,2017-03-31,2017-11-24,2529364189,6-K,0001047469-17-007286,,False,
BABA,us-gaap,CommonStockSharesOutstanding,shares_outstanding_candidate_VERIFY_classes_and_ADS,shares,,2017-03-31,2018-07-27,2529364189,20-F,0001047469-18-005257,,False,
BABA,us-gaap,CommonStockSharesOutstanding,shares_outstanding_candidate_VERIFY_classes_and_ADS,shares,,2018-03-31,2018-07-27,2571929843,20-F,0001047469-18-005257,,False,
BABA,us-gaap,CommonStockSharesOutstanding,shares_outstanding_candidate_VERIFY_classes_and_ADS,shares,,2018-03-31,2019-06-05,2571929843,20-F,0001047469-19-003492,,False,
BABA,us-gaap,CommonStockSharesOutstanding,shares_outstanding_candidate_VERIFY_classes_and_ADS,shares,,2018-03-31,2019-11-13,20575438744,6-K,0001047469-19-006257,,False,
BABA,us-gaap,CommonStockSharesOutstanding,shares_outstanding_candidate_VERIFY_classes_and_ADS,shares,,2019-03-31,2019-06-05,2587059572,20-F,0001047469-19-003492,,False,
BABA,us-gaap,CommonStockSharesOutstanding,shares_outstanding_candidate_VERIFY_classes_and_ADS,shares,,2019-03-31,2019-11-13,20696476576,6-K,0001047469-19-006257,,False,
BABA,us-gaap,CommonStockSharesOutstanding,shares_outstanding_candidate_VERIFY_classes_and_ADS,shares,,2019-03-31,2020-07-09,20696476576,20-F,0001104659-20-082409,,False,
BABA,us-gaap,CommonStockSharesOutstanding,shares_outstanding_candidate_VERIFY_classes_and_ADS,shares,,2019-03-31,2021-02-02,20696476576,6-K,0001104659-21-010913,,False,
BABA,us-gaap,CommonStockSharesOutstanding,shares_outstanding_candidate_VERIFY_classes_and_ADS,shares,,2020-03-31,2020-07-09,21491994944,20-F,0001104659-20-082409,,False,
BABA,us-gaap,CommonStockSharesOutstanding,shares_outstanding_candidate_VERIFY_classes_and_ADS,shares,,2020-03-31,2021-02-02,21491994944,6-K,0001104659-21-010910,,False,
BABA,us-gaap,CommonStockSharesOutstanding,shares_outstanding_candidate_VERIFY_classes_and_ADS,shares,,2020-03-31,2021-02-02,21491994944,6-K,0001104659-21-010913,,False,
BABA,us-gaap,CommonStockSharesOutstanding,shares_outstanding_candidate_VERIFY_classes_and_ADS,shares,,2020-03-31,2021-07-27,21491994944,20-F,0001104659-21-096092,,False,
BABA,us-gaap,CommonStockSharesOutstanding,shares_outstanding_candidate_VERIFY_classes_and_ADS,shares,,2020-09-30,2021-02-02,21655958968,6-K,0001104659-21-010910,,False,
BABA,us-gaap,CommonStockSharesOutstanding,shares_outstanding_candidate_VERIFY_classes_and_ADS,shares,,2021-03-31,2021-07-27,21699031448,20-F,0001104659-21-096092,,False,
BABA,us-gaap,CommonStockSharesOutstanding,shares_outstanding_candidate_VERIFY_classes_and_ADS,shares,,2021-03-31,2022-07-26,21699031448,20-F,0001104659-22-082622,,False,
BABA,us-gaap,CommonStockSharesOutstanding,shares_outstanding_candidate_VERIFY_classes_and_ADS,shares,,2022-03-31,2022-07-26,21357323112,20-F,0001104659-22-082622,,False,
BABA,us-gaap,CommonStockSharesOutstanding,shares_outstanding_candidate_VERIFY_classes_and_ADS,shares,,2022-03-31,2023-07-21,21357323112,20-F,0000950170-23-033752,,False,
BABA,us-gaap,CommonStockSharesOutstanding,shares_outstanding_candidate_VERIFY_classes_and_ADS,shares,,2023-03-31,2023-07-21,20526017712,20-F,0000950170-23-033752,,False,
BABA,us-gaap,CommonStockSharesOutstanding,shares_outstanding_candidate_VERIFY_classes_and_ADS,shares,,2023-03-31,2024-05-23,20526017712,20-F,0000950170-24-063767,,False,
BABA,us-gaap,CommonStockSharesOutstanding,shares_outstanding_candidate_VERIFY_classes_and_ADS,shares,,2024-03-31,2024-05-23,19469126956,20-F,0000950170-24-063767,,False,
BABA,us-gaap,CommonStockSharesOutstanding,shares_outstanding_candidate_VERIFY_classes_and_ADS,shares,,2024-03-31,2025-06-26,19469126956,20-F,0000950170-25-090161,,False,
BABA,us-gaap,CommonStockSharesOutstanding,shares_outstanding_candidate_VERIFY_classes_and_ADS,shares,,2025-03-31,2025-06-26,18474235708,20-F,0000950170-25-090161,,False,
BABA,us-gaap,CommonStockSharesOutstanding,shares_outstanding_candidate_VERIFY_classes_and_ADS,shares,,2025-03-31,2026-05-20,18474235708,20-F,0001193125-26-231755,,False,
BABA,us-gaap,CommonStockSharesOutstanding,shares_outstanding_candidate_VERIFY_classes_and_ADS,shares,,2026-03-31,2026-05-20,18580374278,20-F,0001193125-26-231755,,False,
BABA,us-gaap,CostOfRevenue,revenue_candidate_VERIFY_scope_and_currency,CNY,2012-04-01,2013-03-31,2015-06-25,9719000000,20-F,0001047469-15-005768,365,False,
BABA,us-gaap,CostOfRevenue,revenue_candidate_VERIFY_scope_and_currency,CNY,2013-04-01,2014-03-31,2015-06-25,13369000000,20-F,0001047469-15-005768,365,False,
BABA,us-gaap,CostOfRevenue,revenue_candidate_VERIFY_scope_and_currency,CNY,2013-04-01,2014-03-31,2016-05-24,13369000000,20-F,0001047469-16-013400,365,False,
BABA,us-gaap,CostOfRevenue,revenue_candidate_VERIFY_scope_and_currency,CNY,2014-04-01,2015-03-31,2015-06-25,23834000000,20-F,0001047469-15-005768,365,False,
BABA,us-gaap,CostOfRevenue,revenue_candidate_VERIFY_scope_and_currency,CNY,2014-04-01,2015-03-31,2016-05-24,23834000000,20-F,0001047469-16-013400,365,False,
BABA,us-gaap,CostOfRevenue,revenue_candidate_VERIFY_scope_and_currency,CNY,2014-04-01,2015-03-31,2017-06-15,23834000000,20-F,0001047469-17-004019,365,False,
BABA,us-gaap,CostOfRevenue,revenue_candidate_VERIFY_scope_and_currency,CNY,2014-04-01,2015-03-31,2017-11-24,23834000000,6-K,0001047469-17-007286,365,False,
BABA,us-gaap,CostOfRevenue,revenue_candidate_VERIFY_scope_and_currency,CNY,2015-04-01,2016-03-31,2016-05-24,34355000000,20-F,0001047469-16-013400,366,False,
BABA,us-gaap,CostOfRevenue,revenue_candidate_VERIFY_scope_and_currency,CNY,2015-04-01,2016-03-31,2017-06-15,34355000000,20-F,0001047469-17-004019,366,False,
BABA,us-gaap,CostOfRevenue,revenue_candidate_VERIFY_scope_and_currency,CNY,2015-04-01,2016-03-31,2017-11-24,34355000000,6-K,0001047469-17-007286,366,False,
BABA,us-gaap,CostOfRevenue,revenue_candidate_VERIFY_scope_and_currency,CNY,2015-04-01,2016-03-31,2018-07-27,34355000000,20-F,0001047469-18-005257,366,False,
BABA,us-gaap,CostOfRevenue,revenue_candidate_VERIFY_scope_and_currency,CNY,2016-04-01,2017-03-31,2017-06-15,59483000000,20-F,0001047469-17-004019,365,False,
BABA,us-gaap,CostOfRevenue,revenue_candidate_VERIFY_scope_and_currency,CNY,2016-04-01,2017-03-31,2017-11-24,59483000000,6-K,0001047469-17-007286,365,False,
BABA,us-gaap,CostOfRevenue,revenue_candidate_VERIFY_scope_and_currency,CNY,2016-04-01,2017-03-31,2018-07-27,59483000000,20-F,0001047469-18-005257,365,False,
BABA,us-gaap,CostOfRevenue,revenue_candidate_VERIFY_scope_and_currency,CNY,2016-04-01,2017-03-31,2019-06-05,59483000000,20-F,0001047469-19-003492,365,False,
BABA,us-gaap,CostOfRevenue,revenue_candidate_VERIFY_scope_and_currency,CNY,2016-04-01,2017-03-31,2019-11-13,59483000000,6-K,0001047469-19-006257,365,False,
BABA,us-gaap,CostOfRevenue,revenue_candidate_VERIFY_scope_and_currency,CNY,2017-04-01,2018-03-31,2018-07-27,107044000000,20-F,0001047469-18-005257,365,False,
BABA,us-gaap,CostOfRevenue,revenue_candidate_VERIFY_scope_and_currency,CNY,2017-04-01,2018-03-31,2019-06-05,107044000000,20-F,0001047469-19-003492,365,False,
BABA,us-gaap,CostOfRevenue,revenue_candidate_VERIFY_scope_and_currency,CNY,2017-04-01,2018-03-31,2019-11-13,107044000000,6-K,0001047469-19-006257,365,False,
BABA,us-gaap,CostOfRevenue,revenue_candidate_VERIFY_scope_and_currency,CNY,2017-04-01,2018-03-31,2020-07-09,107044000000,20-F,0001104659-20-082409,365,False,
BABA,us-gaap,CostOfRevenue,revenue_candidate_VERIFY_scope_and_currency,CNY,2017-04-01,2018-03-31,2021-02-02,107044000000,6-K,0001104659-21-010913,365,False,
BABA,us-gaap,CostOfRevenue,revenue_candidate_VERIFY_scope_and_currency,CNY,2018-04-01,2019-03-31,2019-06-05,206929000000,20-F,0001047469-19-003492,365,False,
BABA,us-gaap,CostOfRevenue,revenue_candidate_VERIFY_scope_and_currency,CNY,2018-04-01,2019-03-31,2019-11-13,206929000000,6-K,0001047469-19-006257,365,False,
BABA,us-gaap,CostOfRevenue,revenue_candidate_VERIFY_scope_and_currency,CNY,2018-04-01,2019-03-31,2020-07-09,206929000000,20-F,0001104659-20-082409,365,False,
BABA,us-gaap,CostOfRevenue,revenue_candidate_VERIFY_scope_and_currency,CNY,2018-04-01,2019-03-31,2021-02-02,206929000000,6-K,0001104659-21-010913,365,False,
BABA,us-gaap,CostOfRevenue,revenue_candidate_VERIFY_scope_and_currency,CNY,2018-04-01,2019-03-31,2021-07-27,206929000000,20-F,0001104659-21-096092,365,False,
BABA,us-gaap,CostOfRevenue,revenue_candidate_VERIFY_scope_and_currency,CNY,2019-04-01,2019-09-30,2021-02-02,125533000000,6-K,0001104659-21-010910,183,False,
BABA,us-gaap,CostOfRevenue,revenue_candidate_VERIFY_scope_and_currency,CNY,2019-04-01,2020-03-31,2020-07-09,282367000000,20-F,0001104659-20-082409,366,False,
BABA,us-gaap,CostOfRevenue,revenue_candidate_VERIFY_scope_and_currency,CNY,2019-04-01,2020-03-31,2021-02-02,282367000000,6-K,0001104659-21-010913,366,False,
BABA,us-gaap,CostOfRevenue,revenue_candidate_VERIFY_scope_and_currency,CNY,2019-04-01,2020-03-31,2021-07-27,282367000000,20-F,0001104659-21-096092,366,False,
BABA,us-gaap,CostOfRevenue,revenue_candidate_VERIFY_scope_and_currency,CNY,2019-04-01,2020-03-31,2022-07-26,282367000000,20-F,0001104659-22-082622,366,False,
BABA,us-gaap,CostOfRevenue,revenue_candidate_VERIFY_scope_and_currency,CNY,2020-04-01,2020-09-30,2021-02-02,174483000000,6-K,0001104659-21-010910,183,False,
BABA,us-gaap,CostOfRevenue,revenue_candidate_VERIFY_scope_and_currency,CNY,2020-04-01,2021-03-31,2021-07-27,421205000000,20-F,0001104659-21-096092,365,False,
BABA,us-gaap,CostOfRevenue,revenue_candidate_VERIFY_scope_and_currency,CNY,2020-04-01,2021-03-31,2022-07-26,421205000000,20-F,0001104659-22-082622,365,False,
BABA,us-gaap,CostOfRevenue,revenue_candidate_VERIFY_scope_and_currency,CNY,2020-04-01,2021-03-31,2023-07-21,421205000000,20-F,0000950170-23-033752,365,False,
BABA,us-gaap,CostOfRevenue,revenue_candidate_VERIFY_scope_and_currency,CNY,2021-04-01,2022-03-31,2022-07-26,539450000000,20-F,0001104659-22-082622,365,False,
BABA,us-gaap,CostOfRevenue,revenue_candidate_VERIFY_scope_and_currency,CNY,2021-04-01,2022-03-31,2023-07-21,539450000000,20-F,0000950170-23-033752,365,False,
BABA,us-gaap,CostOfRevenue,revenue_candidate_VERIFY_scope_and_currency,CNY,2021-04-01,2022-03-31,2024-05-23,539450000000,20-F,0000950170-24-063767,365,False,
BABA,us-gaap,CostOfRevenue,revenue_candidate_VERIFY_scope_and_currency,CNY,2022-04-01,2023-03-31,2023-07-21,549695000000,20-F,0000950170-23-033752,365,False,
BABA,us-gaap,CostOfRevenue,revenue_candidate_VERIFY_scope_and_currency,CNY,2022-04-01,2023-03-31,2024-05-23,549695000000,20-F,0000950170-24-063767,365,False,
BABA,us-gaap,CostOfRevenue,revenue_candidate_VERIFY_scope_and_currency,CNY,2022-04-01,2023-03-31,2025-06-26,549695000000,20-F,0000950170-25-090161,365,False,
BABA,us-gaap,CostOfRevenue,revenue_candidate_VERIFY_scope_and_currency,CNY,2023-04-01,2024-03-31,2024-05-23,586323000000,20-F,0000950170-24-063767,366,False,
BABA,us-gaap,CostOfRevenue,revenue_candidate_VERIFY_scope_and_currency,CNY,2023-04-01,2024-03-31,2025-06-26,586323000000,20-F,0000950170-25-090161,366,False,
BABA,us-gaap,CostOfRevenue,revenue_candidate_VERIFY_scope_and_currency,CNY,2023-04-01,2024-03-31,2026-05-20,586323000000,20-F,0001193125-26-231755,366,False,
BABA,us-gaap,CostOfRevenue,revenue_candidate_VERIFY_scope_and_currency,CNY,2024-04-01,2025-03-31,2025-06-26,598285000000,20-F,0000950170-25-090161,365,False,
BABA,us-gaap,CostOfRevenue,revenue_candidate_VERIFY_scope_and_currency,CNY,2024-04-01,2025-03-31,2026-05-20,598285000000,20-F,0001193125-26-231755,365,False,
BABA,us-gaap,CostOfRevenue,revenue_candidate_VERIFY_scope_and_currency,CNY,2025-04-01,2026-03-31,2026-05-20,616136000000,20-F,0001193125-26-231755,365,False,
BABA,us-gaap,CostOfRevenue,revenue_candidate_VERIFY_scope_and_currency,USD,2014-04-01,2015-03-31,2015-06-25,3845000000,20-F,0001047469-15-005768,365,False,
BABA,us-gaap,CostOfRevenue,revenue_candidate_VERIFY_scope_and_currency,USD,2015-04-01,2016-03-31,2016-05-24,5328000000,20-F,0001047469-16-013400,366,False,
BABA,us-gaap,CostOfRevenue,revenue_candidate_VERIFY_scope_and_currency,USD,2016-04-01,2017-03-31,2017-06-15,8642000000,20-F,0001047469-17-004019,365,False,
BABA,us-gaap,CostOfRevenue,revenue_candidate_VERIFY_scope_and_currency,USD,2016-04-01,2017-03-31,2017-11-24,8642000000,6-K,0001047469-17-007286,365,False,
BABA,us-gaap,CostOfRevenue,revenue_candidate_VERIFY_scope_and_currency,USD,2017-04-01,2018-03-31,2018-07-27,17065000000,20-F,0001047469-18-005257,365,False,
BABA,us-gaap,CostOfRevenue,revenue_candidate_VERIFY_scope_and_currency,USD,2018-04-01,2019-03-31,2019-06-05,30833000000,20-F,0001047469-19-003492,365,False,
BABA,us-gaap,CostOfRevenue,revenue_candidate_VERIFY_scope_and_currency,USD,2018-04-01,2019-03-31,2019-11-13,30833000000,6-K,0001047469-19-006257,365,False,
BABA,us-gaap,CostOfRevenue,revenue_candidate_VERIFY_scope_and_currency,USD,2019-04-01,2020-03-31,2020-07-09,39878000000,20-F,0001104659-20-082409,366,False,
BABA,us-gaap,CostOfRevenue,revenue_candidate_VERIFY_scope_and_currency,USD,2019-04-01,2020-03-31,2021-02-02,39878000000,6-K,0001104659-21-010913,366,False,
BABA,us-gaap,CostOfRevenue,revenue_candidate_VERIFY_scope_and_currency,USD,2020-04-01,2020-09-30,2021-02-02,25698000000,6-K,0001104659-21-010910,183,False,
BABA,us-gaap,CostOfRevenue,revenue_candidate_VERIFY_scope_and_currency,USD,2020-04-01,2021-03-31,2021-07-27,64289000000,20-F,0001104659-21-096092,365,False,
BABA,us-gaap,CostOfRevenue,revenue_candidate_VERIFY_scope_and_currency,USD,2021-04-01,2022-03-31,2022-07-26,85096000000,20-F,0001104659-22-082622,365,False,
BABA,us-gaap,CostOfRevenue,revenue_candidate_VERIFY_scope_and_currency,USD,2022-04-01,2023-03-31,2023-07-21,80042000000,20-F,0000950170-23-033752,365,False,
BABA,us-gaap,CostOfRevenue,revenue_candidate_VERIFY_scope_and_currency,USD,2023-04-01,2024-03-31,2024-05-23,81205000000,20-F,0000950170-24-063767,366,False,
BABA,us-gaap,CostOfRevenue,revenue_candidate_VERIFY_scope_and_currency,USD,2024-04-01,2025-03-31,2025-06-26,82446000000,20-F,0000950170-25-090161,365,False,
BABA,us-gaap,CostOfRevenue,revenue_candidate_VERIFY_scope_and_currency,USD,2025-04-01,2026-03-31,2026-05-20,89321000000,20-F,0001193125-26-231755,365,False,
BABA,us-gaap,DeferredRevenue,revenue_candidate_VERIFY_scope_and_currency,CNY,,2014-03-31,2015-06-25,4766000000,20-F,0001047469-15-005768,,False,
BABA,us-gaap,DeferredRevenue,revenue_candidate_VERIFY_scope_and_currency,CNY,,2015-03-31,2015-06-25,5781000000,20-F,0001047469-15-005768,,False,
BABA,us-gaap,DeferredRevenue,revenue_candidate_VERIFY_scope_and_currency,CNY,,2015-03-31,2016-05-24,5781000000,20-F,0001047469-16-013400,,False,
BABA,us-gaap,DeferredRevenue,revenue_candidate_VERIFY_scope_and_currency,CNY,,2016-03-31,2016-05-24,7236000000,20-F,0001047469-16-013400,,False,
BABA,us-gaap,DeferredRevenue,revenue_candidate_VERIFY_scope_and_currency,CNY,,2016-03-31,2017-06-15,7236000000,20-F,0001047469-17-004019,,False,
BABA,us-gaap,DeferredRevenue,revenue_candidate_VERIFY_scope_and_currency,CNY,,2016-03-31,2017-11-24,7236000000,6-K,0001047469-17-007286,,False,
BABA,us-gaap,DeferredRevenue,revenue_candidate_VERIFY_scope_and_currency,CNY,,2017-03-31,2017-06-15,9643000000,20-F,0001047469-17-004019,,False,
BABA,us-gaap,DeferredRevenue,revenue_candidate_VERIFY_scope_and_currency,CNY,,2017-03-31,2017-11-24,9643000000,6-K,0001047469-17-007286,,False,
BABA,us-gaap,DeferredRevenue,revenue_candidate_VERIFY_scope_and_currency,CNY,,2017-03-31,2018-07-27,9643000000,20-F,0001047469-18-005257,,False,
BABA,us-gaap,DeferredRevenue,revenue_candidate_VERIFY_scope_and_currency,CNY,,2018-03-31,2018-07-27,13350000000,20-F,0001047469-18-005257,,False,
BABA,us-gaap,DeferredRevenueNoncurrent,revenue_candidate_VERIFY_scope_and_currency,CNY,,2014-03-31,2015-06-25,428000000,20-F,0001047469-15-005768,,False,
BABA,us-gaap,DeferredRevenueNoncurrent,revenue_candidate_VERIFY_scope_and_currency,CNY,,2015-03-31,2015-06-25,445000000,20-F,0001047469-15-005768,,False,
BABA,us-gaap,DeferredRevenueNoncurrent,revenue_candidate_VERIFY_scope_and_currency,CNY,,2015-03-31,2016-05-24,445000000,20-F,0001047469-16-013400,,False,
BABA,us-gaap,DeferredRevenueNoncurrent,revenue_candidate_VERIFY_scope_and_currency,CNY,,2016-03-31,2016-05-24,418000000,20-F,0001047469-16-013400,,False,
BABA,us-gaap,DeferredRevenueNoncurrent,revenue_candidate_VERIFY_scope_and_currency,CNY,,2016-03-31,2017-06-15,418000000,20-F,0001047469-17-004019,,False,
BABA,us-gaap,DeferredRevenueNoncurrent,revenue_candidate_VERIFY_scope_and_currency,CNY,,2016-03-31,2017-11-24,418000000,6-K,0001047469-17-007286,,False,
BABA,us-gaap,DeferredRevenueNoncurrent,revenue_candidate_VERIFY_scope_and_currency,CNY,,2017-03-31,2017-06-15,641000000,20-F,0001047469-17-004019,,False,
BABA,us-gaap,DeferredRevenueNoncurrent,revenue_candidate_VERIFY_scope_and_currency,CNY,,2017-03-31,2017-11-24,641000000,6-K,0001047469-17-007286,,False,
BABA,us-gaap,DeferredRevenueNoncurrent,revenue_candidate_VERIFY_scope_and_currency,CNY,,2017-03-31,2018-07-27,641000000,20-F,0001047469-18-005257,,False,
BABA,us-gaap,DeferredRevenueNoncurrent,revenue_candidate_VERIFY_scope_and_currency,CNY,,2018-03-31,2018-07-27,993000000,20-F,0001047469-18-005257,,False,
BABA,us-gaap,DeferredRevenueNoncurrent,revenue_candidate_VERIFY_scope_and_currency,USD,,2015-03-31,2015-06-25,72000000,20-F,0001047469-15-005768,,False,
BABA,us-gaap,DeferredRevenueNoncurrent,revenue_candidate_VERIFY_scope_and_currency,USD,,2016-03-31,2016-05-24,65000000,20-F,0001047469-16-013400,,False,
BABA,us-gaap,DeferredRevenueNoncurrent,revenue_candidate_VERIFY_scope_and_currency,USD,,2017-03-31,2017-06-15,93000000,20-F,0001047469-17-004019,,False,
BABA,us-gaap,DeferredRevenueNoncurrent,revenue_candidate_VERIFY_scope_and_currency,USD,,2017-03-31,2017-11-24,93000000,6-K,0001047469-17-007286,,False,
BABA,us-gaap,DeferredRevenueNoncurrent,revenue_candidate_VERIFY_scope_and_currency,USD,,2018-03-31,2018-07-27,158000000,20-F,0001047469-18-005257,,False,
BABA,us-gaap,DeferredSalesCommission,revenue_candidate_VERIFY_scope_and_currency,CNY,,2014-03-31,2015-06-25,144000000,20-F,0001047469-15-005768,,False,
BABA,us-gaap,DeferredSalesCommission,revenue_candidate_VERIFY_scope_and_currency,CNY,,2015-03-31,2015-06-25,149000000,20-F,0001047469-15-005768,,False,
BABA,us-gaap,DeferredSalesCommission,revenue_candidate_VERIFY_scope_and_currency,CNY,,2015-03-31,2016-05-24,149000000,20-F,0001047469-16-013400,,False,
BABA,us-gaap,DeferredSalesCommission,revenue_candidate_VERIFY_scope_and_currency,CNY,,2016-03-31,2016-05-24,148000000,20-F,0001047469-16-013400,,False,
BABA,us-gaap,DeferredSalesCommission,revenue_candidate_VERIFY_scope_and_currency,CNY,,2016-03-31,2017-06-15,148000000,20-F,0001047469-17-004019,,False,
BABA,us-gaap,DeferredSalesCommission,revenue_candidate_VERIFY_scope_and_currency,CNY,,2016-03-31,2017-11-24,148000000,6-K,0001047469-17-007286,,False,
BABA,us-gaap,DeferredSalesCommission,revenue_candidate_VERIFY_scope_and_currency,CNY,,2017-03-31,2017-06-15,114000000,20-F,0001047469-17-004019,,False,
BABA,us-gaap,DeferredSalesCommission,revenue_candidate_VERIFY_scope_and_currency,CNY,,2017-03-31,2017-11-24,114000000,6-K,0001047469-17-007286,,False,
BABA,us-gaap,DeferredSalesCommission,revenue_candidate_VERIFY_scope_and_currency,CNY,,2017-03-31,2018-07-27,114000000,20-F,0001047469-18-005257,,False,
BABA,us-gaap,DeferredSalesCommission,revenue_candidate_VERIFY_scope_and_currency,CNY,,2018-03-31,2018-07-27,188000000,20-F,0001047469-18-005257,,False,
BABA,us-gaap,EquityMethodInvestmentSummarizedFinancialInformationCostOfSales,revenue_candidate_VERIFY_scope_and_currency,CNY,2014-04-01,2015-03-31,2017-06-15,9816000000,20-F,0001047469-17-004019,365,False,
BABA,us-gaap,EquityMethodInvestmentSummarizedFinancialInformationCostOfSales,revenue_candidate_VERIFY_scope_and_currency,CNY,2014-04-01,2015-03-31,2017-11-24,9816000000,6-K,0001047469-17-007286,365,False,
BABA,us-gaap,EquityMethodInvestmentSummarizedFinancialInformationCostOfSales,revenue_candidate_VERIFY_scope_and_currency,CNY,2015-04-01,2016-03-31,2017-06-15,17505000000,20-F,0001047469-17-004019,366,False,
BABA,us-gaap,EquityMethodInvestmentSummarizedFinancialInformationCostOfSales,revenue_candidate_VERIFY_scope_and_currency,CNY,2015-04-01,2016-03-31,2017-11-24,17505000000,6-K,0001047469-17-007286,366,False,
BABA,us-gaap,EquityMethodInvestmentSummarizedFinancialInformationCostOfSales,revenue_candidate_VERIFY_scope_and_currency,CNY,2015-04-01,2016-03-31,2018-07-27,17505000000,20-F,0001047469-18-005257,366,False,
BABA,us-gaap,EquityMethodInvestmentSummarizedFinancialInformationCostOfSales,revenue_candidate_VERIFY_scope_and_currency,CNY,2016-04-01,2017-03-31,2017-06-15,109790000000,20-F,0001047469-17-004019,365,False,
BABA,us-gaap,EquityMethodInvestmentSummarizedFinancialInformationCostOfSales,revenue_candidate_VERIFY_scope_and_currency,CNY,2016-04-01,2017-03-31,2017-11-24,109790000000,6-K,0001047469-17-007286,365,False,
BABA,us-gaap,EquityMethodInvestmentSummarizedFinancialInformationCostOfSales,revenue_candidate_VERIFY_scope_and_currency,CNY,2016-04-01,2017-03-31,2018-07-27,109790000000,20-F,0001047469-18-005257,365,False,
BABA,us-gaap,EquityMethodInvestmentSummarizedFinancialInformationCostOfSales,revenue_candidate_VERIFY_scope_and_currency,CNY,2016-04-01,2017-03-31,2019-06-05,109790000000,20-F,0001047469-19-003492,365,False,
BABA,us-gaap,EquityMethodInvestmentSummarizedFinancialInformationCostOfSales,revenue_candidate_VERIFY_scope_and_currency,CNY,2016-04-01,2017-03-31,2019-11-13,109790000000,6-K,0001047469-19-006257,365,False,
BABA,us-gaap,EquityMethodInvestmentSummarizedFinancialInformationCostOfSales,revenue_candidate_VERIFY_scope_and_currency,CNY,2017-04-01,2018-03-31,2018-07-27,242068000000,20-F,0001047469-18-005257,365,False,
BABA,us-gaap,EquityMethodInvestmentSummarizedFinancialInformationCostOfSales,revenue_candidate_VERIFY_scope_and_currency,CNY,2017-04-01,2018-03-31,2019-06-05,242068000000,20-F,0001047469-19-003492,365,False,
BABA,us-gaap,EquityMethodInvestmentSummarizedFinancialInformationCostOfSales,revenue_candidate_VERIFY_scope_and_currency,CNY,2017-04-01,2018-03-31,2019-11-13,242068000000,6-K,0001047469-19-006257,365,False,
BABA,us-gaap,EquityMethodInvestmentSummarizedFinancialInformationCostOfSales,revenue_candidate_VERIFY_scope_and_currency,CNY,2017-04-01,2018-03-31,2020-07-09,242068000000,20-F,0001104659-20-082409,365,False,
BABA,us-gaap,EquityMethodInvestmentSummarizedFinancialInformationCostOfSales,revenue_candidate_VERIFY_scope_and_currency,CNY,2017-04-01,2018-03-31,2021-02-02,242068000000,6-K,0001104659-21-010913,365,False,
BABA,us-gaap,EquityMethodInvestmentSummarizedFinancialInformationCostOfSales,revenue_candidate_VERIFY_scope_and_currency,CNY,2018-04-01,2019-03-31,2019-06-05,405074000000,20-F,0001047469-19-003492,365,False,
BABA,us-gaap,EquityMethodInvestmentSummarizedFinancialInformationCostOfSales,revenue_candidate_VERIFY_scope_and_currency,CNY,2018-04-01,2019-03-31,2019-11-13,405074000000,6-K,0001047469-19-006257,365,False,
BABA,us-gaap,EquityMethodInvestmentSummarizedFinancialInformationCostOfSales,revenue_candidate_VERIFY_scope_and_currency,CNY,2018-04-01,2019-03-31,2020-07-09,405074000000,20-F,0001104659-20-082409,365,False,
BABA,us-gaap,EquityMethodInvestmentSummarizedFinancialInformationCostOfSales,revenue_candidate_VERIFY_scope_and_currency,CNY,2018-04-01,2019-03-31,2021-02-02,405074000000,6-K,0001104659-21-010913,365,False,
BABA,us-gaap,EquityMethodInvestmentSummarizedFinancialInformationCostOfSales,revenue_candidate_VERIFY_scope_and_currency,CNY,2019-04-01,2020-03-31,2020-07-09,443198000000,20-F,0001104659-20-082409,366,False,
BABA,us-gaap,EquityMethodInvestmentSummarizedFinancialInformationCostOfSales,revenue_candidate_VERIFY_scope_and_currency,CNY,2019-04-01,2020-03-31,2021-02-02,443198000000,6-K,0001104659-21-010913,366,False,
BABA,us-gaap,EquityMethodInvestmentSummarizedFinancialInformationRevenue,revenue_candidate_VERIFY_scope_and_currency,CNY,2014-04-01,2015-03-31,2017-06-15,12010000000,20-F,0001047469-17-004019,365,False,
BABA,us-gaap,EquityMethodInvestmentSummarizedFinancialInformationRevenue,revenue_candidate_VERIFY_scope_and_currency,CNY,2014-04-01,2015-03-31,2017-11-24,12010000000,6-K,0001047469-17-007286,365,False,
BABA,us-gaap,EquityMethodInvestmentSummarizedFinancialInformationRevenue,revenue_candidate_VERIFY_scope_and_currency,CNY,2015-04-01,2016-03-31,2017-06-15,20808000000,20-F,0001047469-17-004019,366,False,
BABA,us-gaap,EquityMethodInvestmentSummarizedFinancialInformationRevenue,revenue_candidate_VERIFY_scope_and_currency,CNY,2015-04-01,2016-03-31,2017-11-24,20808000000,6-K,0001047469-17-007286,366,False,
BABA,us-gaap,EquityMethodInvestmentSummarizedFinancialInformationRevenue,revenue_candidate_VERIFY_scope_and_currency,CNY,2015-04-01,2016-03-31,2018-07-27,20808000000,20-F,0001047469-18-005257,366,False,
BABA,us-gaap,EquityMethodInvestmentSummarizedFinancialInformationRevenue,revenue_candidate_VERIFY_scope_and_currency,CNY,2016-04-01,2017-03-31,2017-06-15,125701000000,20-F,0001047469-17-004019,365,False,
BABA,us-gaap,EquityMethodInvestmentSummarizedFinancialInformationRevenue,revenue_candidate_VERIFY_scope_and_currency,CNY,2016-04-01,2017-03-31,2017-11-24,125701000000,6-K,0001047469-17-007286,365,False,
BABA,us-gaap,EquityMethodInvestmentSummarizedFinancialInformationRevenue,revenue_candidate_VERIFY_scope_and_currency,CNY,2016-04-01,2017-03-31,2018-07-27,125701000000,20-F,0001047469-18-005257,365,False,
BABA,us-gaap,EquityMethodInvestmentSummarizedFinancialInformationRevenue,revenue_candidate_VERIFY_scope_and_currency,CNY,2016-04-01,2017-03-31,2019-06-05,125701000000,20-F,0001047469-19-003492,365,False,
BABA,us-gaap,EquityMethodInvestmentSummarizedFinancialInformationRevenue,revenue_candidate_VERIFY_scope_and_currency,CNY,2016-04-01,2017-03-31,2019-11-13,125701000000,6-K,0001047469-19-006257,365,False,
BABA,us-gaap,EquityMethodInvestmentSummarizedFinancialInformationRevenue,revenue_candidate_VERIFY_scope_and_currency,CNY,2017-04-01,2018-03-31,2018-07-27,284706000000,20-F,0001047469-18-005257,365,False,
BABA,us-gaap,EquityMethodInvestmentSummarizedFinancialInformationRevenue,revenue_candidate_VERIFY_scope_and_currency,CNY,2017-04-01,2018-03-31,2019-06-05,284706000000,20-F,0001047469-19-003492,365,False,
BABA,us-gaap,EquityMethodInvestmentSummarizedFinancialInformationRevenue,revenue_candidate_VERIFY_scope_and_currency,CNY,2017-04-01,2018-03-31,2019-11-13,284706000000,6-K,0001047469-19-006257,365,False,
BABA,us-gaap,EquityMethodInvestmentSummarizedFinancialInformationRevenue,revenue_candidate_VERIFY_scope_and_currency,CNY,2017-04-01,2018-03-31,2020-07-09,284706000000,20-F,0001104659-20-082409,365,False,
BABA,us-gaap,EquityMethodInvestmentSummarizedFinancialInformationRevenue,revenue_candidate_VERIFY_scope_and_currency,CNY,2017-04-01,2018-03-31,2021-02-02,284706000000,6-K,0001104659-21-010913,365,False,
BABA,us-gaap,EquityMethodInvestmentSummarizedFinancialInformationRevenue,revenue_candidate_VERIFY_scope_and_currency,CNY,2018-04-01,2019-03-31,2019-06-05,488775000000,20-F,0001047469-19-003492,365,False,
BABA,us-gaap,EquityMethodInvestmentSummarizedFinancialInformationRevenue,revenue_candidate_VERIFY_scope_and_currency,CNY,2018-04-01,2019-03-31,2019-11-13,488775000000,6-K,0001047469-19-006257,365,False,
BABA,us-gaap,EquityMethodInvestmentSummarizedFinancialInformationRevenue,revenue_candidate_VERIFY_scope_and_currency,CNY,2018-04-01,2019-03-31,2020-07-09,488775000000,20-F,0001104659-20-082409,365,False,
BABA,us-gaap,EquityMethodInvestmentSummarizedFinancialInformationRevenue,revenue_candidate_VERIFY_scope_and_currency,CNY,2018-04-01,2019-03-31,2021-02-02,488775000000,6-K,0001104659-21-010913,365,False,
BABA,us-gaap,EquityMethodInvestmentSummarizedFinancialInformationRevenue,revenue_candidate_VERIFY_scope_and_currency,CNY,2019-04-01,2020-03-31,2020-07-09,553387000000,20-F,0001104659-20-082409,366,False,
BABA,us-gaap,EquityMethodInvestmentSummarizedFinancialInformationRevenue,revenue_candidate_VERIFY_scope_and_currency,CNY,2019-04-01,2020-03-31,2021-02-02,553387000000,6-K,0001104659-21-010913,366,False,
BABA,us-gaap,IncreaseDecreaseInDeferredRevenueAndCustomerAdvancesAndDeposits,revenue_candidate_VERIFY_scope_and_currency,CNY,2012-04-01,2013-03-31,2015-06-25,437000000,20-F,0001047469-15-005768,365,False,
BABA,us-gaap,IncreaseDecreaseInDeferredRevenueAndCustomerAdvancesAndDeposits,revenue_candidate_VERIFY_scope_and_currency,CNY,2013-04-01,2014-03-31,2015-06-25,1606000000,20-F,0001047469-15-005768,365,False,
BABA,us-gaap,IncreaseDecreaseInDeferredRevenueAndCustomerAdvancesAndDeposits,revenue_candidate_VERIFY_scope_and_currency,CNY,2013-04-01,2014-03-31,2016-05-24,1606000000,20-F,0001047469-16-013400,365,False,
BABA,us-gaap,IncreaseDecreaseInDeferredRevenueAndCustomerAdvancesAndDeposits,revenue_candidate_VERIFY_scope_and_currency,CNY,2014-04-01,2015-03-31,2015-06-25,1317000000,20-F,0001047469-15-005768,365,False,
BABA,us-gaap,IncreaseDecreaseInDeferredRevenueAndCustomerAdvancesAndDeposits,revenue_candidate_VERIFY_scope_and_currency,CNY,2014-04-01,2015-03-31,2016-05-24,1317000000,20-F,0001047469-16-013400,365,False,
BABA,us-gaap,IncreaseDecreaseInDeferredRevenueAndCustomerAdvancesAndDeposits,revenue_candidate_VERIFY_scope_and_currency,CNY,2014-04-01,2015-03-31,2017-06-15,1317000000,20-F,0001047469-17-004019,365,False,
BABA,us-gaap,IncreaseDecreaseInDeferredRevenueAndCustomerAdvancesAndDeposits,revenue_candidate_VERIFY_scope_and_currency,CNY,2014-04-01,2015-03-31,2017-11-24,1317000000,6-K,0001047469-17-007286,365,False,
BABA,us-gaap,IncreaseDecreaseInDeferredRevenueAndCustomerAdvancesAndDeposits,revenue_candidate_VERIFY_scope_and_currency,CNY,2015-04-01,2016-03-31,2016-05-24,2350000000,20-F,0001047469-16-013400,366,False,
BABA,us-gaap,IncreaseDecreaseInDeferredRevenueAndCustomerAdvancesAndDeposits,revenue_candidate_VERIFY_scope_and_currency,CNY,2015-04-01,2016-03-31,2017-06-15,2350000000,20-F,0001047469-17-004019,366,False,
BABA,us-gaap,IncreaseDecreaseInDeferredRevenueAndCustomerAdvancesAndDeposits,revenue_candidate_VERIFY_scope_and_currency,CNY,2015-04-01,2016-03-31,2017-11-24,2350000000,6-K,0001047469-17-007286,366,False,
BABA,us-gaap,IncreaseDecreaseInDeferredRevenueAndCustomerAdvancesAndDeposits,revenue_candidate_VERIFY_scope_and_currency,CNY,2015-04-01,2016-03-31,2018-07-27,2350000000,20-F,0001047469-18-005257,366,False,
BABA,us-gaap,IncreaseDecreaseInDeferredRevenueAndCustomerAdvancesAndDeposits,revenue_candidate_VERIFY_scope_and_currency,CNY,2016-04-01,2017-03-31,2017-06-15,4611000000,20-F,0001047469-17-004019,365,False,
BABA,us-gaap,IncreaseDecreaseInDeferredRevenueAndCustomerAdvancesAndDeposits,revenue_candidate_VERIFY_scope_and_currency,CNY,2016-04-01,2017-03-31,2017-11-24,4611000000,6-K,0001047469-17-007286,365,False,
BABA,us-gaap,IncreaseDecreaseInDeferredRevenueAndCustomerAdvancesAndDeposits,revenue_candidate_VERIFY_scope_and_currency,CNY,2016-04-01,2017-03-31,2018-07-27,4611000000,20-F,0001047469-18-005257,365,False,
BABA,us-gaap,IncreaseDecreaseInDeferredRevenueAndCustomerAdvancesAndDeposits,revenue_candidate_VERIFY_scope_and_currency,CNY,2017-04-01,2018-03-31,2018-07-27,5690000000,20-F,0001047469-18-005257,365,False,
BABA,us-gaap,IncreaseDecreaseInDeferredRevenueAndCustomerAdvancesAndDeposits,revenue_candidate_VERIFY_scope_and_currency,USD,2014-04-01,2015-03-31,2015-06-25,212000000,20-F,0001047469-15-005768,365,False,
BABA,us-gaap,IncreaseDecreaseInDeferredRevenueAndCustomerAdvancesAndDeposits,revenue_candidate_VERIFY_scope_and_currency,USD,2015-04-01,2016-03-31,2016-05-24,364000000,20-F,0001047469-16-013400,366,False,
BABA,us-gaap,IncreaseDecreaseInDeferredRevenueAndCustomerAdvancesAndDeposits,revenue_candidate_VERIFY_scope_and_currency,USD,2016-04-01,2017-03-31,2017-06-15,670000000,20-F,0001047469-17-004019,365,False,
BABA,us-gaap,IncreaseDecreaseInDeferredRevenueAndCustomerAdvancesAndDeposits,revenue_candidate_VERIFY_scope_and_currency,USD,2016-04-01,2017-03-31,2017-11-24,670000000,6-K,0001047469-17-007286,365,False,
BABA,us-gaap,IncreaseDecreaseInDeferredRevenueAndCustomerAdvancesAndDeposits,revenue_candidate_VERIFY_scope_and_currency,USD,2017-04-01,2018-03-31,2018-07-27,907000000,20-F,0001047469-18-005257,365,False,
BABA,us-gaap,IncrementalCommonSharesAttributableToConversionOfPreferredStock,other_share_concept_NOT_automatically_outstanding,shares,2012-04-01,2013-03-31,2015-06-25,49000000,20-F,0001047469-15-005768,365,False,
BABA,us-gaap,IncrementalCommonSharesAttributableToConversionOfPreferredStock,other_share_concept_NOT_automatically_outstanding,shares,2013-04-01,2014-03-31,2015-06-25,91000000,20-F,0001047469-15-005768,365,False,
BABA,us-gaap,IncrementalCommonSharesAttributableToConversionOfPreferredStock,other_share_concept_NOT_automatically_outstanding,shares,2013-04-01,2014-03-31,2016-05-24,91000000,20-F,0001047469-16-013400,365,False,
BABA,us-gaap,IncrementalCommonSharesAttributableToConversionOfPreferredStock,other_share_concept_NOT_automatically_outstanding,shares,2014-04-01,2015-03-31,2015-06-25,43000000,20-F,0001047469-15-005768,365,False,
BABA,us-gaap,IncrementalCommonSharesAttributableToConversionOfPreferredStock,other_share_concept_NOT_automatically_outstanding,shares,2014-04-01,2015-03-31,2016-05-24,43000000,20-F,0001047469-16-013400,365,False,
BABA,us-gaap,IncrementalCommonSharesAttributableToConversionOfPreferredStock,other_share_concept_NOT_automatically_outstanding,shares,2014-04-01,2015-03-31,2017-06-15,43000000,20-F,0001047469-17-004019,365,False,
BABA,us-gaap,IncrementalCommonSharesAttributableToConversionOfPreferredStock,other_share_concept_NOT_automatically_outstanding,shares,2014-04-01,2015-03-31,2017-11-24,43000000,6-K,0001047469-17-007286,365,False,
BABA,us-gaap,IncrementalCommonSharesAttributableToShareBasedPaymentArrangements,other_share_concept_NOT_automatically_outstanding,shares,2012-04-01,2013-03-31,2015-06-25,46000000,20-F,0001047469-15-005768,365,False,
BABA,us-gaap,IncrementalCommonSharesAttributableToShareBasedPaymentArrangements,other_share_concept_NOT_automatically_outstanding,shares,2013-04-01,2014-03-31,2015-06-25,66000000,20-F,0001047469-15-005768,365,False,
BABA,us-gaap,IncrementalCommonSharesAttributableToShareBasedPaymentArrangements,other_share_concept_NOT_automatically_outstanding,shares,2013-04-01,2014-03-31,2016-05-24,66000000,20-F,0001047469-16-013400,365,False,
BABA,us-gaap,IncrementalCommonSharesAttributableToShareBasedPaymentArrangements,other_share_concept_NOT_automatically_outstanding,shares,2014-04-01,2015-03-31,2015-06-25,120000000,20-F,0001047469-15-005768,365,False,
BABA,us-gaap,IncrementalCommonSharesAttributableToShareBasedPaymentArrangements,other_share_concept_NOT_automatically_outstanding,shares,2014-04-01,2015-03-31,2016-05-24,120000000,20-F,0001047469-16-013400,365,False,
BABA,us-gaap,IncrementalCommonSharesAttributableToShareBasedPaymentArrangements,other_share_concept_NOT_automatically_outstanding,shares,2014-04-01,2015-03-31,2017-06-15,120000000,20-F,0001047469-17-004019,365,False,
BABA,us-gaap,IncrementalCommonSharesAttributableToShareBasedPaymentArrangements,other_share_concept_NOT_automatically_outstanding,shares,2014-04-01,2015-03-31,2017-11-24,120000000,6-K,0001047469-17-007286,365,False,
BABA,us-gaap,IncrementalCommonSharesAttributableToShareBasedPaymentArrangements,other_share_concept_NOT_automatically_outstanding,shares,2015-04-01,2016-03-31,2016-05-24,104000000,20-F,0001047469-16-013400,366,False,
BABA,us-gaap,IncrementalCommonSharesAttributableToShareBasedPaymentArrangements,other_share_concept_NOT_automatically_outstanding,shares,2015-04-01,2016-03-31,2017-06-15,104000000,20-F,0001047469-17-004019,366,False,
BABA,us-gaap,IncrementalCommonSharesAttributableToShareBasedPaymentArrangements,other_share_concept_NOT_automatically_outstanding,shares,2015-04-01,2016-03-31,2017-11-24,104000000,6-K,0001047469-17-007286,366,False,
BABA,us-gaap,IncrementalCommonSharesAttributableToShareBasedPaymentArrangements,other_share_concept_NOT_automatically_outstanding,shares,2015-04-01,2016-03-31,2018-07-27,104000000,20-F,0001047469-18-005257,366,False,
BABA,us-gaap,IncrementalCommonSharesAttributableToShareBasedPaymentArrangements,other_share_concept_NOT_automatically_outstanding,shares,2016-04-01,2017-03-31,2017-06-15,80000000,20-F,0001047469-17-004019,365,False,
BABA,us-gaap,IncrementalCommonSharesAttributableToShareBasedPaymentArrangements,other_share_concept_NOT_automatically_outstanding,shares,2016-04-01,2017-03-31,2017-11-24,80000000,6-K,0001047469-17-007286,365,False,
BABA,us-gaap,IncrementalCommonSharesAttributableToShareBasedPaymentArrangements,other_share_concept_NOT_automatically_outstanding,shares,2016-04-01,2017-03-31,2018-07-27,80000000,20-F,0001047469-18-005257,365,False,
BABA,us-gaap,IncrementalCommonSharesAttributableToShareBasedPaymentArrangements,other_share_concept_NOT_automatically_outstanding,shares,2016-04-01,2017-03-31,2019-06-05,80000000,20-F,0001047469-19-003492,365,False,
BABA,us-gaap,IncrementalCommonSharesAttributableToShareBasedPaymentArrangements,other_share_concept_NOT_automatically_outstanding,shares,2016-04-01,2017-03-31,2019-11-13,638000000,6-K,0001047469-19-006257,365,False,
BABA,us-gaap,IncrementalCommonSharesAttributableToShareBasedPaymentArrangements,other_share_concept_NOT_automatically_outstanding,shares,2017-04-01,2018-03-31,2018-07-27,57000000,20-F,0001047469-18-005257,365,False,
BABA,us-gaap,IncrementalCommonSharesAttributableToShareBasedPaymentArrangements,other_share_concept_NOT_automatically_outstanding,shares,2017-04-01,2018-03-31,2019-06-05,57000000,20-F,0001047469-19-003492,365,False,
BABA,us-gaap,IncrementalCommonSharesAttributableToShareBasedPaymentArrangements,other_share_concept_NOT_automatically_outstanding,shares,2017-04-01,2018-03-31,2019-11-13,456000000,6-K,0001047469-19-006257,365,False,
BABA,us-gaap,IncrementalCommonSharesAttributableToShareBasedPaymentArrangements,other_share_concept_NOT_automatically_outstanding,shares,2017-04-01,2018-03-31,2020-07-09,456000000,20-F,0001104659-20-082409,365,False,
BABA,us-gaap,IncrementalCommonSharesAttributableToShareBasedPaymentArrangements,other_share_concept_NOT_automatically_outstanding,shares,2017-04-01,2018-03-31,2021-02-02,456000000,6-K,0001104659-21-010913,365,False,
BABA,us-gaap,IncrementalCommonSharesAttributableToShareBasedPaymentArrangements,other_share_concept_NOT_automatically_outstanding,shares,2018-04-01,2019-03-31,2019-06-05,43000000,20-F,0001047469-19-003492,365,False,
BABA,us-gaap,IncrementalCommonSharesAttributableToShareBasedPaymentArrangements,other_share_concept_NOT_automatically_outstanding,shares,2018-04-01,2019-03-31,2019-11-13,348000000,6-K,0001047469-19-006257,365,False,
BABA,us-gaap,IncrementalCommonSharesAttributableToShareBasedPaymentArrangements,other_share_concept_NOT_automatically_outstanding,shares,2018-04-01,2019-03-31,2020-07-09,348000000,20-F,0001104659-20-082409,365,False,
BABA,us-gaap,IncrementalCommonSharesAttributableToShareBasedPaymentArrangements,other_share_concept_NOT_automatically_outstanding,shares,2018-04-01,2019-03-31,2021-02-02,348000000,6-K,0001104659-21-010913,365,False,
BABA,us-gaap,IncrementalCommonSharesAttributableToShareBasedPaymentArrangements,other_share_concept_NOT_automatically_outstanding,shares,2018-04-01,2019-03-31,2021-07-27,348000000,20-F,0001104659-21-096092,365,False,
BABA,us-gaap,IncrementalCommonSharesAttributableToShareBasedPaymentArrangements,other_share_concept_NOT_automatically_outstanding,shares,2019-04-01,2019-09-30,2021-02-02,296000000,6-K,0001104659-21-010910,183,False,
BABA,us-gaap,IncrementalCommonSharesAttributableToShareBasedPaymentArrangements,other_share_concept_NOT_automatically_outstanding,shares,2019-04-01,2020-03-31,2020-07-09,329000000,20-F,0001104659-20-082409,366,False,
BABA,us-gaap,IncrementalCommonSharesAttributableToShareBasedPaymentArrangements,other_share_concept_NOT_automatically_outstanding,shares,2019-04-01,2020-03-31,2021-02-02,329000000,6-K,0001104659-21-010913,366,False,
BABA,us-gaap,IncrementalCommonSharesAttributableToShareBasedPaymentArrangements,other_share_concept_NOT_automatically_outstanding,shares,2019-04-01,2020-03-31,2021-07-27,329000000,20-F,0001104659-21-096092,366,False,
BABA,us-gaap,IncrementalCommonSharesAttributableToShareBasedPaymentArrangements,other_share_concept_NOT_automatically_outstanding,shares,2019-04-01,2020-03-31,2022-07-26,329000000,20-F,0001104659-22-082622,366,False,
BABA,us-gaap,IncrementalCommonSharesAttributableToShareBasedPaymentArrangements,other_share_concept_NOT_automatically_outstanding,shares,2020-04-01,2020-09-30,2021-02-02,352000000,6-K,0001104659-21-010910,183,False,
BABA,us-gaap,IncrementalCommonSharesAttributableToShareBasedPaymentArrangements,other_share_concept_NOT_automatically_outstanding,shares,2020-04-01,2021-03-31,2021-07-27,363000000,20-F,0001104659-21-096092,365,False,
BABA,us-gaap,IncrementalCommonSharesAttributableToShareBasedPaymentArrangements,other_share_concept_NOT_automatically_outstanding,shares,2020-04-01,2021-03-31,2022-07-26,363000000,20-F,0001104659-22-082622,365,False,
BABA,us-gaap,IncrementalCommonSharesAttributableToShareBasedPaymentArrangements,other_share_concept_NOT_automatically_outstanding,shares,2020-04-01,2021-03-31,2023-07-21,363000000,20-F,0000950170-23-033752,365,False,
BABA,us-gaap,IncrementalCommonSharesAttributableToShareBasedPaymentArrangements,other_share_concept_NOT_automatically_outstanding,shares,2021-04-01,2022-03-31,2022-07-26,229000000,20-F,0001104659-22-082622,365,False,
BABA,us-gaap,IncrementalCommonSharesAttributableToShareBasedPaymentArrangements,other_share_concept_NOT_automatically_outstanding,shares,2021-04-01,2022-03-31,2023-07-21,229000000,20-F,0000950170-23-033752,365,False,
BABA,us-gaap,IncrementalCommonSharesAttributableToShareBasedPaymentArrangements,other_share_concept_NOT_automatically_outstanding,shares,2021-04-01,2022-03-31,2024-05-23,229000000,20-F,0000950170-24-063767,365,False,
BABA,us-gaap,IncrementalCommonSharesAttributableToShareBasedPaymentArrangements,other_share_concept_NOT_automatically_outstanding,shares,2022-04-01,2023-03-31,2023-07-21,134000000,20-F,0000950170-23-033752,365,False,
BABA,us-gaap,IncrementalCommonSharesAttributableToShareBasedPaymentArrangements,other_share_concept_NOT_automatically_outstanding,shares,2022-04-01,2023-03-31,2024-05-23,134000000,20-F,0000950170-24-063767,365,False,
BABA,us-gaap,IncrementalCommonSharesAttributableToShareBasedPaymentArrangements,other_share_concept_NOT_automatically_outstanding,shares,2022-04-01,2023-03-31,2025-06-26,134000000,20-F,0000950170-25-090161,365,False,
BABA,us-gaap,IncrementalCommonSharesAttributableToShareBasedPaymentArrangements,other_share_concept_NOT_automatically_outstanding,shares,2023-04-01,2024-03-31,2024-05-23,177000000,20-F,0000950170-24-063767,366,False,
BABA,us-gaap,IncrementalCommonSharesAttributableToShareBasedPaymentArrangements,other_share_concept_NOT_automatically_outstanding,shares,2023-04-01,2024-03-31,2025-06-26,177000000,20-F,0000950170-25-090161,366,False,
BABA,us-gaap,IncrementalCommonSharesAttributableToShareBasedPaymentArrangements,other_share_concept_NOT_automatically_outstanding,shares,2023-04-01,2024-03-31,2026-05-20,177000000,20-F,0001193125-26-231755,366,False,
BABA,us-gaap,IncrementalCommonSharesAttributableToShareBasedPaymentArrangements,other_share_concept_NOT_automatically_outstanding,shares,2024-04-01,2025-03-31,2025-06-26,200000000,20-F,0000950170-25-090161,365,False,
BABA,us-gaap,IncrementalCommonSharesAttributableToShareBasedPaymentArrangements,other_share_concept_NOT_automatically_outstanding,shares,2024-04-01,2025-03-31,2026-05-20,200000000,20-F,0001193125-26-231755,365,False,
BABA,us-gaap,IncrementalCommonSharesAttributableToShareBasedPaymentArrangements,other_share_concept_NOT_automatically_outstanding,shares,2025-04-01,2026-03-31,2026-05-20,200000000,20-F,0001193125-26-231755,365,False,
BABA,us-gaap,OperatingLeaseWeightedAverageDiscountRatePercent,weighted_average_NOT_outstanding,pure,,2020-03-31,2020-07-09,0.055,20-F,0001104659-20-082409,,False,
BABA,us-gaap,OperatingLeaseWeightedAverageDiscountRatePercent,weighted_average_NOT_outstanding,pure,,2020-03-31,2021-02-02,0.055,6-K,0001104659-21-010913,,False,
BABA,us-gaap,OperatingLeaseWeightedAverageDiscountRatePercent,weighted_average_NOT_outstanding,pure,,2020-03-31,2021-07-27,0.055,20-F,0001104659-21-096092,,False,
BABA,us-gaap,OperatingLeaseWeightedAverageDiscountRatePercent,weighted_average_NOT_outstanding,pure,,2020-09-30,2021-02-02,0.054,6-K,0001104659-21-010910,,False,
BABA,us-gaap,OperatingLeaseWeightedAverageDiscountRatePercent,weighted_average_NOT_outstanding,pure,,2021-03-31,2021-07-27,0.054,20-F,0001104659-21-096092,,False,
BABA,us-gaap,OperatingLeaseWeightedAverageDiscountRatePercent,weighted_average_NOT_outstanding,pure,,2021-03-31,2022-07-26,0.054,20-F,0001104659-22-082622,,False,
BABA,us-gaap,OperatingLeaseWeightedAverageDiscountRatePercent,weighted_average_NOT_outstanding,pure,,2022-03-31,2022-07-26,0.051,20-F,0001104659-22-082622,,False,
BABA,us-gaap,OperatingLeaseWeightedAverageDiscountRatePercent,weighted_average_NOT_outstanding,pure,,2022-03-31,2023-07-21,0.051,20-F,0000950170-23-033752,,False,
BABA,us-gaap,OperatingLeaseWeightedAverageDiscountRatePercent,weighted_average_NOT_outstanding,pure,,2023-03-31,2023-07-21,0.048,20-F,0000950170-23-033752,,False,
BABA,us-gaap,OperatingLeaseWeightedAverageDiscountRatePercent,weighted_average_NOT_outstanding,pure,,2023-03-31,2024-05-23,0.048,20-F,0000950170-24-063767,,False,
BABA,us-gaap,OperatingLeaseWeightedAverageDiscountRatePercent,weighted_average_NOT_outstanding,pure,,2024-03-31,2024-05-23,0.047,20-F,0000950170-24-063767,,False,
BABA,us-gaap,OperatingLeaseWeightedAverageDiscountRatePercent,weighted_average_NOT_outstanding,pure,,2024-03-31,2025-06-26,0.047,20-F,0000950170-25-090161,,False,
BABA,us-gaap,OperatingLeaseWeightedAverageDiscountRatePercent,weighted_average_NOT_outstanding,pure,,2025-03-31,2025-06-26,0.046,20-F,0000950170-25-090161,,False,
BABA,us-gaap,OperatingLeaseWeightedAverageDiscountRatePercent,weighted_average_NOT_outstanding,pure,,2025-03-31,2026-05-20,0.046,20-F,0001193125-26-231755,,False,
BABA,us-gaap,OperatingLeaseWeightedAverageDiscountRatePercent,weighted_average_NOT_outstanding,pure,,2026-03-31,2026-05-20,0.049,20-F,0001193125-26-231755,,False,
BABA,us-gaap,OtherComprehensiveIncomeLossAvailableForSaleSecuritiesAdjustmentNetOfTax,revenue_candidate_VERIFY_scope_and_currency,CNY,2012-04-01,2013-03-31,2015-06-25,-9000000,20-F,0001047469-15-005768,365,False,
BABA,us-gaap,OtherComprehensiveIncomeLossAvailableForSaleSecuritiesAdjustmentNetOfTax,revenue_candidate_VERIFY_scope_and_currency,CNY,2013-04-01,2014-03-31,2015-06-25,293000000,20-F,0001047469-15-005768,365,False,
BABA,us-gaap,OtherComprehensiveIncomeLossAvailableForSaleSecuritiesAdjustmentNetOfTax,revenue_candidate_VERIFY_scope_and_currency,CNY,2013-04-01,2014-03-31,2016-05-24,293000000,20-F,0001047469-16-013400,365,False,
BABA,us-gaap,OtherComprehensiveIncomeLossAvailableForSaleSecuritiesAdjustmentNetOfTax,revenue_candidate_VERIFY_scope_and_currency,CNY,2014-04-01,2015-03-31,2015-06-25,3102000000,20-F,0001047469-15-005768,365,False,
BABA,us-gaap,OtherComprehensiveIncomeLossAvailableForSaleSecuritiesAdjustmentNetOfTax,revenue_candidate_VERIFY_scope_and_currency,CNY,2014-04-01,2015-03-31,2016-05-24,3102000000,20-F,0001047469-16-013400,365,False,
BABA,us-gaap,OtherComprehensiveIncomeLossAvailableForSaleSecuritiesAdjustmentNetOfTax,revenue_candidate_VERIFY_scope_and_currency,CNY,2014-04-01,2015-03-31,2017-06-15,3089000000,20-F,0001047469-17-004019,365,False,
BABA,us-gaap,OtherComprehensiveIncomeLossAvailableForSaleSecuritiesAdjustmentNetOfTax,revenue_candidate_VERIFY_scope_and_currency,CNY,2014-04-01,2015-03-31,2017-11-24,3089000000,6-K,0001047469-17-007286,365,False,
BABA,us-gaap,OtherComprehensiveIncomeLossAvailableForSaleSecuritiesAdjustmentNetOfTax,revenue_candidate_VERIFY_scope_and_currency,CNY,2015-04-01,2016-03-31,2016-05-24,1433000000,20-F,0001047469-16-013400,366,False,
BABA,us-gaap,OtherComprehensiveIncomeLossAvailableForSaleSecuritiesAdjustmentNetOfTax,revenue_candidate_VERIFY_scope_and_currency,CNY,2015-04-01,2016-03-31,2017-06-15,1368000000,20-F,0001047469-17-004019,366,False,
BABA,us-gaap,OtherComprehensiveIncomeLossAvailableForSaleSecuritiesAdjustmentNetOfTax,revenue_candidate_VERIFY_scope_and_currency,CNY,2015-04-01,2016-03-31,2017-11-24,1368000000,6-K,0001047469-17-007286,366,False,
BABA,us-gaap,OtherComprehensiveIncomeLossAvailableForSaleSecuritiesAdjustmentNetOfTax,revenue_candidate_VERIFY_scope_and_currency,CNY,2015-04-01,2016-03-31,2018-07-27,1368000000,20-F,0001047469-18-005257,366,False,
BABA,us-gaap,OtherComprehensiveIncomeLossAvailableForSaleSecuritiesAdjustmentNetOfTax,revenue_candidate_VERIFY_scope_and_currency,CNY,2016-04-01,2017-03-31,2017-06-15,2105000000,20-F,0001047469-17-004019,365,False,
BABA,us-gaap,OtherComprehensiveIncomeLossAvailableForSaleSecuritiesAdjustmentNetOfTax,revenue_candidate_VERIFY_scope_and_currency,CNY,2016-04-01,2017-03-31,2017-11-24,2105000000,6-K,0001047469-17-007286,365,False,
BABA,us-gaap,OtherComprehensiveIncomeLossAvailableForSaleSecuritiesAdjustmentNetOfTax,revenue_candidate_VERIFY_scope_and_currency,CNY,2016-04-01,2017-03-31,2018-07-27,2105000000,20-F,0001047469-18-005257,365,False,
BABA,us-gaap,OtherComprehensiveIncomeLossAvailableForSaleSecuritiesAdjustmentNetOfTax,revenue_candidate_VERIFY_scope_and_currency,CNY,2016-04-01,2017-03-31,2019-06-05,2105000000,20-F,0001047469-19-003492,365,False,
BABA,us-gaap,OtherComprehensiveIncomeLossAvailableForSaleSecuritiesAdjustmentNetOfTax,revenue_candidate_VERIFY_scope_and_currency,CNY,2016-04-01,2017-03-31,2019-11-13,2105000000,6-K,0001047469-19-006257,365,False,
BABA,us-gaap,OtherComprehensiveIncomeLossAvailableForSaleSecuritiesAdjustmentNetOfTax,revenue_candidate_VERIFY_scope_and_currency,CNY,2017-04-01,2018-03-31,2018-07-27,1211000000,20-F,0001047469-18-005257,365,False,
BABA,us-gaap,OtherComprehensiveIncomeLossAvailableForSaleSecuritiesAdjustmentNetOfTax,revenue_candidate_VERIFY_scope_and_currency,CNY,2017-04-01,2018-03-31,2019-06-05,1211000000,20-F,0001047469-19-003492,365,False,
BABA,us-gaap,OtherComprehensiveIncomeLossAvailableForSaleSecuritiesAdjustmentNetOfTax,revenue_candidate_VERIFY_scope_and_currency,CNY,2017-04-01,2018-03-31,2019-11-13,1211000000,6-K,0001047469-19-006257,365,False,
BABA,us-gaap,OtherComprehensiveIncomeLossAvailableForSaleSecuritiesAdjustmentNetOfTax,revenue_candidate_VERIFY_scope_and_currency,CNY,2017-04-01,2018-03-31,2020-07-09,1211000000,20-F,0001104659-20-082409,365,False,
BABA,us-gaap,OtherComprehensiveIncomeLossAvailableForSaleSecuritiesAdjustmentNetOfTax,revenue_candidate_VERIFY_scope_and_currency,CNY,2017-04-01,2018-03-31,2021-02-02,1211000000,6-K,0001104659-21-010913,365,False,
BABA,us-gaap,OtherComprehensiveIncomeLossAvailableForSaleSecuritiesAdjustmentNetOfTax,revenue_candidate_VERIFY_scope_and_currency,USD,2014-04-01,2015-03-31,2015-06-25,500000000,20-F,0001047469-15-005768,365,False,
BABA,us-gaap,OtherComprehensiveIncomeLossAvailableForSaleSecuritiesAdjustmentNetOfTax,revenue_candidate_VERIFY_scope_and_currency,USD,2015-04-01,2016-03-31,2016-05-24,222000000,20-F,0001047469-16-013400,366,False,
BABA,us-gaap,OtherComprehensiveIncomeLossAvailableForSaleSecuritiesAdjustmentNetOfTax,revenue_candidate_VERIFY_scope_and_currency,USD,2016-04-01,2017-03-31,2017-06-15,306000000,20-F,0001047469-17-004019,365,False,
BABA,us-gaap,OtherComprehensiveIncomeLossAvailableForSaleSecuritiesAdjustmentNetOfTax,revenue_candidate_VERIFY_scope_and_currency,USD,2016-04-01,2017-03-31,2017-11-24,306000000,6-K,0001047469-17-007286,365,False,
BABA,us-gaap,OtherComprehensiveIncomeLossAvailableForSaleSecuritiesAdjustmentNetOfTax,revenue_candidate_VERIFY_scope_and_currency,USD,2017-04-01,2018-03-31,2018-07-27,193000000,20-F,0001047469-18-005257,365,False,
BABA,us-gaap,OtherComprehensiveIncomeLossAvailableForSaleSecuritiesTax,revenue_candidate_VERIFY_scope_and_currency,CNY,2015-04-01,2016-03-31,2016-05-24,488000000,20-F,0001047469-16-013400,366,False,
BABA,us-gaap,OtherComprehensiveIncomeLossAvailableForSaleSecuritiesTax,revenue_candidate_VERIFY_scope_and_currency,CNY,2015-04-01,2016-03-31,2017-06-15,488000000,20-F,0001047469-17-004019,366,False,
BABA,us-gaap,OtherComprehensiveIncomeLossAvailableForSaleSecuritiesTax,revenue_candidate_VERIFY_scope_and_currency,CNY,2015-04-01,2016-03-31,2017-11-24,488000000,6-K,0001047469-17-007286,366,False,
BABA,us-gaap,OtherComprehensiveIncomeLossAvailableForSaleSecuritiesTax,revenue_candidate_VERIFY_scope_and_currency,CNY,2015-04-01,2016-03-31,2018-07-27,488000000,20-F,0001047469-18-005257,366,False,
BABA,us-gaap,OtherComprehensiveIncomeLossAvailableForSaleSecuritiesTax,revenue_candidate_VERIFY_scope_and_currency,CNY,2016-04-01,2017-03-31,2017-06-15,1042000000,20-F,0001047469-17-004019,365,False,
BABA,us-gaap,OtherComprehensiveIncomeLossAvailableForSaleSecuritiesTax,revenue_candidate_VERIFY_scope_and_currency,CNY,2016-04-01,2017-03-31,2017-11-24,1042000000,6-K,0001047469-17-007286,365,False,
BABA,us-gaap,OtherComprehensiveIncomeLossAvailableForSaleSecuritiesTax,revenue_candidate_VERIFY_scope_and_currency,CNY,2016-04-01,2017-03-31,2018-07-27,1042000000,20-F,0001047469-18-005257,365,False,
BABA,us-gaap,OtherComprehensiveIncomeLossAvailableForSaleSecuritiesTax,revenue_candidate_VERIFY_scope_and_currency,CNY,2016-04-01,2017-03-31,2019-06-05,1042000000,20-F,0001047469-19-003492,365,False,
BABA,us-gaap,OtherComprehensiveIncomeLossAvailableForSaleSecuritiesTax,revenue_candidate_VERIFY_scope_and_currency,CNY,2016-04-01,2017-03-31,2019-11-13,1042000000,6-K,0001047469-19-006257,365,False,
BABA,us-gaap,OtherComprehensiveIncomeLossAvailableForSaleSecuritiesTax,revenue_candidate_VERIFY_scope_and_currency,CNY,2017-04-01,2018-03-31,2018-07-27,-385000000,20-F,0001047469-18-005257,365,False,
BABA,us-gaap,OtherComprehensiveIncomeLossAvailableForSaleSecuritiesTax,revenue_candidate_VERIFY_scope_and_currency,CNY,2017-04-01,2018-03-31,2019-06-05,-385000000,20-F,0001047469-19-003492,365,False,
BABA,us-gaap,OtherComprehensiveIncomeLossAvailableForSaleSecuritiesTax,revenue_candidate_VERIFY_scope_and_currency,CNY,2017-04-01,2018-03-31,2019-11-13,-385000000,6-K,0001047469-19-006257,365,False,
BABA,us-gaap,OtherComprehensiveIncomeLossAvailableForSaleSecuritiesTax,revenue_candidate_VERIFY_scope_and_currency,CNY,2017-04-01,2018-03-31,2020-07-09,-385000000,20-F,0001104659-20-082409,365,False,
BABA,us-gaap,OtherComprehensiveIncomeLossAvailableForSaleSecuritiesTax,revenue_candidate_VERIFY_scope_and_currency,CNY,2017-04-01,2018-03-31,2021-02-02,-385000000,6-K,0001104659-21-010913,365,False,
BABA,us-gaap,OtherComprehensiveIncomeLossAvailableForSaleSecuritiesTax,revenue_candidate_VERIFY_scope_and_currency,USD,2015-04-01,2016-03-31,2016-05-24,76000000,20-F,0001047469-16-013400,366,False,
BABA,us-gaap,OtherComprehensiveIncomeLossAvailableForSaleSecuritiesTax,revenue_candidate_VERIFY_scope_and_currency,USD,2016-04-01,2017-03-31,2017-06-15,151000000,20-F,0001047469-17-004019,365,False,
BABA,us-gaap,OtherComprehensiveIncomeLossAvailableForSaleSecuritiesTax,revenue_candidate_VERIFY_scope_and_currency,USD,2016-04-01,2017-03-31,2017-11-24,151000000,6-K,0001047469-17-007286,365,False,
BABA,us-gaap,OtherComprehensiveIncomeLossAvailableForSaleSecuritiesTax,revenue_candidate_VERIFY_scope_and_currency,USD,2017-04-01,2018-03-31,2018-07-27,-61000000,20-F,0001047469-18-005257,365,False,
BABA,us-gaap,Revenues,revenue_candidate_VERIFY_scope_and_currency,CNY,2012-04-01,2013-03-31,2015-06-25,34517000000,20-F,0001047469-15-005768,365,True,wrong_unit_for_existing_extractor
BABA,us-gaap,Revenues,revenue_candidate_VERIFY_scope_and_currency,CNY,2013-04-01,2014-03-31,2015-06-25,52504000000,20-F,0001047469-15-005768,365,True,wrong_unit_for_existing_extractor
BABA,us-gaap,Revenues,revenue_candidate_VERIFY_scope_and_currency,CNY,2013-04-01,2014-03-31,2016-05-24,52504000000,20-F,0001047469-16-013400,365,True,wrong_unit_for_existing_extractor
BABA,us-gaap,Revenues,revenue_candidate_VERIFY_scope_and_currency,CNY,2014-04-01,2015-03-31,2015-06-25,76204000000,20-F,0001047469-15-005768,365,True,wrong_unit_for_existing_extractor
BABA,us-gaap,Revenues,revenue_candidate_VERIFY_scope_and_currency,CNY,2014-04-01,2015-03-31,2016-05-24,76204000000,20-F,0001047469-16-013400,365,True,wrong_unit_for_existing_extractor
BABA,us-gaap,Revenues,revenue_candidate_VERIFY_scope_and_currency,CNY,2014-04-01,2015-03-31,2017-06-15,76204000000,20-F,0001047469-17-004019,365,True,wrong_unit_for_existing_extractor
BABA,us-gaap,Revenues,revenue_candidate_VERIFY_scope_and_currency,CNY,2014-04-01,2015-03-31,2017-11-24,76204000000,6-K,0001047469-17-007286,365,True,wrong_unit_for_existing_extractor
BABA,us-gaap,Revenues,revenue_candidate_VERIFY_scope_and_currency,CNY,2015-04-01,2016-03-31,2016-05-24,101143000000,20-F,0001047469-16-013400,366,True,wrong_unit_for_existing_extractor
BABA,us-gaap,Revenues,revenue_candidate_VERIFY_scope_and_currency,CNY,2015-04-01,2016-03-31,2017-06-15,101143000000,20-F,0001047469-17-004019,366,True,wrong_unit_for_existing_extractor
BABA,us-gaap,Revenues,revenue_candidate_VERIFY_scope_and_currency,CNY,2015-04-01,2016-03-31,2017-11-24,101143000000,6-K,0001047469-17-007286,366,True,wrong_unit_for_existing_extractor
BABA,us-gaap,Revenues,revenue_candidate_VERIFY_scope_and_currency,CNY,2015-04-01,2016-03-31,2018-07-27,101143000000,20-F,0001047469-18-005257,366,True,wrong_unit_for_existing_extractor
BABA,us-gaap,Revenues,revenue_candidate_VERIFY_scope_and_currency,CNY,2016-04-01,2017-03-31,2017-06-15,158273000000,20-F,0001047469-17-004019,365,True,wrong_unit_for_existing_extractor
BABA,us-gaap,Revenues,revenue_candidate_VERIFY_scope_and_currency,CNY,2016-04-01,2017-03-31,2017-11-24,158273000000,6-K,0001047469-17-007286,365,True,wrong_unit_for_existing_extractor
BABA,us-gaap,Revenues,revenue_candidate_VERIFY_scope_and_currency,CNY,2016-04-01,2017-03-31,2018-07-27,158273000000,20-F,0001047469-18-005257,365,True,wrong_unit_for_existing_extractor
BABA,us-gaap,Revenues,revenue_candidate_VERIFY_scope_and_currency,CNY,2016-04-01,2017-03-31,2019-06-05,158273000000,20-F,0001047469-19-003492,365,True,wrong_unit_for_existing_extractor
BABA,us-gaap,Revenues,revenue_candidate_VERIFY_scope_and_currency,CNY,2016-04-01,2017-03-31,2019-11-13,158273000000,6-K,0001047469-19-006257,365,True,wrong_unit_for_existing_extractor
BABA,us-gaap,Revenues,revenue_candidate_VERIFY_scope_and_currency,CNY,2017-04-01,2018-03-31,2018-07-27,250266000000,20-F,0001047469-18-005257,365,True,wrong_unit_for_existing_extractor
BABA,us-gaap,Revenues,revenue_candidate_VERIFY_scope_and_currency,CNY,2017-04-01,2018-03-31,2019-06-05,250266000000,20-F,0001047469-19-003492,365,True,wrong_unit_for_existing_extractor
BABA,us-gaap,Revenues,revenue_candidate_VERIFY_scope_and_currency,CNY,2017-04-01,2018-03-31,2019-11-13,250266000000,6-K,0001047469-19-006257,365,True,wrong_unit_for_existing_extractor
BABA,us-gaap,Revenues,revenue_candidate_VERIFY_scope_and_currency,CNY,2017-04-01,2018-03-31,2020-07-09,250266000000,20-F,0001104659-20-082409,365,True,wrong_unit_for_existing_extractor
BABA,us-gaap,Revenues,revenue_candidate_VERIFY_scope_and_currency,CNY,2017-04-01,2018-03-31,2021-02-02,250266000000,6-K,0001104659-21-010913,365,True,wrong_unit_for_existing_extractor
BABA,us-gaap,Revenues,revenue_candidate_VERIFY_scope_and_currency,CNY,2018-04-01,2019-03-31,2019-06-05,376844000000,20-F,0001047469-19-003492,365,True,wrong_unit_for_existing_extractor
BABA,us-gaap,Revenues,revenue_candidate_VERIFY_scope_and_currency,CNY,2018-04-01,2019-03-31,2019-11-13,376844000000,6-K,0001047469-19-006257,365,True,wrong_unit_for_existing_extractor
BABA,us-gaap,Revenues,revenue_candidate_VERIFY_scope_and_currency,CNY,2018-04-01,2019-03-31,2020-07-09,376844000000,20-F,0001104659-20-082409,365,True,wrong_unit_for_existing_extractor
BABA,us-gaap,Revenues,revenue_candidate_VERIFY_scope_and_currency,CNY,2018-04-01,2019-03-31,2021-02-02,376844000000,6-K,0001104659-21-010913,365,True,wrong_unit_for_existing_extractor
BABA,us-gaap,Revenues,revenue_candidate_VERIFY_scope_and_currency,CNY,2018-04-01,2019-03-31,2021-07-27,376844000000,20-F,0001104659-21-096092,365,True,wrong_unit_for_existing_extractor
BABA,us-gaap,Revenues,revenue_candidate_VERIFY_scope_and_currency,CNY,2019-04-01,2019-09-30,2021-02-02,233941000000,6-K,0001104659-21-010910,183,True,wrong_unit_for_existing_extractor
BABA,us-gaap,Revenues,revenue_candidate_VERIFY_scope_and_currency,CNY,2019-04-01,2020-03-31,2020-07-09,509711000000,20-F,0001104659-20-082409,366,True,wrong_unit_for_existing_extractor
BABA,us-gaap,Revenues,revenue_candidate_VERIFY_scope_and_currency,CNY,2019-04-01,2020-03-31,2021-02-02,509711000000,6-K,0001104659-21-010913,366,True,wrong_unit_for_existing_extractor
BABA,us-gaap,Revenues,revenue_candidate_VERIFY_scope_and_currency,CNY,2019-04-01,2020-03-31,2021-07-27,509711000000,20-F,0001104659-21-096092,366,True,wrong_unit_for_existing_extractor
BABA,us-gaap,Revenues,revenue_candidate_VERIFY_scope_and_currency,CNY,2019-04-01,2020-03-31,2022-07-26,509711000000,20-F,0001104659-22-082622,366,True,wrong_unit_for_existing_extractor
BABA,us-gaap,Revenues,revenue_candidate_VERIFY_scope_and_currency,CNY,2020-04-01,2020-09-30,2021-02-02,308810000000,6-K,0001104659-21-010910,183,True,wrong_unit_for_existing_extractor
BABA,us-gaap,Revenues,revenue_candidate_VERIFY_scope_and_currency,CNY,2020-04-01,2021-03-31,2021-07-27,717289000000,20-F,0001104659-21-096092,365,True,wrong_unit_for_existing_extractor
BABA,us-gaap,Revenues,revenue_candidate_VERIFY_scope_and_currency,CNY,2020-04-01,2021-03-31,2022-07-26,717289000000,20-F,0001104659-22-082622,365,True,wrong_unit_for_existing_extractor
BABA,us-gaap,Revenues,revenue_candidate_VERIFY_scope_and_currency,CNY,2020-04-01,2021-03-31,2023-07-21,717289000000,20-F,0000950170-23-033752,365,True,wrong_unit_for_existing_extractor
BABA,us-gaap,Revenues,revenue_candidate_VERIFY_scope_and_currency,CNY,2021-04-01,2022-03-31,2022-07-26,853062000000,20-F,0001104659-22-082622,365,True,wrong_unit_for_existing_extractor
BABA,us-gaap,Revenues,revenue_candidate_VERIFY_scope_and_currency,CNY,2021-04-01,2022-03-31,2023-07-21,853062000000,20-F,0000950170-23-033752,365,True,wrong_unit_for_existing_extractor
BABA,us-gaap,Revenues,revenue_candidate_VERIFY_scope_and_currency,CNY,2021-04-01,2022-03-31,2024-05-23,853062000000,20-F,0000950170-24-063767,365,True,wrong_unit_for_existing_extractor
BABA,us-gaap,Revenues,revenue_candidate_VERIFY_scope_and_currency,CNY,2022-04-01,2023-03-31,2023-07-21,868687000000,20-F,0000950170-23-033752,365,True,wrong_unit_for_existing_extractor
BABA,us-gaap,Revenues,revenue_candidate_VERIFY_scope_and_currency,CNY,2022-04-01,2023-03-31,2024-05-23,868687000000,20-F,0000950170-24-063767,365,True,wrong_unit_for_existing_extractor
BABA,us-gaap,Revenues,revenue_candidate_VERIFY_scope_and_currency,CNY,2022-04-01,2023-03-31,2025-06-26,868687000000,20-F,0000950170-25-090161,365,True,wrong_unit_for_existing_extractor
BABA,us-gaap,Revenues,revenue_candidate_VERIFY_scope_and_currency,CNY,2023-04-01,2024-03-31,2024-05-23,941168000000,20-F,0000950170-24-063767,366,True,wrong_unit_for_existing_extractor
BABA,us-gaap,Revenues,revenue_candidate_VERIFY_scope_and_currency,CNY,2023-04-01,2024-03-31,2025-06-26,941168000000,20-F,0000950170-25-090161,366,True,wrong_unit_for_existing_extractor
BABA,us-gaap,Revenues,revenue_candidate_VERIFY_scope_and_currency,CNY,2023-04-01,2024-03-31,2026-05-20,941168000000,20-F,0001193125-26-231755,366,True,wrong_unit_for_existing_extractor
BABA,us-gaap,Revenues,revenue_candidate_VERIFY_scope_and_currency,CNY,2024-04-01,2025-03-31,2025-06-26,996347000000,20-F,0000950170-25-090161,365,True,wrong_unit_for_existing_extractor
BABA,us-gaap,Revenues,revenue_candidate_VERIFY_scope_and_currency,CNY,2024-04-01,2025-03-31,2026-05-20,996347000000,20-F,0001193125-26-231755,365,True,wrong_unit_for_existing_extractor
BABA,us-gaap,Revenues,revenue_candidate_VERIFY_scope_and_currency,CNY,2025-04-01,2026-03-31,2026-05-20,1023670000000,20-F,0001193125-26-231755,365,True,wrong_unit_for_existing_extractor
BABA,us-gaap,Revenues,revenue_candidate_VERIFY_scope_and_currency,USD,2014-04-01,2015-03-31,2015-06-25,12293000000,20-F,0001047469-15-005768,365,True,
BABA,us-gaap,Revenues,revenue_candidate_VERIFY_scope_and_currency,USD,2015-04-01,2016-03-31,2016-05-24,15686000000,20-F,0001047469-16-013400,366,True,
BABA,us-gaap,Revenues,revenue_candidate_VERIFY_scope_and_currency,USD,2016-04-01,2017-03-31,2017-06-15,22994000000,20-F,0001047469-17-004019,365,True,
BABA,us-gaap,Revenues,revenue_candidate_VERIFY_scope_and_currency,USD,2016-04-01,2017-03-31,2017-11-24,22994000000,6-K,0001047469-17-007286,365,True,
BABA,us-gaap,Revenues,revenue_candidate_VERIFY_scope_and_currency,USD,2017-04-01,2018-03-31,2018-07-27,39898000000,20-F,0001047469-18-005257,365,True,
BABA,us-gaap,Revenues,revenue_candidate_VERIFY_scope_and_currency,USD,2018-04-01,2019-03-31,2019-06-05,56152000000,20-F,0001047469-19-003492,365,True,
BABA,us-gaap,Revenues,revenue_candidate_VERIFY_scope_and_currency,USD,2018-04-01,2019-03-31,2019-11-13,56152000000,6-K,0001047469-19-006257,365,True,
BABA,us-gaap,Revenues,revenue_candidate_VERIFY_scope_and_currency,USD,2019-04-01,2020-03-31,2020-07-09,71985000000,20-F,0001104659-20-082409,366,True,
BABA,us-gaap,Revenues,revenue_candidate_VERIFY_scope_and_currency,USD,2019-04-01,2020-03-31,2021-02-02,71985000000,6-K,0001104659-21-010913,366,True,
BABA,us-gaap,Revenues,revenue_candidate_VERIFY_scope_and_currency,USD,2020-04-01,2020-09-30,2021-02-02,45483000000,6-K,0001104659-21-010910,183,True,
BABA,us-gaap,Revenues,revenue_candidate_VERIFY_scope_and_currency,USD,2020-04-01,2021-03-31,2021-07-27,109480000000,20-F,0001104659-21-096092,365,True,
BABA,us-gaap,Revenues,revenue_candidate_VERIFY_scope_and_currency,USD,2021-04-01,2022-03-31,2022-07-26,134567000000,20-F,0001104659-22-082622,365,True,
BABA,us-gaap,Revenues,revenue_candidate_VERIFY_scope_and_currency,USD,2022-04-01,2023-03-31,2023-07-21,126491000000,20-F,0000950170-23-033752,365,True,
BABA,us-gaap,Revenues,revenue_candidate_VERIFY_scope_and_currency,USD,2023-04-01,2024-03-31,2024-05-23,130350000000,20-F,0000950170-24-063767,366,True,
BABA,us-gaap,Revenues,revenue_candidate_VERIFY_scope_and_currency,USD,2024-04-01,2025-03-31,2025-06-26,137300000000,20-F,0000950170-25-090161,365,True,
BABA,us-gaap,Revenues,revenue_candidate_VERIFY_scope_and_currency,USD,2025-04-01,2026-03-31,2026-05-20,148401000000,20-F,0001193125-26-231755,365,True,
BABA,us-gaap,SalesAndExciseTaxPayableCurrent,revenue_candidate_VERIFY_scope_and_currency,CNY,,2014-03-31,2015-06-25,705000000,20-F,0001047469-15-005768,,False,
BABA,us-gaap,SalesAndExciseTaxPayableCurrent,revenue_candidate_VERIFY_scope_and_currency,CNY,,2015-03-31,2015-06-25,635000000,20-F,0001047469-15-005768,,False,
BABA,us-gaap,SalesAndExciseTaxPayableCurrent,revenue_candidate_VERIFY_scope_and_currency,CNY,,2015-03-31,2016-05-24,635000000,20-F,0001047469-16-013400,,False,
BABA,us-gaap,SalesAndExciseTaxPayableCurrent,revenue_candidate_VERIFY_scope_and_currency,CNY,,2016-03-31,2016-05-24,943000000,20-F,0001047469-16-013400,,False,
BABA,us-gaap,SalesAndExciseTaxPayableCurrent,revenue_candidate_VERIFY_scope_and_currency,CNY,,2016-03-31,2017-06-15,943000000,20-F,0001047469-17-004019,,False,
BABA,us-gaap,SalesAndExciseTaxPayableCurrent,revenue_candidate_VERIFY_scope_and_currency,CNY,,2016-03-31,2017-11-24,943000000,6-K,0001047469-17-007286,,False,
BABA,us-gaap,SalesAndExciseTaxPayableCurrent,revenue_candidate_VERIFY_scope_and_currency,CNY,,2017-03-31,2017-06-15,1549000000,20-F,0001047469-17-004019,,False,
BABA,us-gaap,SalesAndExciseTaxPayableCurrent,revenue_candidate_VERIFY_scope_and_currency,CNY,,2017-03-31,2017-11-24,1549000000,6-K,0001047469-17-007286,,False,
BABA,us-gaap,SalesAndExciseTaxPayableCurrent,revenue_candidate_VERIFY_scope_and_currency,CNY,,2017-03-31,2018-07-27,1549000000,20-F,0001047469-18-005257,,False,
BABA,us-gaap,SalesAndExciseTaxPayableCurrent,revenue_candidate_VERIFY_scope_and_currency,CNY,,2018-03-31,2018-07-27,2382000000,20-F,0001047469-18-005257,,False,
BABA,us-gaap,SalesAndExciseTaxPayableCurrent,revenue_candidate_VERIFY_scope_and_currency,CNY,,2018-03-31,2019-06-05,2382000000,20-F,0001047469-19-003492,,False,
BABA,us-gaap,SalesAndExciseTaxPayableCurrent,revenue_candidate_VERIFY_scope_and_currency,CNY,,2018-03-31,2019-11-13,2382000000,6-K,0001047469-19-006257,,False,
BABA,us-gaap,SalesAndExciseTaxPayableCurrent,revenue_candidate_VERIFY_scope_and_currency,CNY,,2019-03-31,2019-06-05,3448000000,20-F,0001047469-19-003492,,False,
BABA,us-gaap,SalesAndExciseTaxPayableCurrent,revenue_candidate_VERIFY_scope_and_currency,CNY,,2019-03-31,2019-11-13,3448000000,6-K,0001047469-19-006257,,False,
BABA,us-gaap,SalesAndExciseTaxPayableCurrent,revenue_candidate_VERIFY_scope_and_currency,CNY,,2019-03-31,2020-07-09,3448000000,20-F,0001104659-20-082409,,False,
BABA,us-gaap,SalesAndExciseTaxPayableCurrent,revenue_candidate_VERIFY_scope_and_currency,CNY,,2019-03-31,2021-02-02,3448000000,6-K,0001104659-21-010913,,False,
BABA,us-gaap,SalesAndExciseTaxPayableCurrent,revenue_candidate_VERIFY_scope_and_currency,CNY,,2020-03-31,2020-07-09,5479000000,20-F,0001104659-20-082409,,False,
BABA,us-gaap,SalesAndExciseTaxPayableCurrent,revenue_candidate_VERIFY_scope_and_currency,CNY,,2020-03-31,2021-02-02,5479000000,6-K,0001104659-21-010910,,False,
BABA,us-gaap,SalesAndExciseTaxPayableCurrent,revenue_candidate_VERIFY_scope_and_currency,CNY,,2020-03-31,2021-02-02,5479000000,6-K,0001104659-21-010913,,False,
BABA,us-gaap,SalesAndExciseTaxPayableCurrent,revenue_candidate_VERIFY_scope_and_currency,CNY,,2020-03-31,2021-07-27,5479000000,20-F,0001104659-21-096092,,False,
BABA,us-gaap,SalesAndExciseTaxPayableCurrent,revenue_candidate_VERIFY_scope_and_currency,CNY,,2020-09-30,2021-02-02,6801000000,6-K,0001104659-21-010910,,False,
BABA,us-gaap,SalesAndExciseTaxPayableCurrent,revenue_candidate_VERIFY_scope_and_currency,CNY,,2021-03-31,2021-07-27,7922000000,20-F,0001104659-21-096092,,False,
BABA,us-gaap,SalesAndExciseTaxPayableCurrent,revenue_candidate_VERIFY_scope_and_currency,CNY,,2021-03-31,2022-07-26,7922000000,20-F,0001104659-22-082622,,False,
BABA,us-gaap,SalesAndExciseTaxPayableCurrent,revenue_candidate_VERIFY_scope_and_currency,CNY,,2022-03-31,2022-07-26,8761000000,20-F,0001104659-22-082622,,False,
BABA,us-gaap,SalesAndExciseTaxPayableCurrent,revenue_candidate_VERIFY_scope_and_currency,CNY,,2022-03-31,2023-07-21,8761000000,20-F,0000950170-23-033752,,False,
BABA,us-gaap,SalesAndExciseTaxPayableCurrent,revenue_candidate_VERIFY_scope_and_currency,CNY,,2023-03-31,2023-07-21,6997000000,20-F,0000950170-23-033752,,False,
BABA,us-gaap,SalesAndExciseTaxPayableCurrent,revenue_candidate_VERIFY_scope_and_currency,CNY,,2023-03-31,2024-05-23,6997000000,20-F,0000950170-24-063767,,False,
BABA,us-gaap,SalesAndExciseTaxPayableCurrent,revenue_candidate_VERIFY_scope_and_currency,CNY,,2024-03-31,2024-05-23,7934000000,20-F,0000950170-24-063767,,False,
BABA,us-gaap,SalesAndExciseTaxPayableCurrent,revenue_candidate_VERIFY_scope_and_currency,CNY,,2024-03-31,2025-06-26,7934000000,20-F,0000950170-25-090161,,False,
BABA,us-gaap,SalesAndExciseTaxPayableCurrent,revenue_candidate_VERIFY_scope_and_currency,CNY,,2025-03-31,2025-06-26,7641000000,20-F,0000950170-25-090161,,False,
BABA,us-gaap,SalesAndExciseTaxPayableCurrent,revenue_candidate_VERIFY_scope_and_currency,CNY,,2025-03-31,2026-05-20,7641000000,20-F,0001193125-26-231755,,False,
BABA,us-gaap,SalesAndExciseTaxPayableCurrent,revenue_candidate_VERIFY_scope_and_currency,CNY,,2026-03-31,2026-05-20,6935000000,20-F,0001193125-26-231755,,False,
BABA,us-gaap,ShareBasedCompensationArrangementByShareBasedPaymentAwardNumberOfSharesAuthorized,other_share_concept_NOT_automatically_outstanding,shares,,2015-03-31,2015-06-25,619922272,20-F,0001047469-15-005768,,False,
BABA,us-gaap,ShareBasedCompensationArrangementByShareBasedPaymentAwardNumberOfSharesAvailableForGrant,other_share_concept_NOT_automatically_outstanding,shares,,2015-03-31,2015-06-25,22111169,20-F,0001047469-15-005768,,False,
BABA,us-gaap,ShareBasedCompensationArrangementByShareBasedPaymentAwardNumberOfSharesAvailableForGrant,other_share_concept_NOT_automatically_outstanding,shares,,2016-03-31,2016-05-24,23050439,20-F,0001047469-16-013400,,False,
BABA,us-gaap,ShareBasedCompensationArrangementByShareBasedPaymentAwardNumberOfSharesAvailableForGrant,other_share_concept_NOT_automatically_outstanding,shares,,2017-03-31,2017-06-15,29079770,20-F,0001047469-17-004019,,False,
BABA,us-gaap,ShareBasedCompensationArrangementByShareBasedPaymentAwardNumberOfSharesAvailableForGrant,other_share_concept_NOT_automatically_outstanding,shares,,2017-03-31,2017-11-24,29079770,6-K,0001047469-17-007286,,False,
BABA,us-gaap,ShareBasedCompensationArrangementByShareBasedPaymentAwardNumberOfSharesAvailableForGrant,other_share_concept_NOT_automatically_outstanding,shares,,2018-03-31,2018-07-27,29376187,20-F,0001047469-18-005257,,False,
BABA,us-gaap,ShareBasedCompensationArrangementByShareBasedPaymentAwardNumberOfSharesAvailableForGrant,other_share_concept_NOT_automatically_outstanding,shares,,2019-03-31,2019-06-05,34151552,20-F,0001047469-19-003492,,False,
BABA,us-gaap,ShareBasedCompensationArrangementByShareBasedPaymentAwardNumberOfSharesAvailableForGrant,other_share_concept_NOT_automatically_outstanding,shares,,2019-03-31,2019-11-13,273212416,6-K,0001047469-19-006257,,False,
BABA,us-gaap,ShareBasedCompensationArrangementByShareBasedPaymentAwardNumberOfSharesAvailableForGrant,other_share_concept_NOT_automatically_outstanding,shares,,2020-03-31,2020-07-09,265848704,20-F,0001104659-20-082409,,False,
BABA,us-gaap,ShareBasedCompensationArrangementByShareBasedPaymentAwardNumberOfSharesAvailableForGrant,other_share_concept_NOT_automatically_outstanding,shares,,2020-03-31,2021-02-02,265848704,6-K,0001104659-21-010913,,False,
BABA,us-gaap,ShareBasedCompensationArrangementByShareBasedPaymentAwardNumberOfSharesAvailableForGrant,other_share_concept_NOT_automatically_outstanding,shares,,2020-09-30,2021-02-02,299872568,6-K,0001104659-21-010910,,False,
BABA,us-gaap,ShareBasedCompensationArrangementByShareBasedPaymentAwardNumberOfSharesAvailableForGrant,other_share_concept_NOT_automatically_outstanding,shares,,2021-03-31,2021-07-27,276575864,20-F,0001104659-21-096092,,False,
BABA,us-gaap,ShareBasedCompensationArrangementByShareBasedPaymentAwardNumberOfSharesAvailableForGrant,other_share_concept_NOT_automatically_outstanding,shares,,2022-03-31,2022-07-26,295352672,20-F,0001104659-22-082622,,False,
BABA,us-gaap,ShareBasedCompensationArrangementByShareBasedPaymentAwardNumberOfSharesAvailableForGrant,other_share_concept_NOT_automatically_outstanding,shares,,2023-03-31,2023-07-21,305164328,20-F,0000950170-23-033752,,False,
BABA,us-gaap,ShareBasedCompensationArrangementByShareBasedPaymentAwardNumberOfSharesAvailableForGrant,other_share_concept_NOT_automatically_outstanding,shares,,2024-03-31,2024-05-23,286838192,20-F,0000950170-24-063767,,False,
BABA,us-gaap,ShareBasedCompensationArrangementByShareBasedPaymentAwardOptionsGrantsInPeriodGross,other_share_concept_NOT_automatically_outstanding,shares,2018-04-01,2019-03-31,2021-07-27,0,20-F,0001104659-21-096092,365,False,
BABA,us-gaap,ShareBasedCompensationArrangementByShareBasedPaymentAwardOptionsGrantsInPeriodGross,other_share_concept_NOT_automatically_outstanding,shares,2020-04-01,2021-03-31,2021-07-27,0,20-F,0001104659-21-096092,365,False,
BABA,us-gaap,ShareBasedCompensationArrangementByShareBasedPaymentAwardOptionsGrantsInPeriodGross,other_share_concept_NOT_automatically_outstanding,shares,2020-04-01,2021-03-31,2022-07-26,0,20-F,0001104659-22-082622,365,False,
BABA,us-gaap,ShareBasedCompensationArrangementByShareBasedPaymentAwardOptionsGrantsInPeriodGross,other_share_concept_NOT_automatically_outstanding,shares,2021-04-01,2022-03-31,2022-07-26,1710000,20-F,0001104659-22-082622,365,False,
BABA,us-gaap,ShareBasedCompensationArrangementByShareBasedPaymentAwardOptionsGrantsInPeriodGross,other_share_concept_NOT_automatically_outstanding,shares,2023-04-01,2024-03-31,2024-05-23,2000000,20-F,0000950170-24-063767,366,False,
BABA,us-gaap,TemporaryEquitySharesAuthorized,other_share_concept_NOT_automatically_outstanding,shares,,2014-03-31,2015-06-25,2600000,20-F,0001047469-15-005768,,False,
BABA,us-gaap,TemporaryEquitySharesIssued,other_share_concept_NOT_automatically_outstanding,shares,,2014-03-31,2015-06-25,1688000,20-F,0001047469-15-005768,,False,
BABA,us-gaap,TemporaryEquitySharesIssued,other_share_concept_NOT_automatically_outstanding,shares,,2015-03-31,2015-06-25,0,20-F,0001047469-15-005768,,False,
BABA,us-gaap,TemporaryEquitySharesOutstanding,shares_outstanding_candidate_VERIFY_classes_and_ADS,shares,,2014-03-31,2015-06-25,1688000,20-F,0001047469-15-005768,,False,
BABA,us-gaap,TemporaryEquitySharesOutstanding,shares_outstanding_candidate_VERIFY_classes_and_ADS,shares,,2015-03-31,2015-06-25,0,20-F,0001047469-15-005768,,False,
BABA,us-gaap,TreasuryStockNumberOfSharesHeld,other_share_concept_NOT_automatically_outstanding,shares,,2014-03-31,2015-06-25,33000000,20-F,0001047469-15-005768,,False,
BABA,us-gaap,TreasuryStockNumberOfSharesHeld,other_share_concept_NOT_automatically_outstanding,shares,,2015-03-31,2015-06-25,28245662,20-F,0001047469-15-005768,,False,
BABA,us-gaap,WeightedAverageNumberOfDilutedSharesOutstanding,weighted_average_NOT_outstanding,shares,2012-04-01,2013-03-31,2015-06-25,2389000000,20-F,0001047469-15-005768,365,False,
BABA,us-gaap,WeightedAverageNumberOfDilutedSharesOutstanding,weighted_average_NOT_outstanding,shares,2013-04-01,2014-03-31,2015-06-25,2332000000,20-F,0001047469-15-005768,365,False,
BABA,us-gaap,WeightedAverageNumberOfDilutedSharesOutstanding,weighted_average_NOT_outstanding,shares,2013-04-01,2014-03-31,2016-05-24,2332000000,20-F,0001047469-16-013400,365,False,
BABA,us-gaap,WeightedAverageNumberOfDilutedSharesOutstanding,weighted_average_NOT_outstanding,shares,2014-04-01,2015-03-31,2015-06-25,2500000000,20-F,0001047469-15-005768,365,False,
BABA,us-gaap,WeightedAverageNumberOfDilutedSharesOutstanding,weighted_average_NOT_outstanding,shares,2014-04-01,2015-03-31,2016-05-24,2500000000,20-F,0001047469-16-013400,365,False,
BABA,us-gaap,WeightedAverageNumberOfDilutedSharesOutstanding,weighted_average_NOT_outstanding,shares,2014-04-01,2015-03-31,2017-06-15,2500000000,20-F,0001047469-17-004019,365,False,
BABA,us-gaap,WeightedAverageNumberOfDilutedSharesOutstanding,weighted_average_NOT_outstanding,shares,2014-04-01,2015-03-31,2017-11-24,2500000000,6-K,0001047469-17-007286,365,False,
BABA,us-gaap,WeightedAverageNumberOfDilutedSharesOutstanding,weighted_average_NOT_outstanding,shares,2015-04-01,2016-03-31,2016-05-24,2562000000,20-F,0001047469-16-013400,366,False,
BABA,us-gaap,WeightedAverageNumberOfDilutedSharesOutstanding,weighted_average_NOT_outstanding,shares,2015-04-01,2016-03-31,2017-06-15,2562000000,20-F,0001047469-17-004019,366,False,
BABA,us-gaap,WeightedAverageNumberOfDilutedSharesOutstanding,weighted_average_NOT_outstanding,shares,2015-04-01,2016-03-31,2017-11-24,2562000000,6-K,0001047469-17-007286,366,False,
BABA,us-gaap,WeightedAverageNumberOfDilutedSharesOutstanding,weighted_average_NOT_outstanding,shares,2015-04-01,2016-03-31,2018-07-27,2562000000,20-F,0001047469-18-005257,366,False,
BABA,us-gaap,WeightedAverageNumberOfDilutedSharesOutstanding,weighted_average_NOT_outstanding,shares,2016-04-01,2017-03-31,2017-06-15,2573000000,20-F,0001047469-17-004019,365,False,
BABA,us-gaap,WeightedAverageNumberOfDilutedSharesOutstanding,weighted_average_NOT_outstanding,shares,2016-04-01,2017-03-31,2017-11-24,2573000000,6-K,0001047469-17-007286,365,False,
BABA,us-gaap,WeightedAverageNumberOfDilutedSharesOutstanding,weighted_average_NOT_outstanding,shares,2016-04-01,2017-03-31,2018-07-27,2573000000,20-F,0001047469-18-005257,365,False,
BABA,us-gaap,WeightedAverageNumberOfDilutedSharesOutstanding,weighted_average_NOT_outstanding,shares,2016-04-01,2017-03-31,2019-06-05,2573000000,20-F,0001047469-19-003492,365,False,
BABA,us-gaap,WeightedAverageNumberOfDilutedSharesOutstanding,weighted_average_NOT_outstanding,shares,2016-04-01,2017-03-31,2019-11-13,20579000000,6-K,0001047469-19-006257,365,False,
BABA,us-gaap,WeightedAverageNumberOfDilutedSharesOutstanding,weighted_average_NOT_outstanding,shares,2017-04-01,2018-03-31,2018-07-27,2610000000,20-F,0001047469-18-005257,365,False,
BABA,us-gaap,WeightedAverageNumberOfDilutedSharesOutstanding,weighted_average_NOT_outstanding,shares,2017-04-01,2018-03-31,2019-06-05,2610000000,20-F,0001047469-19-003492,365,False,
BABA,us-gaap,WeightedAverageNumberOfDilutedSharesOutstanding,weighted_average_NOT_outstanding,shares,2017-04-01,2018-03-31,2019-11-13,20881000000,6-K,0001047469-19-006257,365,False,
BABA,us-gaap,WeightedAverageNumberOfDilutedSharesOutstanding,weighted_average_NOT_outstanding,shares,2017-04-01,2018-03-31,2020-07-09,20881000000,20-F,0001104659-20-082409,365,False,
BABA,us-gaap,WeightedAverageNumberOfDilutedSharesOutstanding,weighted_average_NOT_outstanding,shares,2017-04-01,2018-03-31,2021-02-02,20881000000,6-K,0001104659-21-010913,365,False,
BABA,us-gaap,WeightedAverageNumberOfDilutedSharesOutstanding,weighted_average_NOT_outstanding,shares,2018-04-01,2019-03-31,2019-06-05,2623000000,20-F,0001047469-19-003492,365,False,
BABA,us-gaap,WeightedAverageNumberOfDilutedSharesOutstanding,weighted_average_NOT_outstanding,shares,2018-04-01,2019-03-31,2019-11-13,20988000000,6-K,0001047469-19-006257,365,False,
BABA,us-gaap,WeightedAverageNumberOfDilutedSharesOutstanding,weighted_average_NOT_outstanding,shares,2018-04-01,2019-03-31,2020-07-09,20988000000,20-F,0001104659-20-082409,365,False,
BABA,us-gaap,WeightedAverageNumberOfDilutedSharesOutstanding,weighted_average_NOT_outstanding,shares,2018-04-01,2019-03-31,2021-02-02,20988000000,6-K,0001104659-21-010913,365,False,
BABA,us-gaap,WeightedAverageNumberOfDilutedSharesOutstanding,weighted_average_NOT_outstanding,shares,2018-04-01,2019-03-31,2021-07-27,20988000000,20-F,0001104659-21-096092,365,False,
BABA,us-gaap,WeightedAverageNumberOfDilutedSharesOutstanding,weighted_average_NOT_outstanding,shares,2019-04-01,2019-09-30,2021-02-02,21084000000,6-K,0001104659-21-010910,183,False,
BABA,us-gaap,WeightedAverageNumberOfDilutedSharesOutstanding,weighted_average_NOT_outstanding,shares,2019-04-01,2020-03-31,2020-07-09,21346000000,20-F,0001104659-20-082409,366,False,
BABA,us-gaap,WeightedAverageNumberOfDilutedSharesOutstanding,weighted_average_NOT_outstanding,shares,2019-04-01,2020-03-31,2021-02-02,21346000000,6-K,0001104659-21-010913,366,False,
BABA,us-gaap,WeightedAverageNumberOfDilutedSharesOutstanding,weighted_average_NOT_outstanding,shares,2019-04-01,2020-03-31,2021-07-27,21346000000,20-F,0001104659-21-096092,366,False,
BABA,us-gaap,WeightedAverageNumberOfDilutedSharesOutstanding,weighted_average_NOT_outstanding,shares,2019-04-01,2020-03-31,2022-07-26,21346000000,20-F,0001104659-22-082622,366,False,
BABA,us-gaap,WeightedAverageNumberOfDilutedSharesOutstanding,weighted_average_NOT_outstanding,shares,2020-04-01,2020-09-30,2021-02-02,21943000000,6-K,0001104659-21-010910,183,False,
BABA,us-gaap,WeightedAverageNumberOfDilutedSharesOutstanding,weighted_average_NOT_outstanding,shares,2020-04-01,2021-03-31,2021-07-27,21982000000,20-F,0001104659-21-096092,365,False,
BABA,us-gaap,WeightedAverageNumberOfDilutedSharesOutstanding,weighted_average_NOT_outstanding,shares,2020-04-01,2021-03-31,2022-07-26,21982000000,20-F,0001104659-22-082622,365,False,
BABA,us-gaap,WeightedAverageNumberOfDilutedSharesOutstanding,weighted_average_NOT_outstanding,shares,2020-04-01,2021-03-31,2023-07-21,21982000000,20-F,0000950170-23-033752,365,False,
BABA,us-gaap,WeightedAverageNumberOfDilutedSharesOutstanding,weighted_average_NOT_outstanding,shares,2021-04-01,2022-03-31,2022-07-26,21787000000,20-F,0001104659-22-082622,365,False,
BABA,us-gaap,WeightedAverageNumberOfDilutedSharesOutstanding,weighted_average_NOT_outstanding,shares,2021-04-01,2022-03-31,2023-07-21,21787000000,20-F,0000950170-23-033752,365,False,
BABA,us-gaap,WeightedAverageNumberOfDilutedSharesOutstanding,weighted_average_NOT_outstanding,shares,2021-04-01,2022-03-31,2024-05-23,21787000000,20-F,0000950170-24-063767,365,False,
BABA,us-gaap,WeightedAverageNumberOfDilutedSharesOutstanding,weighted_average_NOT_outstanding,shares,2022-04-01,2023-03-31,2023-07-21,21114000000,20-F,0000950170-23-033752,365,False,
BABA,us-gaap,WeightedAverageNumberOfDilutedSharesOutstanding,weighted_average_NOT_outstanding,shares,2022-04-01,2023-03-31,2024-05-23,21114000000,20-F,0000950170-24-063767,365,False,
BABA,us-gaap,WeightedAverageNumberOfDilutedSharesOutstanding,weighted_average_NOT_outstanding,shares,2022-04-01,2023-03-31,2025-06-26,21114000000,20-F,0000950170-25-090161,365,False,
BABA,us-gaap,WeightedAverageNumberOfDilutedSharesOutstanding,weighted_average_NOT_outstanding,shares,2023-04-01,2024-03-31,2024-05-23,20359000000,20-F,0000950170-24-063767,366,False,
BABA,us-gaap,WeightedAverageNumberOfDilutedSharesOutstanding,weighted_average_NOT_outstanding,shares,2023-04-01,2024-03-31,2025-06-26,20359000000,20-F,0000950170-25-090161,366,False,
BABA,us-gaap,WeightedAverageNumberOfDilutedSharesOutstanding,weighted_average_NOT_outstanding,shares,2023-04-01,2024-03-31,2026-05-20,20359000000,20-F,0001193125-26-231755,366,False,
BABA,us-gaap,WeightedAverageNumberOfDilutedSharesOutstanding,weighted_average_NOT_outstanding,shares,2024-04-01,2025-03-31,2025-06-26,19318000000,20-F,0000950170-25-090161,365,False,
BABA,us-gaap,WeightedAverageNumberOfDilutedSharesOutstanding,weighted_average_NOT_outstanding,shares,2024-04-01,2025-03-31,2026-05-20,19318000000,20-F,0001193125-26-231755,365,False,
BABA,us-gaap,WeightedAverageNumberOfDilutedSharesOutstanding,weighted_average_NOT_outstanding,shares,2025-04-01,2026-03-31,2026-05-20,19235000000,20-F,0001193125-26-231755,365,False,
BABA,us-gaap,WeightedAverageNumberOfSharesOutstandingBasic,weighted_average_NOT_outstanding,shares,2012-04-01,2013-03-31,2015-06-25,2294000000,20-F,0001047469-15-005768,365,False,
BABA,us-gaap,WeightedAverageNumberOfSharesOutstandingBasic,weighted_average_NOT_outstanding,shares,2013-04-01,2014-03-31,2015-06-25,2175000000,20-F,0001047469-15-005768,365,False,
BABA,us-gaap,WeightedAverageNumberOfSharesOutstandingBasic,weighted_average_NOT_outstanding,shares,2013-04-01,2014-03-31,2016-05-24,2175000000,20-F,0001047469-16-013400,365,False,
BABA,us-gaap,WeightedAverageNumberOfSharesOutstandingBasic,weighted_average_NOT_outstanding,shares,2014-04-01,2015-03-31,2015-06-25,2337000000,20-F,0001047469-15-005768,365,False,
BABA,us-gaap,WeightedAverageNumberOfSharesOutstandingBasic,weighted_average_NOT_outstanding,shares,2014-04-01,2015-03-31,2016-05-24,2337000000,20-F,0001047469-16-013400,365,False,
BABA,us-gaap,WeightedAverageNumberOfSharesOutstandingBasic,weighted_average_NOT_outstanding,shares,2014-04-01,2015-03-31,2017-06-15,2337000000,20-F,0001047469-17-004019,365,False,
BABA,us-gaap,WeightedAverageNumberOfSharesOutstandingBasic,weighted_average_NOT_outstanding,shares,2014-04-01,2015-03-31,2017-11-24,2337000000,6-K,0001047469-17-007286,365,False,
BABA,us-gaap,WeightedAverageNumberOfSharesOutstandingBasic,weighted_average_NOT_outstanding,shares,2015-04-01,2016-03-31,2016-05-24,2458000000,20-F,0001047469-16-013400,366,False,
BABA,us-gaap,WeightedAverageNumberOfSharesOutstandingBasic,weighted_average_NOT_outstanding,shares,2015-04-01,2016-03-31,2017-06-15,2458000000,20-F,0001047469-17-004019,366,False,
BABA,us-gaap,WeightedAverageNumberOfSharesOutstandingBasic,weighted_average_NOT_outstanding,shares,2015-04-01,2016-03-31,2017-11-24,2458000000,6-K,0001047469-17-007286,366,False,
BABA,us-gaap,WeightedAverageNumberOfSharesOutstandingBasic,weighted_average_NOT_outstanding,shares,2015-04-01,2016-03-31,2018-07-27,2458000000,20-F,0001047469-18-005257,366,False,
BABA,us-gaap,WeightedAverageNumberOfSharesOutstandingBasic,weighted_average_NOT_outstanding,shares,2016-04-01,2017-03-31,2017-06-15,2493000000,20-F,0001047469-17-004019,365,False,
BABA,us-gaap,WeightedAverageNumberOfSharesOutstandingBasic,weighted_average_NOT_outstanding,shares,2016-04-01,2017-03-31,2017-11-24,2493000000,6-K,0001047469-17-007286,365,False,
BABA,us-gaap,WeightedAverageNumberOfSharesOutstandingBasic,weighted_average_NOT_outstanding,shares,2016-04-01,2017-03-31,2018-07-27,2493000000,20-F,0001047469-18-005257,365,False,
BABA,us-gaap,WeightedAverageNumberOfSharesOutstandingBasic,weighted_average_NOT_outstanding,shares,2016-04-01,2017-03-31,2019-06-05,2493000000,20-F,0001047469-19-003492,365,False,
BABA,us-gaap,WeightedAverageNumberOfSharesOutstandingBasic,weighted_average_NOT_outstanding,shares,2016-04-01,2017-03-31,2019-11-13,19941000000,6-K,0001047469-19-006257,365,False,
BABA,us-gaap,WeightedAverageNumberOfSharesOutstandingBasic,weighted_average_NOT_outstanding,shares,2017-04-01,2018-03-31,2018-07-27,2553000000,20-F,0001047469-18-005257,365,False,
BABA,us-gaap,WeightedAverageNumberOfSharesOutstandingBasic,weighted_average_NOT_outstanding,shares,2017-04-01,2018-03-31,2019-06-05,2553000000,20-F,0001047469-19-003492,365,False,
BABA,us-gaap,WeightedAverageNumberOfSharesOutstandingBasic,weighted_average_NOT_outstanding,shares,2017-04-01,2018-03-31,2019-11-13,20425000000,6-K,0001047469-19-006257,365,False,
BABA,us-gaap,WeightedAverageNumberOfSharesOutstandingBasic,weighted_average_NOT_outstanding,shares,2017-04-01,2018-03-31,2020-07-09,20425000000,20-F,0001104659-20-082409,365,False,
BABA,us-gaap,WeightedAverageNumberOfSharesOutstandingBasic,weighted_average_NOT_outstanding,shares,2017-04-01,2018-03-31,2021-02-02,20425000000,6-K,0001104659-21-010913,365,False,
BABA,us-gaap,WeightedAverageNumberOfSharesOutstandingBasic,weighted_average_NOT_outstanding,shares,2018-04-01,2019-03-31,2019-06-05,2580000000,20-F,0001047469-19-003492,365,False,
BABA,us-gaap,WeightedAverageNumberOfSharesOutstandingBasic,weighted_average_NOT_outstanding,shares,2018-04-01,2019-03-31,2019-11-13,20640000000,6-K,0001047469-19-006257,365,False,
BABA,us-gaap,WeightedAverageNumberOfSharesOutstandingBasic,weighted_average_NOT_outstanding,shares,2018-04-01,2019-03-31,2020-07-09,20640000000,20-F,0001104659-20-082409,365,False,
BABA,us-gaap,WeightedAverageNumberOfSharesOutstandingBasic,weighted_average_NOT_outstanding,shares,2018-04-01,2019-03-31,2021-02-02,20640000000,6-K,0001104659-21-010913,365,False,
BABA,us-gaap,WeightedAverageNumberOfSharesOutstandingBasic,weighted_average_NOT_outstanding,shares,2018-04-01,2019-03-31,2021-07-27,20640000000,20-F,0001104659-21-096092,365,False,
BABA,us-gaap,WeightedAverageNumberOfSharesOutstandingBasic,weighted_average_NOT_outstanding,shares,2019-04-01,2019-09-30,2021-02-02,20788000000,6-K,0001104659-21-010910,183,False,
BABA,us-gaap,WeightedAverageNumberOfSharesOutstandingBasic,weighted_average_NOT_outstanding,shares,2019-04-01,2020-03-31,2020-07-09,21017000000,20-F,0001104659-20-082409,366,False,
BABA,us-gaap,WeightedAverageNumberOfSharesOutstandingBasic,weighted_average_NOT_outstanding,shares,2019-04-01,2020-03-31,2021-02-02,21017000000,6-K,0001104659-21-010913,366,False,
BABA,us-gaap,WeightedAverageNumberOfSharesOutstandingBasic,weighted_average_NOT_outstanding,shares,2019-04-01,2020-03-31,2021-07-27,21017000000,20-F,0001104659-21-096092,366,False,
BABA,us-gaap,WeightedAverageNumberOfSharesOutstandingBasic,weighted_average_NOT_outstanding,shares,2019-04-01,2020-03-31,2022-07-26,21017000000,20-F,0001104659-22-082622,366,False,
BABA,us-gaap,WeightedAverageNumberOfSharesOutstandingBasic,weighted_average_NOT_outstanding,shares,2020-04-01,2020-09-30,2021-02-02,21591000000,6-K,0001104659-21-010910,183,False,
BABA,us-gaap,WeightedAverageNumberOfSharesOutstandingBasic,weighted_average_NOT_outstanding,shares,2020-04-01,2021-03-31,2021-07-27,21619000000,20-F,0001104659-21-096092,365,False,
BABA,us-gaap,WeightedAverageNumberOfSharesOutstandingBasic,weighted_average_NOT_outstanding,shares,2020-04-01,2021-03-31,2022-07-26,21619000000,20-F,0001104659-22-082622,365,False,
BABA,us-gaap,WeightedAverageNumberOfSharesOutstandingBasic,weighted_average_NOT_outstanding,shares,2020-04-01,2021-03-31,2023-07-21,21619000000,20-F,0000950170-23-033752,365,False,
BABA,us-gaap,WeightedAverageNumberOfSharesOutstandingBasic,weighted_average_NOT_outstanding,shares,2021-04-01,2022-03-31,2022-07-26,21558000000,20-F,0001104659-22-082622,365,False,
BABA,us-gaap,WeightedAverageNumberOfSharesOutstandingBasic,weighted_average_NOT_outstanding,shares,2021-04-01,2022-03-31,2023-07-21,21558000000,20-F,0000950170-23-033752,365,False,
BABA,us-gaap,WeightedAverageNumberOfSharesOutstandingBasic,weighted_average_NOT_outstanding,shares,2021-04-01,2022-03-31,2024-05-23,21558000000,20-F,0000950170-24-063767,365,False,
BABA,us-gaap,WeightedAverageNumberOfSharesOutstandingBasic,weighted_average_NOT_outstanding,shares,2022-04-01,2023-03-31,2023-07-21,20980000000,20-F,0000950170-23-033752,365,False,
BABA,us-gaap,WeightedAverageNumberOfSharesOutstandingBasic,weighted_average_NOT_outstanding,shares,2022-04-01,2023-03-31,2024-05-23,20980000000,20-F,0000950170-24-063767,365,False,
BABA,us-gaap,WeightedAverageNumberOfSharesOutstandingBasic,weighted_average_NOT_outstanding,shares,2022-04-01,2023-03-31,2025-06-26,20980000000,20-F,0000950170-25-090161,365,False,
BABA,us-gaap,WeightedAverageNumberOfSharesOutstandingBasic,weighted_average_NOT_outstanding,shares,2023-04-01,2024-03-31,2024-05-23,20182000000,20-F,0000950170-24-063767,366,False,
BABA,us-gaap,WeightedAverageNumberOfSharesOutstandingBasic,weighted_average_NOT_outstanding,shares,2023-04-01,2024-03-31,2025-06-26,20182000000,20-F,0000950170-25-090161,366,False,
BABA,us-gaap,WeightedAverageNumberOfSharesOutstandingBasic,weighted_average_NOT_outstanding,shares,2023-04-01,2024-03-31,2026-05-20,20182000000,20-F,0001193125-26-231755,366,False,
BABA,us-gaap,WeightedAverageNumberOfSharesOutstandingBasic,weighted_average_NOT_outstanding,shares,2024-04-01,2025-03-31,2025-06-26,18791000000,20-F,0000950170-25-090161,365,False,
BABA,us-gaap,WeightedAverageNumberOfSharesOutstandingBasic,weighted_average_NOT_outstanding,shares,2024-04-01,2025-03-31,2026-05-20,18791000000,20-F,0001193125-26-231755,365,False,
BABA,us-gaap,WeightedAverageNumberOfSharesOutstandingBasic,weighted_average_NOT_outstanding,shares,2025-04-01,2026-03-31,2026-05-20,18568000000,20-F,0001193125-26-231755,365,False,
BABA,us-gaap,ShareBasedCompensationArrangementByShareBasedPaymentAwardOptionsExercisableNumber,other_share_concept_NOT_automatically_outstanding,shares,,2022-03-31,2022-07-26,5132667,20-F,0001104659-22-082622,,False,
BABA,us-gaap,ShareBasedCompensationArrangementByShareBasedPaymentAwardOptionsExercisableNumber,other_share_concept_NOT_automatically_outstanding,shares,,2023-03-31,2023-07-21,5471334,20-F,0000950170-23-033752,,False,
BABA,us-gaap,ShareBasedCompensationArrangementByShareBasedPaymentAwardOptionsExercisableNumber,other_share_concept_NOT_automatically_outstanding,shares,,2024-03-31,2024-05-23,3693333,20-F,0000950170-24-063767,,False,
BABA,us-gaap,ShareBasedCompensationArrangementByShareBasedPaymentAwardOptionsExercisableWeightedAverageExercisePrice,weighted_average_NOT_outstanding,USD/shares,,2022-03-31,2022-07-26,76.95,20-F,0001104659-22-082622,,False,
BABA,us-gaap,ShareBasedCompensationArrangementByShareBasedPaymentAwardOptionsExercisableWeightedAverageExercisePrice,weighted_average_NOT_outstanding,USD/shares,,2023-03-31,2023-07-21,78.51,20-F,0000950170-23-033752,,False,
BABA,us-gaap,ShareBasedCompensationArrangementByShareBasedPaymentAwardOptionsExercisableWeightedAverageExercisePrice,weighted_average_NOT_outstanding,USD/shares,,2024-03-31,2024-05-23,94.37,20-F,0000950170-24-063767,,False,
BABA,us-gaap,ShareBasedCompensationArrangementByShareBasedPaymentAwardOptionsOutstandingNumber,other_share_concept_NOT_automatically_outstanding,shares,,2021-03-31,2022-07-26,5976850,20-F,0001104659-22-082622,,False,
BABA,us-gaap,ShareBasedCompensationArrangementByShareBasedPaymentAwardOptionsOutstandingNumber,other_share_concept_NOT_automatically_outstanding,shares,,2022-03-31,2022-07-26,7373334,20-F,0001104659-22-082622,,False,
BABA,us-gaap,ShareBasedCompensationArrangementByShareBasedPaymentAwardOptionsOutstandingNumber,other_share_concept_NOT_automatically_outstanding,shares,,2022-03-31,2023-07-21,7373334,20-F,0000950170-23-033752,,False,
BABA,us-gaap,ShareBasedCompensationArrangementByShareBasedPaymentAwardOptionsOutstandingNumber,other_share_concept_NOT_automatically_outstanding,shares,,2023-03-31,2023-07-21,7129334,20-F,0000950170-23-033752,,False,
BABA,us-gaap,ShareBasedCompensationArrangementByShareBasedPaymentAwardOptionsOutstandingNumber,other_share_concept_NOT_automatically_outstanding,shares,,2023-03-31,2024-05-23,7129334,20-F,0000950170-24-063767,,False,
BABA,us-gaap,ShareBasedCompensationArrangementByShareBasedPaymentAwardOptionsOutstandingNumber,other_share_concept_NOT_automatically_outstanding,shares,,2024-03-31,2024-05-23,6834667,20-F,0000950170-24-063767,,False,
BABA,us-gaap,ShareBasedCompensationArrangementByShareBasedPaymentAwardOptionsOutstandingWeightedAverageExercisePrice,weighted_average_NOT_outstanding,USD/shares,,2021-03-31,2022-07-26,88.94,20-F,0001104659-22-082622,,False,
BABA,us-gaap,ShareBasedCompensationArrangementByShareBasedPaymentAwardOptionsOutstandingWeightedAverageExercisePrice,weighted_average_NOT_outstanding,USD/shares,,2022-03-31,2022-07-26,75.39,20-F,0001104659-22-082622,,False,
BABA,us-gaap,ShareBasedCompensationArrangementByShareBasedPaymentAwardOptionsOutstandingWeightedAverageExercisePrice,weighted_average_NOT_outstanding,USD/shares,,2022-03-31,2023-07-21,75.39,20-F,0000950170-23-033752,,False,
BABA,us-gaap,ShareBasedCompensationArrangementByShareBasedPaymentAwardOptionsOutstandingWeightedAverageExercisePrice,weighted_average_NOT_outstanding,USD/shares,,2023-03-31,2023-07-21,77.08,20-F,0000950170-23-033752,,False,
BABA,us-gaap,ShareBasedCompensationArrangementByShareBasedPaymentAwardOptionsOutstandingWeightedAverageExercisePrice,weighted_average_NOT_outstanding,USD/shares,,2023-03-31,2024-05-23,77.08,20-F,0000950170-24-063767,,False,
BABA,us-gaap,ShareBasedCompensationArrangementByShareBasedPaymentAwardOptionsOutstandingWeightedAverageExercisePrice,weighted_average_NOT_outstanding,USD/shares,,2024-03-31,2024-05-23,85.77,20-F,0000950170-24-063767,,False,
BABA,us-gaap,ShareBasedCompensationArrangementByShareBasedPaymentAwardOptionsVestedAndExpectedToVestOutstandingNumber,other_share_concept_NOT_automatically_outstanding,shares,,2022-03-31,2022-07-26,7135333,20-F,0001104659-22-082622,,False,
BABA,us-gaap,ShareBasedCompensationArrangementByShareBasedPaymentAwardOptionsVestedAndExpectedToVestOutstandingNumber,other_share_concept_NOT_automatically_outstanding,shares,,2023-03-31,2023-07-21,6957375,20-F,0000950170-23-033752,,False,
BABA,us-gaap,ShareBasedCompensationArrangementByShareBasedPaymentAwardOptionsVestedAndExpectedToVestOutstandingNumber,other_share_concept_NOT_automatically_outstanding,shares,,2024-03-31,2024-05-23,6777267,20-F,0000950170-24-063767,,False,
BABA,us-gaap,ShareBasedCompensationArrangementByShareBasedPaymentAwardOptionsVestedAndExpectedToVestOutstandingWeightedAverageExercisePrice,weighted_average_NOT_outstanding,USD/shares,,2022-03-31,2022-07-26,74.42,20-F,0001104659-22-082622,,False,
BABA,us-gaap,ShareBasedCompensationArrangementByShareBasedPaymentAwardOptionsVestedAndExpectedToVestOutstandingWeightedAverageExercisePrice,weighted_average_NOT_outstanding,USD/shares,,2023-03-31,2023-07-21,76.82,20-F,0000950170-23-033752,,False,
BABA,us-gaap,ShareBasedCompensationArrangementByShareBasedPaymentAwardOptionsVestedAndExpectedToVestOutstandingWeightedAverageExercisePrice,weighted_average_NOT_outstanding,USD/shares,,2024-03-31,2024-05-23,86.28,20-F,0000950170-24-063767,,False,
BABA,us-gaap,ShareBasedCompensationArrangementsByShareBasedPaymentAwardOptionsExercisesInPeriodWeightedAverageExercisePrice,weighted_average_NOT_outstanding,USD/shares,2021-04-01,2022-03-31,2022-07-26,59.12,20-F,0001104659-22-082622,365,False,
BABA,us-gaap,ShareBasedCompensationArrangementsByShareBasedPaymentAwardOptionsExercisesInPeriodWeightedAverageExercisePrice,weighted_average_NOT_outstanding,USD/shares,2022-04-01,2023-03-31,2023-07-21,26,20-F,0000950170-23-033752,365,False,
BABA,us-gaap,ShareBasedCompensationArrangementsByShareBasedPaymentAwardOptionsExercisesInPeriodWeightedAverageExercisePrice,weighted_average_NOT_outstanding,USD/shares,2023-04-01,2024-03-31,2024-05-23,53.33,20-F,0000950170-24-063767,366,False,
BABA,us-gaap,ShareBasedCompensationArrangementsByShareBasedPaymentAwardOptionsGrantsInPeriodWeightedAverageExercisePrice,weighted_average_NOT_outstanding,USD/shares,2021-04-01,2022-03-31,2022-07-26,25.04,20-F,0001104659-22-082622,365,False,
BABA,us-gaap,ShareBasedCompensationArrangementsByShareBasedPaymentAwardOptionsGrantsInPeriodWeightedAverageExercisePrice,weighted_average_NOT_outstanding,USD/shares,2023-04-01,2024-03-31,2024-05-23,78.37,20-F,0000950170-24-063767,366,False,
BABA,us-gaap,StockIssuedDuringPeriodSharesStockOptionsExercised,other_share_concept_NOT_automatically_outstanding,shares,2021-04-01,2022-03-31,2022-07-26,313516,20-F,0001104659-22-082622,365,False,
BABA,us-gaap,StockIssuedDuringPeriodSharesStockOptionsExercised,other_share_concept_NOT_automatically_outstanding,shares,2022-04-01,2023-03-31,2023-07-21,164000,20-F,0000950170-23-033752,365,False,
BABA,us-gaap,StockIssuedDuringPeriodSharesStockOptionsExercised,other_share_concept_NOT_automatically_outstanding,shares,2023-04-01,2024-03-31,2024-05-23,2210667,20-F,0000950170-24-063767,366,False,
BABA,us-gaap,ShareBasedCompensationArrangementByShareBasedPaymentAwardOptionsForfeituresAndExpirationsInPeriod,other_share_concept_NOT_automatically_outstanding,shares,2022-04-01,2023-03-31,2023-07-21,80000,20-F,0000950170-23-033752,365,False,
BABA,us-gaap,ShareBasedCompensationArrangementByShareBasedPaymentAwardOptionsForfeituresAndExpirationsInPeriod,other_share_concept_NOT_automatically_outstanding,shares,2023-04-01,2024-03-31,2024-05-23,84000,20-F,0000950170-24-063767,366,False,
BABA,us-gaap,ShareBasedCompensationArrangementByShareBasedPaymentAwardOptionsForfeituresAndExpirationsInPeriodWeightedAverageExercisePrice,weighted_average_NOT_outstanding,USD/shares,2022-04-01,2023-03-31,2023-07-21,26,20-F,0000950170-23-033752,365,False,
BABA,us-gaap,ShareBasedCompensationArrangementByShareBasedPaymentAwardOptionsForfeituresAndExpirationsInPeriodWeightedAverageExercisePrice,weighted_average_NOT_outstanding,USD/shares,2023-04-01,2024-03-31,2024-05-23,26,20-F,0000950170-24-063767,366,False,
META,us-gaap,AdvertisingRevenue,revenue_candidate_VERIFY_scope_and_currency,USD,2010-01-01,2010-12-31,2013-02-01,1868000000,10-K,0001326801-13-000003,365,False,
META,us-gaap,AdvertisingRevenue,revenue_candidate_VERIFY_scope_and_currency,USD,2011-01-01,2011-12-31,2013-02-01,3154000000,10-K,0001326801-13-000003,365,False,
META,us-gaap,AdvertisingRevenue,revenue_candidate_VERIFY_scope_and_currency,USD,2011-01-01,2011-12-31,2014-01-31,3154000000,10-K,0001326801-14-000007,365,False,
META,us-gaap,AdvertisingRevenue,revenue_candidate_VERIFY_scope_and_currency,USD,2012-01-01,2012-12-31,2013-02-01,4279000000,10-K,0001326801-13-000003,366,False,
META,us-gaap,AdvertisingRevenue,revenue_candidate_VERIFY_scope_and_currency,USD,2012-01-01,2012-12-31,2014-01-31,4279000000,10-K,0001326801-14-000007,366,False,
META,us-gaap,AdvertisingRevenue,revenue_candidate_VERIFY_scope_and_currency,USD,2012-01-01,2012-12-31,2015-01-29,4279000000,10-K,0001326801-15-000006,366,False,
META,us-gaap,AdvertisingRevenue,revenue_candidate_VERIFY_scope_and_currency,USD,2013-01-01,2013-12-31,2014-01-31,6986000000,10-K,0001326801-14-000007,365,False,
META,us-gaap,AdvertisingRevenue,revenue_candidate_VERIFY_scope_and_currency,USD,2013-01-01,2013-12-31,2015-01-29,6986000000,10-K,0001326801-15-000006,365,False,
META,us-gaap,AdvertisingRevenue,revenue_candidate_VERIFY_scope_and_currency,USD,2013-01-01,2013-12-31,2016-01-28,6986000000,10-K,0001326801-16-000043,365,False,
META,us-gaap,AdvertisingRevenue,revenue_candidate_VERIFY_scope_and_currency,USD,2014-01-01,2014-12-31,2015-01-29,11492000000,10-K,0001326801-15-000006,365,False,
META,us-gaap,AdvertisingRevenue,revenue_candidate_VERIFY_scope_and_currency,USD,2014-01-01,2014-12-31,2016-01-28,11492000000,10-K,0001326801-16-000043,365,False,
META,us-gaap,AdvertisingRevenue,revenue_candidate_VERIFY_scope_and_currency,USD,2014-01-01,2014-12-31,2017-02-03,11492000000,10-K,0001326801-17-000007,365,False,
META,us-gaap,AdvertisingRevenue,revenue_candidate_VERIFY_scope_and_currency,USD,2015-01-01,2015-12-31,2016-01-28,17079000000,10-K,0001326801-16-000043,365,False,
META,us-gaap,AdvertisingRevenue,revenue_candidate_VERIFY_scope_and_currency,USD,2015-01-01,2015-12-31,2017-02-03,17079000000,10-K,0001326801-17-000007,365,False,
META,us-gaap,AdvertisingRevenue,revenue_candidate_VERIFY_scope_and_currency,USD,2015-01-01,2015-12-31,2018-02-01,17079000000,10-K,0001326801-18-000009,365,False,
META,us-gaap,AdvertisingRevenue,revenue_candidate_VERIFY_scope_and_currency,USD,2016-01-01,2016-12-31,2017-02-03,26885000000,10-K,0001326801-17-000007,366,False,
META,us-gaap,AdvertisingRevenue,revenue_candidate_VERIFY_scope_and_currency,USD,2016-01-01,2016-12-31,2018-02-01,26885000000,10-K,0001326801-18-000009,366,False,
META,us-gaap,AdvertisingRevenue,revenue_candidate_VERIFY_scope_and_currency,USD,2017-01-01,2017-12-31,2018-02-01,39942000000,10-K,0001326801-18-000009,365,False,
META,us-gaap,AvailableForSaleSecuritiesDebtMaturitiesAfterOneThroughFiveYearsFairValue,revenue_candidate_VERIFY_scope_and_currency,USD,,2015-12-31,2017-02-03,8498000000,10-K,0001326801-17-000007,,False,
META,us-gaap,AvailableForSaleSecuritiesDebtMaturitiesAfterOneThroughFiveYearsFairValue,revenue_candidate_VERIFY_scope_and_currency,USD,,2016-09-30,2016-11-03,15204000000,10-Q,0001326801-16-000087,,False,
META,us-gaap,AvailableForSaleSecuritiesDebtMaturitiesAfterOneThroughFiveYearsFairValue,revenue_candidate_VERIFY_scope_and_currency,USD,,2016-12-31,2017-02-03,15580000000,10-K,0001326801-17-000007,,False,
META,us-gaap,AvailableForSaleSecuritiesDebtMaturitiesAfterOneThroughFiveYearsFairValue,revenue_candidate_VERIFY_scope_and_currency,USD,,2016-12-31,2018-02-01,15580000000,10-K,0001326801-18-000009,,False,
META,us-gaap,AvailableForSaleSecuritiesDebtMaturitiesAfterOneThroughFiveYearsFairValue,revenue_candidate_VERIFY_scope_and_currency,USD,,2017-03-31,2017-05-04,18707000000,10-Q,0001326801-17-000024,,False,
META,us-gaap,AvailableForSaleSecuritiesDebtMaturitiesAfterOneThroughFiveYearsFairValue,revenue_candidate_VERIFY_scope_and_currency,USD,,2017-06-30,2017-07-27,21461000000,10-Q,0001326801-17-000038,,False,
META,us-gaap,AvailableForSaleSecuritiesDebtMaturitiesAfterOneThroughFiveYearsFairValue,revenue_candidate_VERIFY_scope_and_currency,USD,,2017-09-30,2017-11-02,23586000000,10-Q,0001326801-17-000053,,False,
META,us-gaap,AvailableForSaleSecuritiesDebtMaturitiesAfterOneThroughFiveYearsFairValue,revenue_candidate_VERIFY_scope_and_currency,USD,,2017-12-31,2018-02-01,25656000000,10-K,0001326801-18-000009,,False,
META,us-gaap,AvailableForSaleSecuritiesDebtMaturitiesAfterOneThroughFiveYearsFairValue,revenue_candidate_VERIFY_scope_and_currency,USD,,2017-12-31,2019-01-31,25656000000,10-K,0001326801-19-000009,,False,
META,us-gaap,AvailableForSaleSecuritiesDebtMaturitiesAfterOneThroughFiveYearsFairValue,revenue_candidate_VERIFY_scope_and_currency,USD,,2018-03-31,2018-04-26,24126000000,10-Q,0001326801-18-000032,,False,
META,us-gaap,AvailableForSaleSecuritiesDebtMaturitiesAfterOneThroughFiveYearsFairValue,revenue_candidate_VERIFY_scope_and_currency,USD,,2018-06-30,2018-07-26,23330000000,10-Q,0001326801-18-000057,,False,
META,us-gaap,AvailableForSaleSecuritiesDebtMaturitiesAfterOneThroughFiveYearsFairValue,revenue_candidate_VERIFY_scope_and_currency,USD,,2018-09-30,2018-10-31,23136000000,10-Q,0001326801-18-000067,,False,
META,us-gaap,AvailableForSaleSecuritiesDebtMaturitiesAfterOneThroughFiveYearsFairValue,revenue_candidate_VERIFY_scope_and_currency,USD,,2018-12-31,2019-01-31,21349000000,10-K,0001326801-19-000009,,False,
META,us-gaap,AvailableForSaleSecuritiesDebtMaturitiesAfterOneThroughFiveYearsFairValue,revenue_candidate_VERIFY_scope_and_currency,USD,,2018-12-31,2020-01-30,21349000000,10-K,0001326801-20-000013,,False,
META,us-gaap,AvailableForSaleSecuritiesDebtMaturitiesAfterOneThroughFiveYearsFairValue,revenue_candidate_VERIFY_scope_and_currency,USD,,2019-03-31,2019-04-25,21691000000,10-Q,0001326801-19-000037,,False,
META,us-gaap,AvailableForSaleSecuritiesDebtMaturitiesAfterOneThroughFiveYearsFairValue,revenue_candidate_VERIFY_scope_and_currency,USD,,2019-06-30,2019-07-25,21989000000,10-Q,0001326801-19-000055,,False,
META,us-gaap,AvailableForSaleSecuritiesDebtMaturitiesAfterOneThroughFiveYearsFairValue,revenue_candidate_VERIFY_scope_and_currency,USD,,2019-09-30,2019-10-31,23357000000,10-Q,0001326801-19-000069,,False,
META,us-gaap,AvailableForSaleSecuritiesDebtMaturitiesAfterOneThroughFiveYearsFairValue,revenue_candidate_VERIFY_scope_and_currency,USD,,2019-12-31,2020-01-30,22973000000,10-K,0001326801-20-000013,,False,
META,us-gaap,AvailableForSaleSecuritiesDebtMaturitiesAfterOneThroughFiveYearsFairValue,revenue_candidate_VERIFY_scope_and_currency,USD,,2019-12-31,2021-01-28,22973000000,10-K,0001326801-21-000014,,False,
META,us-gaap,AvailableForSaleSecuritiesDebtMaturitiesAfterOneThroughFiveYearsFairValue,revenue_candidate_VERIFY_scope_and_currency,USD,,2020-03-31,2020-04-30,23601000000,10-Q,0001326801-20-000048,,False,
META,us-gaap,AvailableForSaleSecuritiesDebtMaturitiesAfterOneThroughFiveYearsFairValue,revenue_candidate_VERIFY_scope_and_currency,USD,,2020-06-30,2020-07-31,25017000000,10-Q,0001326801-20-000076,,False,
META,us-gaap,AvailableForSaleSecuritiesDebtMaturitiesAfterOneThroughFiveYearsFairValue,revenue_candidate_VERIFY_scope_and_currency,USD,,2020-09-30,2020-10-30,30412000000,10-Q,0001326801-20-000084,,False,
META,us-gaap,AvailableForSaleSecuritiesDebtMaturitiesAfterOneThroughFiveYearsFairValue,revenue_candidate_VERIFY_scope_and_currency,USD,,2020-12-31,2021-01-28,31552000000,10-K,0001326801-21-000014,,False,
META,us-gaap,AvailableForSaleSecuritiesDebtMaturitiesAfterOneThroughFiveYearsFairValue,revenue_candidate_VERIFY_scope_and_currency,USD,,2021-03-31,2021-04-29,31996000000,10-Q,0001326801-21-000033,,False,
META,us-gaap,AvailableForSaleSecuritiesDebtMaturitiesAfterOneThroughFiveYearsFairValue,revenue_candidate_VERIFY_scope_and_currency,USD,,2021-06-30,2021-07-29,36075000000,10-Q,0001326801-21-000049,,False,
META,us-gaap,AvailableForSaleSecuritiesDebtMaturitiesAfterOneThroughFiveYearsFairValue,revenue_candidate_VERIFY_scope_and_currency,USD,,2021-09-30,2021-10-26,34269000000,10-Q,0001326801-21-000065,,False,
META,us-gaap,AvailableForSaleSecuritiesDebtMaturitiesAfterOneThroughFiveYearsFairValue,revenue_candidate_VERIFY_scope_and_currency,USD,,2021-12-31,2022-02-03,28045000000,10-K,0001326801-22-000018,,False,
META,us-gaap,AvailableForSaleSecuritiesDebtMaturitiesAfterOneThroughFiveYearsFairValue,revenue_candidate_VERIFY_scope_and_currency,USD,,2022-03-31,2022-04-28,26552000000,10-Q,0001326801-22-000057,,False,
META,us-gaap,AvailableForSaleSecuritiesDebtMaturitiesAfterOneThroughFiveYearsFairValue,revenue_candidate_VERIFY_scope_and_currency,USD,,2022-06-30,2022-07-28,24407000000,10-Q,0001326801-22-000082,,False,
META,us-gaap,AvailableForSaleSecuritiesDebtMaturitiesAfterOneThroughFiveYearsFairValue,revenue_candidate_VERIFY_scope_and_currency,USD,,2022-09-30,2022-10-27,23269000000,10-Q,0001326801-22-000108,,False,
META,us-gaap,AvailableForSaleSecuritiesDebtMaturitiesAfterOneThroughFiveYearsFairValue,revenue_candidate_VERIFY_scope_and_currency,USD,,2022-12-31,2023-02-02,21862000000,10-K,0001326801-23-000013,,False,
META,us-gaap,AvailableForSaleSecuritiesDebtMaturitiesAfterOneThroughFiveYearsFairValue,revenue_candidate_VERIFY_scope_and_currency,USD,,2023-03-31,2023-04-27,20725000000,10-Q,0001326801-23-000067,,False,
META,us-gaap,AvailableForSaleSecuritiesDebtMaturitiesAfterOneThroughFiveYearsFairValue,revenue_candidate_VERIFY_scope_and_currency,USD,,2023-06-30,2023-07-27,18958000000,10-Q,0001326801-23-000093,,False,
META,us-gaap,AvailableForSaleSecuritiesDebtMaturitiesAfterOneThroughFiveYearsFairValue,revenue_candidate_VERIFY_scope_and_currency,USD,,2023-09-30,2023-10-26,17066000000,10-Q,0001326801-23-000103,,False,
META,us-gaap,AvailableForSaleSecuritiesDebtMaturitiesAfterOneThroughFiveYearsFairValue,revenue_candidate_VERIFY_scope_and_currency,USD,,2023-12-31,2024-02-02,16421000000,10-K,0001326801-24-000012,,False,
META,us-gaap,AvailableForSaleSecuritiesDebtMaturitiesAfterOneThroughFiveYearsFairValue,revenue_candidate_VERIFY_scope_and_currency,USD,,2024-03-31,2024-04-25,17848000000,10-Q,0001326801-24-000049,,False,
META,us-gaap,AvailableForSaleSecuritiesDebtMaturitiesAfterOneThroughFiveYearsFairValue,revenue_candidate_VERIFY_scope_and_currency,USD,,2024-06-30,2024-08-01,18227000000,10-Q,0001326801-24-000069,,False,
META,us-gaap,AvailableForSaleSecuritiesDebtMaturitiesAfterOneThroughFiveYearsFairValue,revenue_candidate_VERIFY_scope_and_currency,USD,,2024-09-30,2024-10-31,19502000000,10-Q,0001326801-24-000081,,False,
META,us-gaap,AvailableForSaleSecuritiesDebtMaturitiesAfterOneThroughFiveYearsFairValue,revenue_candidate_VERIFY_scope_and_currency,USD,,2024-12-31,2025-01-30,24853000000,10-K,0001326801-25-000017,,False,
META,us-gaap,AvailableForSaleSecuritiesDebtMaturitiesAfterOneThroughFiveYearsFairValue,revenue_candidate_VERIFY_scope_and_currency,USD,,2025-03-31,2025-05-01,31387000000,10-Q,0001326801-25-000054,,False,
META,us-gaap,AvailableForSaleSecuritiesDebtMaturitiesAfterOneThroughFiveYearsFairValue,revenue_candidate_VERIFY_scope_and_currency,USD,,2025-06-30,2025-07-31,26817000000,10-Q,0001628280-25-036791,,False,
META,us-gaap,AvailableForSaleSecuritiesDebtMaturitiesAfterOneThroughFiveYearsFairValue,revenue_candidate_VERIFY_scope_and_currency,USD,,2025-09-30,2025-10-30,25433000000,10-Q,0001628280-25-047240,,False,
META,us-gaap,AvailableForSaleSecuritiesDebtMaturitiesAfterOneThroughFiveYearsFairValue,revenue_candidate_VERIFY_scope_and_currency,USD,,2025-12-31,2026-01-29,26704000000,10-K,0001628280-26-003942,,False,
META,us-gaap,AvailableForSaleSecuritiesDebtMaturitiesAfterOneThroughFiveYearsFairValue,revenue_candidate_VERIFY_scope_and_currency,USD,,2026-03-31,2026-04-30,26552000000,10-Q,0001628280-26-028526,,False,
META,us-gaap,AvailableForSaleSecuritiesDebtMaturitiesAfterOneThroughFiveYearsFairValue,revenue_candidate_VERIFY_scope_and_currency,USD,,2026-06-30,2026-07-30,26704000000,10-Q,0001628280-26-050705,,False,
META,us-gaap,AvailableForSaleSecuritiesDebtMaturitiesNextRollingTwelveMonthsFairValue,revenue_candidate_VERIFY_scope_and_currency,USD,,2012-09-30,2012-10-24,5658000000,10-Q,0001326801-12-000006,,False,
META,us-gaap,AvailableForSaleSecuritiesDebtMaturitiesWithinOneYearFairValue,revenue_candidate_VERIFY_scope_and_currency,USD,,2011-12-31,2013-02-01,1964000000,10-K,0001326801-13-000003,,False,
META,us-gaap,AvailableForSaleSecuritiesDebtMaturitiesWithinOneYearFairValue,revenue_candidate_VERIFY_scope_and_currency,USD,,2012-12-31,2013-02-01,4815000000,10-K,0001326801-13-000003,,False,
META,us-gaap,AvailableForSaleSecuritiesDebtMaturitiesWithinOneYearFairValue,revenue_candidate_VERIFY_scope_and_currency,USD,,2012-12-31,2014-01-31,4815000000,10-K,0001326801-14-000007,,False,
META,us-gaap,AvailableForSaleSecuritiesDebtMaturitiesWithinOneYearFairValue,revenue_candidate_VERIFY_scope_and_currency,USD,,2013-03-31,2013-05-02,4389000000,10-Q,0001326801-13-000011,,False,
META,us-gaap,AvailableForSaleSecuritiesDebtMaturitiesWithinOneYearFairValue,revenue_candidate_VERIFY_scope_and_currency,USD,,2013-06-30,2013-07-25,3244000000,10-Q,0001326801-13-000019,,False,
META,us-gaap,AvailableForSaleSecuritiesDebtMaturitiesWithinOneYearFairValue,revenue_candidate_VERIFY_scope_and_currency,USD,,2013-09-30,2013-11-01,3272000000,10-Q,0001326801-13-000031,,False,
META,us-gaap,AvailableForSaleSecuritiesDebtMaturitiesWithinOneYearFairValue,revenue_candidate_VERIFY_scope_and_currency,USD,,2013-12-31,2014-01-31,4704000000,10-K,0001326801-14-000007,,False,
META,us-gaap,AvailableForSaleSecuritiesDebtMaturitiesWithinOneYearFairValue,revenue_candidate_VERIFY_scope_and_currency,USD,,2013-12-31,2015-01-29,4704000000,10-K,0001326801-15-000006,,False,
META,us-gaap,AvailableForSaleSecuritiesDebtMaturitiesWithinOneYearFairValue,revenue_candidate_VERIFY_scope_and_currency,USD,,2014-03-31,2014-04-25,6581000000,10-Q,0001326801-14-000023,,False,
META,us-gaap,AvailableForSaleSecuritiesDebtMaturitiesWithinOneYearFairValue,revenue_candidate_VERIFY_scope_and_currency,USD,,2014-06-30,2014-07-24,6232000000,10-Q,0001326801-14-000032,,False,
META,us-gaap,AvailableForSaleSecuritiesDebtMaturitiesWithinOneYearFairValue,revenue_candidate_VERIFY_scope_and_currency,USD,,2014-09-30,2014-10-30,2747000000,10-Q,0001326801-14-000068,,False,
META,us-gaap,AvailableForSaleSecuritiesDebtMaturitiesWithinOneYearFairValue,revenue_candidate_VERIFY_scope_and_currency,USD,,2014-12-31,2015-01-29,3422000000,10-K,0001326801-15-000006,,False,
META,us-gaap,AvailableForSaleSecuritiesDebtMaturitiesWithinOneYearFairValue,revenue_candidate_VERIFY_scope_and_currency,USD,,2014-12-31,2016-01-28,3422000000,10-K,0001326801-16-000043,,False,
META,us-gaap,AvailableForSaleSecuritiesDebtMaturitiesWithinOneYearFairValue,revenue_candidate_VERIFY_scope_and_currency,USD,,2015-03-31,2015-04-23,4631000000,10-Q,0001326801-15-000015,,False,
META,us-gaap,AvailableForSaleSecuritiesDebtMaturitiesWithinOneYearFairValue,revenue_candidate_VERIFY_scope_and_currency,USD,,2015-06-30,2015-07-31,5244000000,10-Q,0001326801-15-000028,,False,
META,us-gaap,AvailableForSaleSecuritiesDebtMaturitiesWithinOneYearFairValue,revenue_candidate_VERIFY_scope_and_currency,USD,,2015-09-30,2015-11-05,5822000000,10-Q,0001326801-15-000032,,False,
META,us-gaap,AvailableForSaleSecuritiesDebtMaturitiesWithinOneYearFairValue,revenue_candidate_VERIFY_scope_and_currency,USD,,2015-12-31,2016-01-28,5029000000,10-K,0001326801-16-000043,,False,
META,us-gaap,AvailableForSaleSecuritiesDebtMaturitiesWithinOneYearFairValue,revenue_candidate_VERIFY_scope_and_currency,USD,,2015-12-31,2017-02-03,5029000000,10-K,0001326801-17-000007,,False,
META,us-gaap,AvailableForSaleSecuritiesDebtMaturitiesWithinOneYearFairValue,revenue_candidate_VERIFY_scope_and_currency,USD,,2016-03-31,2016-04-28,4920000000,10-Q,0001326801-16-000067,,False,
META,us-gaap,AvailableForSaleSecuritiesDebtMaturitiesWithinOneYearFairValue,revenue_candidate_VERIFY_scope_and_currency,USD,,2016-06-30,2016-07-28,5715000000,10-Q,0001326801-16-000082,,False,
META,us-gaap,AvailableForSaleSecuritiesDebtMaturitiesWithinOneYearFairValue,revenue_candidate_VERIFY_scope_and_currency,USD,,2016-09-30,2016-11-03,4898000000,10-Q,0001326801-16-000087,,False,
META,us-gaap,AvailableForSaleSecuritiesDebtMaturitiesWithinOneYearFairValue,revenue_candidate_VERIFY_scope_and_currency,USD,,2016-12-31,2017-02-03,4966000000,10-K,0001326801-17-000007,,False,
META,us-gaap,AvailableForSaleSecuritiesDebtMaturitiesWithinOneYearFairValue,revenue_candidate_VERIFY_scope_and_currency,USD,,2016-12-31,2018-02-01,4966000000,10-K,0001326801-18-000009,,False,
META,us-gaap,AvailableForSaleSecuritiesDebtMaturitiesWithinOneYearFairValue,revenue_candidate_VERIFY_scope_and_currency,USD,,2017-03-31,2017-05-04,6495000000,10-Q,0001326801-17-000024,,False,
META,us-gaap,AvailableForSaleSecuritiesDebtMaturitiesWithinOneYearFairValue,revenue_candidate_VERIFY_scope_and_currency,USD,,2017-06-30,2017-07-27,7739000000,10-Q,0001326801-17-000038,,False,
META,us-gaap,AvailableForSaleSecuritiesDebtMaturitiesWithinOneYearFairValue,revenue_candidate_VERIFY_scope_and_currency,USD,,2017-09-30,2017-11-02,7502000000,10-Q,0001326801-17-000053,,False,
META,us-gaap,AvailableForSaleSecuritiesDebtMaturitiesWithinOneYearFairValue,revenue_candidate_VERIFY_scope_and_currency,USD,,2017-12-31,2018-02-01,7976000000,10-K,0001326801-18-000009,,False,
META,us-gaap,AvailableForSaleSecuritiesDebtMaturitiesWithinOneYearFairValue,revenue_candidate_VERIFY_scope_and_currency,USD,,2017-12-31,2019-01-31,7976000000,10-K,0001326801-19-000009,,False,
META,us-gaap,AvailableForSaleSecuritiesDebtMaturitiesWithinOneYearFairValue,revenue_candidate_VERIFY_scope_and_currency,USD,,2018-03-31,2018-04-26,7748000000,10-Q,0001326801-18-000032,,False,
META,us-gaap,AvailableForSaleSecuritiesDebtMaturitiesWithinOneYearFairValue,revenue_candidate_VERIFY_scope_and_currency,USD,,2018-06-30,2018-07-26,7427000000,10-Q,0001326801-18-000057,,False,
META,us-gaap,AvailableForSaleSecuritiesDebtMaturitiesWithinOneYearFairValue,revenue_candidate_VERIFY_scope_and_currency,USD,,2018-09-30,2018-10-31,8433000000,10-Q,0001326801-18-000067,,False,
META,us-gaap,AvailableForSaleSecuritiesDebtMaturitiesWithinOneYearFairValue,revenue_candidate_VERIFY_scope_and_currency,USD,,2018-12-31,2019-01-31,9746000000,10-K,0001326801-19-000009,,False,
META,us-gaap,AvailableForSaleSecuritiesDebtMaturitiesWithinOneYearFairValue,revenue_candidate_VERIFY_scope_and_currency,USD,,2018-12-31,2020-01-30,9746000000,10-K,0001326801-20-000013,,False,
META,us-gaap,AvailableForSaleSecuritiesDebtMaturitiesWithinOneYearFairValue,revenue_candidate_VERIFY_scope_and_currency,USD,,2019-03-31,2019-04-25,12476000000,10-Q,0001326801-19-000037,,False,
META,us-gaap,AvailableForSaleSecuritiesDebtMaturitiesWithinOneYearFairValue,revenue_candidate_VERIFY_scope_and_currency,USD,,2019-06-30,2019-07-25,12730000000,10-Q,0001326801-19-000055,,False,
META,us-gaap,AvailableForSaleSecuritiesDebtMaturitiesWithinOneYearFairValue,revenue_candidate_VERIFY_scope_and_currency,USD,,2019-09-30,2019-10-31,12933000000,10-Q,0001326801-19-000069,,False,
META,us-gaap,AvailableForSaleSecuritiesDebtMaturitiesWithinOneYearFairValue,revenue_candidate_VERIFY_scope_and_currency,USD,,2019-12-31,2020-01-30,12803000000,10-K,0001326801-20-000013,,False,
META,us-gaap,AvailableForSaleSecuritiesDebtMaturitiesWithinOneYearFairValue,revenue_candidate_VERIFY_scope_and_currency,USD,,2019-12-31,2021-01-28,12803000000,10-K,0001326801-21-000014,,False,
META,us-gaap,AvailableForSaleSecuritiesDebtMaturitiesWithinOneYearFairValue,revenue_candidate_VERIFY_scope_and_currency,USD,,2020-03-31,2020-04-30,13070000000,10-Q,0001326801-20-000048,,False,
META,us-gaap,AvailableForSaleSecuritiesDebtMaturitiesWithinOneYearFairValue,revenue_candidate_VERIFY_scope_and_currency,USD,,2020-06-30,2020-07-31,12178000000,10-Q,0001326801-20-000076,,False,
META,us-gaap,AvailableForSaleSecuritiesDebtMaturitiesWithinOneYearFairValue,revenue_candidate_VERIFY_scope_and_currency,USD,,2020-09-30,2020-10-30,13591000000,10-Q,0001326801-20-000084,,False,
META,us-gaap,AvailableForSaleSecuritiesDebtMaturitiesWithinOneYearFairValue,revenue_candidate_VERIFY_scope_and_currency,USD,,2020-12-31,2021-01-28,12826000000,10-K,0001326801-21-000014,,False,
META,us-gaap,AvailableForSaleSecuritiesDebtMaturitiesWithinOneYearFairValue,revenue_candidate_VERIFY_scope_and_currency,USD,,2021-03-31,2021-04-29,12710000000,10-Q,0001326801-21-000033,,False,
META,us-gaap,AvailableForSaleSecuritiesDebtMaturitiesWithinOneYearFairValue,revenue_candidate_VERIFY_scope_and_currency,USD,,2021-06-30,2021-07-29,11819000000,10-Q,0001326801-21-000049,,False,
META,us-gaap,AvailableForSaleSecuritiesDebtMaturitiesWithinOneYearFairValue,revenue_candidate_VERIFY_scope_and_currency,USD,,2021-09-30,2021-10-26,9310000000,10-Q,0001326801-21-000065,,False,
META,us-gaap,AvailableForSaleSecuritiesDebtMaturitiesWithinOneYearFairValue,revenue_candidate_VERIFY_scope_and_currency,USD,,2021-12-31,2022-02-03,3352000000,10-K,0001326801-22-000018,,False,
META,us-gaap,AvailableForSaleSecuritiesDebtMaturitiesWithinOneYearFairValue,revenue_candidate_VERIFY_scope_and_currency,USD,,2022-03-31,2022-04-28,2452000000,10-Q,0001326801-22-000057,,False,
META,us-gaap,AvailableForSaleSecuritiesDebtMaturitiesWithinOneYearFairValue,revenue_candidate_VERIFY_scope_and_currency,USD,,2022-06-30,2022-07-28,3276000000,10-Q,0001326801-22-000082,,False,
META,us-gaap,AvailableForSaleSecuritiesDebtMaturitiesWithinOneYearFairValue,revenue_candidate_VERIFY_scope_and_currency,USD,,2022-09-30,2022-10-27,4116000000,10-Q,0001326801-22-000108,,False,
META,us-gaap,AvailableForSaleSecuritiesDebtMaturitiesWithinOneYearFairValue,revenue_candidate_VERIFY_scope_and_currency,USD,,2022-12-31,2023-02-02,4170000000,10-K,0001326801-23-000013,,False,
META,us-gaap,AvailableForSaleSecuritiesDebtMaturitiesWithinOneYearFairValue,revenue_candidate_VERIFY_scope_and_currency,USD,,2023-03-31,2023-04-27,5163000000,10-Q,0001326801-23-000067,,False,
META,us-gaap,AvailableForSaleSecuritiesDebtMaturitiesWithinOneYearFairValue,revenue_candidate_VERIFY_scope_and_currency,USD,,2023-06-30,2023-07-27,5703000000,10-Q,0001326801-23-000093,,False,
META,us-gaap,AvailableForSaleSecuritiesDebtMaturitiesWithinOneYearFairValue,revenue_candidate_VERIFY_scope_and_currency,USD,,2023-09-30,2023-10-26,7167000000,10-Q,0001326801-23-000103,,False,
META,us-gaap,AvailableForSaleSecuritiesDebtMaturitiesWithinOneYearFairValue,revenue_candidate_VERIFY_scope_and_currency,USD,,2023-12-31,2024-02-02,7120000000,10-K,0001326801-24-000012,,False,
META,us-gaap,AvailableForSaleSecuritiesDebtMaturitiesWithinOneYearFairValue,revenue_candidate_VERIFY_scope_and_currency,USD,,2024-03-31,2024-04-25,7965000000,10-Q,0001326801-24-000049,,False,
META,us-gaap,AvailableForSaleSecuritiesDebtMaturitiesWithinOneYearFairValue,revenue_candidate_VERIFY_scope_and_currency,USD,,2024-06-30,2024-08-01,7808000000,10-Q,0001326801-24-000069,,False,
META,us-gaap,AvailableForSaleSecuritiesDebtMaturitiesWithinOneYearFairValue,revenue_candidate_VERIFY_scope_and_currency,USD,,2024-09-30,2024-10-31,7546000000,10-Q,0001326801-24-000081,,False,
META,us-gaap,AvailableForSaleSecuritiesDebtMaturitiesWithinOneYearFairValue,revenue_candidate_VERIFY_scope_and_currency,USD,,2024-12-31,2025-01-30,7847000000,10-K,0001326801-25-000017,,False,
META,us-gaap,AvailableForSaleSecuritiesDebtMaturitiesWithinOneYearFairValue,revenue_candidate_VERIFY_scope_and_currency,USD,,2025-03-31,2025-05-01,7007000000,10-Q,0001326801-25-000054,,False,
META,us-gaap,AvailableForSaleSecuritiesDebtMaturitiesWithinOneYearFairValue,revenue_candidate_VERIFY_scope_and_currency,USD,,2025-06-30,2025-07-31,3388000000,10-Q,0001628280-25-036791,,False,
META,us-gaap,AvailableForSaleSecuritiesDebtMaturitiesWithinOneYearFairValue,revenue_candidate_VERIFY_scope_and_currency,USD,,2025-09-30,2025-10-30,2700000000,10-Q,0001628280-25-047240,,False,
META,us-gaap,AvailableForSaleSecuritiesDebtMaturitiesWithinOneYearFairValue,revenue_candidate_VERIFY_scope_and_currency,USD,,2025-12-31,2026-01-29,13023000000,10-K,0001628280-26-003942,,False,
META,us-gaap,AvailableForSaleSecuritiesDebtMaturitiesWithinOneYearFairValue,revenue_candidate_VERIFY_scope_and_currency,USD,,2026-03-31,2026-04-30,26879000000,10-Q,0001628280-26-028526,,False,
META,us-gaap,AvailableForSaleSecuritiesDebtMaturitiesWithinOneYearFairValue,revenue_candidate_VERIFY_scope_and_currency,USD,,2026-06-30,2026-07-30,44551000000,10-Q,0001628280-26-050705,,False,
META,us-gaap,AvailableForSaleSecuritiesDebtSecuritiesCurrent,revenue_candidate_VERIFY_scope_and_currency,USD,,2017-12-31,2018-10-31,33632000000,10-Q,0001326801-18-000067,,False,
META,us-gaap,AvailableForSaleSecuritiesDebtSecuritiesCurrent,revenue_candidate_VERIFY_scope_and_currency,USD,,2017-12-31,2019-01-31,33632000000,10-K,0001326801-19-000009,,False,
META,us-gaap,AvailableForSaleSecuritiesDebtSecuritiesCurrent,revenue_candidate_VERIFY_scope_and_currency,USD,,2018-09-30,2018-10-31,31569000000,10-Q,0001326801-18-000067,,False,
META,us-gaap,AvailableForSaleSecuritiesDebtSecuritiesCurrent,revenue_candidate_VERIFY_scope_and_currency,USD,,2018-12-31,2019-01-31,31095000000,10-K,0001326801-19-000009,,False,
META,us-gaap,AvailableForSaleSecuritiesDebtSecuritiesCurrent,revenue_candidate_VERIFY_scope_and_currency,USD,,2018-12-31,2019-04-25,31095000000,10-Q,0001326801-19-000037,,False,
META,us-gaap,AvailableForSaleSecuritiesDebtSecuritiesCurrent,revenue_candidate_VERIFY_scope_and_currency,USD,,2018-12-31,2019-07-25,31095000000,10-Q,0001326801-19-000055,,False,
META,us-gaap,AvailableForSaleSecuritiesDebtSecuritiesCurrent,revenue_candidate_VERIFY_scope_and_currency,USD,,2018-12-31,2019-10-31,31095000000,10-Q,0001326801-19-000069,,False,
META,us-gaap,AvailableForSaleSecuritiesDebtSecuritiesCurrent,revenue_candidate_VERIFY_scope_and_currency,USD,,2018-12-31,2020-01-30,31095000000,10-K,0001326801-20-000013,,False,
META,us-gaap,AvailableForSaleSecuritiesDebtSecuritiesCurrent,revenue_candidate_VERIFY_scope_and_currency,USD,,2019-03-31,2019-04-25,34167000000,10-Q,0001326801-19-000037,,False,
META,us-gaap,AvailableForSaleSecuritiesDebtSecuritiesCurrent,revenue_candidate_VERIFY_scope_and_currency,USD,,2019-06-30,2019-07-25,34719000000,10-Q,0001326801-19-000055,,False,
META,us-gaap,AvailableForSaleSecuritiesDebtSecuritiesCurrent,revenue_candidate_VERIFY_scope_and_currency,USD,,2019-09-30,2019-10-31,36290000000,10-Q,0001326801-19-000069,,False,
META,us-gaap,AvailableForSaleSecuritiesDebtSecuritiesCurrent,revenue_candidate_VERIFY_scope_and_currency,USD,,2019-12-31,2020-01-30,35776000000,10-K,0001326801-20-000013,,False,
META,us-gaap,AvailableForSaleSecuritiesDebtSecuritiesCurrent,revenue_candidate_VERIFY_scope_and_currency,USD,,2019-12-31,2020-04-30,35776000000,10-Q,0001326801-20-000048,,False,
META,us-gaap,AvailableForSaleSecuritiesDebtSecuritiesCurrent,revenue_candidate_VERIFY_scope_and_currency,USD,,2019-12-31,2020-07-31,35776000000,10-Q,0001326801-20-000076,,False,
META,us-gaap,AvailableForSaleSecuritiesDebtSecuritiesCurrent,revenue_candidate_VERIFY_scope_and_currency,USD,,2019-12-31,2020-10-30,35776000000,10-Q,0001326801-20-000084,,False,
META,us-gaap,AvailableForSaleSecuritiesDebtSecuritiesCurrent,revenue_candidate_VERIFY_scope_and_currency,USD,,2019-12-31,2021-01-28,35776000000,10-K,0001326801-21-000014,,False,
META,us-gaap,AvailableForSaleSecuritiesDebtSecuritiesCurrent,revenue_candidate_VERIFY_scope_and_currency,USD,,2020-03-31,2020-04-30,36671000000,10-Q,0001326801-20-000048,,False,
META,us-gaap,AvailableForSaleSecuritiesDebtSecuritiesCurrent,revenue_candidate_VERIFY_scope_and_currency,USD,,2020-06-30,2020-07-31,37195000000,10-Q,0001326801-20-000076,,False,
META,us-gaap,AvailableForSaleSecuritiesDebtSecuritiesCurrent,revenue_candidate_VERIFY_scope_and_currency,USD,,2020-09-30,2020-10-30,44003000000,10-Q,0001326801-20-000084,,False,
META,us-gaap,AvailableForSaleSecuritiesDebtSecuritiesCurrent,revenue_candidate_VERIFY_scope_and_currency,USD,,2020-12-31,2021-01-28,44378000000,10-K,0001326801-21-000014,,False,
META,us-gaap,AvailableForSaleSecuritiesDebtSecuritiesCurrent,revenue_candidate_VERIFY_scope_and_currency,USD,,2020-12-31,2021-04-29,44378000000,10-Q,0001326801-21-000033,,False,
META,us-gaap,AvailableForSaleSecuritiesDebtSecuritiesCurrent,revenue_candidate_VERIFY_scope_and_currency,USD,,2020-12-31,2021-07-29,44378000000,10-Q,0001326801-21-000049,,False,
META,us-gaap,AvailableForSaleSecuritiesDebtSecuritiesCurrent,revenue_candidate_VERIFY_scope_and_currency,USD,,2020-12-31,2021-10-26,44378000000,10-Q,0001326801-21-000065,,False,
META,us-gaap,AvailableForSaleSecuritiesDebtSecuritiesCurrent,revenue_candidate_VERIFY_scope_and_currency,USD,,2020-12-31,2022-02-03,44378000000,10-K,0001326801-22-000018,,False,
META,us-gaap,AvailableForSaleSecuritiesDebtSecuritiesCurrent,revenue_candidate_VERIFY_scope_and_currency,USD,,2021-03-31,2021-04-29,44706000000,10-Q,0001326801-21-000033,,False,
META,us-gaap,AvailableForSaleSecuritiesDebtSecuritiesCurrent,revenue_candidate_VERIFY_scope_and_currency,USD,,2021-06-30,2021-07-29,47894000000,10-Q,0001326801-21-000049,,False,
META,us-gaap,AvailableForSaleSecuritiesDebtSecuritiesCurrent,revenue_candidate_VERIFY_scope_and_currency,USD,,2021-09-30,2021-10-26,43579000000,10-Q,0001326801-21-000065,,False,
META,us-gaap,AvailableForSaleSecuritiesDebtSecuritiesCurrent,revenue_candidate_VERIFY_scope_and_currency,USD,,2021-12-31,2022-02-03,31397000000,10-K,0001326801-22-000018,,False,
META,us-gaap,AvailableForSaleSecuritiesDebtSecuritiesCurrent,revenue_candidate_VERIFY_scope_and_currency,USD,,2021-12-31,2022-04-28,31397000000,10-Q,0001326801-22-000057,,False,
META,us-gaap,AvailableForSaleSecuritiesDebtSecuritiesCurrent,revenue_candidate_VERIFY_scope_and_currency,USD,,2021-12-31,2022-07-28,31397000000,10-Q,0001326801-22-000082,,False,
META,us-gaap,AvailableForSaleSecuritiesDebtSecuritiesCurrent,revenue_candidate_VERIFY_scope_and_currency,USD,,2021-12-31,2022-10-27,31397000000,10-Q,0001326801-22-000108,,False,
META,us-gaap,AvailableForSaleSecuritiesDebtSecuritiesCurrent,revenue_candidate_VERIFY_scope_and_currency,USD,,2022-03-31,2022-04-28,29004000000,10-Q,0001326801-22-000057,,False,
META,us-gaap,AvailableForSaleSecuritiesDebtSecuritiesCurrent,revenue_candidate_VERIFY_scope_and_currency,USD,,2022-06-30,2022-07-28,27683000000,10-Q,0001326801-22-000082,,False,
META,us-gaap,AvailableForSaleSecuritiesDebtSecuritiesCurrent,revenue_candidate_VERIFY_scope_and_currency,USD,,2022-09-30,2022-10-27,27385000000,10-Q,0001326801-22-000108,,False,
META,us-gaap,AvailableforsaleSecuritiesInUnrealizedLossPositionsQualitativeDisclosureNumberOfPositions1,revenue_candidate_VERIFY_scope_and_currency,pure,,2012-12-31,2014-01-31,0,10-K,0001326801-14-000007,,False,
META,us-gaap,AvailableforsaleSecuritiesInUnrealizedLossPositionsQualitativeDisclosureNumberOfPositions1,revenue_candidate_VERIFY_scope_and_currency,pure,,2013-12-31,2014-01-31,0,10-K,0001326801-14-000007,,False,
META,us-gaap,AvailableforsaleSecuritiesInUnrealizedLossPositionsQualitativeDisclosureNumberOfPositions1,revenue_candidate_VERIFY_scope_and_currency,security,,2013-12-31,2014-04-25,0,10-Q,0001326801-14-000023,,False,
META,us-gaap,AvailableforsaleSecuritiesInUnrealizedLossPositionsQualitativeDisclosureNumberOfPositions1,revenue_candidate_VERIFY_scope_and_currency,security,,2013-12-31,2014-07-24,0,10-Q,0001326801-14-000032,,False,
META,us-gaap,AvailableforsaleSecuritiesInUnrealizedLossPositionsQualitativeDisclosureNumberOfPositions1,revenue_candidate_VERIFY_scope_and_currency,security,,2013-12-31,2014-10-30,0,10-Q,0001326801-14-000068,,False,
META,us-gaap,AvailableforsaleSecuritiesInUnrealizedLossPositionsQualitativeDisclosureNumberOfPositions1,revenue_candidate_VERIFY_scope_and_currency,security,,2013-12-31,2015-01-29,0,10-K,0001326801-15-000006,,False,
META,us-gaap,AvailableforsaleSecuritiesInUnrealizedLossPositionsQualitativeDisclosureNumberOfPositions1,revenue_candidate_VERIFY_scope_and_currency,security,,2014-03-31,2014-04-25,0,10-Q,0001326801-14-000023,,False,
META,us-gaap,AvailableforsaleSecuritiesInUnrealizedLossPositionsQualitativeDisclosureNumberOfPositions1,revenue_candidate_VERIFY_scope_and_currency,security,,2014-06-30,2014-07-24,0,10-Q,0001326801-14-000032,,False,
META,us-gaap,AvailableforsaleSecuritiesInUnrealizedLossPositionsQualitativeDisclosureNumberOfPositions1,revenue_candidate_VERIFY_scope_and_currency,security,,2014-09-30,2014-10-30,0,10-Q,0001326801-14-000068,,False,
META,us-gaap,AvailableforsaleSecuritiesInUnrealizedLossPositionsQualitativeDisclosureNumberOfPositions1,revenue_candidate_VERIFY_scope_and_currency,security,,2014-12-31,2015-01-29,0,10-K,0001326801-15-000006,,False,
META,us-gaap,AvailableforsaleSecuritiesInUnrealizedLossPositionsQualitativeDisclosureNumberOfPositions1,revenue_candidate_VERIFY_scope_and_currency,security,,2014-12-31,2015-04-23,0,10-Q,0001326801-15-000015,,False,
META,us-gaap,AvailableforsaleSecuritiesInUnrealizedLossPositionsQualitativeDisclosureNumberOfPositions1,revenue_candidate_VERIFY_scope_and_currency,security,,2014-12-31,2015-07-31,0,10-Q,0001326801-15-000028,,False,
META,us-gaap,AvailableforsaleSecuritiesInUnrealizedLossPositionsQualitativeDisclosureNumberOfPositions1,revenue_candidate_VERIFY_scope_and_currency,security,,2014-12-31,2015-11-05,0,10-Q,0001326801-15-000032,,False,
META,us-gaap,AvailableforsaleSecuritiesInUnrealizedLossPositionsQualitativeDisclosureNumberOfPositions1,revenue_candidate_VERIFY_scope_and_currency,security,,2014-12-31,2016-01-28,0,10-K,0001326801-16-000043,,False,
META,us-gaap,AvailableforsaleSecuritiesInUnrealizedLossPositionsQualitativeDisclosureNumberOfPositions1,revenue_candidate_VERIFY_scope_and_currency,security,,2015-03-31,2015-04-23,0,10-Q,0001326801-15-000015,,False,
META,us-gaap,AvailableforsaleSecuritiesInUnrealizedLossPositionsQualitativeDisclosureNumberOfPositions1,revenue_candidate_VERIFY_scope_and_currency,security,,2015-06-30,2015-07-31,0,10-Q,0001326801-15-000028,,False,
META,us-gaap,BusinessAcquisitionEquityInterestsIssuedOrIssuableNumberOfSharesIssued,other_share_concept_NOT_automatically_outstanding,shares,2013-01-01,2013-03-31,2013-05-02,1200000,10-Q,0001326801-13-000011,90,False,
META,us-gaap,BusinessAcquisitionEquityInterestsIssuedOrIssuableNumberOfSharesIssued,other_share_concept_NOT_automatically_outstanding,shares,2013-01-01,2013-06-30,2013-07-25,3000000,10-Q,0001326801-13-000019,181,False,
META,us-gaap,BusinessAcquisitionEquityInterestsIssuedOrIssuableNumberOfSharesIssued,other_share_concept_NOT_automatically_outstanding,shares,2013-01-01,2013-09-30,2013-11-01,3000000,10-Q,0001326801-13-000031,273,False,
META,us-gaap,ConversionOfStockSharesConverted1,other_share_concept_NOT_automatically_outstanding,shares,2012-05-01,2012-05-31,2013-02-01,545401443,10-K,0001326801-13-000003,31,False,
META,us-gaap,CostOfRevenue,revenue_candidate_VERIFY_scope_and_currency,USD,2010-01-01,2010-12-31,2013-02-01,493000000,10-K,0001326801-13-000003,365,False,
META,us-gaap,CostOfRevenue,revenue_candidate_VERIFY_scope_and_currency,USD,2011-01-01,2011-06-30,2012-07-31,377000000,10-Q,0001193125-12-325997,181,False,
META,us-gaap,CostOfRevenue,revenue_candidate_VERIFY_scope_and_currency,USD,2011-04-01,2011-06-30,2012-07-31,210000000,10-Q,0001193125-12-325997,91,False,
META,us-gaap,CostOfRevenue,revenue_candidate_VERIFY_scope_and_currency,USD,2011-01-01,2011-09-30,2012-10-24,613000000,10-Q,0001326801-12-000006,273,False,
META,us-gaap,CostOfRevenue,revenue_candidate_VERIFY_scope_and_currency,USD,2011-07-01,2011-09-30,2012-10-24,236000000,10-Q,0001326801-12-000006,92,False,
META,us-gaap,CostOfRevenue,revenue_candidate_VERIFY_scope_and_currency,USD,2011-01-01,2011-12-31,2013-02-01,860000000,10-K,0001326801-13-000003,365,False,
META,us-gaap,CostOfRevenue,revenue_candidate_VERIFY_scope_and_currency,USD,2011-01-01,2011-12-31,2014-01-31,860000000,10-K,0001326801-14-000007,365,False,
META,us-gaap,CostOfRevenue,revenue_candidate_VERIFY_scope_and_currency,USD,2012-01-01,2012-03-31,2013-05-02,277000000,10-Q,0001326801-13-000011,91,False,
META,us-gaap,CostOfRevenue,revenue_candidate_VERIFY_scope_and_currency,USD,2012-01-01,2012-06-30,2012-07-31,644000000,10-Q,0001193125-12-325997,182,False,
META,us-gaap,CostOfRevenue,revenue_candidate_VERIFY_scope_and_currency,USD,2012-01-01,2012-06-30,2013-07-25,644000000,10-Q,0001326801-13-000019,182,False,
META,us-gaap,CostOfRevenue,revenue_candidate_VERIFY_scope_and_currency,USD,2012-04-01,2012-06-30,2012-07-31,367000000,10-Q,0001193125-12-325997,91,False,
META,us-gaap,CostOfRevenue,revenue_candidate_VERIFY_scope_and_currency,USD,2012-04-01,2012-06-30,2013-07-25,367000000,10-Q,0001326801-13-000019,91,False,
META,us-gaap,CostOfRevenue,revenue_candidate_VERIFY_scope_and_currency,USD,2012-01-01,2012-09-30,2012-10-24,967000000,10-Q,0001326801-12-000006,274,False,
META,us-gaap,CostOfRevenue,revenue_candidate_VERIFY_scope_and_currency,USD,2012-01-01,2012-09-30,2013-11-01,967000000,10-Q,0001326801-13-000031,274,False,
META,us-gaap,CostOfRevenue,revenue_candidate_VERIFY_scope_and_currency,USD,2012-07-01,2012-09-30,2012-10-24,322000000,10-Q,0001326801-12-000006,92,False,
META,us-gaap,CostOfRevenue,revenue_candidate_VERIFY_scope_and_currency,USD,2012-07-01,2012-09-30,2013-11-01,322000000,10-Q,0001326801-13-000031,92,False,
META,us-gaap,CostOfRevenue,revenue_candidate_VERIFY_scope_and_currency,USD,2012-01-01,2012-12-31,2013-02-01,1364000000,10-K,0001326801-13-000003,366,False,
META,us-gaap,CostOfRevenue,revenue_candidate_VERIFY_scope_and_currency,USD,2012-01-01,2012-12-31,2014-01-31,1364000000,10-K,0001326801-14-000007,366,False,
META,us-gaap,CostOfRevenue,revenue_candidate_VERIFY_scope_and_currency,USD,2012-01-01,2012-12-31,2015-01-29,1364000000,10-K,0001326801-15-000006,366,False,
META,us-gaap,CostOfRevenue,revenue_candidate_VERIFY_scope_and_currency,USD,2013-01-01,2013-03-31,2013-05-02,413000000,10-Q,0001326801-13-000011,90,False,
META,us-gaap,CostOfRevenue,revenue_candidate_VERIFY_scope_and_currency,USD,2013-01-01,2013-03-31,2014-04-25,413000000,10-Q,0001326801-14-000023,90,False,
META,us-gaap,CostOfRevenue,revenue_candidate_VERIFY_scope_and_currency,USD,2013-01-01,2013-06-30,2013-07-25,878000000,10-Q,0001326801-13-000019,181,False,
META,us-gaap,CostOfRevenue,revenue_candidate_VERIFY_scope_and_currency,USD,2013-01-01,2013-06-30,2014-07-24,878000000,10-Q,0001326801-14-000032,181,False,
META,us-gaap,CostOfRevenue,revenue_candidate_VERIFY_scope_and_currency,USD,2013-04-01,2013-06-30,2013-07-25,465000000,10-Q,0001326801-13-000019,91,False,
META,us-gaap,CostOfRevenue,revenue_candidate_VERIFY_scope_and_currency,USD,2013-04-01,2013-06-30,2014-07-24,465000000,10-Q,0001326801-14-000032,91,False,
META,us-gaap,CostOfRevenue,revenue_candidate_VERIFY_scope_and_currency,USD,2013-01-01,2013-09-30,2013-11-01,1384000000,10-Q,0001326801-13-000031,273,False,
META,us-gaap,CostOfRevenue,revenue_candidate_VERIFY_scope_and_currency,USD,2013-01-01,2013-09-30,2014-10-30,1384000000,10-Q,0001326801-14-000068,273,False,
META,us-gaap,CostOfRevenue,revenue_candidate_VERIFY_scope_and_currency,USD,2013-07-01,2013-09-30,2013-11-01,507000000,10-Q,0001326801-13-000031,92,False,
META,us-gaap,CostOfRevenue,revenue_candidate_VERIFY_scope_and_currency,USD,2013-07-01,2013-09-30,2014-10-30,507000000,10-Q,0001326801-14-000068,92,False,
META,us-gaap,CostOfRevenue,revenue_candidate_VERIFY_scope_and_currency,USD,2013-01-01,2013-12-31,2014-01-31,1875000000,10-K,0001326801-14-000007,365,False,
META,us-gaap,CostOfRevenue,revenue_candidate_VERIFY_scope_and_currency,USD,2013-01-01,2013-12-31,2015-01-29,1875000000,10-K,0001326801-15-000006,365,False,
META,us-gaap,CostOfRevenue,revenue_candidate_VERIFY_scope_and_currency,USD,2013-01-01,2013-12-31,2016-01-28,1875000000,10-K,0001326801-16-000043,365,False,
META,us-gaap,CostOfRevenue,revenue_candidate_VERIFY_scope_and_currency,USD,2014-01-01,2014-03-31,2014-04-25,462000000,10-Q,0001326801-14-000023,90,False,
META,us-gaap,CostOfRevenue,revenue_candidate_VERIFY_scope_and_currency,USD,2014-01-01,2014-03-31,2015-04-23,462000000,10-Q,0001326801-15-000015,90,False,
META,us-gaap,CostOfRevenue,revenue_candidate_VERIFY_scope_and_currency,USD,2014-01-01,2014-06-30,2014-07-24,936000000,10-Q,0001326801-14-000032,181,False,
META,us-gaap,CostOfRevenue,revenue_candidate_VERIFY_scope_and_currency,USD,2014-01-01,2014-06-30,2015-07-31,936000000,10-Q,0001326801-15-000028,181,False,
META,us-gaap,CostOfRevenue,revenue_candidate_VERIFY_scope_and_currency,USD,2014-04-01,2014-06-30,2014-07-24,473000000,10-Q,0001326801-14-000032,91,False,
META,us-gaap,CostOfRevenue,revenue_candidate_VERIFY_scope_and_currency,USD,2014-04-01,2014-06-30,2015-07-31,473000000,10-Q,0001326801-15-000028,91,False,
META,us-gaap,CostOfRevenue,revenue_candidate_VERIFY_scope_and_currency,USD,2014-01-01,2014-09-30,2014-10-30,1501000000,10-Q,0001326801-14-000068,273,False,
META,us-gaap,CostOfRevenue,revenue_candidate_VERIFY_scope_and_currency,USD,2014-01-01,2014-09-30,2015-11-05,1501000000,10-Q,0001326801-15-000032,273,False,
META,us-gaap,CostOfRevenue,revenue_candidate_VERIFY_scope_and_currency,USD,2014-07-01,2014-09-30,2014-10-30,565000000,10-Q,0001326801-14-000068,92,False,
META,us-gaap,CostOfRevenue,revenue_candidate_VERIFY_scope_and_currency,USD,2014-07-01,2014-09-30,2015-11-05,565000000,10-Q,0001326801-15-000032,92,False,
META,us-gaap,CostOfRevenue,revenue_candidate_VERIFY_scope_and_currency,USD,2014-01-01,2014-12-31,2015-01-29,2153000000,10-K,0001326801-15-000006,365,False,
META,us-gaap,CostOfRevenue,revenue_candidate_VERIFY_scope_and_currency,USD,2014-01-01,2014-12-31,2016-01-28,2153000000,10-K,0001326801-16-000043,365,False,
META,us-gaap,CostOfRevenue,revenue_candidate_VERIFY_scope_and_currency,USD,2014-01-01,2014-12-31,2017-02-03,2153000000,10-K,0001326801-17-000007,365,False,
META,us-gaap,CostOfRevenue,revenue_candidate_VERIFY_scope_and_currency,USD,2015-01-01,2015-03-31,2015-04-23,654000000,10-Q,0001326801-15-000015,90,False,
META,us-gaap,CostOfRevenue,revenue_candidate_VERIFY_scope_and_currency,USD,2015-01-01,2015-03-31,2016-04-28,654000000,10-Q,0001326801-16-000067,90,False,
META,us-gaap,CostOfRevenue,revenue_candidate_VERIFY_scope_and_currency,USD,2015-01-01,2015-06-30,2015-07-31,1323000000,10-Q,0001326801-15-000028,181,False,
META,us-gaap,CostOfRevenue,revenue_candidate_VERIFY_scope_and_currency,USD,2015-01-01,2015-06-30,2016-07-28,1323000000,10-Q,0001326801-16-000082,181,False,
META,us-gaap,CostOfRevenue,revenue_candidate_VERIFY_scope_and_currency,USD,2015-04-01,2015-06-30,2015-07-31,668000000,10-Q,0001326801-15-000028,91,False,
META,us-gaap,CostOfRevenue,revenue_candidate_VERIFY_scope_and_currency,USD,2015-04-01,2015-06-30,2016-07-28,668000000,10-Q,0001326801-16-000082,91,False,
META,us-gaap,CostOfRevenue,revenue_candidate_VERIFY_scope_and_currency,USD,2015-01-01,2015-09-30,2015-11-05,2043000000,10-Q,0001326801-15-000032,273,False,
META,us-gaap,CostOfRevenue,revenue_candidate_VERIFY_scope_and_currency,USD,2015-01-01,2015-09-30,2016-11-03,2043000000,10-Q,0001326801-16-000087,273,False,
META,us-gaap,CostOfRevenue,revenue_candidate_VERIFY_scope_and_currency,USD,2015-07-01,2015-09-30,2015-11-05,720000000,10-Q,0001326801-15-000032,92,False,
META,us-gaap,CostOfRevenue,revenue_candidate_VERIFY_scope_and_currency,USD,2015-07-01,2015-09-30,2016-11-03,720000000,10-Q,0001326801-16-000087,92,False,
META,us-gaap,CostOfRevenue,revenue_candidate_VERIFY_scope_and_currency,USD,2015-01-01,2015-12-31,2016-01-28,2867000000,10-K,0001326801-16-000043,365,False,
META,us-gaap,CostOfRevenue,revenue_candidate_VERIFY_scope_and_currency,USD,2015-01-01,2015-12-31,2017-02-03,2867000000,10-K,0001326801-17-000007,365,False,
META,us-gaap,CostOfRevenue,revenue_candidate_VERIFY_scope_and_currency,USD,2015-01-01,2015-12-31,2018-02-01,2867000000,10-K,0001326801-18-000009,365,False,
META,us-gaap,CostOfRevenue,revenue_candidate_VERIFY_scope_and_currency,USD,2016-01-01,2016-03-31,2016-04-28,838000000,10-Q,0001326801-16-000067,91,False,
META,us-gaap,CostOfRevenue,revenue_candidate_VERIFY_scope_and_currency,USD,2016-01-01,2016-03-31,2017-05-04,838000000,10-Q,0001326801-17-000024,91,False,
META,us-gaap,CostOfRevenue,revenue_candidate_VERIFY_scope_and_currency,USD,2016-01-01,2016-06-30,2016-07-28,1754000000,10-Q,0001326801-16-000082,182,False,
META,us-gaap,CostOfRevenue,revenue_candidate_VERIFY_scope_and_currency,USD,2016-01-01,2016-06-30,2017-07-27,1755000000,10-Q,0001326801-17-000038,182,False,
META,us-gaap,CostOfRevenue,revenue_candidate_VERIFY_scope_and_currency,USD,2016-04-01,2016-06-30,2016-07-28,916000000,10-Q,0001326801-16-000082,91,False,
META,us-gaap,CostOfRevenue,revenue_candidate_VERIFY_scope_and_currency,USD,2016-04-01,2016-06-30,2017-07-27,917000000,10-Q,0001326801-17-000038,91,False,
META,us-gaap,CostOfRevenue,revenue_candidate_VERIFY_scope_and_currency,USD,2016-01-01,2016-09-30,2016-11-03,2741000000,10-Q,0001326801-16-000087,274,False,
META,us-gaap,CostOfRevenue,revenue_candidate_VERIFY_scope_and_currency,USD,2016-01-01,2016-09-30,2017-11-02,2742000000,10-Q,0001326801-17-000053,274,False,
META,us-gaap,CostOfRevenue,revenue_candidate_VERIFY_scope_and_currency,USD,2016-07-01,2016-09-30,2016-11-03,987000000,10-Q,0001326801-16-000087,92,False,
META,us-gaap,CostOfRevenue,revenue_candidate_VERIFY_scope_and_currency,USD,2016-07-01,2016-09-30,2017-11-02,987000000,10-Q,0001326801-17-000053,92,False,
META,us-gaap,CostOfRevenue,revenue_candidate_VERIFY_scope_and_currency,USD,2016-01-01,2016-12-31,2017-02-03,3789000000,10-K,0001326801-17-000007,366,False,
META,us-gaap,CostOfRevenue,revenue_candidate_VERIFY_scope_and_currency,USD,2016-01-01,2016-12-31,2018-02-01,3789000000,10-K,0001326801-18-000009,366,False,
META,us-gaap,CostOfRevenue,revenue_candidate_VERIFY_scope_and_currency,USD,2016-01-01,2016-12-31,2019-01-31,3789000000,10-K,0001326801-19-000009,366,False,
META,us-gaap,CostOfRevenue,revenue_candidate_VERIFY_scope_and_currency,USD,2017-01-01,2017-03-31,2017-05-04,1159000000,10-Q,0001326801-17-000024,90,False,
META,us-gaap,CostOfRevenue,revenue_candidate_VERIFY_scope_and_currency,USD,2017-01-01,2017-03-31,2018-04-26,1159000000,10-Q,0001326801-18-000032,90,False,
META,us-gaap,CostOfRevenue,revenue_candidate_VERIFY_scope_and_currency,USD,2017-01-01,2017-06-30,2017-07-27,2395000000,10-Q,0001326801-17-000038,181,False,
META,us-gaap,CostOfRevenue,revenue_candidate_VERIFY_scope_and_currency,USD,2017-01-01,2017-06-30,2018-07-26,2395000000,10-Q,0001326801-18-000057,181,False,
META,us-gaap,CostOfRevenue,revenue_candidate_VERIFY_scope_and_currency,USD,2017-04-01,2017-06-30,2017-07-27,1237000000,10-Q,0001326801-17-000038,91,False,
META,us-gaap,CostOfRevenue,revenue_candidate_VERIFY_scope_and_currency,USD,2017-04-01,2017-06-30,2018-07-26,1237000000,10-Q,0001326801-18-000057,91,False,
META,us-gaap,CostOfRevenue,revenue_candidate_VERIFY_scope_and_currency,USD,2017-01-01,2017-09-30,2017-11-02,3843000000,10-Q,0001326801-17-000053,273,False,
META,us-gaap,CostOfRevenue,revenue_candidate_VERIFY_scope_and_currency,USD,2017-01-01,2017-09-30,2018-10-31,3843000000,10-Q,0001326801-18-000067,273,False,
META,us-gaap,CostOfRevenue,revenue_candidate_VERIFY_scope_and_currency,USD,2017-07-01,2017-09-30,2017-11-02,1448000000,10-Q,0001326801-17-000053,92,False,
META,us-gaap,CostOfRevenue,revenue_candidate_VERIFY_scope_and_currency,USD,2017-07-01,2017-09-30,2018-10-31,1448000000,10-Q,0001326801-18-000067,92,False,
META,us-gaap,CostOfRevenue,revenue_candidate_VERIFY_scope_and_currency,USD,2017-01-01,2017-12-31,2018-02-01,5454000000,10-K,0001326801-18-000009,365,False,
META,us-gaap,CostOfRevenue,revenue_candidate_VERIFY_scope_and_currency,USD,2017-01-01,2017-12-31,2019-01-31,5454000000,10-K,0001326801-19-000009,365,False,
META,us-gaap,CostOfRevenue,revenue_candidate_VERIFY_scope_and_currency,USD,2017-01-01,2017-12-31,2020-01-30,5454000000,10-K,0001326801-20-000013,365,False,
META,us-gaap,CostOfRevenue,revenue_candidate_VERIFY_scope_and_currency,USD,2018-01-01,2018-03-31,2018-04-26,1927000000,10-Q,0001326801-18-000032,90,False,
META,us-gaap,CostOfRevenue,revenue_candidate_VERIFY_scope_and_currency,USD,2018-01-01,2018-03-31,2019-04-25,1927000000,10-Q,0001326801-19-000037,90,False,
META,us-gaap,CostOfRevenue,revenue_candidate_VERIFY_scope_and_currency,USD,2018-01-01,2018-06-30,2018-07-26,4141000000,10-Q,0001326801-18-000057,181,False,
META,us-gaap,CostOfRevenue,revenue_candidate_VERIFY_scope_and_currency,USD,2018-01-01,2018-06-30,2019-07-25,4141000000,10-Q,0001326801-19-000055,181,False,
META,us-gaap,CostOfRevenue,revenue_candidate_VERIFY_scope_and_currency,USD,2018-04-01,2018-06-30,2018-07-26,2214000000,10-Q,0001326801-18-000057,91,False,
META,us-gaap,CostOfRevenue,revenue_candidate_VERIFY_scope_and_currency,USD,2018-04-01,2018-06-30,2019-07-25,2214000000,10-Q,0001326801-19-000055,91,False,
META,us-gaap,CostOfRevenue,revenue_candidate_VERIFY_scope_and_currency,USD,2018-01-01,2018-09-30,2018-10-31,6559000000,10-Q,0001326801-18-000067,273,False,
META,us-gaap,CostOfRevenue,revenue_candidate_VERIFY_scope_and_currency,USD,2018-01-01,2018-09-30,2019-10-31,6559000000,10-Q,0001326801-19-000069,273,False,
META,us-gaap,CostOfRevenue,revenue_candidate_VERIFY_scope_and_currency,USD,2018-07-01,2018-09-30,2018-10-31,2418000000,10-Q,0001326801-18-000067,92,False,
META,us-gaap,CostOfRevenue,revenue_candidate_VERIFY_scope_and_currency,USD,2018-07-01,2018-09-30,2019-10-31,2418000000,10-Q,0001326801-19-000069,92,False,
META,us-gaap,CostOfRevenue,revenue_candidate_VERIFY_scope_and_currency,USD,2018-01-01,2018-12-31,2019-01-31,9355000000,10-K,0001326801-19-000009,365,False,
META,us-gaap,CostOfRevenue,revenue_candidate_VERIFY_scope_and_currency,USD,2018-01-01,2018-12-31,2020-01-30,9355000000,10-K,0001326801-20-000013,365,False,
META,us-gaap,CostOfRevenue,revenue_candidate_VERIFY_scope_and_currency,USD,2018-01-01,2018-12-31,2021-01-28,9355000000,10-K,0001326801-21-000014,365,False,
META,us-gaap,CostOfRevenue,revenue_candidate_VERIFY_scope_and_currency,USD,2019-01-01,2019-03-31,2019-04-25,2816000000,10-Q,0001326801-19-000037,90,False,
META,us-gaap,CostOfRevenue,revenue_candidate_VERIFY_scope_and_currency,USD,2019-01-01,2019-03-31,2020-04-30,2816000000,10-Q,0001326801-20-000048,90,False,
META,us-gaap,CostOfRevenue,revenue_candidate_VERIFY_scope_and_currency,USD,2019-01-01,2019-06-30,2019-07-25,6123000000,10-Q,0001326801-19-000055,181,False,
META,us-gaap,CostOfRevenue,revenue_candidate_VERIFY_scope_and_currency,USD,2019-01-01,2019-06-30,2020-07-31,6123000000,10-Q,0001326801-20-000076,181,False,
META,us-gaap,CostOfRevenue,revenue_candidate_VERIFY_scope_and_currency,USD,2019-04-01,2019-06-30,2019-07-25,3307000000,10-Q,0001326801-19-000055,91,False,
META,us-gaap,CostOfRevenue,revenue_candidate_VERIFY_scope_and_currency,USD,2019-04-01,2019-06-30,2020-07-31,3307000000,10-Q,0001326801-20-000076,91,False,
META,us-gaap,CostOfRevenue,revenue_candidate_VERIFY_scope_and_currency,USD,2019-01-01,2019-09-30,2019-10-31,9279000000,10-Q,0001326801-19-000069,273,False,
META,us-gaap,CostOfRevenue,revenue_candidate_VERIFY_scope_and_currency,USD,2019-01-01,2019-09-30,2020-10-30,9279000000,10-Q,0001326801-20-000084,273,False,
META,us-gaap,CostOfRevenue,revenue_candidate_VERIFY_scope_and_currency,USD,2019-07-01,2019-09-30,2019-10-31,3155000000,10-Q,0001326801-19-000069,92,False,
META,us-gaap,CostOfRevenue,revenue_candidate_VERIFY_scope_and_currency,USD,2019-07-01,2019-09-30,2020-10-30,3155000000,10-Q,0001326801-20-000084,92,False,
META,us-gaap,CostOfRevenue,revenue_candidate_VERIFY_scope_and_currency,USD,2019-01-01,2019-12-31,2020-01-30,12770000000,10-K,0001326801-20-000013,365,False,
META,us-gaap,CostOfRevenue,revenue_candidate_VERIFY_scope_and_currency,USD,2019-01-01,2019-12-31,2021-01-28,12770000000,10-K,0001326801-21-000014,365,False,
META,us-gaap,CostOfRevenue,revenue_candidate_VERIFY_scope_and_currency,USD,2019-01-01,2019-12-31,2022-02-03,12770000000,10-K,0001326801-22-000018,365,False,
META,us-gaap,CostOfRevenue,revenue_candidate_VERIFY_scope_and_currency,USD,2020-01-01,2020-03-31,2020-04-30,3459000000,10-Q,0001326801-20-000048,91,False,
META,us-gaap,CostOfRevenue,revenue_candidate_VERIFY_scope_and_currency,USD,2020-01-01,2020-03-31,2021-04-29,3459000000,10-Q,0001326801-21-000033,91,False,
META,us-gaap,CostOfRevenue,revenue_candidate_VERIFY_scope_and_currency,USD,2020-01-01,2020-06-30,2020-07-31,7288000000,10-Q,0001326801-20-000076,182,False,
META,us-gaap,CostOfRevenue,revenue_candidate_VERIFY_scope_and_currency,USD,2020-01-01,2020-06-30,2021-07-29,7288000000,10-Q,0001326801-21-000049,182,False,
META,us-gaap,CostOfRevenue,revenue_candidate_VERIFY_scope_and_currency,USD,2020-04-01,2020-06-30,2020-07-31,3829000000,10-Q,0001326801-20-000076,91,False,
META,us-gaap,CostOfRevenue,revenue_candidate_VERIFY_scope_and_currency,USD,2020-04-01,2020-06-30,2021-07-29,3829000000,10-Q,0001326801-21-000049,91,False,
META,us-gaap,CostOfRevenue,revenue_candidate_VERIFY_scope_and_currency,USD,2020-01-01,2020-09-30,2020-10-30,11482000000,10-Q,0001326801-20-000084,274,False,
META,us-gaap,CostOfRevenue,revenue_candidate_VERIFY_scope_and_currency,USD,2020-01-01,2020-09-30,2021-10-26,11482000000,10-Q,0001326801-21-000065,274,False,
META,us-gaap,CostOfRevenue,revenue_candidate_VERIFY_scope_and_currency,USD,2020-07-01,2020-09-30,2020-10-30,4194000000,10-Q,0001326801-20-000084,92,False,
META,us-gaap,CostOfRevenue,revenue_candidate_VERIFY_scope_and_currency,USD,2020-07-01,2020-09-30,2021-10-26,4194000000,10-Q,0001326801-21-000065,92,False,
META,us-gaap,CostOfRevenue,revenue_candidate_VERIFY_scope_and_currency,USD,2020-01-01,2020-12-31,2021-01-28,16692000000,10-K,0001326801-21-000014,366,False,
META,us-gaap,CostOfRevenue,revenue_candidate_VERIFY_scope_and_currency,USD,2020-01-01,2020-12-31,2022-02-03,16692000000,10-K,0001326801-22-000018,366,False,
META,us-gaap,CostOfRevenue,revenue_candidate_VERIFY_scope_and_currency,USD,2020-01-01,2020-12-31,2023-02-02,16692000000,10-K,0001326801-23-000013,366,False,
META,us-gaap,CostOfRevenue,revenue_candidate_VERIFY_scope_and_currency,USD,2021-01-01,2021-03-31,2021-04-29,5131000000,10-Q,0001326801-21-000033,90,False,
META,us-gaap,CostOfRevenue,revenue_candidate_VERIFY_scope_and_currency,USD,2021-01-01,2021-03-31,2022-04-28,5131000000,10-Q,0001326801-22-000057,90,False,
META,us-gaap,CostOfRevenue,revenue_candidate_VERIFY_scope_and_currency,USD,2021-01-01,2021-06-30,2021-07-29,10530000000,10-Q,0001326801-21-000049,181,False,
META,us-gaap,CostOfRevenue,revenue_candidate_VERIFY_scope_and_currency,USD,2021-01-01,2021-06-30,2022-07-28,10530000000,10-Q,0001326801-22-000082,181,False,
META,us-gaap,CostOfRevenue,revenue_candidate_VERIFY_scope_and_currency,USD,2021-04-01,2021-06-30,2021-07-29,5399000000,10-Q,0001326801-21-000049,91,False,
META,us-gaap,CostOfRevenue,revenue_candidate_VERIFY_scope_and_currency,USD,2021-04-01,2021-06-30,2022-07-28,5399000000,10-Q,0001326801-22-000082,91,False,
META,us-gaap,CostOfRevenue,revenue_candidate_VERIFY_scope_and_currency,USD,2021-01-01,2021-09-30,2021-10-26,16301000000,10-Q,0001326801-21-000065,273,False,
META,us-gaap,CostOfRevenue,revenue_candidate_VERIFY_scope_and_currency,USD,2021-01-01,2021-09-30,2022-10-27,16301000000,10-Q,0001326801-22-000108,273,False,
META,us-gaap,CostOfRevenue,revenue_candidate_VERIFY_scope_and_currency,USD,2021-07-01,2021-09-30,2021-10-26,5771000000,10-Q,0001326801-21-000065,92,False,
META,us-gaap,CostOfRevenue,revenue_candidate_VERIFY_scope_and_currency,USD,2021-07-01,2021-09-30,2022-10-27,5771000000,10-Q,0001326801-22-000108,92,False,
META,us-gaap,CostOfRevenue,revenue_candidate_VERIFY_scope_and_currency,USD,2021-01-01,2021-12-31,2022-02-03,22649000000,10-K,0001326801-22-000018,365,False,
META,us-gaap,CostOfRevenue,revenue_candidate_VERIFY_scope_and_currency,USD,2021-01-01,2021-12-31,2023-02-02,22649000000,10-K,0001326801-23-000013,365,False,
META,us-gaap,CostOfRevenue,revenue_candidate_VERIFY_scope_and_currency,USD,2021-01-01,2021-12-31,2024-02-02,22649000000,10-K,0001326801-24-000012,365,False,
META,us-gaap,CostOfRevenue,revenue_candidate_VERIFY_scope_and_currency,USD,2022-01-01,2022-03-31,2022-04-28,6005000000,10-Q,0001326801-22-000057,90,False,
META,us-gaap,CostOfRevenue,revenue_candidate_VERIFY_scope_and_currency,USD,2022-01-01,2022-03-31,2023-04-27,6005000000,10-Q,0001326801-23-000067,90,False,
META,us-gaap,CostOfRevenue,revenue_candidate_VERIFY_scope_and_currency,USD,2022-01-01,2022-06-30,2022-07-28,11197000000,10-Q,0001326801-22-000082,181,False,
META,us-gaap,CostOfRevenue,revenue_candidate_VERIFY_scope_and_currency,USD,2022-01-01,2022-06-30,2023-07-27,11197000000,10-Q,0001326801-23-000093,181,False,
META,us-gaap,CostOfRevenue,revenue_candidate_VERIFY_scope_and_currency,USD,2022-04-01,2022-06-30,2022-07-28,5192000000,10-Q,0001326801-22-000082,91,False,
META,us-gaap,CostOfRevenue,revenue_candidate_VERIFY_scope_and_currency,USD,2022-04-01,2022-06-30,2023-07-27,5192000000,10-Q,0001326801-23-000093,91,False,
META,us-gaap,CostOfRevenue,revenue_candidate_VERIFY_scope_and_currency,USD,2022-01-01,2022-09-30,2022-10-27,16913000000,10-Q,0001326801-22-000108,273,False,
META,us-gaap,CostOfRevenue,revenue_candidate_VERIFY_scope_and_currency,USD,2022-01-01,2022-09-30,2023-10-26,16913000000,10-Q,0001326801-23-000103,273,False,
META,us-gaap,CostOfRevenue,revenue_candidate_VERIFY_scope_and_currency,USD,2022-07-01,2022-09-30,2022-10-27,5716000000,10-Q,0001326801-22-000108,92,False,
META,us-gaap,CostOfRevenue,revenue_candidate_VERIFY_scope_and_currency,USD,2022-07-01,2022-09-30,2023-10-26,5716000000,10-Q,0001326801-23-000103,92,False,
META,us-gaap,CostOfRevenue,revenue_candidate_VERIFY_scope_and_currency,USD,2022-01-01,2022-12-31,2023-02-02,25249000000,10-K,0001326801-23-000013,365,False,
META,us-gaap,CostOfRevenue,revenue_candidate_VERIFY_scope_and_currency,USD,2022-01-01,2022-12-31,2024-02-02,25249000000,10-K,0001326801-24-000012,365,False,
META,us-gaap,CostOfRevenue,revenue_candidate_VERIFY_scope_and_currency,USD,2022-01-01,2022-12-31,2025-01-30,25249000000,10-K,0001326801-25-000017,365,False,
META,us-gaap,CostOfRevenue,revenue_candidate_VERIFY_scope_and_currency,USD,2023-01-01,2023-03-31,2023-04-27,6108000000,10-Q,0001326801-23-000067,90,False,
META,us-gaap,CostOfRevenue,revenue_candidate_VERIFY_scope_and_currency,USD,2023-01-01,2023-03-31,2024-04-25,6108000000,10-Q,0001326801-24-000049,90,False,
META,us-gaap,CostOfRevenue,revenue_candidate_VERIFY_scope_and_currency,USD,2023-01-01,2023-06-30,2023-07-27,12054000000,10-Q,0001326801-23-000093,181,False,
META,us-gaap,CostOfRevenue,revenue_candidate_VERIFY_scope_and_currency,USD,2023-01-01,2023-06-30,2024-08-01,12054000000,10-Q,0001326801-24-000069,181,False,
META,us-gaap,CostOfRevenue,revenue_candidate_VERIFY_scope_and_currency,USD,2023-04-01,2023-06-30,2023-07-27,5945000000,10-Q,0001326801-23-000093,91,False,
META,us-gaap,CostOfRevenue,revenue_candidate_VERIFY_scope_and_currency,USD,2023-04-01,2023-06-30,2024-08-01,5945000000,10-Q,0001326801-24-000069,91,False,
META,us-gaap,CostOfRevenue,revenue_candidate_VERIFY_scope_and_currency,USD,2023-01-01,2023-09-30,2023-10-26,18264000000,10-Q,0001326801-23-000103,273,False,
META,us-gaap,CostOfRevenue,revenue_candidate_VERIFY_scope_and_currency,USD,2023-01-01,2023-09-30,2024-10-31,18264000000,10-Q,0001326801-24-000081,273,False,
META,us-gaap,CostOfRevenue,revenue_candidate_VERIFY_scope_and_currency,USD,2023-07-01,2023-09-30,2023-10-26,6210000000,10-Q,0001326801-23-000103,92,False,
META,us-gaap,CostOfRevenue,revenue_candidate_VERIFY_scope_and_currency,USD,2023-07-01,2023-09-30,2024-10-31,6210000000,10-Q,0001326801-24-000081,92,False,
META,us-gaap,CostOfRevenue,revenue_candidate_VERIFY_scope_and_currency,USD,2023-01-01,2023-12-31,2024-02-02,25959000000,10-K,0001326801-24-000012,365,False,
META,us-gaap,CostOfRevenue,revenue_candidate_VERIFY_scope_and_currency,USD,2023-01-01,2023-12-31,2025-01-30,25959000000,10-K,0001326801-25-000017,365,False,
META,us-gaap,CostOfRevenue,revenue_candidate_VERIFY_scope_and_currency,USD,2023-01-01,2023-12-31,2026-01-29,25959000000,10-K,0001628280-26-003942,365,False,
META,us-gaap,CostOfRevenue,revenue_candidate_VERIFY_scope_and_currency,USD,2024-01-01,2024-03-31,2024-04-25,6640000000,10-Q,0001326801-24-000049,91,False,
META,us-gaap,CostOfRevenue,revenue_candidate_VERIFY_scope_and_currency,USD,2024-01-01,2024-03-31,2025-05-01,6640000000,10-Q,0001326801-25-000054,91,False,
META,us-gaap,CostOfRevenue,revenue_candidate_VERIFY_scope_and_currency,USD,2024-01-01,2024-06-30,2024-08-01,13948000000,10-Q,0001326801-24-000069,182,False,
META,us-gaap,CostOfRevenue,revenue_candidate_VERIFY_scope_and_currency,USD,2024-01-01,2024-06-30,2025-07-31,13948000000,10-Q,0001628280-25-036791,182,False,
META,us-gaap,CostOfRevenue,revenue_candidate_VERIFY_scope_and_currency,USD,2024-04-01,2024-06-30,2024-08-01,7308000000,10-Q,0001326801-24-000069,91,False,
META,us-gaap,CostOfRevenue,revenue_candidate_VERIFY_scope_and_currency,USD,2024-04-01,2024-06-30,2025-07-31,7308000000,10-Q,0001628280-25-036791,91,False,
META,us-gaap,CostOfRevenue,revenue_candidate_VERIFY_scope_and_currency,USD,2024-01-01,2024-09-30,2024-10-31,21322000000,10-Q,0001326801-24-000081,274,False,
META,us-gaap,CostOfRevenue,revenue_candidate_VERIFY_scope_and_currency,USD,2024-01-01,2024-09-30,2025-10-30,21322000000,10-Q,0001628280-25-047240,274,False,
META,us-gaap,CostOfRevenue,revenue_candidate_VERIFY_scope_and_currency,USD,2024-07-01,2024-09-30,2024-10-31,7375000000,10-Q,0001326801-24-000081,92,False,
META,us-gaap,CostOfRevenue,revenue_candidate_VERIFY_scope_and_currency,USD,2024-07-01,2024-09-30,2025-10-30,7375000000,10-Q,0001628280-25-047240,92,False,
META,us-gaap,CostOfRevenue,revenue_candidate_VERIFY_scope_and_currency,USD,2024-01-01,2024-12-31,2025-01-30,30161000000,10-K,0001326801-25-000017,366,False,
META,us-gaap,CostOfRevenue,revenue_candidate_VERIFY_scope_and_currency,USD,2024-01-01,2024-12-31,2026-01-29,30161000000,10-K,0001628280-26-003942,366,False,
META,us-gaap,CostOfRevenue,revenue_candidate_VERIFY_scope_and_currency,USD,2025-01-01,2025-03-31,2025-05-01,7572000000,10-Q,0001326801-25-000054,90,False,
META,us-gaap,CostOfRevenue,revenue_candidate_VERIFY_scope_and_currency,USD,2025-01-01,2025-03-31,2026-04-30,7572000000,10-Q,0001628280-26-028526,90,False,
META,us-gaap,CostOfRevenue,revenue_candidate_VERIFY_scope_and_currency,USD,2025-01-01,2025-06-30,2025-07-31,16063000000,10-Q,0001628280-25-036791,181,False,
META,us-gaap,CostOfRevenue,revenue_candidate_VERIFY_scope_and_currency,USD,2025-01-01,2025-06-30,2026-07-30,16063000000,10-Q,0001628280-26-050705,181,False,
META,us-gaap,CostOfRevenue,revenue_candidate_VERIFY_scope_and_currency,USD,2025-04-01,2025-06-30,2025-07-31,8491000000,10-Q,0001628280-25-036791,91,False,
META,us-gaap,CostOfRevenue,revenue_candidate_VERIFY_scope_and_currency,USD,2025-04-01,2025-06-30,2026-07-30,8491000000,10-Q,0001628280-26-050705,91,False,
META,us-gaap,CostOfRevenue,revenue_candidate_VERIFY_scope_and_currency,USD,2025-01-01,2025-09-30,2025-10-30,25269000000,10-Q,0001628280-25-047240,273,False,
META,us-gaap,CostOfRevenue,revenue_candidate_VERIFY_scope_and_currency,USD,2025-07-01,2025-09-30,2025-10-30,9206000000,10-Q,0001628280-25-047240,92,False,
META,us-gaap,CostOfRevenue,revenue_candidate_VERIFY_scope_and_currency,USD,2025-01-01,2025-12-31,2026-01-29,36175000000,10-K,0001628280-26-003942,365,False,
META,us-gaap,CostOfRevenue,revenue_candidate_VERIFY_scope_and_currency,USD,2026-01-01,2026-03-31,2026-04-30,10218000000,10-Q,0001628280-26-028526,90,False,
META,us-gaap,CostOfRevenue,revenue_candidate_VERIFY_scope_and_currency,USD,2026-01-01,2026-06-30,2026-07-30,21549000000,10-Q,0001628280-26-050705,181,False,
META,us-gaap,CostOfRevenue,revenue_candidate_VERIFY_scope_and_currency,USD,2026-04-01,2026-06-30,2026-07-30,11330000000,10-Q,0001628280-26-050705,91,False,
META,us-gaap,DeferredRevenueAndCreditsCurrent,revenue_candidate_VERIFY_scope_and_currency,USD,,2011-12-31,2012-07-31,90000000,10-Q,0001193125-12-325997,,False,
META,us-gaap,DeferredRevenueAndCreditsCurrent,revenue_candidate_VERIFY_scope_and_currency,USD,,2011-12-31,2012-10-24,90000000,10-Q,0001326801-12-000006,,False,
META,us-gaap,DeferredRevenueAndCreditsCurrent,revenue_candidate_VERIFY_scope_and_currency,USD,,2011-12-31,2013-02-01,90000000,10-K,0001326801-13-000003,,False,
META,us-gaap,DeferredRevenueAndCreditsCurrent,revenue_candidate_VERIFY_scope_and_currency,USD,,2012-06-30,2012-07-31,85000000,10-Q,0001193125-12-325997,,False,
META,us-gaap,DeferredRevenueAndCreditsCurrent,revenue_candidate_VERIFY_scope_and_currency,USD,,2012-09-30,2012-10-24,85000000,10-Q,0001326801-12-000006,,False,
META,us-gaap,DeferredRevenueAndCreditsCurrent,revenue_candidate_VERIFY_scope_and_currency,USD,,2012-12-31,2013-02-01,30000000,10-K,0001326801-13-000003,,False,
META,us-gaap,DeferredRevenueAndCreditsCurrent,revenue_candidate_VERIFY_scope_and_currency,USD,,2012-12-31,2013-05-02,30000000,10-Q,0001326801-13-000011,,False,
META,us-gaap,DeferredRevenueAndCreditsCurrent,revenue_candidate_VERIFY_scope_and_currency,USD,,2012-12-31,2013-07-25,30000000,10-Q,0001326801-13-000019,,False,
META,us-gaap,DeferredRevenueAndCreditsCurrent,revenue_candidate_VERIFY_scope_and_currency,USD,,2012-12-31,2013-11-01,30000000,10-Q,0001326801-13-000031,,False,
META,us-gaap,DeferredRevenueAndCreditsCurrent,revenue_candidate_VERIFY_scope_and_currency,USD,,2012-12-31,2014-01-31,30000000,10-K,0001326801-14-000007,,False,
META,us-gaap,DeferredRevenueAndCreditsCurrent,revenue_candidate_VERIFY_scope_and_currency,USD,,2013-03-31,2013-05-02,30000000,10-Q,0001326801-13-000011,,False,
META,us-gaap,DeferredRevenueAndCreditsCurrent,revenue_candidate_VERIFY_scope_and_currency,USD,,2013-06-30,2013-07-25,32000000,10-Q,0001326801-13-000019,,False,
META,us-gaap,DeferredRevenueAndCreditsCurrent,revenue_candidate_VERIFY_scope_and_currency,USD,,2013-09-30,2013-11-01,36000000,10-Q,0001326801-13-000031,,False,
META,us-gaap,DeferredRevenueAndCreditsCurrent,revenue_candidate_VERIFY_scope_and_currency,USD,,2013-12-31,2014-01-31,38000000,10-K,0001326801-14-000007,,False,
META,us-gaap,DeferredRevenueAndCreditsCurrent,revenue_candidate_VERIFY_scope_and_currency,USD,,2013-12-31,2014-04-25,38000000,10-Q,0001326801-14-000023,,False,
META,us-gaap,DeferredRevenueAndCreditsCurrent,revenue_candidate_VERIFY_scope_and_currency,USD,,2013-12-31,2014-07-24,38000000,10-Q,0001326801-14-000032,,False,
META,us-gaap,DeferredRevenueAndCreditsCurrent,revenue_candidate_VERIFY_scope_and_currency,USD,,2013-12-31,2014-10-30,38000000,10-Q,0001326801-14-000068,,False,
META,us-gaap,DeferredRevenueAndCreditsCurrent,revenue_candidate_VERIFY_scope_and_currency,USD,,2013-12-31,2015-01-29,38000000,10-K,0001326801-15-000006,,False,
META,us-gaap,DeferredRevenueAndCreditsCurrent,revenue_candidate_VERIFY_scope_and_currency,USD,,2014-03-31,2014-04-25,38000000,10-Q,0001326801-14-000023,,False,
META,us-gaap,DeferredRevenueAndCreditsCurrent,revenue_candidate_VERIFY_scope_and_currency,USD,,2014-06-30,2014-07-24,53000000,10-Q,0001326801-14-000032,,False,
META,us-gaap,DeferredRevenueAndCreditsCurrent,revenue_candidate_VERIFY_scope_and_currency,USD,,2014-09-30,2014-10-30,48000000,10-Q,0001326801-14-000068,,False,
META,us-gaap,DeferredRevenueAndCreditsCurrent,revenue_candidate_VERIFY_scope_and_currency,USD,,2014-12-31,2015-01-29,66000000,10-K,0001326801-15-000006,,False,
META,us-gaap,DeferredRevenueAndCreditsCurrent,revenue_candidate_VERIFY_scope_and_currency,USD,,2014-12-31,2015-04-23,66000000,10-Q,0001326801-15-000015,,False,
META,us-gaap,DeferredRevenueAndCreditsCurrent,revenue_candidate_VERIFY_scope_and_currency,USD,,2014-12-31,2015-07-31,66000000,10-Q,0001326801-15-000028,,False,
META,us-gaap,DeferredRevenueAndCreditsCurrent,revenue_candidate_VERIFY_scope_and_currency,USD,,2014-12-31,2015-11-05,66000000,10-Q,0001326801-15-000032,,False,
META,us-gaap,DeferredRevenueAndCreditsCurrent,revenue_candidate_VERIFY_scope_and_currency,USD,,2014-12-31,2016-01-28,66000000,10-K,0001326801-16-000043,,False,
META,us-gaap,DeferredRevenueAndCreditsCurrent,revenue_candidate_VERIFY_scope_and_currency,USD,,2015-03-31,2015-04-23,55000000,10-Q,0001326801-15-000015,,False,
META,us-gaap,DeferredRevenueAndCreditsCurrent,revenue_candidate_VERIFY_scope_and_currency,USD,,2015-06-30,2015-07-31,49000000,10-Q,0001326801-15-000028,,False,
META,us-gaap,DeferredRevenueAndCreditsCurrent,revenue_candidate_VERIFY_scope_and_currency,USD,,2015-09-30,2015-11-05,47000000,10-Q,0001326801-15-000032,,False,
META,us-gaap,DeferredRevenueAndCreditsCurrent,revenue_candidate_VERIFY_scope_and_currency,USD,,2015-12-31,2016-01-28,56000000,10-K,0001326801-16-000043,,False,
META,us-gaap,DeferredRevenueAndCreditsCurrent,revenue_candidate_VERIFY_scope_and_currency,USD,,2015-12-31,2016-04-28,56000000,10-Q,0001326801-16-000067,,False,
META,us-gaap,DeferredRevenueAndCreditsCurrent,revenue_candidate_VERIFY_scope_and_currency,USD,,2015-12-31,2016-07-28,56000000,10-Q,0001326801-16-000082,,False,
META,us-gaap,DeferredRevenueAndCreditsCurrent,revenue_candidate_VERIFY_scope_and_currency,USD,,2015-12-31,2016-11-03,56000000,10-Q,0001326801-16-000087,,False,
META,us-gaap,DeferredRevenueAndCreditsCurrent,revenue_candidate_VERIFY_scope_and_currency,USD,,2015-12-31,2017-02-03,56000000,10-K,0001326801-17-000007,,False,
META,us-gaap,DeferredRevenueAndCreditsCurrent,revenue_candidate_VERIFY_scope_and_currency,USD,,2016-03-31,2016-04-28,55000000,10-Q,0001326801-16-000067,,False,
META,us-gaap,DeferredRevenueAndCreditsCurrent,revenue_candidate_VERIFY_scope_and_currency,USD,,2016-06-30,2016-07-28,79000000,10-Q,0001326801-16-000082,,False,
META,us-gaap,DeferredRevenueAndCreditsCurrent,revenue_candidate_VERIFY_scope_and_currency,USD,,2016-09-30,2016-11-03,78000000,10-Q,0001326801-16-000087,,False,
META,us-gaap,DeferredRevenueAndCreditsCurrent,revenue_candidate_VERIFY_scope_and_currency,USD,,2016-12-31,2017-02-03,90000000,10-K,0001326801-17-000007,,False,
META,us-gaap,DeferredRevenueAndCreditsCurrent,revenue_candidate_VERIFY_scope_and_currency,USD,,2016-12-31,2017-05-04,90000000,10-Q,0001326801-17-000024,,False,
META,us-gaap,DeferredRevenueAndCreditsCurrent,revenue_candidate_VERIFY_scope_and_currency,USD,,2016-12-31,2017-07-27,90000000,10-Q,0001326801-17-000038,,False,
META,us-gaap,DeferredRevenueAndCreditsCurrent,revenue_candidate_VERIFY_scope_and_currency,USD,,2016-12-31,2017-11-02,90000000,10-Q,0001326801-17-000053,,False,
META,us-gaap,DeferredRevenueAndCreditsCurrent,revenue_candidate_VERIFY_scope_and_currency,USD,,2016-12-31,2018-02-01,90000000,10-K,0001326801-18-000009,,False,
META,us-gaap,DeferredRevenueAndCreditsCurrent,revenue_candidate_VERIFY_scope_and_currency,USD,,2017-03-31,2017-05-04,80000000,10-Q,0001326801-17-000024,,False,
META,us-gaap,DeferredRevenueAndCreditsCurrent,revenue_candidate_VERIFY_scope_and_currency,USD,,2017-06-30,2017-07-27,88000000,10-Q,0001326801-17-000038,,False,
META,us-gaap,DeferredRevenueAndCreditsCurrent,revenue_candidate_VERIFY_scope_and_currency,USD,,2017-09-30,2017-11-02,105000000,10-Q,0001326801-17-000053,,False,
META,us-gaap,DeferredRevenueAndCreditsCurrent,revenue_candidate_VERIFY_scope_and_currency,USD,,2017-12-31,2018-02-01,98000000,10-K,0001326801-18-000009,,False,
META,us-gaap,DeferredRevenueAndCreditsCurrent,revenue_candidate_VERIFY_scope_and_currency,USD,,2017-12-31,2018-04-26,98000000,10-Q,0001326801-18-000032,,False,
META,us-gaap,DeferredRevenueAndCreditsCurrent,revenue_candidate_VERIFY_scope_and_currency,USD,,2018-03-31,2018-04-26,94000000,10-Q,0001326801-18-000032,,False,
META,us-gaap,DeferredRevenueCurrent,revenue_candidate_VERIFY_scope_and_currency,USD,,2011-12-31,2013-02-01,75000000,10-K,0001326801-13-000003,,False,
META,us-gaap,DeferredRevenueCurrent,revenue_candidate_VERIFY_scope_and_currency,USD,,2012-12-31,2013-02-01,8000000,10-K,0001326801-13-000003,,False,
META,us-gaap,DeferredRevenueCurrent,revenue_candidate_VERIFY_scope_and_currency,USD,,2012-12-31,2014-01-31,8000000,10-K,0001326801-14-000007,,False,
META,us-gaap,DeferredRevenueCurrent,revenue_candidate_VERIFY_scope_and_currency,USD,,2013-12-31,2014-01-31,13000000,10-K,0001326801-14-000007,,False,
META,us-gaap,DeferredRevenueCurrent,revenue_candidate_VERIFY_scope_and_currency,USD,,2013-12-31,2015-01-29,13000000,10-K,0001326801-15-000006,,False,
META,us-gaap,DeferredRevenueCurrent,revenue_candidate_VERIFY_scope_and_currency,USD,,2014-12-31,2015-01-29,38000000,10-K,0001326801-15-000006,,False,
META,us-gaap,DeferredRevenueCurrent,revenue_candidate_VERIFY_scope_and_currency,USD,,2014-12-31,2016-01-28,38000000,10-K,0001326801-16-000043,,False,
META,us-gaap,DeferredRevenueCurrent,revenue_candidate_VERIFY_scope_and_currency,USD,,2015-12-31,2016-01-28,28000000,10-K,0001326801-16-000043,,False,
META,us-gaap,DeferredRevenueCurrent,revenue_candidate_VERIFY_scope_and_currency,USD,,2015-12-31,2017-02-03,28000000,10-K,0001326801-17-000007,,False,
META,us-gaap,DeferredRevenueCurrent,revenue_candidate_VERIFY_scope_and_currency,USD,,2016-12-31,2017-02-03,62000000,10-K,0001326801-17-000007,,False,
META,us-gaap,DeferredRevenueCurrent,revenue_candidate_VERIFY_scope_and_currency,USD,,2016-12-31,2018-02-01,62000000,10-K,0001326801-18-000009,,False,
META,us-gaap,DeferredRevenueCurrent,revenue_candidate_VERIFY_scope_and_currency,USD,,2017-12-31,2018-02-01,68000000,10-K,0001326801-18-000009,,False,
META,us-gaap,FinanceLeaseWeightedAverageDiscountRatePercent,weighted_average_NOT_outstanding,pure,,2019-03-31,2019-04-25,0.032,10-Q,0001326801-19-000037,,False,
META,us-gaap,FinanceLeaseWeightedAverageDiscountRatePercent,weighted_average_NOT_outstanding,pure,,2019-03-31,2020-04-30,0.032,10-Q,0001326801-20-000048,,False,
META,us-gaap,FinanceLeaseWeightedAverageDiscountRatePercent,weighted_average_NOT_outstanding,pure,,2019-06-30,2019-07-25,0.032,10-Q,0001326801-19-000055,,False,
META,us-gaap,FinanceLeaseWeightedAverageDiscountRatePercent,weighted_average_NOT_outstanding,pure,,2019-06-30,2020-07-31,0.032,10-Q,0001326801-20-000076,,False,
META,us-gaap,FinanceLeaseWeightedAverageDiscountRatePercent,weighted_average_NOT_outstanding,pure,,2019-09-30,2019-10-31,0.032,10-Q,0001326801-19-000069,,False,
META,us-gaap,FinanceLeaseWeightedAverageDiscountRatePercent,weighted_average_NOT_outstanding,pure,,2019-12-31,2020-01-30,0.031,10-K,0001326801-20-000013,,False,
META,us-gaap,FinanceLeaseWeightedAverageDiscountRatePercent,weighted_average_NOT_outstanding,pure,,2019-12-31,2020-10-30,0.031,10-Q,0001326801-20-000084,,False,
META,us-gaap,FinanceLeaseWeightedAverageDiscountRatePercent,weighted_average_NOT_outstanding,pure,,2019-12-31,2021-01-28,0.031,10-K,0001326801-21-000014,,False,
META,us-gaap,FinanceLeaseWeightedAverageDiscountRatePercent,weighted_average_NOT_outstanding,pure,,2020-03-31,2020-04-30,0.031,10-Q,0001326801-20-000048,,False,
META,us-gaap,FinanceLeaseWeightedAverageDiscountRatePercent,weighted_average_NOT_outstanding,pure,,2020-06-30,2020-07-31,0.031,10-Q,0001326801-20-000076,,False,
META,us-gaap,FinanceLeaseWeightedAverageDiscountRatePercent,weighted_average_NOT_outstanding,pure,,2020-09-30,2020-10-30,0.029,10-Q,0001326801-20-000084,,False,
META,us-gaap,FinanceLeaseWeightedAverageDiscountRatePercent,weighted_average_NOT_outstanding,pure,,2020-12-31,2021-01-28,0.029,10-K,0001326801-21-000014,,False,
META,us-gaap,FinanceLeaseWeightedAverageDiscountRatePercent,weighted_average_NOT_outstanding,pure,,2020-12-31,2021-04-29,0.029,10-Q,0001326801-21-000033,,False,
META,us-gaap,FinanceLeaseWeightedAverageDiscountRatePercent,weighted_average_NOT_outstanding,pure,,2020-12-31,2021-07-29,0.029,10-Q,0001326801-21-000049,,False,
META,us-gaap,FinanceLeaseWeightedAverageDiscountRatePercent,weighted_average_NOT_outstanding,pure,,2020-12-31,2021-10-26,0.029,10-Q,0001326801-21-000065,,False,
META,us-gaap,FinanceLeaseWeightedAverageDiscountRatePercent,weighted_average_NOT_outstanding,pure,,2020-12-31,2022-02-03,0.029,10-K,0001326801-22-000018,,False,
META,us-gaap,FinanceLeaseWeightedAverageDiscountRatePercent,weighted_average_NOT_outstanding,pure,,2021-03-31,2021-04-29,0.029,10-Q,0001326801-21-000033,,False,
META,us-gaap,FinanceLeaseWeightedAverageDiscountRatePercent,weighted_average_NOT_outstanding,pure,,2021-06-30,2021-07-29,0.028,10-Q,0001326801-21-000049,,False,
META,us-gaap,FinanceLeaseWeightedAverageDiscountRatePercent,weighted_average_NOT_outstanding,pure,,2021-09-30,2021-10-26,0.028,10-Q,0001326801-21-000065,,False,
META,us-gaap,FinanceLeaseWeightedAverageDiscountRatePercent,weighted_average_NOT_outstanding,pure,,2021-12-31,2022-02-03,0.027,10-K,0001326801-22-000018,,False,
META,us-gaap,FinanceLeaseWeightedAverageDiscountRatePercent,weighted_average_NOT_outstanding,pure,,2021-12-31,2022-04-28,0.027,10-Q,0001326801-22-000057,,False,
META,us-gaap,FinanceLeaseWeightedAverageDiscountRatePercent,weighted_average_NOT_outstanding,pure,,2021-12-31,2022-07-28,0.027,10-Q,0001326801-22-000082,,False,
META,us-gaap,FinanceLeaseWeightedAverageDiscountRatePercent,weighted_average_NOT_outstanding,pure,,2021-12-31,2022-10-27,0.027,10-Q,0001326801-22-000108,,False,
META,us-gaap,FinanceLeaseWeightedAverageDiscountRatePercent,weighted_average_NOT_outstanding,pure,,2021-12-31,2023-02-02,0.027,10-K,0001326801-23-000013,,False,
META,us-gaap,FinanceLeaseWeightedAverageDiscountRatePercent,weighted_average_NOT_outstanding,pure,,2022-03-31,2022-04-28,0.027,10-Q,0001326801-22-000057,,False,
META,us-gaap,FinanceLeaseWeightedAverageDiscountRatePercent,weighted_average_NOT_outstanding,pure,,2022-06-30,2022-07-28,0.027,10-Q,0001326801-22-000082,,False,
META,us-gaap,FinanceLeaseWeightedAverageDiscountRatePercent,weighted_average_NOT_outstanding,pure,,2022-09-30,2022-10-27,0.028,10-Q,0001326801-22-000108,,False,
META,us-gaap,FinanceLeaseWeightedAverageDiscountRatePercent,weighted_average_NOT_outstanding,pure,,2022-12-31,2023-02-02,0.031,10-K,0001326801-23-000013,,False,
META,us-gaap,FinanceLeaseWeightedAverageDiscountRatePercent,weighted_average_NOT_outstanding,pure,,2022-12-31,2023-04-27,0.031,10-Q,0001326801-23-000067,,False,
META,us-gaap,FinanceLeaseWeightedAverageDiscountRatePercent,weighted_average_NOT_outstanding,pure,,2022-12-31,2023-07-27,0.031,10-Q,0001326801-23-000093,,False,
META,us-gaap,FinanceLeaseWeightedAverageDiscountRatePercent,weighted_average_NOT_outstanding,pure,,2022-12-31,2023-10-26,0.031,10-Q,0001326801-23-000103,,False,
META,us-gaap,FinanceLeaseWeightedAverageDiscountRatePercent,weighted_average_NOT_outstanding,pure,,2022-12-31,2024-02-02,0.031,10-K,0001326801-24-000012,,False,
META,us-gaap,FinanceLeaseWeightedAverageDiscountRatePercent,weighted_average_NOT_outstanding,pure,,2023-03-31,2023-04-27,0.032,10-Q,0001326801-23-000067,,False,
META,us-gaap,FinanceLeaseWeightedAverageDiscountRatePercent,weighted_average_NOT_outstanding,pure,,2023-06-30,2023-07-27,0.032,10-Q,0001326801-23-000093,,False,
META,us-gaap,FinanceLeaseWeightedAverageDiscountRatePercent,weighted_average_NOT_outstanding,pure,,2023-09-30,2023-10-26,0.033,10-Q,0001326801-23-000103,,False,
META,us-gaap,FinanceLeaseWeightedAverageDiscountRatePercent,weighted_average_NOT_outstanding,pure,,2023-12-31,2024-02-02,0.034,10-K,0001326801-24-000012,,False,
META,us-gaap,FinanceLeaseWeightedAverageDiscountRatePercent,weighted_average_NOT_outstanding,pure,,2023-12-31,2025-01-30,0.034,10-K,0001326801-25-000017,,False,
META,us-gaap,FinanceLeaseWeightedAverageDiscountRatePercent,weighted_average_NOT_outstanding,pure,,2024-12-31,2025-01-30,0.036,10-K,0001326801-25-000017,,False,
META,us-gaap,FinanceLeaseWeightedAverageDiscountRatePercent,weighted_average_NOT_outstanding,pure,,2024-12-31,2026-01-29,0.036,10-K,0001628280-26-003942,,False,
META,us-gaap,FinanceLeaseWeightedAverageDiscountRatePercent,weighted_average_NOT_outstanding,pure,,2025-12-31,2026-01-29,0.041,10-K,0001628280-26-003942,,False,
META,us-gaap,IncreaseDecreaseInDeferredRevenueAndCustomerAdvancesAndDeposits,revenue_candidate_VERIFY_scope_and_currency,USD,2010-01-01,2010-12-31,2013-02-01,37000000,10-K,0001326801-13-000003,365,False,
META,us-gaap,IncreaseDecreaseInDeferredRevenueAndCustomerAdvancesAndDeposits,revenue_candidate_VERIFY_scope_and_currency,USD,2011-01-01,2011-06-30,2012-07-31,20000000,10-Q,0001193125-12-325997,181,False,
META,us-gaap,IncreaseDecreaseInDeferredRevenueAndCustomerAdvancesAndDeposits,revenue_candidate_VERIFY_scope_and_currency,USD,2011-01-01,2011-09-30,2012-10-24,44000000,10-Q,0001326801-12-000006,273,False,
META,us-gaap,IncreaseDecreaseInDeferredRevenueAndCustomerAdvancesAndDeposits,revenue_candidate_VERIFY_scope_and_currency,USD,2011-01-01,2011-12-31,2013-02-01,49000000,10-K,0001326801-13-000003,365,False,
META,us-gaap,IncreaseDecreaseInDeferredRevenueAndCustomerAdvancesAndDeposits,revenue_candidate_VERIFY_scope_and_currency,USD,2011-01-01,2011-12-31,2014-01-31,49000000,10-K,0001326801-14-000007,365,False,
META,us-gaap,IncreaseDecreaseInDeferredRevenueAndCustomerAdvancesAndDeposits,revenue_candidate_VERIFY_scope_and_currency,USD,2012-01-01,2012-03-31,2013-05-02,3000000,10-Q,0001326801-13-000011,91,False,
META,us-gaap,IncreaseDecreaseInDeferredRevenueAndCustomerAdvancesAndDeposits,revenue_candidate_VERIFY_scope_and_currency,USD,2012-01-01,2012-06-30,2012-07-31,-5000000,10-Q,0001193125-12-325997,182,False,
META,us-gaap,IncreaseDecreaseInDeferredRevenueAndCustomerAdvancesAndDeposits,revenue_candidate_VERIFY_scope_and_currency,USD,2012-01-01,2012-06-30,2013-07-25,-5000000,10-Q,0001326801-13-000019,182,False,
META,us-gaap,IncreaseDecreaseInDeferredRevenueAndCustomerAdvancesAndDeposits,revenue_candidate_VERIFY_scope_and_currency,USD,2012-01-01,2012-09-30,2012-10-24,-5000000,10-Q,0001326801-12-000006,274,False,
META,us-gaap,IncreaseDecreaseInDeferredRevenueAndCustomerAdvancesAndDeposits,revenue_candidate_VERIFY_scope_and_currency,USD,2012-01-01,2012-09-30,2013-11-01,-5000000,10-Q,0001326801-13-000031,274,False,
META,us-gaap,IncreaseDecreaseInDeferredRevenueAndCustomerAdvancesAndDeposits,revenue_candidate_VERIFY_scope_and_currency,USD,2012-01-01,2012-12-31,2013-02-01,-60000000,10-K,0001326801-13-000003,366,False,
META,us-gaap,IncreaseDecreaseInDeferredRevenueAndCustomerAdvancesAndDeposits,revenue_candidate_VERIFY_scope_and_currency,USD,2012-01-01,2012-12-31,2014-01-31,-60000000,10-K,0001326801-14-000007,366,False,
META,us-gaap,IncreaseDecreaseInDeferredRevenueAndCustomerAdvancesAndDeposits,revenue_candidate_VERIFY_scope_and_currency,USD,2012-01-01,2012-12-31,2015-01-29,-60000000,10-K,0001326801-15-000006,366,False,
META,us-gaap,IncreaseDecreaseInDeferredRevenueAndCustomerAdvancesAndDeposits,revenue_candidate_VERIFY_scope_and_currency,USD,2013-01-01,2013-03-31,2013-05-02,0,10-Q,0001326801-13-000011,90,False,
META,us-gaap,IncreaseDecreaseInDeferredRevenueAndCustomerAdvancesAndDeposits,revenue_candidate_VERIFY_scope_and_currency,USD,2013-01-01,2013-06-30,2013-07-25,2000000,10-Q,0001326801-13-000019,181,False,
META,us-gaap,IncreaseDecreaseInDeferredRevenueAndCustomerAdvancesAndDeposits,revenue_candidate_VERIFY_scope_and_currency,USD,2013-01-01,2013-06-30,2014-07-24,2000000,10-Q,0001326801-14-000032,181,False,
META,us-gaap,IncreaseDecreaseInDeferredRevenueAndCustomerAdvancesAndDeposits,revenue_candidate_VERIFY_scope_and_currency,USD,2013-01-01,2013-09-30,2013-11-01,6000000,10-Q,0001326801-13-000031,273,False,
META,us-gaap,IncreaseDecreaseInDeferredRevenueAndCustomerAdvancesAndDeposits,revenue_candidate_VERIFY_scope_and_currency,USD,2013-01-01,2013-09-30,2014-10-30,6000000,10-Q,0001326801-14-000068,273,False,
META,us-gaap,IncreaseDecreaseInDeferredRevenueAndCustomerAdvancesAndDeposits,revenue_candidate_VERIFY_scope_and_currency,USD,2013-01-01,2013-12-31,2014-01-31,8000000,10-K,0001326801-14-000007,365,False,
META,us-gaap,IncreaseDecreaseInDeferredRevenueAndCustomerAdvancesAndDeposits,revenue_candidate_VERIFY_scope_and_currency,USD,2013-01-01,2013-12-31,2015-01-29,8000000,10-K,0001326801-15-000006,365,False,
META,us-gaap,IncreaseDecreaseInDeferredRevenueAndCustomerAdvancesAndDeposits,revenue_candidate_VERIFY_scope_and_currency,USD,2013-01-01,2013-12-31,2016-01-28,8000000,10-K,0001326801-16-000043,365,False,
META,us-gaap,IncreaseDecreaseInDeferredRevenueAndCustomerAdvancesAndDeposits,revenue_candidate_VERIFY_scope_and_currency,USD,2014-01-01,2014-03-31,2015-04-23,0,10-Q,0001326801-15-000015,90,False,
META,us-gaap,IncreaseDecreaseInDeferredRevenueAndCustomerAdvancesAndDeposits,revenue_candidate_VERIFY_scope_and_currency,USD,2014-01-01,2014-06-30,2014-07-24,15000000,10-Q,0001326801-14-000032,181,False,
META,us-gaap,IncreaseDecreaseInDeferredRevenueAndCustomerAdvancesAndDeposits,revenue_candidate_VERIFY_scope_and_currency,USD,2014-01-01,2014-06-30,2015-07-31,15000000,10-Q,0001326801-15-000028,181,False,
META,us-gaap,IncreaseDecreaseInDeferredRevenueAndCustomerAdvancesAndDeposits,revenue_candidate_VERIFY_scope_and_currency,USD,2014-01-01,2014-09-30,2014-10-30,3000000,10-Q,0001326801-14-000068,273,False,
META,us-gaap,IncreaseDecreaseInDeferredRevenueAndCustomerAdvancesAndDeposits,revenue_candidate_VERIFY_scope_and_currency,USD,2014-01-01,2014-09-30,2015-11-05,3000000,10-Q,0001326801-15-000032,273,False,
META,us-gaap,IncreaseDecreaseInDeferredRevenueAndCustomerAdvancesAndDeposits,revenue_candidate_VERIFY_scope_and_currency,USD,2014-01-01,2014-12-31,2015-01-29,10000000,10-K,0001326801-15-000006,365,False,
META,us-gaap,IncreaseDecreaseInDeferredRevenueAndCustomerAdvancesAndDeposits,revenue_candidate_VERIFY_scope_and_currency,USD,2014-01-01,2014-12-31,2016-01-28,10000000,10-K,0001326801-16-000043,365,False,
META,us-gaap,IncreaseDecreaseInDeferredRevenueAndCustomerAdvancesAndDeposits,revenue_candidate_VERIFY_scope_and_currency,USD,2014-01-01,2014-12-31,2017-02-03,10000000,10-K,0001326801-17-000007,365,False,
META,us-gaap,IncreaseDecreaseInDeferredRevenueAndCustomerAdvancesAndDeposits,revenue_candidate_VERIFY_scope_and_currency,USD,2015-01-01,2015-03-31,2015-04-23,-10000000,10-Q,0001326801-15-000015,90,False,
META,us-gaap,IncreaseDecreaseInDeferredRevenueAndCustomerAdvancesAndDeposits,revenue_candidate_VERIFY_scope_and_currency,USD,2015-01-01,2015-03-31,2016-04-28,-10000000,10-Q,0001326801-16-000067,90,False,
META,us-gaap,IncreaseDecreaseInDeferredRevenueAndCustomerAdvancesAndDeposits,revenue_candidate_VERIFY_scope_and_currency,USD,2015-01-01,2015-06-30,2015-07-31,-17000000,10-Q,0001326801-15-000028,181,False,
META,us-gaap,IncreaseDecreaseInDeferredRevenueAndCustomerAdvancesAndDeposits,revenue_candidate_VERIFY_scope_and_currency,USD,2015-01-01,2015-06-30,2016-07-28,-17000000,10-Q,0001326801-16-000082,181,False,
META,us-gaap,IncreaseDecreaseInDeferredRevenueAndCustomerAdvancesAndDeposits,revenue_candidate_VERIFY_scope_and_currency,USD,2015-01-01,2015-09-30,2015-11-05,-18000000,10-Q,0001326801-15-000032,273,False,
META,us-gaap,IncreaseDecreaseInDeferredRevenueAndCustomerAdvancesAndDeposits,revenue_candidate_VERIFY_scope_and_currency,USD,2015-01-01,2015-09-30,2016-11-03,-18000000,10-Q,0001326801-16-000087,273,False,
META,us-gaap,IncreaseDecreaseInDeferredRevenueAndCustomerAdvancesAndDeposits,revenue_candidate_VERIFY_scope_and_currency,USD,2015-01-01,2015-12-31,2016-01-28,-9000000,10-K,0001326801-16-000043,365,False,
META,us-gaap,IncreaseDecreaseInDeferredRevenueAndCustomerAdvancesAndDeposits,revenue_candidate_VERIFY_scope_and_currency,USD,2015-01-01,2015-12-31,2017-02-03,-9000000,10-K,0001326801-17-000007,365,False,
META,us-gaap,IncreaseDecreaseInDeferredRevenueAndCustomerAdvancesAndDeposits,revenue_candidate_VERIFY_scope_and_currency,USD,2015-01-01,2015-12-31,2018-02-01,-9000000,10-K,0001326801-18-000009,365,False,
META,us-gaap,IncreaseDecreaseInDeferredRevenueAndCustomerAdvancesAndDeposits,revenue_candidate_VERIFY_scope_and_currency,USD,2016-01-01,2016-03-31,2016-04-28,-2000000,10-Q,0001326801-16-000067,91,False,
META,us-gaap,IncreaseDecreaseInDeferredRevenueAndCustomerAdvancesAndDeposits,revenue_candidate_VERIFY_scope_and_currency,USD,2016-01-01,2016-03-31,2017-05-04,-2000000,10-Q,0001326801-17-000024,91,False,
META,us-gaap,IncreaseDecreaseInDeferredRevenueAndCustomerAdvancesAndDeposits,revenue_candidate_VERIFY_scope_and_currency,USD,2016-01-01,2016-06-30,2016-07-28,23000000,10-Q,0001326801-16-000082,182,False,
META,us-gaap,IncreaseDecreaseInDeferredRevenueAndCustomerAdvancesAndDeposits,revenue_candidate_VERIFY_scope_and_currency,USD,2016-01-01,2016-06-30,2017-07-27,23000000,10-Q,0001326801-17-000038,182,False,
META,us-gaap,IncreaseDecreaseInDeferredRevenueAndCustomerAdvancesAndDeposits,revenue_candidate_VERIFY_scope_and_currency,USD,2016-01-01,2016-09-30,2016-11-03,21000000,10-Q,0001326801-16-000087,274,False,
META,us-gaap,IncreaseDecreaseInDeferredRevenueAndCustomerAdvancesAndDeposits,revenue_candidate_VERIFY_scope_and_currency,USD,2016-01-01,2016-09-30,2017-11-02,21000000,10-Q,0001326801-17-000053,274,False,
META,us-gaap,IncreaseDecreaseInDeferredRevenueAndCustomerAdvancesAndDeposits,revenue_candidate_VERIFY_scope_and_currency,USD,2016-01-01,2016-12-31,2017-02-03,35000000,10-K,0001326801-17-000007,366,False,
META,us-gaap,IncreaseDecreaseInDeferredRevenueAndCustomerAdvancesAndDeposits,revenue_candidate_VERIFY_scope_and_currency,USD,2016-01-01,2016-12-31,2018-02-01,35000000,10-K,0001326801-18-000009,366,False,
META,us-gaap,IncreaseDecreaseInDeferredRevenueAndCustomerAdvancesAndDeposits,revenue_candidate_VERIFY_scope_and_currency,USD,2017-01-01,2017-03-31,2017-05-04,-10000000,10-Q,0001326801-17-000024,90,False,
META,us-gaap,IncreaseDecreaseInDeferredRevenueAndCustomerAdvancesAndDeposits,revenue_candidate_VERIFY_scope_and_currency,USD,2017-01-01,2017-03-31,2018-04-26,-10000000,10-Q,0001326801-18-000032,90,False,
META,us-gaap,IncreaseDecreaseInDeferredRevenueAndCustomerAdvancesAndDeposits,revenue_candidate_VERIFY_scope_and_currency,USD,2017-01-01,2017-06-30,2017-07-27,-4000000,10-Q,0001326801-17-000038,181,False,
META,us-gaap,IncreaseDecreaseInDeferredRevenueAndCustomerAdvancesAndDeposits,revenue_candidate_VERIFY_scope_and_currency,USD,2017-01-01,2017-09-30,2017-11-02,12000000,10-Q,0001326801-17-000053,273,False,
META,us-gaap,IncreaseDecreaseInDeferredRevenueAndCustomerAdvancesAndDeposits,revenue_candidate_VERIFY_scope_and_currency,USD,2017-01-01,2017-12-31,2018-02-01,4000000,10-K,0001326801-18-000009,365,False,
META,us-gaap,IncreaseDecreaseInDeferredRevenueAndCustomerAdvancesAndDeposits,revenue_candidate_VERIFY_scope_and_currency,USD,2018-01-01,2018-03-31,2018-04-26,-5000000,10-Q,0001326801-18-000032,90,False,
META,us-gaap,InterestRevenueExpenseNet,revenue_candidate_VERIFY_scope_and_currency,USD,2018-01-01,2018-12-31,2021-01-28,652000000,10-K,0001326801-21-000014,365,False,
META,us-gaap,InterestRevenueExpenseNet,revenue_candidate_VERIFY_scope_and_currency,USD,2019-01-01,2019-12-31,2021-01-28,904000000,10-K,0001326801-21-000014,365,False,
META,us-gaap,InterestRevenueExpenseNet,revenue_candidate_VERIFY_scope_and_currency,USD,2019-01-01,2019-12-31,2022-02-03,904000000,10-K,0001326801-22-000018,365,False,
META,us-gaap,InterestRevenueExpenseNet,revenue_candidate_VERIFY_scope_and_currency,USD,2020-01-01,2020-12-31,2021-01-28,672000000,10-K,0001326801-21-000014,366,False,
META,us-gaap,InterestRevenueExpenseNet,revenue_candidate_VERIFY_scope_and_currency,USD,2020-01-01,2020-12-31,2022-02-03,672000000,10-K,0001326801-22-000018,366,False,
META,us-gaap,InterestRevenueExpenseNet,revenue_candidate_VERIFY_scope_and_currency,USD,2020-01-01,2020-12-31,2023-02-02,672000000,10-K,0001326801-23-000013,366,False,
META,us-gaap,InterestRevenueExpenseNet,revenue_candidate_VERIFY_scope_and_currency,USD,2021-01-01,2021-12-31,2022-02-03,461000000,10-K,0001326801-22-000018,365,False,
META,us-gaap,InterestRevenueExpenseNet,revenue_candidate_VERIFY_scope_and_currency,USD,2021-01-01,2021-12-31,2023-02-02,461000000,10-K,0001326801-23-000013,365,False,
META,us-gaap,InterestRevenueExpenseNet,revenue_candidate_VERIFY_scope_and_currency,USD,2022-01-01,2022-12-31,2023-02-02,276000000,10-K,0001326801-23-000013,365,False,
META,us-gaap,OperatingLeaseWeightedAverageDiscountRatePercent,weighted_average_NOT_outstanding,pure,,2019-03-31,2019-04-25,0.036,10-Q,0001326801-19-000037,,False,
META,us-gaap,OperatingLeaseWeightedAverageDiscountRatePercent,weighted_average_NOT_outstanding,pure,,2019-03-31,2020-04-30,0.036,10-Q,0001326801-20-000048,,False,
META,us-gaap,OperatingLeaseWeightedAverageDiscountRatePercent,weighted_average_NOT_outstanding,pure,,2019-06-30,2019-07-25,0.035,10-Q,0001326801-19-000055,,False,
META,us-gaap,OperatingLeaseWeightedAverageDiscountRatePercent,weighted_average_NOT_outstanding,pure,,2019-06-30,2020-07-31,0.035,10-Q,0001326801-20-000076,,False,
META,us-gaap,OperatingLeaseWeightedAverageDiscountRatePercent,weighted_average_NOT_outstanding,pure,,2019-09-30,2019-10-31,0.033,10-Q,0001326801-19-000069,,False,
META,us-gaap,OperatingLeaseWeightedAverageDiscountRatePercent,weighted_average_NOT_outstanding,pure,,2019-12-31,2020-01-30,0.032,10-K,0001326801-20-000013,,False,
META,us-gaap,OperatingLeaseWeightedAverageDiscountRatePercent,weighted_average_NOT_outstanding,pure,,2019-12-31,2020-10-30,0.032,10-Q,0001326801-20-000084,,False,
META,us-gaap,OperatingLeaseWeightedAverageDiscountRatePercent,weighted_average_NOT_outstanding,pure,,2019-12-31,2021-01-28,0.032,10-K,0001326801-21-000014,,False,
META,us-gaap,OperatingLeaseWeightedAverageDiscountRatePercent,weighted_average_NOT_outstanding,pure,,2020-03-31,2020-04-30,0.032,10-Q,0001326801-20-000048,,False,
META,us-gaap,OperatingLeaseWeightedAverageDiscountRatePercent,weighted_average_NOT_outstanding,pure,,2020-06-30,2020-07-31,0.031,10-Q,0001326801-20-000076,,False,
META,us-gaap,OperatingLeaseWeightedAverageDiscountRatePercent,weighted_average_NOT_outstanding,pure,,2020-09-30,2020-10-30,0.031,10-Q,0001326801-20-000084,,False,
META,us-gaap,OperatingLeaseWeightedAverageDiscountRatePercent,weighted_average_NOT_outstanding,pure,,2020-12-31,2021-01-28,0.031,10-K,0001326801-21-000014,,False,
META,us-gaap,OperatingLeaseWeightedAverageDiscountRatePercent,weighted_average_NOT_outstanding,pure,,2020-12-31,2021-04-29,0.031,10-Q,0001326801-21-000033,,False,
META,us-gaap,OperatingLeaseWeightedAverageDiscountRatePercent,weighted_average_NOT_outstanding,pure,,2020-12-31,2021-07-29,0.031,10-Q,0001326801-21-000049,,False,
META,us-gaap,OperatingLeaseWeightedAverageDiscountRatePercent,weighted_average_NOT_outstanding,pure,,2020-12-31,2021-10-26,0.031,10-Q,0001326801-21-000065,,False,
META,us-gaap,OperatingLeaseWeightedAverageDiscountRatePercent,weighted_average_NOT_outstanding,pure,,2020-12-31,2022-02-03,0.031,10-K,0001326801-22-000018,,False,
META,us-gaap,OperatingLeaseWeightedAverageDiscountRatePercent,weighted_average_NOT_outstanding,pure,,2021-03-31,2021-04-29,0.029,10-Q,0001326801-21-000033,,False,
META,us-gaap,OperatingLeaseWeightedAverageDiscountRatePercent,weighted_average_NOT_outstanding,pure,,2021-06-30,2021-07-29,0.03,10-Q,0001326801-21-000049,,False,
META,us-gaap,OperatingLeaseWeightedAverageDiscountRatePercent,weighted_average_NOT_outstanding,pure,,2021-09-30,2021-10-26,0.028,10-Q,0001326801-21-000065,,False,
META,us-gaap,OperatingLeaseWeightedAverageDiscountRatePercent,weighted_average_NOT_outstanding,pure,,2021-12-31,2022-02-03,0.028,10-K,0001326801-22-000018,,False,
META,us-gaap,OperatingLeaseWeightedAverageDiscountRatePercent,weighted_average_NOT_outstanding,pure,,2021-12-31,2022-04-28,0.028,10-Q,0001326801-22-000057,,False,
META,us-gaap,OperatingLeaseWeightedAverageDiscountRatePercent,weighted_average_NOT_outstanding,pure,,2021-12-31,2022-07-28,0.028,10-Q,0001326801-22-000082,,False,
META,us-gaap,OperatingLeaseWeightedAverageDiscountRatePercent,weighted_average_NOT_outstanding,pure,,2021-12-31,2022-10-27,0.028,10-Q,0001326801-22-000108,,False,
META,us-gaap,OperatingLeaseWeightedAverageDiscountRatePercent,weighted_average_NOT_outstanding,pure,,2021-12-31,2023-02-02,0.028,10-K,0001326801-23-000013,,False,
META,us-gaap,OperatingLeaseWeightedAverageDiscountRatePercent,weighted_average_NOT_outstanding,pure,,2022-03-31,2022-04-28,0.028,10-Q,0001326801-22-000057,,False,
META,us-gaap,OperatingLeaseWeightedAverageDiscountRatePercent,weighted_average_NOT_outstanding,pure,,2022-06-30,2022-07-28,0.029,10-Q,0001326801-22-000082,,False,
META,us-gaap,OperatingLeaseWeightedAverageDiscountRatePercent,weighted_average_NOT_outstanding,pure,,2022-09-30,2022-10-27,0.03,10-Q,0001326801-22-000108,,False,
META,us-gaap,OperatingLeaseWeightedAverageDiscountRatePercent,weighted_average_NOT_outstanding,pure,,2022-12-31,2023-02-02,0.032,10-K,0001326801-23-000013,,False,
META,us-gaap,OperatingLeaseWeightedAverageDiscountRatePercent,weighted_average_NOT_outstanding,pure,,2022-12-31,2023-04-27,0.032,10-Q,0001326801-23-000067,,False,
META,us-gaap,OperatingLeaseWeightedAverageDiscountRatePercent,weighted_average_NOT_outstanding,pure,,2022-12-31,2023-07-27,0.032,10-Q,0001326801-23-000093,,False,
META,us-gaap,OperatingLeaseWeightedAverageDiscountRatePercent,weighted_average_NOT_outstanding,pure,,2022-12-31,2023-10-26,0.032,10-Q,0001326801-23-000103,,False,
META,us-gaap,OperatingLeaseWeightedAverageDiscountRatePercent,weighted_average_NOT_outstanding,pure,,2022-12-31,2024-02-02,0.032,10-K,0001326801-24-000012,,False,
META,us-gaap,OperatingLeaseWeightedAverageDiscountRatePercent,weighted_average_NOT_outstanding,pure,,2023-03-31,2023-04-27,0.033,10-Q,0001326801-23-000067,,False,
META,us-gaap,OperatingLeaseWeightedAverageDiscountRatePercent,weighted_average_NOT_outstanding,pure,,2023-06-30,2023-07-27,0.034,10-Q,0001326801-23-000093,,False,
META,us-gaap,OperatingLeaseWeightedAverageDiscountRatePercent,weighted_average_NOT_outstanding,pure,,2023-09-30,2023-10-26,0.035,10-Q,0001326801-23-000103,,False,
META,us-gaap,OperatingLeaseWeightedAverageDiscountRatePercent,weighted_average_NOT_outstanding,pure,,2023-12-31,2024-02-02,0.037,10-K,0001326801-24-000012,,False,
META,us-gaap,OperatingLeaseWeightedAverageDiscountRatePercent,weighted_average_NOT_outstanding,pure,,2023-12-31,2025-01-30,0.037,10-K,0001326801-25-000017,,False,
META,us-gaap,OperatingLeaseWeightedAverageDiscountRatePercent,weighted_average_NOT_outstanding,pure,,2024-12-31,2025-01-30,0.039,10-K,0001326801-25-000017,,False,
META,us-gaap,OperatingLeaseWeightedAverageDiscountRatePercent,weighted_average_NOT_outstanding,pure,,2024-12-31,2026-01-29,0.039,10-K,0001628280-26-003942,,False,
META,us-gaap,OperatingLeaseWeightedAverageDiscountRatePercent,weighted_average_NOT_outstanding,pure,,2025-12-31,2026-01-29,0.043,10-K,0001628280-26-003942,,False,
META,us-gaap,OtherComprehensiveIncomeLossAvailableForSaleSecuritiesAdjustmentNetOfTax,revenue_candidate_VERIFY_scope_and_currency,USD,2010-01-01,2010-12-31,2013-02-01,0,10-K,0001326801-13-000003,365,False,
META,us-gaap,OtherComprehensiveIncomeLossAvailableForSaleSecuritiesAdjustmentNetOfTax,revenue_candidate_VERIFY_scope_and_currency,USD,2011-01-01,2011-06-30,2012-07-31,0,10-Q,0001193125-12-325997,181,False,
META,us-gaap,OtherComprehensiveIncomeLossAvailableForSaleSecuritiesAdjustmentNetOfTax,revenue_candidate_VERIFY_scope_and_currency,USD,2011-04-01,2011-06-30,2012-07-31,0,10-Q,0001193125-12-325997,91,False,
META,us-gaap,OtherComprehensiveIncomeLossAvailableForSaleSecuritiesAdjustmentNetOfTax,revenue_candidate_VERIFY_scope_and_currency,USD,2011-01-01,2011-09-30,2012-10-24,0,10-Q,0001326801-12-000006,273,False,
META,us-gaap,OtherComprehensiveIncomeLossAvailableForSaleSecuritiesAdjustmentNetOfTax,revenue_candidate_VERIFY_scope_and_currency,USD,2011-07-01,2011-09-30,2012-10-24,0,10-Q,0001326801-12-000006,92,False,
META,us-gaap,OtherComprehensiveIncomeLossAvailableForSaleSecuritiesAdjustmentNetOfTax,revenue_candidate_VERIFY_scope_and_currency,USD,2011-01-01,2011-12-31,2013-02-01,0,10-K,0001326801-13-000003,365,False,
META,us-gaap,OtherComprehensiveIncomeLossAvailableForSaleSecuritiesAdjustmentNetOfTax,revenue_candidate_VERIFY_scope_and_currency,USD,2011-01-01,2011-12-31,2014-01-31,0,10-K,0001326801-14-000007,365,False,
META,us-gaap,OtherComprehensiveIncomeLossAvailableForSaleSecuritiesAdjustmentNetOfTax,revenue_candidate_VERIFY_scope_and_currency,USD,2012-01-01,2012-06-30,2012-07-31,-1000000,10-Q,0001193125-12-325997,182,False,
META,us-gaap,OtherComprehensiveIncomeLossAvailableForSaleSecuritiesAdjustmentNetOfTax,revenue_candidate_VERIFY_scope_and_currency,USD,2012-01-01,2012-06-30,2013-07-25,-1000000,10-Q,0001326801-13-000019,182,False,
META,us-gaap,OtherComprehensiveIncomeLossAvailableForSaleSecuritiesAdjustmentNetOfTax,revenue_candidate_VERIFY_scope_and_currency,USD,2012-04-01,2012-06-30,2012-07-31,-1000000,10-Q,0001193125-12-325997,91,False,
META,us-gaap,OtherComprehensiveIncomeLossAvailableForSaleSecuritiesAdjustmentNetOfTax,revenue_candidate_VERIFY_scope_and_currency,USD,2012-04-01,2012-06-30,2013-07-25,-1000000,10-Q,0001326801-13-000019,91,False,
META,us-gaap,OtherComprehensiveIncomeLossAvailableForSaleSecuritiesAdjustmentNetOfTax,revenue_candidate_VERIFY_scope_and_currency,USD,2012-01-01,2012-09-30,2012-10-24,1000000,10-Q,0001326801-12-000006,274,False,
META,us-gaap,OtherComprehensiveIncomeLossAvailableForSaleSecuritiesAdjustmentNetOfTax,revenue_candidate_VERIFY_scope_and_currency,USD,2012-01-01,2012-09-30,2013-11-01,1000000,10-Q,0001326801-13-000031,274,False,
META,us-gaap,OtherComprehensiveIncomeLossAvailableForSaleSecuritiesAdjustmentNetOfTax,revenue_candidate_VERIFY_scope_and_currency,USD,2012-07-01,2012-09-30,2012-10-24,2000000,10-Q,0001326801-12-000006,92,False,
META,us-gaap,OtherComprehensiveIncomeLossAvailableForSaleSecuritiesAdjustmentNetOfTax,revenue_candidate_VERIFY_scope_and_currency,USD,2012-07-01,2012-09-30,2013-11-01,2000000,10-Q,0001326801-13-000031,92,False,
META,us-gaap,OtherComprehensiveIncomeLossAvailableForSaleSecuritiesAdjustmentNetOfTax,revenue_candidate_VERIFY_scope_and_currency,USD,2012-01-01,2012-12-31,2013-02-01,1000000,10-K,0001326801-13-000003,366,False,
META,us-gaap,OtherComprehensiveIncomeLossAvailableForSaleSecuritiesAdjustmentNetOfTax,revenue_candidate_VERIFY_scope_and_currency,USD,2012-01-01,2012-12-31,2014-01-31,1000000,10-K,0001326801-14-000007,366,False,
META,us-gaap,OtherComprehensiveIncomeLossAvailableForSaleSecuritiesAdjustmentNetOfTax,revenue_candidate_VERIFY_scope_and_currency,USD,2012-01-01,2012-12-31,2015-01-29,1000000,10-K,0001326801-15-000006,366,False,
META,us-gaap,OtherComprehensiveIncomeLossAvailableForSaleSecuritiesAdjustmentNetOfTax,revenue_candidate_VERIFY_scope_and_currency,USD,2013-01-01,2013-03-31,2014-04-25,0,10-Q,0001326801-14-000023,90,False,
META,us-gaap,OtherComprehensiveIncomeLossAvailableForSaleSecuritiesAdjustmentNetOfTax,revenue_candidate_VERIFY_scope_and_currency,USD,2013-01-01,2013-06-30,2013-07-25,-3000000,10-Q,0001326801-13-000019,181,False,
META,us-gaap,OtherComprehensiveIncomeLossAvailableForSaleSecuritiesAdjustmentNetOfTax,revenue_candidate_VERIFY_scope_and_currency,USD,2013-01-01,2013-06-30,2014-07-24,-3000000,10-Q,0001326801-14-000032,181,False,
META,us-gaap,OtherComprehensiveIncomeLossAvailableForSaleSecuritiesAdjustmentNetOfTax,revenue_candidate_VERIFY_scope_and_currency,USD,2013-04-01,2013-06-30,2013-07-25,-3000000,10-Q,0001326801-13-000019,91,False,
META,us-gaap,OtherComprehensiveIncomeLossAvailableForSaleSecuritiesAdjustmentNetOfTax,revenue_candidate_VERIFY_scope_and_currency,USD,2013-04-01,2013-06-30,2014-07-24,-3000000,10-Q,0001326801-14-000032,91,False,
META,us-gaap,OtherComprehensiveIncomeLossAvailableForSaleSecuritiesAdjustmentNetOfTax,revenue_candidate_VERIFY_scope_and_currency,USD,2013-01-01,2013-09-30,2013-11-01,1000000,10-Q,0001326801-13-000031,273,False,
META,us-gaap,OtherComprehensiveIncomeLossAvailableForSaleSecuritiesAdjustmentNetOfTax,revenue_candidate_VERIFY_scope_and_currency,USD,2013-01-01,2013-09-30,2014-10-30,1000000,10-Q,0001326801-14-000068,273,False,
META,us-gaap,OtherComprehensiveIncomeLossAvailableForSaleSecuritiesAdjustmentNetOfTax,revenue_candidate_VERIFY_scope_and_currency,USD,2013-07-01,2013-09-30,2013-11-01,4000000,10-Q,0001326801-13-000031,92,False,
META,us-gaap,OtherComprehensiveIncomeLossAvailableForSaleSecuritiesAdjustmentNetOfTax,revenue_candidate_VERIFY_scope_and_currency,USD,2013-07-01,2013-09-30,2014-10-30,4000000,10-Q,0001326801-14-000068,92,False,
META,us-gaap,OtherComprehensiveIncomeLossAvailableForSaleSecuritiesAdjustmentNetOfTax,revenue_candidate_VERIFY_scope_and_currency,USD,2013-01-01,2013-12-31,2014-01-31,-1000000,10-K,0001326801-14-000007,365,False,
META,us-gaap,OtherComprehensiveIncomeLossAvailableForSaleSecuritiesAdjustmentNetOfTax,revenue_candidate_VERIFY_scope_and_currency,USD,2013-01-01,2013-12-31,2015-01-29,-1000000,10-K,0001326801-15-000006,365,False,
META,us-gaap,OtherComprehensiveIncomeLossAvailableForSaleSecuritiesAdjustmentNetOfTax,revenue_candidate_VERIFY_scope_and_currency,USD,2013-01-01,2013-12-31,2016-01-28,1000000,10-K,0001326801-16-000043,365,False,
META,us-gaap,OtherComprehensiveIncomeLossAvailableForSaleSecuritiesAdjustmentNetOfTax,revenue_candidate_VERIFY_scope_and_currency,USD,2014-01-01,2014-03-31,2014-04-25,2000000,10-Q,0001326801-14-000023,90,False,
META,us-gaap,OtherComprehensiveIncomeLossAvailableForSaleSecuritiesAdjustmentNetOfTax,revenue_candidate_VERIFY_scope_and_currency,USD,2014-01-01,2014-03-31,2015-04-23,2000000,10-Q,0001326801-15-000015,90,False,
META,us-gaap,OtherComprehensiveIncomeLossAvailableForSaleSecuritiesAdjustmentNetOfTax,revenue_candidate_VERIFY_scope_and_currency,USD,2014-01-01,2014-06-30,2014-07-24,2000000,10-Q,0001326801-14-000032,181,False,
META,us-gaap,OtherComprehensiveIncomeLossAvailableForSaleSecuritiesAdjustmentNetOfTax,revenue_candidate_VERIFY_scope_and_currency,USD,2014-01-01,2014-06-30,2015-07-31,2000000,10-Q,0001326801-15-000028,181,False,
META,us-gaap,OtherComprehensiveIncomeLossAvailableForSaleSecuritiesAdjustmentNetOfTax,revenue_candidate_VERIFY_scope_and_currency,USD,2014-04-01,2014-06-30,2014-07-24,0,10-Q,0001326801-14-000032,91,False,
META,us-gaap,OtherComprehensiveIncomeLossAvailableForSaleSecuritiesAdjustmentNetOfTax,revenue_candidate_VERIFY_scope_and_currency,USD,2014-04-01,2014-06-30,2015-07-31,0,10-Q,0001326801-15-000028,91,False,
META,us-gaap,OtherComprehensiveIncomeLossAvailableForSaleSecuritiesAdjustmentNetOfTax,revenue_candidate_VERIFY_scope_and_currency,USD,2014-01-01,2014-09-30,2014-10-30,0,10-Q,0001326801-14-000068,273,False,
META,us-gaap,OtherComprehensiveIncomeLossAvailableForSaleSecuritiesAdjustmentNetOfTax,revenue_candidate_VERIFY_scope_and_currency,USD,2014-01-01,2014-09-30,2015-11-05,0,10-Q,0001326801-15-000032,273,False,
META,us-gaap,OtherComprehensiveIncomeLossAvailableForSaleSecuritiesAdjustmentNetOfTax,revenue_candidate_VERIFY_scope_and_currency,USD,2014-07-01,2014-09-30,2014-10-30,-2000000,10-Q,0001326801-14-000068,92,False,
META,us-gaap,OtherComprehensiveIncomeLossAvailableForSaleSecuritiesAdjustmentNetOfTax,revenue_candidate_VERIFY_scope_and_currency,USD,2014-07-01,2014-09-30,2015-11-05,-2000000,10-Q,0001326801-15-000032,92,False,
META,us-gaap,OtherComprehensiveIncomeLossAvailableForSaleSecuritiesAdjustmentNetOfTax,revenue_candidate_VERIFY_scope_and_currency,USD,2014-01-01,2014-12-31,2015-01-29,-3000000,10-K,0001326801-15-000006,365,False,
META,us-gaap,OtherComprehensiveIncomeLossAvailableForSaleSecuritiesAdjustmentNetOfTax,revenue_candidate_VERIFY_scope_and_currency,USD,2014-01-01,2014-12-31,2016-01-28,-3000000,10-K,0001326801-16-000043,365,False,
META,us-gaap,OtherComprehensiveIncomeLossAvailableForSaleSecuritiesAdjustmentNetOfTax,revenue_candidate_VERIFY_scope_and_currency,USD,2015-01-01,2015-03-31,2015-04-23,4000000,10-Q,0001326801-15-000015,90,False,
META,us-gaap,OtherComprehensiveIncomeLossAvailableForSaleSecuritiesAdjustmentNetOfTax,revenue_candidate_VERIFY_scope_and_currency,USD,2015-01-01,2015-03-31,2016-04-28,4000000,10-Q,0001326801-16-000067,90,False,
META,us-gaap,OtherComprehensiveIncomeLossAvailableForSaleSecuritiesAdjustmentNetOfTax,revenue_candidate_VERIFY_scope_and_currency,USD,2015-01-01,2015-06-30,2015-07-31,3000000,10-Q,0001326801-15-000028,181,False,
META,us-gaap,OtherComprehensiveIncomeLossAvailableForSaleSecuritiesAdjustmentNetOfTax,revenue_candidate_VERIFY_scope_and_currency,USD,2015-01-01,2015-06-30,2016-07-28,3000000,10-Q,0001326801-16-000082,181,False,
META,us-gaap,OtherComprehensiveIncomeLossAvailableForSaleSecuritiesAdjustmentNetOfTax,revenue_candidate_VERIFY_scope_and_currency,USD,2015-04-01,2015-06-30,2015-07-31,-1000000,10-Q,0001326801-15-000028,91,False,
META,us-gaap,OtherComprehensiveIncomeLossAvailableForSaleSecuritiesAdjustmentNetOfTax,revenue_candidate_VERIFY_scope_and_currency,USD,2015-04-01,2015-06-30,2016-07-28,-1000000,10-Q,0001326801-16-000082,91,False,
META,us-gaap,OtherComprehensiveIncomeLossAvailableForSaleSecuritiesAdjustmentNetOfTax,revenue_candidate_VERIFY_scope_and_currency,USD,2015-01-01,2015-09-30,2015-11-05,3000000,10-Q,0001326801-15-000032,273,False,
META,us-gaap,OtherComprehensiveIncomeLossAvailableForSaleSecuritiesAdjustmentNetOfTax,revenue_candidate_VERIFY_scope_and_currency,USD,2015-07-01,2015-09-30,2015-11-05,-1000000,10-Q,0001326801-15-000032,92,False,
META,us-gaap,OtherComprehensiveIncomeLossAvailableForSaleSecuritiesAdjustmentNetOfTax,revenue_candidate_VERIFY_scope_and_currency,USD,2015-01-01,2015-12-31,2016-01-28,-25000000,10-K,0001326801-16-000043,365,False,
META,us-gaap,OtherComprehensiveIncomeLossAvailableForSaleSecuritiesAdjustmentNetOfTax,revenue_candidate_VERIFY_scope_and_currency,USD,2016-01-01,2016-03-31,2016-04-28,42000000,10-Q,0001326801-16-000067,91,False,
META,us-gaap,OtherComprehensiveIncomeLossAvailableForSaleSecuritiesAdjustmentNetOfTax,revenue_candidate_VERIFY_scope_and_currency,USD,2016-01-01,2016-06-30,2016-07-28,61000000,10-Q,0001326801-16-000082,182,False,
META,us-gaap,OtherComprehensiveIncomeLossAvailableForSaleSecuritiesAdjustmentNetOfTax,revenue_candidate_VERIFY_scope_and_currency,USD,2016-04-01,2016-06-30,2016-07-28,19000000,10-Q,0001326801-16-000082,91,False,
META,us-gaap,OtherSalesRevenueNet,revenue_candidate_VERIFY_scope_and_currency,USD,2010-01-01,2010-12-31,2013-02-01,106000000,10-K,0001326801-13-000003,365,False,
META,us-gaap,OtherSalesRevenueNet,revenue_candidate_VERIFY_scope_and_currency,USD,2011-01-01,2011-12-31,2013-02-01,557000000,10-K,0001326801-13-000003,365,False,
META,us-gaap,OtherSalesRevenueNet,revenue_candidate_VERIFY_scope_and_currency,USD,2011-01-01,2011-12-31,2014-01-31,557000000,10-K,0001326801-14-000007,365,False,
META,us-gaap,OtherSalesRevenueNet,revenue_candidate_VERIFY_scope_and_currency,USD,2012-01-01,2012-12-31,2013-02-01,810000000,10-K,0001326801-13-000003,366,False,
META,us-gaap,OtherSalesRevenueNet,revenue_candidate_VERIFY_scope_and_currency,USD,2012-01-01,2012-12-31,2014-01-31,810000000,10-K,0001326801-14-000007,366,False,
META,us-gaap,OtherSalesRevenueNet,revenue_candidate_VERIFY_scope_and_currency,USD,2012-01-01,2012-12-31,2015-01-29,810000000,10-K,0001326801-15-000006,366,False,
META,us-gaap,OtherSalesRevenueNet,revenue_candidate_VERIFY_scope_and_currency,USD,2013-01-01,2013-12-31,2014-01-31,886000000,10-K,0001326801-14-000007,365,False,
META,us-gaap,OtherSalesRevenueNet,revenue_candidate_VERIFY_scope_and_currency,USD,2013-01-01,2013-12-31,2015-01-29,886000000,10-K,0001326801-15-000006,365,False,
META,us-gaap,OtherSalesRevenueNet,revenue_candidate_VERIFY_scope_and_currency,USD,2013-01-01,2013-12-31,2016-01-28,886000000,10-K,0001326801-16-000043,365,False,
META,us-gaap,OtherSalesRevenueNet,revenue_candidate_VERIFY_scope_and_currency,USD,2014-01-01,2014-12-31,2015-01-29,974000000,10-K,0001326801-15-000006,365,False,
META,us-gaap,OtherSalesRevenueNet,revenue_candidate_VERIFY_scope_and_currency,USD,2014-01-01,2014-12-31,2016-01-28,974000000,10-K,0001326801-16-000043,365,False,
META,us-gaap,OtherSalesRevenueNet,revenue_candidate_VERIFY_scope_and_currency,USD,2014-01-01,2014-12-31,2017-02-03,974000000,10-K,0001326801-17-000007,365,False,
META,us-gaap,OtherSalesRevenueNet,revenue_candidate_VERIFY_scope_and_currency,USD,2015-01-01,2015-12-31,2016-01-28,849000000,10-K,0001326801-16-000043,365,False,
META,us-gaap,OtherSalesRevenueNet,revenue_candidate_VERIFY_scope_and_currency,USD,2015-01-01,2015-12-31,2017-02-03,849000000,10-K,0001326801-17-000007,365,False,
META,us-gaap,OtherSalesRevenueNet,revenue_candidate_VERIFY_scope_and_currency,USD,2015-01-01,2015-12-31,2018-02-01,849000000,10-K,0001326801-18-000009,365,False,
META,us-gaap,OtherSalesRevenueNet,revenue_candidate_VERIFY_scope_and_currency,USD,2016-01-01,2016-12-31,2017-02-03,753000000,10-K,0001326801-17-000007,366,False,
META,us-gaap,OtherSalesRevenueNet,revenue_candidate_VERIFY_scope_and_currency,USD,2016-01-01,2016-12-31,2018-02-01,753000000,10-K,0001326801-18-000009,366,False,
META,us-gaap,OtherSalesRevenueNet,revenue_candidate_VERIFY_scope_and_currency,USD,2017-01-01,2017-12-31,2018-02-01,711000000,10-K,0001326801-18-000009,365,False,
META,us-gaap,PaymentsToAcquireAvailableForSaleSecuritiesDebt,revenue_candidate_VERIFY_scope_and_currency,USD,2019-01-01,2019-06-30,2020-07-31,11755000000,10-Q,0001326801-20-000076,181,False,
META,us-gaap,PaymentsToAcquireAvailableForSaleSecuritiesDebt,revenue_candidate_VERIFY_scope_and_currency,USD,2019-01-01,2019-09-30,2020-10-30,19152000000,10-Q,0001326801-20-000084,273,False,
META,us-gaap,PaymentsToAcquireAvailableForSaleSecuritiesDebt,revenue_candidate_VERIFY_scope_and_currency,USD,2019-01-01,2019-12-31,2022-02-03,23910000000,10-K,0001326801-22-000018,365,False,
META,us-gaap,PaymentsToAcquireAvailableForSaleSecuritiesDebt,revenue_candidate_VERIFY_scope_and_currency,USD,2020-01-01,2020-03-31,2021-04-29,7884000000,10-Q,0001326801-21-000033,91,False,
META,us-gaap,PaymentsToAcquireAvailableForSaleSecuritiesDebt,revenue_candidate_VERIFY_scope_and_currency,USD,2020-01-01,2020-06-30,2020-07-31,14063000000,10-Q,0001326801-20-000076,182,False,
META,us-gaap,PaymentsToAcquireAvailableForSaleSecuritiesDebt,revenue_candidate_VERIFY_scope_and_currency,USD,2020-01-01,2020-06-30,2021-07-29,14063000000,10-Q,0001326801-21-000049,182,False,
META,us-gaap,PaymentsToAcquireAvailableForSaleSecuritiesDebt,revenue_candidate_VERIFY_scope_and_currency,USD,2020-01-01,2020-09-30,2020-10-30,28193000000,10-Q,0001326801-20-000084,274,False,
META,us-gaap,PaymentsToAcquireAvailableForSaleSecuritiesDebt,revenue_candidate_VERIFY_scope_and_currency,USD,2020-01-01,2020-09-30,2021-10-26,28193000000,10-Q,0001326801-21-000065,274,False,
META,us-gaap,PaymentsToAcquireAvailableForSaleSecuritiesDebt,revenue_candidate_VERIFY_scope_and_currency,USD,2020-01-01,2020-12-31,2022-02-03,33930000000,10-K,0001326801-22-000018,366,False,
META,us-gaap,PaymentsToAcquireAvailableForSaleSecuritiesDebt,revenue_candidate_VERIFY_scope_and_currency,USD,2020-01-01,2020-12-31,2023-02-02,33930000000,10-K,0001326801-23-000013,366,False,
META,us-gaap,PaymentsToAcquireAvailableForSaleSecuritiesDebt,revenue_candidate_VERIFY_scope_and_currency,USD,2021-01-01,2021-03-31,2021-04-29,6231000000,10-Q,0001326801-21-000033,90,False,
META,us-gaap,PaymentsToAcquireAvailableForSaleSecuritiesDebt,revenue_candidate_VERIFY_scope_and_currency,USD,2021-01-01,2021-03-31,2022-04-28,6231000000,10-Q,0001326801-22-000057,90,False,
META,us-gaap,PaymentsToAcquireAvailableForSaleSecuritiesDebt,revenue_candidate_VERIFY_scope_and_currency,USD,2021-01-01,2021-06-30,2021-07-29,16528000000,10-Q,0001326801-21-000049,181,False,
META,us-gaap,PaymentsToAcquireAvailableForSaleSecuritiesDebt,revenue_candidate_VERIFY_scope_and_currency,USD,2021-01-01,2021-06-30,2022-07-28,16528000000,10-Q,0001326801-22-000082,181,False,
META,us-gaap,PaymentsToAcquireAvailableForSaleSecuritiesDebt,revenue_candidate_VERIFY_scope_and_currency,USD,2021-01-01,2021-09-30,2021-10-26,24314000000,10-Q,0001326801-21-000065,273,False,
META,us-gaap,PaymentsToAcquireAvailableForSaleSecuritiesDebt,revenue_candidate_VERIFY_scope_and_currency,USD,2021-01-01,2021-09-30,2022-10-27,24314000000,10-Q,0001326801-22-000108,273,False,
META,us-gaap,PaymentsToAcquireAvailableForSaleSecuritiesDebt,revenue_candidate_VERIFY_scope_and_currency,USD,2021-01-01,2021-12-31,2022-02-03,30407000000,10-K,0001326801-22-000018,365,False,
META,us-gaap,PaymentsToAcquireAvailableForSaleSecuritiesDebt,revenue_candidate_VERIFY_scope_and_currency,USD,2021-01-01,2021-12-31,2023-02-02,30407000000,10-K,0001326801-23-000013,365,False,
META,us-gaap,PaymentsToAcquireAvailableForSaleSecuritiesDebt,revenue_candidate_VERIFY_scope_and_currency,USD,2021-01-01,2021-12-31,2024-02-02,30407000000,10-K,0001326801-24-000012,365,False,
META,us-gaap,PaymentsToAcquireAvailableForSaleSecuritiesDebt,revenue_candidate_VERIFY_scope_and_currency,USD,2022-01-01,2022-03-31,2022-04-28,4068000000,10-Q,0001326801-22-000057,90,False,
META,us-gaap,PaymentsToAcquireAvailableForSaleSecuritiesDebt,revenue_candidate_VERIFY_scope_and_currency,USD,2022-01-01,2022-03-31,2023-04-27,4068000000,10-Q,0001326801-23-000067,90,False,
META,us-gaap,PaymentsToAcquireAvailableForSaleSecuritiesDebt,revenue_candidate_VERIFY_scope_and_currency,USD,2022-01-01,2022-06-30,2022-07-28,6288000000,10-Q,0001326801-22-000082,181,False,
META,us-gaap,PaymentsToAcquireAvailableForSaleSecuritiesDebt,revenue_candidate_VERIFY_scope_and_currency,USD,2022-01-01,2022-06-30,2023-07-27,6288000000,10-Q,0001326801-23-000093,181,False,
META,us-gaap,PaymentsToAcquireAvailableForSaleSecuritiesDebt,revenue_candidate_VERIFY_scope_and_currency,USD,2022-01-01,2022-09-30,2022-10-27,8885000000,10-Q,0001326801-22-000108,273,False,
META,us-gaap,PaymentsToAcquireAvailableForSaleSecuritiesDebt,revenue_candidate_VERIFY_scope_and_currency,USD,2022-01-01,2022-09-30,2023-10-26,8885000000,10-Q,0001326801-23-000103,273,False,
META,us-gaap,PaymentsToAcquireAvailableForSaleSecuritiesDebt,revenue_candidate_VERIFY_scope_and_currency,USD,2022-01-01,2022-12-31,2023-02-02,9626000000,10-K,0001326801-23-000013,365,False,
META,us-gaap,PaymentsToAcquireAvailableForSaleSecuritiesDebt,revenue_candidate_VERIFY_scope_and_currency,USD,2022-01-01,2022-12-31,2024-02-02,9626000000,10-K,0001326801-24-000012,365,False,
META,us-gaap,PaymentsToAcquireAvailableForSaleSecuritiesDebt,revenue_candidate_VERIFY_scope_and_currency,USD,2023-01-01,2023-03-31,2023-04-27,85000000,10-Q,0001326801-23-000067,90,False,
META,us-gaap,PaymentsToAcquireAvailableForSaleSecuritiesDebt,revenue_candidate_VERIFY_scope_and_currency,USD,2023-01-01,2023-03-31,2024-04-25,85000000,10-Q,0001326801-24-000049,90,False,
META,us-gaap,PaymentsToAcquireAvailableForSaleSecuritiesDebt,revenue_candidate_VERIFY_scope_and_currency,USD,2023-01-01,2023-06-30,2023-07-27,803000000,10-Q,0001326801-23-000093,181,False,
META,us-gaap,PaymentsToAcquireAvailableForSaleSecuritiesDebt,revenue_candidate_VERIFY_scope_and_currency,USD,2023-01-01,2023-06-30,2024-08-01,803000000,10-Q,0001326801-24-000069,181,False,
META,us-gaap,PaymentsToAcquireAvailableForSaleSecuritiesDebt,revenue_candidate_VERIFY_scope_and_currency,USD,2023-01-01,2023-09-30,2023-10-26,1810000000,10-Q,0001326801-23-000103,273,False,
META,us-gaap,PaymentsToAcquireAvailableForSaleSecuritiesDebt,revenue_candidate_VERIFY_scope_and_currency,USD,2023-01-01,2023-09-30,2024-10-31,1810000000,10-Q,0001326801-24-000081,273,False,
META,us-gaap,PaymentsToAcquireAvailableForSaleSecuritiesDebt,revenue_candidate_VERIFY_scope_and_currency,USD,2023-01-01,2023-12-31,2024-02-02,2982000000,10-K,0001326801-24-000012,365,False,
META,us-gaap,PaymentsToAcquireAvailableForSaleSecuritiesDebt,revenue_candidate_VERIFY_scope_and_currency,USD,2024-01-01,2024-03-31,2024-04-25,6887000000,10-Q,0001326801-24-000049,91,False,
META,us-gaap,PaymentsToAcquireAvailableForSaleSecuritiesDebt,revenue_candidate_VERIFY_scope_and_currency,USD,2024-01-01,2024-03-31,2025-05-01,6887000000,10-Q,0001326801-25-000054,91,False,
META,us-gaap,PaymentsToAcquireAvailableForSaleSecuritiesDebt,revenue_candidate_VERIFY_scope_and_currency,USD,2024-01-01,2024-06-30,2024-08-01,10176000000,10-Q,0001326801-24-000069,182,False,
META,us-gaap,PaymentsToAcquireAvailableForSaleSecuritiesDebt,revenue_candidate_VERIFY_scope_and_currency,USD,2024-01-01,2024-06-30,2025-07-31,10176000000,10-Q,0001628280-25-036791,182,False,
META,us-gaap,PaymentsToAcquireAvailableForSaleSecuritiesDebt,revenue_candidate_VERIFY_scope_and_currency,USD,2024-01-01,2024-09-30,2024-10-31,14644000000,10-Q,0001326801-24-000081,274,False,
META,us-gaap,PaymentsToAcquireAvailableForSaleSecuritiesDebt,revenue_candidate_VERIFY_scope_and_currency,USD,2024-01-01,2024-09-30,2025-10-30,14644000000,10-Q,0001628280-25-047240,274,False,
META,us-gaap,PaymentsToAcquireAvailableForSaleSecuritiesDebt,revenue_candidate_VERIFY_scope_and_currency,USD,2025-01-01,2025-03-31,2025-05-01,11763000000,10-Q,0001326801-25-000054,90,False,
META,us-gaap,PaymentsToAcquireAvailableForSaleSecuritiesDebt,revenue_candidate_VERIFY_scope_and_currency,USD,2025-01-01,2025-03-31,2026-04-30,11763000000,10-Q,0001628280-26-028526,90,False,
META,us-gaap,PaymentsToAcquireAvailableForSaleSecuritiesDebt,revenue_candidate_VERIFY_scope_and_currency,USD,2025-01-01,2025-06-30,2025-07-31,19509000000,10-Q,0001628280-25-036791,181,False,
META,us-gaap,PaymentsToAcquireAvailableForSaleSecuritiesDebt,revenue_candidate_VERIFY_scope_and_currency,USD,2025-01-01,2025-06-30,2026-07-30,19509000000,10-Q,0001628280-26-050705,181,False,
META,us-gaap,PaymentsToAcquireAvailableForSaleSecuritiesDebt,revenue_candidate_VERIFY_scope_and_currency,USD,2025-01-01,2025-09-30,2025-10-30,22349000000,10-Q,0001628280-25-047240,273,False,
META,us-gaap,PaymentsToAcquireAvailableForSaleSecuritiesDebt,revenue_candidate_VERIFY_scope_and_currency,USD,2026-01-01,2026-03-31,2026-04-30,32978000000,10-Q,0001628280-26-028526,90,False,
META,us-gaap,PaymentsToAcquireAvailableForSaleSecuritiesDebt,revenue_candidate_VERIFY_scope_and_currency,USD,2026-01-01,2026-06-30,2026-07-30,75592000000,10-Q,0001628280-26-050705,181,False,
META,us-gaap,PreferredStockSharesAuthorized,other_share_concept_NOT_automatically_outstanding,shares,,2011-12-31,2012-10-24,569000000,10-Q,0001326801-12-000006,,False,
META,us-gaap,PreferredStockSharesAuthorized,other_share_concept_NOT_automatically_outstanding,shares,,2012-05-17,2013-02-01,569001000,10-K,0001326801-13-000003,,False,
META,us-gaap,PreferredStockSharesAuthorized,other_share_concept_NOT_automatically_outstanding,shares,,2012-09-30,2012-10-24,0,10-Q,0001326801-12-000006,,False,
META,us-gaap,PreferredStockSharesIssued,other_share_concept_NOT_automatically_outstanding,shares,,2011-12-31,2012-10-24,543000000,10-Q,0001326801-12-000006,,False,
META,us-gaap,PreferredStockSharesIssued,other_share_concept_NOT_automatically_outstanding,shares,,2012-09-30,2012-10-24,0,10-Q,0001326801-12-000006,,False,
META,us-gaap,PreferredStockSharesOutstanding,shares_outstanding_candidate_VERIFY_classes_and_ADS,shares,,2011-12-31,2012-10-24,543000000,10-Q,0001326801-12-000006,,False,
META,us-gaap,PreferredStockSharesOutstanding,shares_outstanding_candidate_VERIFY_classes_and_ADS,shares,,2012-09-30,2012-10-24,0,10-Q,0001326801-12-000006,,False,
META,us-gaap,ProceedsFromMaturitiesPrepaymentsAndCallsOfAvailableForSaleSecurities,revenue_candidate_VERIFY_scope_and_currency,USD,2010-01-01,2010-12-31,2013-02-01,0,10-K,0001326801-13-000003,365,False,
META,us-gaap,ProceedsFromMaturitiesPrepaymentsAndCallsOfAvailableForSaleSecurities,revenue_candidate_VERIFY_scope_and_currency,USD,2011-01-01,2011-06-30,2012-07-31,0,10-Q,0001193125-12-325997,181,False,
META,us-gaap,ProceedsFromMaturitiesPrepaymentsAndCallsOfAvailableForSaleSecurities,revenue_candidate_VERIFY_scope_and_currency,USD,2011-01-01,2011-09-30,2012-10-24,90000000,10-Q,0001326801-12-000006,273,False,
META,us-gaap,ProceedsFromMaturitiesPrepaymentsAndCallsOfAvailableForSaleSecurities,revenue_candidate_VERIFY_scope_and_currency,USD,2011-01-01,2011-12-31,2013-02-01,516000000,10-K,0001326801-13-000003,365,False,
META,us-gaap,ProceedsFromMaturitiesPrepaymentsAndCallsOfAvailableForSaleSecurities,revenue_candidate_VERIFY_scope_and_currency,USD,2011-01-01,2011-12-31,2014-01-31,516000000,10-K,0001326801-14-000007,365,False,
META,us-gaap,ProceedsFromMaturitiesPrepaymentsAndCallsOfAvailableForSaleSecurities,revenue_candidate_VERIFY_scope_and_currency,USD,2012-01-01,2012-03-31,2013-05-02,567000000,10-Q,0001326801-13-000011,91,False,
META,us-gaap,ProceedsFromMaturitiesPrepaymentsAndCallsOfAvailableForSaleSecurities,revenue_candidate_VERIFY_scope_and_currency,USD,2012-01-01,2012-06-30,2012-07-31,1106000000,10-Q,0001193125-12-325997,182,False,
META,us-gaap,ProceedsFromMaturitiesPrepaymentsAndCallsOfAvailableForSaleSecurities,revenue_candidate_VERIFY_scope_and_currency,USD,2012-01-01,2012-06-30,2013-07-25,1106000000,10-Q,0001326801-13-000019,182,False,
META,us-gaap,ProceedsFromMaturitiesPrepaymentsAndCallsOfAvailableForSaleSecurities,revenue_candidate_VERIFY_scope_and_currency,USD,2012-01-01,2012-09-30,2012-10-24,2413000000,10-Q,0001326801-12-000006,274,False,
META,us-gaap,ProceedsFromMaturitiesPrepaymentsAndCallsOfAvailableForSaleSecurities,revenue_candidate_VERIFY_scope_and_currency,USD,2012-01-01,2012-09-30,2013-11-01,2413000000,10-Q,0001326801-13-000031,274,False,
META,us-gaap,ProceedsFromMaturitiesPrepaymentsAndCallsOfAvailableForSaleSecurities,revenue_candidate_VERIFY_scope_and_currency,USD,2012-01-01,2012-12-31,2013-02-01,3333000000,10-K,0001326801-13-000003,366,False,
META,us-gaap,ProceedsFromMaturitiesPrepaymentsAndCallsOfAvailableForSaleSecurities,revenue_candidate_VERIFY_scope_and_currency,USD,2012-01-01,2012-12-31,2014-01-31,3333000000,10-K,0001326801-14-000007,366,False,
META,us-gaap,ProceedsFromMaturitiesPrepaymentsAndCallsOfAvailableForSaleSecurities,revenue_candidate_VERIFY_scope_and_currency,USD,2012-01-01,2012-12-31,2015-01-29,3333000000,10-K,0001326801-15-000006,366,False,
META,us-gaap,ProceedsFromMaturitiesPrepaymentsAndCallsOfAvailableForSaleSecurities,revenue_candidate_VERIFY_scope_and_currency,USD,2013-01-01,2013-03-31,2013-05-02,903000000,10-Q,0001326801-13-000011,90,False,
META,us-gaap,ProceedsFromMaturitiesPrepaymentsAndCallsOfAvailableForSaleSecurities,revenue_candidate_VERIFY_scope_and_currency,USD,2013-01-01,2013-03-31,2014-04-25,903000000,10-Q,0001326801-14-000023,90,False,
META,us-gaap,ProceedsFromMaturitiesPrepaymentsAndCallsOfAvailableForSaleSecurities,revenue_candidate_VERIFY_scope_and_currency,USD,2013-01-01,2013-06-30,2013-07-25,2174000000,10-Q,0001326801-13-000019,181,False,
META,us-gaap,ProceedsFromMaturitiesPrepaymentsAndCallsOfAvailableForSaleSecurities,revenue_candidate_VERIFY_scope_and_currency,USD,2013-01-01,2013-06-30,2014-07-24,2174000000,10-Q,0001326801-14-000032,181,False,
META,us-gaap,ProceedsFromMaturitiesPrepaymentsAndCallsOfAvailableForSaleSecurities,revenue_candidate_VERIFY_scope_and_currency,USD,2013-01-01,2013-09-30,2013-11-01,2954000000,10-Q,0001326801-13-000031,273,False,
META,us-gaap,ProceedsFromMaturitiesPrepaymentsAndCallsOfAvailableForSaleSecurities,revenue_candidate_VERIFY_scope_and_currency,USD,2013-01-01,2013-09-30,2014-10-30,2954000000,10-Q,0001326801-14-000068,273,False,
META,us-gaap,ProceedsFromMaturitiesPrepaymentsAndCallsOfAvailableForSaleSecurities,revenue_candidate_VERIFY_scope_and_currency,USD,2013-01-01,2013-12-31,2014-01-31,3563000000,10-K,0001326801-14-000007,365,False,
META,us-gaap,ProceedsFromMaturitiesPrepaymentsAndCallsOfAvailableForSaleSecurities,revenue_candidate_VERIFY_scope_and_currency,USD,2013-01-01,2013-12-31,2015-01-29,3563000000,10-K,0001326801-15-000006,365,False,
META,us-gaap,ProceedsFromMaturitiesPrepaymentsAndCallsOfAvailableForSaleSecurities,revenue_candidate_VERIFY_scope_and_currency,USD,2013-01-01,2013-12-31,2016-01-28,3563000000,10-K,0001326801-16-000043,365,False,
META,us-gaap,ProceedsFromMaturitiesPrepaymentsAndCallsOfAvailableForSaleSecurities,revenue_candidate_VERIFY_scope_and_currency,USD,2014-01-01,2014-03-31,2014-04-25,619000000,10-Q,0001326801-14-000023,90,False,
META,us-gaap,ProceedsFromMaturitiesPrepaymentsAndCallsOfAvailableForSaleSecurities,revenue_candidate_VERIFY_scope_and_currency,USD,2014-01-01,2014-03-31,2015-04-23,619000000,10-Q,0001326801-15-000015,90,False,
META,us-gaap,ProceedsFromMaturitiesPrepaymentsAndCallsOfAvailableForSaleSecurities,revenue_candidate_VERIFY_scope_and_currency,USD,2014-01-01,2014-06-30,2014-07-24,1074000000,10-Q,0001326801-14-000032,181,False,
META,us-gaap,ProceedsFromMaturitiesPrepaymentsAndCallsOfAvailableForSaleSecurities,revenue_candidate_VERIFY_scope_and_currency,USD,2014-01-01,2014-06-30,2015-07-31,1074000000,10-Q,0001326801-15-000028,181,False,
META,us-gaap,ProceedsFromMaturitiesPrepaymentsAndCallsOfAvailableForSaleSecurities,revenue_candidate_VERIFY_scope_and_currency,USD,2014-01-01,2014-09-30,2014-10-30,1710000000,10-Q,0001326801-14-000068,273,False,
META,us-gaap,ProceedsFromMaturitiesPrepaymentsAndCallsOfAvailableForSaleSecurities,revenue_candidate_VERIFY_scope_and_currency,USD,2014-01-01,2014-09-30,2015-11-05,1710000000,10-Q,0001326801-15-000032,273,False,
META,us-gaap,ProceedsFromMaturitiesPrepaymentsAndCallsOfAvailableForSaleSecurities,revenue_candidate_VERIFY_scope_and_currency,USD,2014-01-01,2014-12-31,2015-01-29,1909000000,10-K,0001326801-15-000006,365,False,
META,us-gaap,ProceedsFromMaturitiesPrepaymentsAndCallsOfAvailableForSaleSecurities,revenue_candidate_VERIFY_scope_and_currency,USD,2014-01-01,2014-12-31,2016-01-28,1909000000,10-K,0001326801-16-000043,365,False,
META,us-gaap,ProceedsFromMaturitiesPrepaymentsAndCallsOfAvailableForSaleSecurities,revenue_candidate_VERIFY_scope_and_currency,USD,2014-01-01,2014-12-31,2017-02-03,1909000000,10-K,0001326801-17-000007,365,False,
META,us-gaap,ProceedsFromMaturitiesPrepaymentsAndCallsOfAvailableForSaleSecurities,revenue_candidate_VERIFY_scope_and_currency,USD,2015-01-01,2015-03-31,2015-04-23,339000000,10-Q,0001326801-15-000015,90,False,
META,us-gaap,ProceedsFromMaturitiesPrepaymentsAndCallsOfAvailableForSaleSecurities,revenue_candidate_VERIFY_scope_and_currency,USD,2015-01-01,2015-03-31,2016-04-28,339000000,10-Q,0001326801-16-000067,90,False,
META,us-gaap,ProceedsFromMaturitiesPrepaymentsAndCallsOfAvailableForSaleSecurities,revenue_candidate_VERIFY_scope_and_currency,USD,2015-01-01,2015-06-30,2015-07-31,715000000,10-Q,0001326801-15-000028,181,False,
META,us-gaap,ProceedsFromMaturitiesPrepaymentsAndCallsOfAvailableForSaleSecurities,revenue_candidate_VERIFY_scope_and_currency,USD,2015-01-01,2015-06-30,2016-07-28,715000000,10-Q,0001326801-16-000082,181,False,
META,us-gaap,ProceedsFromMaturitiesPrepaymentsAndCallsOfAvailableForSaleSecurities,revenue_candidate_VERIFY_scope_and_currency,USD,2015-01-01,2015-09-30,2015-11-05,1563000000,10-Q,0001326801-15-000032,273,False,
META,us-gaap,ProceedsFromMaturitiesPrepaymentsAndCallsOfAvailableForSaleSecurities,revenue_candidate_VERIFY_scope_and_currency,USD,2015-01-01,2015-09-30,2016-11-03,1563000000,10-Q,0001326801-16-000087,273,False,
META,us-gaap,ProceedsFromMaturitiesPrepaymentsAndCallsOfAvailableForSaleSecurities,revenue_candidate_VERIFY_scope_and_currency,USD,2015-01-01,2015-12-31,2016-01-28,2310000000,10-K,0001326801-16-000043,365,False,
META,us-gaap,ProceedsFromMaturitiesPrepaymentsAndCallsOfAvailableForSaleSecurities,revenue_candidate_VERIFY_scope_and_currency,USD,2015-01-01,2015-12-31,2017-02-03,2310000000,10-K,0001326801-17-000007,365,False,
META,us-gaap,ProceedsFromMaturitiesPrepaymentsAndCallsOfAvailableForSaleSecurities,revenue_candidate_VERIFY_scope_and_currency,USD,2015-01-01,2015-12-31,2018-02-01,2310000000,10-K,0001326801-18-000009,365,False,
META,us-gaap,ProceedsFromMaturitiesPrepaymentsAndCallsOfAvailableForSaleSecurities,revenue_candidate_VERIFY_scope_and_currency,USD,2016-01-01,2016-03-31,2016-04-28,537000000,10-Q,0001326801-16-000067,91,False,
META,us-gaap,ProceedsFromMaturitiesPrepaymentsAndCallsOfAvailableForSaleSecurities,revenue_candidate_VERIFY_scope_and_currency,USD,2016-01-01,2016-03-31,2017-05-04,537000000,10-Q,0001326801-17-000024,91,False,
META,us-gaap,ProceedsFromMaturitiesPrepaymentsAndCallsOfAvailableForSaleSecurities,revenue_candidate_VERIFY_scope_and_currency,USD,2016-01-01,2016-06-30,2016-07-28,903000000,10-Q,0001326801-16-000082,182,False,
META,us-gaap,ProceedsFromMaturitiesPrepaymentsAndCallsOfAvailableForSaleSecurities,revenue_candidate_VERIFY_scope_and_currency,USD,2016-01-01,2016-06-30,2017-07-27,903000000,10-Q,0001326801-17-000038,182,False,
META,us-gaap,ProceedsFromMaturitiesPrepaymentsAndCallsOfAvailableForSaleSecurities,revenue_candidate_VERIFY_scope_and_currency,USD,2016-01-01,2016-09-30,2016-11-03,1034000000,10-Q,0001326801-16-000087,274,False,
META,us-gaap,ProceedsFromMaturitiesPrepaymentsAndCallsOfAvailableForSaleSecurities,revenue_candidate_VERIFY_scope_and_currency,USD,2016-01-01,2016-09-30,2017-11-02,1034000000,10-Q,0001326801-17-000053,274,False,
META,us-gaap,ProceedsFromMaturitiesPrepaymentsAndCallsOfAvailableForSaleSecurities,revenue_candidate_VERIFY_scope_and_currency,USD,2016-01-01,2016-12-31,2017-02-03,1261000000,10-K,0001326801-17-000007,366,False,
META,us-gaap,ProceedsFromMaturitiesPrepaymentsAndCallsOfAvailableForSaleSecurities,revenue_candidate_VERIFY_scope_and_currency,USD,2016-01-01,2016-12-31,2018-02-01,1261000000,10-K,0001326801-18-000009,366,False,
META,us-gaap,ProceedsFromMaturitiesPrepaymentsAndCallsOfAvailableForSaleSecurities,revenue_candidate_VERIFY_scope_and_currency,USD,2016-01-01,2016-12-31,2019-01-31,1261000000,10-K,0001326801-19-000009,366,False,
META,us-gaap,ProceedsFromMaturitiesPrepaymentsAndCallsOfAvailableForSaleSecurities,revenue_candidate_VERIFY_scope_and_currency,USD,2017-01-01,2017-03-31,2017-05-04,599000000,10-Q,0001326801-17-000024,90,False,
META,us-gaap,ProceedsFromMaturitiesPrepaymentsAndCallsOfAvailableForSaleSecurities,revenue_candidate_VERIFY_scope_and_currency,USD,2017-01-01,2017-03-31,2018-04-26,599000000,10-Q,0001326801-18-000032,90,False,
META,us-gaap,ProceedsFromMaturitiesPrepaymentsAndCallsOfAvailableForSaleSecurities,revenue_candidate_VERIFY_scope_and_currency,USD,2017-01-01,2017-06-30,2017-07-27,1498000000,10-Q,0001326801-17-000038,181,False,
META,us-gaap,ProceedsFromMaturitiesPrepaymentsAndCallsOfAvailableForSaleSecurities,revenue_candidate_VERIFY_scope_and_currency,USD,2017-01-01,2017-06-30,2018-07-26,1498000000,10-Q,0001326801-18-000057,181,False,
META,us-gaap,ProceedsFromMaturitiesPrepaymentsAndCallsOfAvailableForSaleSecurities,revenue_candidate_VERIFY_scope_and_currency,USD,2017-01-01,2017-09-30,2017-11-02,2228000000,10-Q,0001326801-17-000053,273,False,
META,us-gaap,ProceedsFromMaturitiesPrepaymentsAndCallsOfAvailableForSaleSecurities,revenue_candidate_VERIFY_scope_and_currency,USD,2017-01-01,2017-09-30,2018-10-31,2228000000,10-Q,0001326801-18-000067,273,False,
META,us-gaap,ProceedsFromMaturitiesPrepaymentsAndCallsOfAvailableForSaleSecurities,revenue_candidate_VERIFY_scope_and_currency,USD,2017-01-01,2017-12-31,2018-02-01,2988000000,10-K,0001326801-18-000009,365,False,
META,us-gaap,ProceedsFromMaturitiesPrepaymentsAndCallsOfAvailableForSaleSecurities,revenue_candidate_VERIFY_scope_and_currency,USD,2017-01-01,2017-12-31,2019-01-31,2988000000,10-K,0001326801-19-000009,365,False,
META,us-gaap,ProceedsFromMaturitiesPrepaymentsAndCallsOfAvailableForSaleSecurities,revenue_candidate_VERIFY_scope_and_currency,USD,2017-01-01,2017-12-31,2020-01-30,2988000000,10-K,0001326801-20-000013,365,False,
META,us-gaap,ProceedsFromMaturitiesPrepaymentsAndCallsOfAvailableForSaleSecurities,revenue_candidate_VERIFY_scope_and_currency,USD,2018-01-01,2018-03-31,2018-04-26,1267000000,10-Q,0001326801-18-000032,90,False,
META,us-gaap,ProceedsFromMaturitiesPrepaymentsAndCallsOfAvailableForSaleSecurities,revenue_candidate_VERIFY_scope_and_currency,USD,2018-01-01,2018-03-31,2019-04-25,1267000000,10-Q,0001326801-19-000037,90,False,
META,us-gaap,ProceedsFromMaturitiesPrepaymentsAndCallsOfAvailableForSaleSecurities,revenue_candidate_VERIFY_scope_and_currency,USD,2018-01-01,2018-06-30,2018-07-26,2338000000,10-Q,0001326801-18-000057,181,False,
META,us-gaap,ProceedsFromMaturitiesPrepaymentsAndCallsOfAvailableForSaleSecurities,revenue_candidate_VERIFY_scope_and_currency,USD,2018-01-01,2018-06-30,2019-07-25,2338000000,10-Q,0001326801-19-000055,181,False,
META,us-gaap,ProceedsFromMaturitiesPrepaymentsAndCallsOfAvailableForSaleSecurities,revenue_candidate_VERIFY_scope_and_currency,USD,2018-01-01,2018-09-30,2018-10-31,3391000000,10-Q,0001326801-18-000067,273,False,
META,us-gaap,ProceedsFromMaturitiesPrepaymentsAndCallsOfAvailableForSaleSecurities,revenue_candidate_VERIFY_scope_and_currency,USD,2018-01-01,2018-09-30,2019-10-31,3391000000,10-Q,0001326801-19-000069,273,False,
META,us-gaap,ProceedsFromMaturitiesPrepaymentsAndCallsOfAvailableForSaleSecurities,revenue_candidate_VERIFY_scope_and_currency,USD,2018-01-01,2018-12-31,2019-01-31,4772000000,10-K,0001326801-19-000009,365,False,
META,us-gaap,ProceedsFromMaturitiesPrepaymentsAndCallsOfAvailableForSaleSecurities,revenue_candidate_VERIFY_scope_and_currency,USD,2018-01-01,2018-12-31,2020-01-30,4772000000,10-K,0001326801-20-000013,365,False,
META,us-gaap,ProceedsFromMaturitiesPrepaymentsAndCallsOfAvailableForSaleSecurities,revenue_candidate_VERIFY_scope_and_currency,USD,2018-01-01,2018-12-31,2021-01-28,4772000000,10-K,0001326801-21-000014,365,False,
META,us-gaap,ProceedsFromMaturitiesPrepaymentsAndCallsOfAvailableForSaleSecurities,revenue_candidate_VERIFY_scope_and_currency,USD,2019-01-01,2019-03-31,2019-04-25,2210000000,10-Q,0001326801-19-000037,90,False,
META,us-gaap,ProceedsFromMaturitiesPrepaymentsAndCallsOfAvailableForSaleSecurities,revenue_candidate_VERIFY_scope_and_currency,USD,2019-01-01,2019-03-31,2020-04-30,2210000000,10-Q,0001326801-20-000048,90,False,
META,us-gaap,ProceedsFromMaturitiesPrepaymentsAndCallsOfAvailableForSaleSecurities,revenue_candidate_VERIFY_scope_and_currency,USD,2019-01-01,2019-06-30,2019-07-25,4105000000,10-Q,0001326801-19-000055,181,False,
META,us-gaap,ProceedsFromMaturitiesPrepaymentsAndCallsOfAvailableForSaleSecurities,revenue_candidate_VERIFY_scope_and_currency,USD,2019-01-01,2019-06-30,2020-07-31,4105000000,10-Q,0001326801-20-000076,181,False,
META,us-gaap,ProceedsFromMaturitiesPrepaymentsAndCallsOfAvailableForSaleSecurities,revenue_candidate_VERIFY_scope_and_currency,USD,2019-01-01,2019-09-30,2019-10-31,7048000000,10-Q,0001326801-19-000069,273,False,
META,us-gaap,ProceedsFromMaturitiesPrepaymentsAndCallsOfAvailableForSaleSecurities,revenue_candidate_VERIFY_scope_and_currency,USD,2019-01-01,2019-09-30,2020-10-30,7048000000,10-Q,0001326801-20-000084,273,False,
META,us-gaap,ProceedsFromMaturitiesPrepaymentsAndCallsOfAvailableForSaleSecurities,revenue_candidate_VERIFY_scope_and_currency,USD,2019-01-01,2019-12-31,2020-01-30,10152000000,10-K,0001326801-20-000013,365,False,
META,us-gaap,ProceedsFromMaturitiesPrepaymentsAndCallsOfAvailableForSaleSecurities,revenue_candidate_VERIFY_scope_and_currency,USD,2019-01-01,2019-12-31,2021-01-28,10152000000,10-K,0001326801-21-000014,365,False,
META,us-gaap,ProceedsFromMaturitiesPrepaymentsAndCallsOfAvailableForSaleSecurities,revenue_candidate_VERIFY_scope_and_currency,USD,2019-01-01,2019-12-31,2022-02-03,10152000000,10-K,0001326801-22-000018,365,False,
META,us-gaap,ProceedsFromMaturitiesPrepaymentsAndCallsOfAvailableForSaleSecurities,revenue_candidate_VERIFY_scope_and_currency,USD,2020-01-01,2020-03-31,2020-04-30,4644000000,10-Q,0001326801-20-000048,91,False,
META,us-gaap,ProceedsFromMaturitiesPrepaymentsAndCallsOfAvailableForSaleSecurities,revenue_candidate_VERIFY_scope_and_currency,USD,2020-01-01,2020-03-31,2021-04-29,4644000000,10-Q,0001326801-21-000033,91,False,
META,us-gaap,ProceedsFromMaturitiesPrepaymentsAndCallsOfAvailableForSaleSecurities,revenue_candidate_VERIFY_scope_and_currency,USD,2020-01-01,2020-06-30,2020-07-31,7868000000,10-Q,0001326801-20-000076,182,False,
META,us-gaap,ProceedsFromMaturitiesPrepaymentsAndCallsOfAvailableForSaleSecurities,revenue_candidate_VERIFY_scope_and_currency,USD,2020-01-01,2020-06-30,2021-07-29,7868000000,10-Q,0001326801-21-000049,182,False,
META,us-gaap,ProceedsFromMaturitiesPrepaymentsAndCallsOfAvailableForSaleSecurities,revenue_candidate_VERIFY_scope_and_currency,USD,2020-01-01,2020-09-30,2020-10-30,10725000000,10-Q,0001326801-20-000084,274,False,
META,us-gaap,ProceedsFromMaturitiesPrepaymentsAndCallsOfAvailableForSaleSecurities,revenue_candidate_VERIFY_scope_and_currency,USD,2020-01-01,2020-09-30,2021-10-26,10725000000,10-Q,0001326801-21-000065,274,False,
META,us-gaap,ProceedsFromMaturitiesPrepaymentsAndCallsOfAvailableForSaleSecurities,revenue_candidate_VERIFY_scope_and_currency,USD,2020-01-01,2020-12-31,2021-01-28,13984000000,10-K,0001326801-21-000014,366,False,
META,us-gaap,ProceedsFromMaturitiesPrepaymentsAndCallsOfAvailableForSaleSecurities,revenue_candidate_VERIFY_scope_and_currency,USD,2020-01-01,2020-12-31,2022-02-03,13984000000,10-K,0001326801-22-000018,366,False,
META,us-gaap,ProceedsFromMaturitiesPrepaymentsAndCallsOfAvailableForSaleSecurities,revenue_candidate_VERIFY_scope_and_currency,USD,2020-01-01,2020-12-31,2023-02-02,13984000000,10-K,0001326801-23-000013,366,False,
META,us-gaap,ProceedsFromMaturitiesPrepaymentsAndCallsOfAvailableForSaleSecurities,revenue_candidate_VERIFY_scope_and_currency,USD,2021-01-01,2021-03-31,2021-04-29,3981000000,10-Q,0001326801-21-000033,90,False,
META,us-gaap,ProceedsFromMaturitiesPrepaymentsAndCallsOfAvailableForSaleSecurities,revenue_candidate_VERIFY_scope_and_currency,USD,2021-01-01,2021-03-31,2022-04-28,3981000000,10-Q,0001326801-22-000057,90,False,
META,us-gaap,ProceedsFromMaturitiesPrepaymentsAndCallsOfAvailableForSaleSecurities,revenue_candidate_VERIFY_scope_and_currency,USD,2021-01-01,2021-06-30,2021-07-29,6327000000,10-Q,0001326801-21-000049,181,False,
META,us-gaap,ProceedsFromMaturitiesPrepaymentsAndCallsOfAvailableForSaleSecurities,revenue_candidate_VERIFY_scope_and_currency,USD,2021-01-01,2021-06-30,2022-07-28,6327000000,10-Q,0001326801-22-000082,181,False,
META,us-gaap,ProceedsFromMaturitiesPrepaymentsAndCallsOfAvailableForSaleSecurities,revenue_candidate_VERIFY_scope_and_currency,USD,2021-01-01,2021-09-30,2021-10-26,9318000000,10-Q,0001326801-21-000065,273,False,
META,us-gaap,ProceedsFromMaturitiesPrepaymentsAndCallsOfAvailableForSaleSecurities,revenue_candidate_VERIFY_scope_and_currency,USD,2021-01-01,2021-09-30,2022-10-27,9318000000,10-Q,0001326801-22-000108,273,False,
META,us-gaap,ProceedsFromMaturitiesPrepaymentsAndCallsOfAvailableForSaleSecurities,revenue_candidate_VERIFY_scope_and_currency,USD,2021-01-01,2021-12-31,2022-02-03,10915000000,10-K,0001326801-22-000018,365,False,
META,us-gaap,ProceedsFromMaturitiesPrepaymentsAndCallsOfAvailableForSaleSecurities,revenue_candidate_VERIFY_scope_and_currency,USD,2021-01-01,2021-12-31,2023-02-02,10915000000,10-K,0001326801-23-000013,365,False,
META,us-gaap,ProceedsFromMaturitiesPrepaymentsAndCallsOfAvailableForSaleSecurities,revenue_candidate_VERIFY_scope_and_currency,USD,2022-01-01,2022-03-31,2022-04-28,402000000,10-Q,0001326801-22-000057,90,False,
META,us-gaap,ProceedsFromMaturitiesPrepaymentsAndCallsOfAvailableForSaleSecurities,revenue_candidate_VERIFY_scope_and_currency,USD,2022-01-01,2022-06-30,2022-07-28,913000000,10-Q,0001326801-22-000082,181,False,
META,us-gaap,ProceedsFromMaturitiesPrepaymentsAndCallsOfAvailableForSaleSecurities,revenue_candidate_VERIFY_scope_and_currency,USD,2022-01-01,2022-09-30,2022-10-27,1562000000,10-Q,0001326801-22-000108,273,False,
META,us-gaap,ProceedsFromMaturitiesPrepaymentsAndCallsOfAvailableForSaleSecurities,revenue_candidate_VERIFY_scope_and_currency,USD,2022-01-01,2022-12-31,2023-02-02,2075000000,10-K,0001326801-23-000013,365,False,
META,us-gaap,ProceedsFromSaleOfAvailableForSaleSecurities,revenue_candidate_VERIFY_scope_and_currency,USD,2010-01-01,2010-12-31,2013-02-01,0,10-K,0001326801-13-000003,365,False,
META,us-gaap,ProceedsFromSaleOfAvailableForSaleSecurities,revenue_candidate_VERIFY_scope_and_currency,USD,2011-01-01,2011-06-30,2012-07-31,0,10-Q,0001193125-12-325997,181,False,
META,us-gaap,ProceedsFromSaleOfAvailableForSaleSecurities,revenue_candidate_VERIFY_scope_and_currency,USD,2011-01-01,2011-09-30,2012-10-24,95000000,10-Q,0001326801-12-000006,273,False,
META,us-gaap,ProceedsFromSaleOfAvailableForSaleSecurities,revenue_candidate_VERIFY_scope_and_currency,USD,2011-01-01,2011-12-31,2013-02-01,113000000,10-K,0001326801-13-000003,365,False,
META,us-gaap,ProceedsFromSaleOfAvailableForSaleSecurities,revenue_candidate_VERIFY_scope_and_currency,USD,2011-01-01,2011-12-31,2014-01-31,113000000,10-K,0001326801-14-000007,365,False,
META,us-gaap,ProceedsFromSaleOfAvailableForSaleSecurities,revenue_candidate_VERIFY_scope_and_currency,USD,2012-01-01,2012-03-31,2013-05-02,69000000,10-Q,0001326801-13-000011,91,False,
META,us-gaap,ProceedsFromSaleOfAvailableForSaleSecurities,revenue_candidate_VERIFY_scope_and_currency,USD,2012-01-01,2012-06-30,2012-07-31,128000000,10-Q,0001193125-12-325997,182,False,
META,us-gaap,ProceedsFromSaleOfAvailableForSaleSecurities,revenue_candidate_VERIFY_scope_and_currency,USD,2012-01-01,2012-06-30,2013-07-25,128000000,10-Q,0001326801-13-000019,182,False,
META,us-gaap,ProceedsFromSaleOfAvailableForSaleSecurities,revenue_candidate_VERIFY_scope_and_currency,USD,2012-01-01,2012-09-30,2012-10-24,571000000,10-Q,0001326801-12-000006,274,False,
META,us-gaap,ProceedsFromSaleOfAvailableForSaleSecurities,revenue_candidate_VERIFY_scope_and_currency,USD,2012-01-01,2012-09-30,2013-11-01,571000000,10-Q,0001326801-13-000031,274,False,
META,us-gaap,ProceedsFromSaleOfAvailableForSaleSecurities,revenue_candidate_VERIFY_scope_and_currency,USD,2012-01-01,2012-12-31,2013-02-01,2100000000,10-K,0001326801-13-000003,366,False,
META,us-gaap,ProceedsFromSaleOfAvailableForSaleSecurities,revenue_candidate_VERIFY_scope_and_currency,USD,2012-01-01,2012-12-31,2014-01-31,2100000000,10-K,0001326801-14-000007,366,False,
META,us-gaap,ProceedsFromSaleOfAvailableForSaleSecurities,revenue_candidate_VERIFY_scope_and_currency,USD,2012-01-01,2012-12-31,2015-01-29,2100000000,10-K,0001326801-15-000006,366,False,
META,us-gaap,ProceedsFromSaleOfAvailableForSaleSecurities,revenue_candidate_VERIFY_scope_and_currency,USD,2013-01-01,2013-03-31,2013-05-02,699000000,10-Q,0001326801-13-000011,90,False,
META,us-gaap,ProceedsFromSaleOfAvailableForSaleSecurities,revenue_candidate_VERIFY_scope_and_currency,USD,2013-01-01,2013-03-31,2014-04-25,699000000,10-Q,0001326801-14-000023,90,False,
META,us-gaap,ProceedsFromSaleOfAvailableForSaleSecurities,revenue_candidate_VERIFY_scope_and_currency,USD,2013-01-01,2013-06-30,2013-07-25,1275000000,10-Q,0001326801-13-000019,181,False,
META,us-gaap,ProceedsFromSaleOfAvailableForSaleSecurities,revenue_candidate_VERIFY_scope_and_currency,USD,2013-01-01,2013-06-30,2014-07-24,1275000000,10-Q,0001326801-14-000032,181,False,
META,us-gaap,ProceedsFromSaleOfAvailableForSaleSecurities,revenue_candidate_VERIFY_scope_and_currency,USD,2013-01-01,2013-09-30,2013-11-01,2433000000,10-Q,0001326801-13-000031,273,False,
META,us-gaap,ProceedsFromSaleOfAvailableForSaleSecurities,revenue_candidate_VERIFY_scope_and_currency,USD,2013-01-01,2013-09-30,2014-10-30,2433000000,10-Q,0001326801-14-000068,273,False,
META,us-gaap,ProceedsFromSaleOfAvailableForSaleSecurities,revenue_candidate_VERIFY_scope_and_currency,USD,2013-01-01,2013-12-31,2014-01-31,2988000000,10-K,0001326801-14-000007,365,False,
META,us-gaap,ProceedsFromSaleOfAvailableForSaleSecurities,revenue_candidate_VERIFY_scope_and_currency,USD,2013-01-01,2013-12-31,2015-01-29,2988000000,10-K,0001326801-15-000006,365,False,
META,us-gaap,ProceedsFromSaleOfAvailableForSaleSecurities,revenue_candidate_VERIFY_scope_and_currency,USD,2013-01-01,2013-12-31,2016-01-28,2988000000,10-K,0001326801-16-000043,365,False,
META,us-gaap,ProceedsFromSaleOfAvailableForSaleSecurities,revenue_candidate_VERIFY_scope_and_currency,USD,2014-01-01,2014-03-31,2014-04-25,847000000,10-Q,0001326801-14-000023,90,False,
META,us-gaap,ProceedsFromSaleOfAvailableForSaleSecurities,revenue_candidate_VERIFY_scope_and_currency,USD,2014-01-01,2014-03-31,2015-04-23,847000000,10-Q,0001326801-15-000015,90,False,
META,us-gaap,ProceedsFromSaleOfAvailableForSaleSecurities,revenue_candidate_VERIFY_scope_and_currency,USD,2014-01-01,2014-06-30,2014-07-24,1968000000,10-Q,0001326801-14-000032,181,False,
META,us-gaap,ProceedsFromSaleOfAvailableForSaleSecurities,revenue_candidate_VERIFY_scope_and_currency,USD,2014-01-01,2014-06-30,2015-07-31,1968000000,10-Q,0001326801-15-000028,181,False,
META,us-gaap,ProceedsFromSaleOfAvailableForSaleSecurities,revenue_candidate_VERIFY_scope_and_currency,USD,2014-01-01,2014-09-30,2014-10-30,7391000000,10-Q,0001326801-14-000068,273,False,
META,us-gaap,ProceedsFromSaleOfAvailableForSaleSecurities,revenue_candidate_VERIFY_scope_and_currency,USD,2014-01-01,2014-09-30,2015-11-05,7391000000,10-Q,0001326801-15-000032,273,False,
META,us-gaap,ProceedsFromSaleOfAvailableForSaleSecurities,revenue_candidate_VERIFY_scope_and_currency,USD,2014-01-01,2014-12-31,2015-01-29,8438000000,10-K,0001326801-15-000006,365,False,
META,us-gaap,ProceedsFromSaleOfAvailableForSaleSecurities,revenue_candidate_VERIFY_scope_and_currency,USD,2014-01-01,2014-12-31,2016-01-28,8438000000,10-K,0001326801-16-000043,365,False,
META,us-gaap,ProceedsFromSaleOfAvailableForSaleSecurities,revenue_candidate_VERIFY_scope_and_currency,USD,2014-01-01,2014-12-31,2017-02-03,8438000000,10-K,0001326801-17-000007,365,False,
META,us-gaap,ProceedsFromSaleOfAvailableForSaleSecurities,revenue_candidate_VERIFY_scope_and_currency,USD,2015-01-01,2015-03-31,2015-04-23,608000000,10-Q,0001326801-15-000015,90,False,
META,us-gaap,ProceedsFromSaleOfAvailableForSaleSecurities,revenue_candidate_VERIFY_scope_and_currency,USD,2015-01-01,2015-03-31,2016-04-28,608000000,10-Q,0001326801-16-000067,90,False,
META,us-gaap,ProceedsFromSaleOfAvailableForSaleSecurities,revenue_candidate_VERIFY_scope_and_currency,USD,2015-01-01,2015-06-30,2015-07-31,2726000000,10-Q,0001326801-15-000028,181,False,
META,us-gaap,ProceedsFromSaleOfAvailableForSaleSecurities,revenue_candidate_VERIFY_scope_and_currency,USD,2015-01-01,2015-06-30,2016-07-28,2726000000,10-Q,0001326801-16-000082,181,False,
META,us-gaap,ProceedsFromSaleOfAvailableForSaleSecurities,revenue_candidate_VERIFY_scope_and_currency,USD,2015-01-01,2015-09-30,2015-11-05,4125000000,10-Q,0001326801-15-000032,273,False,
META,us-gaap,ProceedsFromSaleOfAvailableForSaleSecurities,revenue_candidate_VERIFY_scope_and_currency,USD,2015-01-01,2015-09-30,2016-11-03,4125000000,10-Q,0001326801-16-000087,273,False,
META,us-gaap,ProceedsFromSaleOfAvailableForSaleSecurities,revenue_candidate_VERIFY_scope_and_currency,USD,2015-01-01,2015-12-31,2016-01-28,6928000000,10-K,0001326801-16-000043,365,False,
META,us-gaap,ProceedsFromSaleOfAvailableForSaleSecurities,revenue_candidate_VERIFY_scope_and_currency,USD,2015-01-01,2015-12-31,2017-02-03,6928000000,10-K,0001326801-17-000007,365,False,
META,us-gaap,ProceedsFromSaleOfAvailableForSaleSecurities,revenue_candidate_VERIFY_scope_and_currency,USD,2015-01-01,2015-12-31,2018-02-01,6928000000,10-K,0001326801-18-000009,365,False,
META,us-gaap,ProceedsFromSaleOfAvailableForSaleSecurities,revenue_candidate_VERIFY_scope_and_currency,USD,2016-01-01,2016-03-31,2016-04-28,2013000000,10-Q,0001326801-16-000067,91,False,
META,us-gaap,ProceedsFromSaleOfAvailableForSaleSecurities,revenue_candidate_VERIFY_scope_and_currency,USD,2016-01-01,2016-03-31,2017-05-04,2013000000,10-Q,0001326801-17-000024,91,False,
META,us-gaap,ProceedsFromSaleOfAvailableForSaleSecurities,revenue_candidate_VERIFY_scope_and_currency,USD,2016-01-01,2016-06-30,2016-07-28,4158000000,10-Q,0001326801-16-000082,182,False,
META,us-gaap,ProceedsFromSaleOfAvailableForSaleSecurities,revenue_candidate_VERIFY_scope_and_currency,USD,2016-01-01,2016-06-30,2017-07-27,4158000000,10-Q,0001326801-17-000038,182,False,
META,us-gaap,ProceedsFromSaleOfAvailableForSaleSecurities,revenue_candidate_VERIFY_scope_and_currency,USD,2016-01-01,2016-09-30,2016-11-03,9791000000,10-Q,0001326801-16-000087,274,False,
META,us-gaap,ProceedsFromSaleOfAvailableForSaleSecurities,revenue_candidate_VERIFY_scope_and_currency,USD,2016-01-01,2016-09-30,2017-11-02,9791000000,10-Q,0001326801-17-000053,274,False,
META,us-gaap,ProceedsFromSaleOfAvailableForSaleSecurities,revenue_candidate_VERIFY_scope_and_currency,USD,2016-01-01,2016-12-31,2017-02-03,13894000000,10-K,0001326801-17-000007,366,False,
META,us-gaap,ProceedsFromSaleOfAvailableForSaleSecurities,revenue_candidate_VERIFY_scope_and_currency,USD,2016-01-01,2016-12-31,2018-02-01,13894000000,10-K,0001326801-18-000009,366,False,
META,us-gaap,ProceedsFromSaleOfAvailableForSaleSecurities,revenue_candidate_VERIFY_scope_and_currency,USD,2017-01-01,2017-03-31,2017-05-04,1762000000,10-Q,0001326801-17-000024,90,False,
META,us-gaap,ProceedsFromSaleOfAvailableForSaleSecurities,revenue_candidate_VERIFY_scope_and_currency,USD,2017-01-01,2017-03-31,2018-04-26,1762000000,10-Q,0001326801-18-000032,90,False,
META,us-gaap,ProceedsFromSaleOfAvailableForSaleSecurities,revenue_candidate_VERIFY_scope_and_currency,USD,2017-01-01,2017-06-30,2017-07-27,3998000000,10-Q,0001326801-17-000038,181,False,
META,us-gaap,ProceedsFromSaleOfAvailableForSaleSecurities,revenue_candidate_VERIFY_scope_and_currency,USD,2017-01-01,2017-06-30,2018-07-26,3998000000,10-Q,0001326801-18-000057,181,False,
META,us-gaap,ProceedsFromSaleOfAvailableForSaleSecurities,revenue_candidate_VERIFY_scope_and_currency,USD,2017-01-01,2017-09-30,2017-11-02,7649000000,10-Q,0001326801-17-000053,273,False,
META,us-gaap,ProceedsFromSaleOfAvailableForSaleSecurities,revenue_candidate_VERIFY_scope_and_currency,USD,2017-01-01,2017-12-31,2018-02-01,9444000000,10-K,0001326801-18-000009,365,False,
META,us-gaap,ProceedsFromSaleOfAvailableForSaleSecurities,revenue_candidate_VERIFY_scope_and_currency,USD,2018-01-01,2018-03-31,2018-04-26,4330000000,10-Q,0001326801-18-000032,90,False,
META,us-gaap,ProceedsFromSaleOfAvailableForSaleSecurities,revenue_candidate_VERIFY_scope_and_currency,USD,2018-01-01,2018-06-30,2018-07-26,8612000000,10-Q,0001326801-18-000057,181,False,
META,us-gaap,ProceedsFromSaleOfAvailableForSaleSecuritiesDebt,revenue_candidate_VERIFY_scope_and_currency,USD,2016-01-01,2016-12-31,2019-01-31,13894000000,10-K,0001326801-19-000009,366,False,
META,us-gaap,ProceedsFromSaleOfAvailableForSaleSecuritiesDebt,revenue_candidate_VERIFY_scope_and_currency,USD,2017-01-01,2017-09-30,2018-10-31,7649000000,10-Q,0001326801-18-000067,273,False,
META,us-gaap,ProceedsFromSaleOfAvailableForSaleSecuritiesDebt,revenue_candidate_VERIFY_scope_and_currency,USD,2017-01-01,2017-12-31,2019-01-31,9444000000,10-K,0001326801-19-000009,365,False,
META,us-gaap,ProceedsFromSaleOfAvailableForSaleSecuritiesDebt,revenue_candidate_VERIFY_scope_and_currency,USD,2017-01-01,2017-12-31,2020-01-30,9444000000,10-K,0001326801-20-000013,365,False,
META,us-gaap,ProceedsFromSaleOfAvailableForSaleSecuritiesDebt,revenue_candidate_VERIFY_scope_and_currency,USD,2018-01-01,2018-03-31,2019-04-25,4330000000,10-Q,0001326801-19-000037,90,False,
META,us-gaap,ProceedsFromSaleOfAvailableForSaleSecuritiesDebt,revenue_candidate_VERIFY_scope_and_currency,USD,2018-01-01,2018-06-30,2019-07-25,8612000000,10-Q,0001326801-19-000055,181,False,
META,us-gaap,ProceedsFromSaleOfAvailableForSaleSecuritiesDebt,revenue_candidate_VERIFY_scope_and_currency,USD,2018-01-01,2018-09-30,2018-10-31,11104000000,10-Q,0001326801-18-000067,273,False,
META,us-gaap,ProceedsFromSaleOfAvailableForSaleSecuritiesDebt,revenue_candidate_VERIFY_scope_and_currency,USD,2018-01-01,2018-09-30,2019-10-31,11104000000,10-Q,0001326801-19-000069,273,False,
META,us-gaap,ProceedsFromSaleOfAvailableForSaleSecuritiesDebt,revenue_candidate_VERIFY_scope_and_currency,USD,2018-01-01,2018-12-31,2019-01-31,12358000000,10-K,0001326801-19-000009,365,False,
META,us-gaap,ProceedsFromSaleOfAvailableForSaleSecuritiesDebt,revenue_candidate_VERIFY_scope_and_currency,USD,2018-01-01,2018-12-31,2020-01-30,12358000000,10-K,0001326801-20-000013,365,False,
META,us-gaap,ProceedsFromSaleOfAvailableForSaleSecuritiesDebt,revenue_candidate_VERIFY_scope_and_currency,USD,2018-01-01,2018-12-31,2021-01-28,12358000000,10-K,0001326801-21-000014,365,False,
META,us-gaap,ProceedsFromSaleOfAvailableForSaleSecuritiesDebt,revenue_candidate_VERIFY_scope_and_currency,USD,2019-01-01,2019-03-31,2019-04-25,1512000000,10-Q,0001326801-19-000037,90,False,
META,us-gaap,ProceedsFromSaleOfAvailableForSaleSecuritiesDebt,revenue_candidate_VERIFY_scope_and_currency,USD,2019-01-01,2019-03-31,2020-04-30,1512000000,10-Q,0001326801-20-000048,90,False,
META,us-gaap,ProceedsFromSaleOfAvailableForSaleSecuritiesDebt,revenue_candidate_VERIFY_scope_and_currency,USD,2019-01-01,2019-06-30,2019-07-25,4456000000,10-Q,0001326801-19-000055,181,False,
META,us-gaap,ProceedsFromSaleOfAvailableForSaleSecuritiesDebt,revenue_candidate_VERIFY_scope_and_currency,USD,2019-01-01,2019-06-30,2020-07-31,4456000000,10-Q,0001326801-20-000076,181,False,
META,us-gaap,ProceedsFromSaleOfAvailableForSaleSecuritiesDebt,revenue_candidate_VERIFY_scope_and_currency,USD,2019-01-01,2019-09-30,2019-10-31,7402000000,10-Q,0001326801-19-000069,273,False,
META,us-gaap,ProceedsFromSaleOfAvailableForSaleSecuritiesDebt,revenue_candidate_VERIFY_scope_and_currency,USD,2019-01-01,2019-09-30,2020-10-30,7402000000,10-Q,0001326801-20-000084,273,False,
META,us-gaap,ProceedsFromSaleOfAvailableForSaleSecuritiesDebt,revenue_candidate_VERIFY_scope_and_currency,USD,2019-01-01,2019-12-31,2020-01-30,9565000000,10-K,0001326801-20-000013,365,False,
META,us-gaap,ProceedsFromSaleOfAvailableForSaleSecuritiesDebt,revenue_candidate_VERIFY_scope_and_currency,USD,2019-01-01,2019-12-31,2021-01-28,9565000000,10-K,0001326801-21-000014,365,False,
META,us-gaap,ProceedsFromSaleOfAvailableForSaleSecuritiesDebt,revenue_candidate_VERIFY_scope_and_currency,USD,2019-01-01,2019-12-31,2022-02-03,9565000000,10-K,0001326801-22-000018,365,False,
META,us-gaap,ProceedsFromSaleOfAvailableForSaleSecuritiesDebt,revenue_candidate_VERIFY_scope_and_currency,USD,2020-01-01,2020-03-31,2020-04-30,2764000000,10-Q,0001326801-20-000048,91,False,
META,us-gaap,ProceedsFromSaleOfAvailableForSaleSecuritiesDebt,revenue_candidate_VERIFY_scope_and_currency,USD,2020-01-01,2020-03-31,2021-04-29,2764000000,10-Q,0001326801-21-000033,91,False,
META,us-gaap,ProceedsFromSaleOfAvailableForSaleSecuritiesDebt,revenue_candidate_VERIFY_scope_and_currency,USD,2020-01-01,2020-06-30,2020-07-31,5381000000,10-Q,0001326801-20-000076,182,False,
META,us-gaap,ProceedsFromSaleOfAvailableForSaleSecuritiesDebt,revenue_candidate_VERIFY_scope_and_currency,USD,2020-01-01,2020-06-30,2021-07-29,5381000000,10-Q,0001326801-21-000049,182,False,
META,us-gaap,ProceedsFromSaleOfAvailableForSaleSecuritiesDebt,revenue_candidate_VERIFY_scope_and_currency,USD,2020-01-01,2020-09-30,2020-10-30,9779000000,10-Q,0001326801-20-000084,274,False,
META,us-gaap,ProceedsFromSaleOfAvailableForSaleSecuritiesDebt,revenue_candidate_VERIFY_scope_and_currency,USD,2020-01-01,2020-09-30,2021-10-26,9779000000,10-Q,0001326801-21-000065,274,False,
META,us-gaap,ProceedsFromSaleOfAvailableForSaleSecuritiesDebt,revenue_candidate_VERIFY_scope_and_currency,USD,2020-01-01,2020-12-31,2021-01-28,11787000000,10-K,0001326801-21-000014,366,False,
META,us-gaap,ProceedsFromSaleOfAvailableForSaleSecuritiesDebt,revenue_candidate_VERIFY_scope_and_currency,USD,2020-01-01,2020-12-31,2022-02-03,11787000000,10-K,0001326801-22-000018,366,False,
META,us-gaap,ProceedsFromSaleOfAvailableForSaleSecuritiesDebt,revenue_candidate_VERIFY_scope_and_currency,USD,2020-01-01,2020-12-31,2023-02-02,11787000000,10-K,0001326801-23-000013,366,False,
META,us-gaap,ProceedsFromSaleOfAvailableForSaleSecuritiesDebt,revenue_candidate_VERIFY_scope_and_currency,USD,2021-01-01,2021-03-31,2021-04-29,1650000000,10-Q,0001326801-21-000033,90,False,
META,us-gaap,ProceedsFromSaleOfAvailableForSaleSecuritiesDebt,revenue_candidate_VERIFY_scope_and_currency,USD,2021-01-01,2021-03-31,2022-04-28,1650000000,10-Q,0001326801-22-000057,90,False,
META,us-gaap,ProceedsFromSaleOfAvailableForSaleSecuritiesDebt,revenue_candidate_VERIFY_scope_and_currency,USD,2021-01-01,2021-06-30,2021-07-29,6337000000,10-Q,0001326801-21-000049,181,False,
META,us-gaap,ProceedsFromSaleOfAvailableForSaleSecuritiesDebt,revenue_candidate_VERIFY_scope_and_currency,USD,2021-01-01,2021-06-30,2022-07-28,6337000000,10-Q,0001326801-22-000082,181,False,
META,us-gaap,ProceedsFromSaleOfAvailableForSaleSecuritiesDebt,revenue_candidate_VERIFY_scope_and_currency,USD,2021-01-01,2021-09-30,2021-10-26,15331000000,10-Q,0001326801-21-000065,273,False,
META,us-gaap,ProceedsFromSaleOfAvailableForSaleSecuritiesDebt,revenue_candidate_VERIFY_scope_and_currency,USD,2021-01-01,2021-09-30,2022-10-27,15331000000,10-Q,0001326801-22-000108,273,False,
META,us-gaap,ProceedsFromSaleOfAvailableForSaleSecuritiesDebt,revenue_candidate_VERIFY_scope_and_currency,USD,2021-01-01,2021-12-31,2022-02-03,31671000000,10-K,0001326801-22-000018,365,False,
META,us-gaap,ProceedsFromSaleOfAvailableForSaleSecuritiesDebt,revenue_candidate_VERIFY_scope_and_currency,USD,2021-01-01,2021-12-31,2023-02-02,31671000000,10-K,0001326801-23-000013,365,False,
META,us-gaap,ProceedsFromSaleOfAvailableForSaleSecuritiesDebt,revenue_candidate_VERIFY_scope_and_currency,USD,2022-01-01,2022-03-31,2022-04-28,5065000000,10-Q,0001326801-22-000057,90,False,
META,us-gaap,ProceedsFromSaleOfAvailableForSaleSecuritiesDebt,revenue_candidate_VERIFY_scope_and_currency,USD,2022-01-01,2022-06-30,2022-07-28,7713000000,10-Q,0001326801-22-000082,181,False,
META,us-gaap,ProceedsFromSaleOfAvailableForSaleSecuritiesDebt,revenue_candidate_VERIFY_scope_and_currency,USD,2022-01-01,2022-09-30,2022-10-27,9333000000,10-Q,0001326801-22-000108,273,False,
META,us-gaap,ProceedsFromSaleOfAvailableForSaleSecuritiesDebt,revenue_candidate_VERIFY_scope_and_currency,USD,2022-01-01,2022-12-31,2023-02-02,11083000000,10-K,0001326801-23-000013,365,False,
META,us-gaap,RevenueFromContractWithCustomerExcludingAssessedTax,revenue_candidate_VERIFY_scope_and_currency,USD,2016-01-01,2016-12-31,2019-01-31,27638000000,10-K,0001326801-19-000009,366,True,
META,us-gaap,RevenueFromContractWithCustomerExcludingAssessedTax,revenue_candidate_VERIFY_scope_and_currency,USD,2017-01-01,2017-03-31,2018-04-26,8032000000,10-Q,0001326801-18-000032,90,True,
META,us-gaap,RevenueFromContractWithCustomerExcludingAssessedTax,revenue_candidate_VERIFY_scope_and_currency,USD,2017-01-01,2017-06-30,2018-07-26,17353000000,10-Q,0001326801-18-000057,181,True,
META,us-gaap,RevenueFromContractWithCustomerExcludingAssessedTax,revenue_candidate_VERIFY_scope_and_currency,USD,2017-04-01,2017-06-30,2018-07-26,9321000000,10-Q,0001326801-18-000057,91,True,
META,us-gaap,RevenueFromContractWithCustomerExcludingAssessedTax,revenue_candidate_VERIFY_scope_and_currency,USD,2017-01-01,2017-09-30,2018-10-31,27681000000,10-Q,0001326801-18-000067,273,True,
META,us-gaap,RevenueFromContractWithCustomerExcludingAssessedTax,revenue_candidate_VERIFY_scope_and_currency,USD,2017-07-01,2017-09-30,2018-10-31,10328000000,10-Q,0001326801-18-000067,92,True,
META,us-gaap,RevenueFromContractWithCustomerExcludingAssessedTax,revenue_candidate_VERIFY_scope_and_currency,USD,2017-01-01,2017-12-31,2019-01-31,40653000000,10-K,0001326801-19-000009,365,True,
META,us-gaap,RevenueFromContractWithCustomerExcludingAssessedTax,revenue_candidate_VERIFY_scope_and_currency,USD,2017-01-01,2017-12-31,2020-01-30,40653000000,10-K,0001326801-20-000013,365,True,
META,us-gaap,RevenueFromContractWithCustomerExcludingAssessedTax,revenue_candidate_VERIFY_scope_and_currency,USD,2018-01-01,2018-03-31,2018-04-26,11966000000,10-Q,0001326801-18-000032,90,True,
META,us-gaap,RevenueFromContractWithCustomerExcludingAssessedTax,revenue_candidate_VERIFY_scope_and_currency,USD,2018-01-01,2018-03-31,2019-04-25,11966000000,10-Q,0001326801-19-000037,90,True,
META,us-gaap,RevenueFromContractWithCustomerExcludingAssessedTax,revenue_candidate_VERIFY_scope_and_currency,USD,2018-01-01,2018-06-30,2018-07-26,25197000000,10-Q,0001326801-18-000057,181,True,
META,us-gaap,RevenueFromContractWithCustomerExcludingAssessedTax,revenue_candidate_VERIFY_scope_and_currency,USD,2018-01-01,2018-06-30,2019-07-25,25197000000,10-Q,0001326801-19-000055,181,True,
META,us-gaap,RevenueFromContractWithCustomerExcludingAssessedTax,revenue_candidate_VERIFY_scope_and_currency,USD,2018-04-01,2018-06-30,2018-07-26,13231000000,10-Q,0001326801-18-000057,91,True,
META,us-gaap,RevenueFromContractWithCustomerExcludingAssessedTax,revenue_candidate_VERIFY_scope_and_currency,USD,2018-04-01,2018-06-30,2019-07-25,13231000000,10-Q,0001326801-19-000055,91,True,
META,us-gaap,RevenueFromContractWithCustomerExcludingAssessedTax,revenue_candidate_VERIFY_scope_and_currency,USD,2018-01-01,2018-09-30,2018-10-31,38924000000,10-Q,0001326801-18-000067,273,True,
META,us-gaap,RevenueFromContractWithCustomerExcludingAssessedTax,revenue_candidate_VERIFY_scope_and_currency,USD,2018-01-01,2018-09-30,2019-10-31,38924000000,10-Q,0001326801-19-000069,273,True,
META,us-gaap,RevenueFromContractWithCustomerExcludingAssessedTax,revenue_candidate_VERIFY_scope_and_currency,USD,2018-07-01,2018-09-30,2018-10-31,13727000000,10-Q,0001326801-18-000067,92,True,
META,us-gaap,RevenueFromContractWithCustomerExcludingAssessedTax,revenue_candidate_VERIFY_scope_and_currency,USD,2018-07-01,2018-09-30,2019-10-31,13727000000,10-Q,0001326801-19-000069,92,True,
META,us-gaap,RevenueFromContractWithCustomerExcludingAssessedTax,revenue_candidate_VERIFY_scope_and_currency,USD,2018-01-01,2018-12-31,2019-01-31,55838000000,10-K,0001326801-19-000009,365,True,
META,us-gaap,RevenueFromContractWithCustomerExcludingAssessedTax,revenue_candidate_VERIFY_scope_and_currency,USD,2018-01-01,2018-12-31,2020-01-30,55838000000,10-K,0001326801-20-000013,365,True,
META,us-gaap,RevenueFromContractWithCustomerExcludingAssessedTax,revenue_candidate_VERIFY_scope_and_currency,USD,2018-01-01,2018-12-31,2021-01-28,55838000000,10-K,0001326801-21-000014,365,True,
META,us-gaap,RevenueFromContractWithCustomerExcludingAssessedTax,revenue_candidate_VERIFY_scope_and_currency,USD,2019-01-01,2019-03-31,2019-04-25,15077000000,10-Q,0001326801-19-000037,90,True,
META,us-gaap,RevenueFromContractWithCustomerExcludingAssessedTax,revenue_candidate_VERIFY_scope_and_currency,USD,2019-01-01,2019-03-31,2020-04-30,15077000000,10-Q,0001326801-20-000048,90,True,
META,us-gaap,RevenueFromContractWithCustomerExcludingAssessedTax,revenue_candidate_VERIFY_scope_and_currency,USD,2019-01-01,2019-06-30,2019-07-25,31963000000,10-Q,0001326801-19-000055,181,True,
META,us-gaap,RevenueFromContractWithCustomerExcludingAssessedTax,revenue_candidate_VERIFY_scope_and_currency,USD,2019-01-01,2019-06-30,2020-07-31,31963000000,10-Q,0001326801-20-000076,181,True,
META,us-gaap,RevenueFromContractWithCustomerExcludingAssessedTax,revenue_candidate_VERIFY_scope_and_currency,USD,2019-04-01,2019-06-30,2019-07-25,16886000000,10-Q,0001326801-19-000055,91,True,
META,us-gaap,RevenueFromContractWithCustomerExcludingAssessedTax,revenue_candidate_VERIFY_scope_and_currency,USD,2019-04-01,2019-06-30,2020-07-31,16886000000,10-Q,0001326801-20-000076,91,True,
META,us-gaap,RevenueFromContractWithCustomerExcludingAssessedTax,revenue_candidate_VERIFY_scope_and_currency,USD,2019-01-01,2019-09-30,2019-10-31,49615000000,10-Q,0001326801-19-000069,273,True,
META,us-gaap,RevenueFromContractWithCustomerExcludingAssessedTax,revenue_candidate_VERIFY_scope_and_currency,USD,2019-01-01,2019-09-30,2020-10-30,49615000000,10-Q,0001326801-20-000084,273,True,
META,us-gaap,RevenueFromContractWithCustomerExcludingAssessedTax,revenue_candidate_VERIFY_scope_and_currency,USD,2019-07-01,2019-09-30,2019-10-31,17652000000,10-Q,0001326801-19-000069,92,True,
META,us-gaap,RevenueFromContractWithCustomerExcludingAssessedTax,revenue_candidate_VERIFY_scope_and_currency,USD,2019-07-01,2019-09-30,2020-10-30,17652000000,10-Q,0001326801-20-000084,92,True,
META,us-gaap,RevenueFromContractWithCustomerExcludingAssessedTax,revenue_candidate_VERIFY_scope_and_currency,USD,2019-01-01,2019-12-31,2020-01-30,70697000000,10-K,0001326801-20-000013,365,True,
META,us-gaap,RevenueFromContractWithCustomerExcludingAssessedTax,revenue_candidate_VERIFY_scope_and_currency,USD,2019-01-01,2019-12-31,2021-01-28,70697000000,10-K,0001326801-21-000014,365,True,
META,us-gaap,RevenueFromContractWithCustomerExcludingAssessedTax,revenue_candidate_VERIFY_scope_and_currency,USD,2019-01-01,2019-12-31,2022-02-03,70697000000,10-K,0001326801-22-000018,365,True,
META,us-gaap,RevenueFromContractWithCustomerExcludingAssessedTax,revenue_candidate_VERIFY_scope_and_currency,USD,2020-01-01,2020-03-31,2020-04-30,17737000000,10-Q,0001326801-20-000048,91,True,
META,us-gaap,RevenueFromContractWithCustomerExcludingAssessedTax,revenue_candidate_VERIFY_scope_and_currency,USD,2020-01-01,2020-03-31,2021-04-29,17737000000,10-Q,0001326801-21-000033,91,True,
META,us-gaap,RevenueFromContractWithCustomerExcludingAssessedTax,revenue_candidate_VERIFY_scope_and_currency,USD,2020-01-01,2020-06-30,2020-07-31,36423000000,10-Q,0001326801-20-000076,182,True,
META,us-gaap,RevenueFromContractWithCustomerExcludingAssessedTax,revenue_candidate_VERIFY_scope_and_currency,USD,2020-01-01,2020-06-30,2021-07-29,36423000000,10-Q,0001326801-21-000049,182,True,
META,us-gaap,RevenueFromContractWithCustomerExcludingAssessedTax,revenue_candidate_VERIFY_scope_and_currency,USD,2020-04-01,2020-06-30,2020-07-31,18687000000,10-Q,0001326801-20-000076,91,True,
META,us-gaap,RevenueFromContractWithCustomerExcludingAssessedTax,revenue_candidate_VERIFY_scope_and_currency,USD,2020-04-01,2020-06-30,2021-07-29,18687000000,10-Q,0001326801-21-000049,91,True,
META,us-gaap,RevenueFromContractWithCustomerExcludingAssessedTax,revenue_candidate_VERIFY_scope_and_currency,USD,2020-01-01,2020-09-30,2020-10-30,57893000000,10-Q,0001326801-20-000084,274,True,
META,us-gaap,RevenueFromContractWithCustomerExcludingAssessedTax,revenue_candidate_VERIFY_scope_and_currency,USD,2020-01-01,2020-09-30,2021-10-26,57893000000,10-Q,0001326801-21-000065,274,True,
META,us-gaap,RevenueFromContractWithCustomerExcludingAssessedTax,revenue_candidate_VERIFY_scope_and_currency,USD,2020-07-01,2020-09-30,2020-10-30,21470000000,10-Q,0001326801-20-000084,92,True,
META,us-gaap,RevenueFromContractWithCustomerExcludingAssessedTax,revenue_candidate_VERIFY_scope_and_currency,USD,2020-07-01,2020-09-30,2021-10-26,21470000000,10-Q,0001326801-21-000065,92,True,
META,us-gaap,RevenueFromContractWithCustomerExcludingAssessedTax,revenue_candidate_VERIFY_scope_and_currency,USD,2020-01-01,2020-12-31,2021-01-28,85965000000,10-K,0001326801-21-000014,366,True,
META,us-gaap,RevenueFromContractWithCustomerExcludingAssessedTax,revenue_candidate_VERIFY_scope_and_currency,USD,2020-01-01,2020-12-31,2022-02-03,85965000000,10-K,0001326801-22-000018,366,True,
META,us-gaap,RevenueFromContractWithCustomerExcludingAssessedTax,revenue_candidate_VERIFY_scope_and_currency,USD,2020-01-01,2020-12-31,2023-02-02,85965000000,10-K,0001326801-23-000013,366,True,
META,us-gaap,RevenueFromContractWithCustomerExcludingAssessedTax,revenue_candidate_VERIFY_scope_and_currency,USD,2021-01-01,2021-03-31,2021-04-29,26171000000,10-Q,0001326801-21-000033,90,True,
META,us-gaap,RevenueFromContractWithCustomerExcludingAssessedTax,revenue_candidate_VERIFY_scope_and_currency,USD,2021-01-01,2021-03-31,2022-04-28,26171000000,10-Q,0001326801-22-000057,90,True,
META,us-gaap,RevenueFromContractWithCustomerExcludingAssessedTax,revenue_candidate_VERIFY_scope_and_currency,USD,2021-01-01,2021-06-30,2021-07-29,55248000000,10-Q,0001326801-21-000049,181,True,
META,us-gaap,RevenueFromContractWithCustomerExcludingAssessedTax,revenue_candidate_VERIFY_scope_and_currency,USD,2021-01-01,2021-06-30,2022-07-28,55248000000,10-Q,0001326801-22-000082,181,True,
META,us-gaap,RevenueFromContractWithCustomerExcludingAssessedTax,revenue_candidate_VERIFY_scope_and_currency,USD,2021-04-01,2021-06-30,2021-07-29,29077000000,10-Q,0001326801-21-000049,91,True,
META,us-gaap,RevenueFromContractWithCustomerExcludingAssessedTax,revenue_candidate_VERIFY_scope_and_currency,USD,2021-04-01,2021-06-30,2022-07-28,29077000000,10-Q,0001326801-22-000082,91,True,
META,us-gaap,RevenueFromContractWithCustomerExcludingAssessedTax,revenue_candidate_VERIFY_scope_and_currency,USD,2021-01-01,2021-09-30,2021-10-26,84258000000,10-Q,0001326801-21-000065,273,True,
META,us-gaap,RevenueFromContractWithCustomerExcludingAssessedTax,revenue_candidate_VERIFY_scope_and_currency,USD,2021-01-01,2021-09-30,2022-10-27,84258000000,10-Q,0001326801-22-000108,273,True,
META,us-gaap,RevenueFromContractWithCustomerExcludingAssessedTax,revenue_candidate_VERIFY_scope_and_currency,USD,2021-07-01,2021-09-30,2021-10-26,29010000000,10-Q,0001326801-21-000065,92,True,
META,us-gaap,RevenueFromContractWithCustomerExcludingAssessedTax,revenue_candidate_VERIFY_scope_and_currency,USD,2021-07-01,2021-09-30,2022-10-27,29010000000,10-Q,0001326801-22-000108,92,True,
META,us-gaap,RevenueFromContractWithCustomerExcludingAssessedTax,revenue_candidate_VERIFY_scope_and_currency,USD,2021-01-01,2021-12-31,2022-02-03,117929000000,10-K,0001326801-22-000018,365,True,
META,us-gaap,RevenueFromContractWithCustomerExcludingAssessedTax,revenue_candidate_VERIFY_scope_and_currency,USD,2021-01-01,2021-12-31,2023-02-02,117929000000,10-K,0001326801-23-000013,365,True,
META,us-gaap,RevenueFromContractWithCustomerExcludingAssessedTax,revenue_candidate_VERIFY_scope_and_currency,USD,2021-01-01,2021-12-31,2024-02-02,117929000000,10-K,0001326801-24-000012,365,True,
META,us-gaap,RevenueFromContractWithCustomerExcludingAssessedTax,revenue_candidate_VERIFY_scope_and_currency,USD,2022-01-01,2022-03-31,2022-04-28,27908000000,10-Q,0001326801-22-000057,90,True,
META,us-gaap,RevenueFromContractWithCustomerExcludingAssessedTax,revenue_candidate_VERIFY_scope_and_currency,USD,2022-01-01,2022-03-31,2023-04-27,27908000000,10-Q,0001326801-23-000067,90,True,
META,us-gaap,RevenueFromContractWithCustomerExcludingAssessedTax,revenue_candidate_VERIFY_scope_and_currency,USD,2022-01-01,2022-06-30,2022-07-28,56729000000,10-Q,0001326801-22-000082,181,True,
META,us-gaap,RevenueFromContractWithCustomerExcludingAssessedTax,revenue_candidate_VERIFY_scope_and_currency,USD,2022-01-01,2022-06-30,2023-07-27,56729000000,10-Q,0001326801-23-000093,181,True,
META,us-gaap,RevenueFromContractWithCustomerExcludingAssessedTax,revenue_candidate_VERIFY_scope_and_currency,USD,2022-04-01,2022-06-30,2022-07-28,28822000000,10-Q,0001326801-22-000082,91,True,
META,us-gaap,RevenueFromContractWithCustomerExcludingAssessedTax,revenue_candidate_VERIFY_scope_and_currency,USD,2022-04-01,2022-06-30,2023-07-27,28822000000,10-Q,0001326801-23-000093,91,True,
META,us-gaap,RevenueFromContractWithCustomerExcludingAssessedTax,revenue_candidate_VERIFY_scope_and_currency,USD,2022-01-01,2022-09-30,2022-10-27,84444000000,10-Q,0001326801-22-000108,273,True,
META,us-gaap,RevenueFromContractWithCustomerExcludingAssessedTax,revenue_candidate_VERIFY_scope_and_currency,USD,2022-01-01,2022-09-30,2023-10-26,84444000000,10-Q,0001326801-23-000103,273,True,
META,us-gaap,RevenueFromContractWithCustomerExcludingAssessedTax,revenue_candidate_VERIFY_scope_and_currency,USD,2022-07-01,2022-09-30,2022-10-27,27714000000,10-Q,0001326801-22-000108,92,True,
META,us-gaap,RevenueFromContractWithCustomerExcludingAssessedTax,revenue_candidate_VERIFY_scope_and_currency,USD,2022-07-01,2022-09-30,2023-10-26,27714000000,10-Q,0001326801-23-000103,92,True,
META,us-gaap,RevenueFromContractWithCustomerExcludingAssessedTax,revenue_candidate_VERIFY_scope_and_currency,USD,2022-01-01,2022-12-31,2023-02-02,116609000000,10-K,0001326801-23-000013,365,True,
META,us-gaap,RevenueFromContractWithCustomerExcludingAssessedTax,revenue_candidate_VERIFY_scope_and_currency,USD,2022-01-01,2022-12-31,2024-02-02,116609000000,10-K,0001326801-24-000012,365,True,
META,us-gaap,RevenueFromContractWithCustomerExcludingAssessedTax,revenue_candidate_VERIFY_scope_and_currency,USD,2022-01-01,2022-12-31,2025-01-30,116609000000,10-K,0001326801-25-000017,365,True,
META,us-gaap,RevenueFromContractWithCustomerExcludingAssessedTax,revenue_candidate_VERIFY_scope_and_currency,USD,2023-01-01,2023-03-31,2023-04-27,28645000000,10-Q,0001326801-23-000067,90,True,
META,us-gaap,RevenueFromContractWithCustomerExcludingAssessedTax,revenue_candidate_VERIFY_scope_and_currency,USD,2023-01-01,2023-03-31,2024-04-25,28645000000,10-Q,0001326801-24-000049,90,True,
META,us-gaap,RevenueFromContractWithCustomerExcludingAssessedTax,revenue_candidate_VERIFY_scope_and_currency,USD,2023-01-01,2023-06-30,2023-07-27,60645000000,10-Q,0001326801-23-000093,181,True,
META,us-gaap,RevenueFromContractWithCustomerExcludingAssessedTax,revenue_candidate_VERIFY_scope_and_currency,USD,2023-01-01,2023-06-30,2024-08-01,60645000000,10-Q,0001326801-24-000069,181,True,
META,us-gaap,RevenueFromContractWithCustomerExcludingAssessedTax,revenue_candidate_VERIFY_scope_and_currency,USD,2023-04-01,2023-06-30,2023-07-27,31999000000,10-Q,0001326801-23-000093,91,True,
META,us-gaap,RevenueFromContractWithCustomerExcludingAssessedTax,revenue_candidate_VERIFY_scope_and_currency,USD,2023-04-01,2023-06-30,2024-08-01,31999000000,10-Q,0001326801-24-000069,91,True,
META,us-gaap,RevenueFromContractWithCustomerExcludingAssessedTax,revenue_candidate_VERIFY_scope_and_currency,USD,2023-01-01,2023-09-30,2023-10-26,94791000000,10-Q,0001326801-23-000103,273,True,
META,us-gaap,RevenueFromContractWithCustomerExcludingAssessedTax,revenue_candidate_VERIFY_scope_and_currency,USD,2023-01-01,2023-09-30,2024-10-31,94791000000,10-Q,0001326801-24-000081,273,True,
META,us-gaap,RevenueFromContractWithCustomerExcludingAssessedTax,revenue_candidate_VERIFY_scope_and_currency,USD,2023-07-01,2023-09-30,2023-10-26,34146000000,10-Q,0001326801-23-000103,92,True,
META,us-gaap,RevenueFromContractWithCustomerExcludingAssessedTax,revenue_candidate_VERIFY_scope_and_currency,USD,2023-07-01,2023-09-30,2024-10-31,34146000000,10-Q,0001326801-24-000081,92,True,
META,us-gaap,RevenueFromContractWithCustomerExcludingAssessedTax,revenue_candidate_VERIFY_scope_and_currency,USD,2023-01-01,2023-12-31,2024-02-02,134902000000,10-K,0001326801-24-000012,365,True,
META,us-gaap,RevenueFromContractWithCustomerExcludingAssessedTax,revenue_candidate_VERIFY_scope_and_currency,USD,2023-01-01,2023-12-31,2025-01-30,134902000000,10-K,0001326801-25-000017,365,True,
META,us-gaap,RevenueFromContractWithCustomerExcludingAssessedTax,revenue_candidate_VERIFY_scope_and_currency,USD,2023-01-01,2023-12-31,2026-01-29,134902000000,10-K,0001628280-26-003942,365,True,
META,us-gaap,RevenueFromContractWithCustomerExcludingAssessedTax,revenue_candidate_VERIFY_scope_and_currency,USD,2024-01-01,2024-03-31,2024-04-25,36455000000,10-Q,0001326801-24-000049,91,True,
META,us-gaap,RevenueFromContractWithCustomerExcludingAssessedTax,revenue_candidate_VERIFY_scope_and_currency,USD,2024-01-01,2024-03-31,2025-05-01,36455000000,10-Q,0001326801-25-000054,91,True,
META,us-gaap,RevenueFromContractWithCustomerExcludingAssessedTax,revenue_candidate_VERIFY_scope_and_currency,USD,2024-01-01,2024-06-30,2024-08-01,75527000000,10-Q,0001326801-24-000069,182,True,
META,us-gaap,RevenueFromContractWithCustomerExcludingAssessedTax,revenue_candidate_VERIFY_scope_and_currency,USD,2024-01-01,2024-06-30,2025-07-31,75527000000,10-Q,0001628280-25-036791,182,True,
META,us-gaap,RevenueFromContractWithCustomerExcludingAssessedTax,revenue_candidate_VERIFY_scope_and_currency,USD,2024-04-01,2024-06-30,2024-08-01,39071000000,10-Q,0001326801-24-000069,91,True,
META,us-gaap,RevenueFromContractWithCustomerExcludingAssessedTax,revenue_candidate_VERIFY_scope_and_currency,USD,2024-04-01,2024-06-30,2025-07-31,39071000000,10-Q,0001628280-25-036791,91,True,
META,us-gaap,RevenueFromContractWithCustomerExcludingAssessedTax,revenue_candidate_VERIFY_scope_and_currency,USD,2024-01-01,2024-09-30,2024-10-31,116116000000,10-Q,0001326801-24-000081,274,True,
META,us-gaap,RevenueFromContractWithCustomerExcludingAssessedTax,revenue_candidate_VERIFY_scope_and_currency,USD,2024-01-01,2024-09-30,2025-10-30,116116000000,10-Q,0001628280-25-047240,274,True,
META,us-gaap,RevenueFromContractWithCustomerExcludingAssessedTax,revenue_candidate_VERIFY_scope_and_currency,USD,2024-07-01,2024-09-30,2024-10-31,40589000000,10-Q,0001326801-24-000081,92,True,
META,us-gaap,RevenueFromContractWithCustomerExcludingAssessedTax,revenue_candidate_VERIFY_scope_and_currency,USD,2024-07-01,2024-09-30,2025-10-30,40589000000,10-Q,0001628280-25-047240,92,True,
META,us-gaap,RevenueFromContractWithCustomerExcludingAssessedTax,revenue_candidate_VERIFY_scope_and_currency,USD,2024-01-01,2024-12-31,2025-01-30,164501000000,10-K,0001326801-25-000017,366,True,
META,us-gaap,RevenueFromContractWithCustomerExcludingAssessedTax,revenue_candidate_VERIFY_scope_and_currency,USD,2024-01-01,2024-12-31,2026-01-29,164501000000,10-K,0001628280-26-003942,366,True,
META,us-gaap,RevenueFromContractWithCustomerExcludingAssessedTax,revenue_candidate_VERIFY_scope_and_currency,USD,2025-01-01,2025-03-31,2025-05-01,42314000000,10-Q,0001326801-25-000054,90,True,
META,us-gaap,RevenueFromContractWithCustomerExcludingAssessedTax,revenue_candidate_VERIFY_scope_and_currency,USD,2025-01-01,2025-03-31,2026-04-30,42314000000,10-Q,0001628280-26-028526,90,True,
META,us-gaap,RevenueFromContractWithCustomerExcludingAssessedTax,revenue_candidate_VERIFY_scope_and_currency,USD,2025-01-01,2025-06-30,2025-07-31,89830000000,10-Q,0001628280-25-036791,181,True,
META,us-gaap,RevenueFromContractWithCustomerExcludingAssessedTax,revenue_candidate_VERIFY_scope_and_currency,USD,2025-01-01,2025-06-30,2026-07-30,89830000000,10-Q,0001628280-26-050705,181,True,
META,us-gaap,RevenueFromContractWithCustomerExcludingAssessedTax,revenue_candidate_VERIFY_scope_and_currency,USD,2025-04-01,2025-06-30,2025-07-31,47516000000,10-Q,0001628280-25-036791,91,True,
META,us-gaap,RevenueFromContractWithCustomerExcludingAssessedTax,revenue_candidate_VERIFY_scope_and_currency,USD,2025-04-01,2025-06-30,2026-07-30,47516000000,10-Q,0001628280-26-050705,91,True,
META,us-gaap,RevenueFromContractWithCustomerExcludingAssessedTax,revenue_candidate_VERIFY_scope_and_currency,USD,2025-01-01,2025-09-30,2025-10-30,141073000000,10-Q,0001628280-25-047240,273,True,
META,us-gaap,RevenueFromContractWithCustomerExcludingAssessedTax,revenue_candidate_VERIFY_scope_and_currency,USD,2025-07-01,2025-09-30,2025-10-30,51242000000,10-Q,0001628280-25-047240,92,True,
META,us-gaap,RevenueFromContractWithCustomerExcludingAssessedTax,revenue_candidate_VERIFY_scope_and_currency,USD,2025-01-01,2025-12-31,2026-01-29,200966000000,10-K,0001628280-26-003942,365,True,
META,us-gaap,RevenueFromContractWithCustomerExcludingAssessedTax,revenue_candidate_VERIFY_scope_and_currency,USD,2026-01-01,2026-03-31,2026-04-30,56311000000,10-Q,0001628280-26-028526,90,True,
META,us-gaap,RevenueFromContractWithCustomerExcludingAssessedTax,revenue_candidate_VERIFY_scope_and_currency,USD,2026-01-01,2026-06-30,2026-07-30,117111000000,10-Q,0001628280-26-050705,181,True,
META,us-gaap,RevenueFromContractWithCustomerExcludingAssessedTax,revenue_candidate_VERIFY_scope_and_currency,USD,2026-04-01,2026-06-30,2026-07-30,60801000000,10-Q,0001628280-26-050705,91,True,
META,us-gaap,Revenues,revenue_candidate_VERIFY_scope_and_currency,USD,2010-01-01,2010-12-31,2013-02-01,1974000000,10-K,0001326801-13-000003,365,True,
META,us-gaap,Revenues,revenue_candidate_VERIFY_scope_and_currency,USD,2011-01-01,2011-06-30,2012-07-31,1626000000,10-Q,0001193125-12-325997,181,True,
META,us-gaap,Revenues,revenue_candidate_VERIFY_scope_and_currency,USD,2011-04-01,2011-06-30,2012-07-31,895000000,10-Q,0001193125-12-325997,91,True,
META,us-gaap,Revenues,revenue_candidate_VERIFY_scope_and_currency,USD,2011-01-01,2011-09-30,2012-10-24,2580000000,10-Q,0001326801-12-000006,273,True,
META,us-gaap,Revenues,revenue_candidate_VERIFY_scope_and_currency,USD,2011-07-01,2011-09-30,2012-10-24,954000000,10-Q,0001326801-12-000006,92,True,
META,us-gaap,Revenues,revenue_candidate_VERIFY_scope_and_currency,USD,2011-01-01,2011-12-31,2013-02-01,3711000000,10-K,0001326801-13-000003,365,True,
META,us-gaap,Revenues,revenue_candidate_VERIFY_scope_and_currency,USD,2011-01-01,2011-12-31,2014-01-31,3711000000,10-K,0001326801-14-000007,365,True,
META,us-gaap,Revenues,revenue_candidate_VERIFY_scope_and_currency,USD,2012-01-01,2012-03-31,2013-05-02,1058000000,10-Q,0001326801-13-000011,91,True,
META,us-gaap,Revenues,revenue_candidate_VERIFY_scope_and_currency,USD,2012-01-01,2012-06-30,2012-07-31,2242000000,10-Q,0001193125-12-325997,182,True,
META,us-gaap,Revenues,revenue_candidate_VERIFY_scope_and_currency,USD,2012-01-01,2012-06-30,2013-07-25,2242000000,10-Q,0001326801-13-000019,182,True,
META,us-gaap,Revenues,revenue_candidate_VERIFY_scope_and_currency,USD,2012-04-01,2012-06-30,2012-07-31,1184000000,10-Q,0001193125-12-325997,91,True,
META,us-gaap,Revenues,revenue_candidate_VERIFY_scope_and_currency,USD,2012-04-01,2012-06-30,2013-07-25,1184000000,10-Q,0001326801-13-000019,91,True,
META,us-gaap,Revenues,revenue_candidate_VERIFY_scope_and_currency,USD,2012-01-01,2012-09-30,2012-10-24,3504000000,10-Q,0001326801-12-000006,274,True,
META,us-gaap,Revenues,revenue_candidate_VERIFY_scope_and_currency,USD,2012-01-01,2012-09-30,2013-11-01,3504000000,10-Q,0001326801-13-000031,274,True,
META,us-gaap,Revenues,revenue_candidate_VERIFY_scope_and_currency,USD,2012-07-01,2012-09-30,2012-10-24,1262000000,10-Q,0001326801-12-000006,92,True,
META,us-gaap,Revenues,revenue_candidate_VERIFY_scope_and_currency,USD,2012-07-01,2012-09-30,2013-11-01,1262000000,10-Q,0001326801-13-000031,92,True,
META,us-gaap,Revenues,revenue_candidate_VERIFY_scope_and_currency,USD,2012-01-01,2012-12-31,2013-02-01,5089000000,10-K,0001326801-13-000003,366,True,
META,us-gaap,Revenues,revenue_candidate_VERIFY_scope_and_currency,USD,2012-01-01,2012-12-31,2014-01-31,5089000000,10-K,0001326801-14-000007,366,True,
META,us-gaap,Revenues,revenue_candidate_VERIFY_scope_and_currency,USD,2012-01-01,2012-12-31,2015-01-29,5089000000,10-K,0001326801-15-000006,366,True,
META,us-gaap,Revenues,revenue_candidate_VERIFY_scope_and_currency,USD,2013-01-01,2013-03-31,2013-05-02,1458000000,10-Q,0001326801-13-000011,90,True,
META,us-gaap,Revenues,revenue_candidate_VERIFY_scope_and_currency,USD,2013-01-01,2013-03-31,2014-04-25,1458000000,10-Q,0001326801-14-000023,90,True,
META,us-gaap,Revenues,revenue_candidate_VERIFY_scope_and_currency,USD,2013-01-01,2013-06-30,2013-07-25,3271000000,10-Q,0001326801-13-000019,181,True,
META,us-gaap,Revenues,revenue_candidate_VERIFY_scope_and_currency,USD,2013-01-01,2013-06-30,2014-07-24,3271000000,10-Q,0001326801-14-000032,181,True,
META,us-gaap,Revenues,revenue_candidate_VERIFY_scope_and_currency,USD,2013-04-01,2013-06-30,2013-07-25,1813000000,10-Q,0001326801-13-000019,91,True,
META,us-gaap,Revenues,revenue_candidate_VERIFY_scope_and_currency,USD,2013-04-01,2013-06-30,2014-07-24,1813000000,10-Q,0001326801-14-000032,91,True,
META,us-gaap,Revenues,revenue_candidate_VERIFY_scope_and_currency,USD,2013-01-01,2013-09-30,2013-11-01,5286000000,10-Q,0001326801-13-000031,273,True,
META,us-gaap,Revenues,revenue_candidate_VERIFY_scope_and_currency,USD,2013-01-01,2013-09-30,2014-10-30,5286000000,10-Q,0001326801-14-000068,273,True,
META,us-gaap,Revenues,revenue_candidate_VERIFY_scope_and_currency,USD,2013-07-01,2013-09-30,2013-11-01,2016000000,10-Q,0001326801-13-000031,92,True,
META,us-gaap,Revenues,revenue_candidate_VERIFY_scope_and_currency,USD,2013-07-01,2013-09-30,2014-10-30,2016000000,10-Q,0001326801-14-000068,92,True,
META,us-gaap,Revenues,revenue_candidate_VERIFY_scope_and_currency,USD,2013-01-01,2013-12-31,2014-01-31,7872000000,10-K,0001326801-14-000007,365,True,
META,us-gaap,Revenues,revenue_candidate_VERIFY_scope_and_currency,USD,2013-01-01,2013-12-31,2015-01-29,7872000000,10-K,0001326801-15-000006,365,True,
META,us-gaap,Revenues,revenue_candidate_VERIFY_scope_and_currency,USD,2013-01-01,2013-12-31,2016-01-28,7872000000,10-K,0001326801-16-000043,365,True,
META,us-gaap,Revenues,revenue_candidate_VERIFY_scope_and_currency,USD,2014-01-01,2014-03-31,2014-04-25,2502000000,10-Q,0001326801-14-000023,90,True,
META,us-gaap,Revenues,revenue_candidate_VERIFY_scope_and_currency,USD,2014-01-01,2014-03-31,2015-04-23,2502000000,10-Q,0001326801-15-000015,90,True,
META,us-gaap,Revenues,revenue_candidate_VERIFY_scope_and_currency,USD,2014-01-01,2014-06-30,2014-07-24,5412000000,10-Q,0001326801-14-000032,181,True,
META,us-gaap,Revenues,revenue_candidate_VERIFY_scope_and_currency,USD,2014-01-01,2014-06-30,2015-07-31,5412000000,10-Q,0001326801-15-000028,181,True,
META,us-gaap,Revenues,revenue_candidate_VERIFY_scope_and_currency,USD,2014-04-01,2014-06-30,2014-07-24,2910000000,10-Q,0001326801-14-000032,91,True,
META,us-gaap,Revenues,revenue_candidate_VERIFY_scope_and_currency,USD,2014-04-01,2014-06-30,2015-07-31,2910000000,10-Q,0001326801-15-000028,91,True,
META,us-gaap,Revenues,revenue_candidate_VERIFY_scope_and_currency,USD,2014-01-01,2014-09-30,2014-10-30,8615000000,10-Q,0001326801-14-000068,273,True,
META,us-gaap,Revenues,revenue_candidate_VERIFY_scope_and_currency,USD,2014-01-01,2014-09-30,2015-11-05,8615000000,10-Q,0001326801-15-000032,273,True,
META,us-gaap,Revenues,revenue_candidate_VERIFY_scope_and_currency,USD,2014-07-01,2014-09-30,2014-10-30,3203000000,10-Q,0001326801-14-000068,92,True,
META,us-gaap,Revenues,revenue_candidate_VERIFY_scope_and_currency,USD,2014-07-01,2014-09-30,2015-11-05,3203000000,10-Q,0001326801-15-000032,92,True,
META,us-gaap,Revenues,revenue_candidate_VERIFY_scope_and_currency,USD,2014-01-01,2014-12-31,2015-01-29,12466000000,10-K,0001326801-15-000006,365,True,
META,us-gaap,Revenues,revenue_candidate_VERIFY_scope_and_currency,USD,2014-01-01,2014-12-31,2016-01-28,12466000000,10-K,0001326801-16-000043,365,True,
META,us-gaap,Revenues,revenue_candidate_VERIFY_scope_and_currency,USD,2014-01-01,2014-12-31,2017-02-03,12466000000,10-K,0001326801-17-000007,365,True,
META,us-gaap,Revenues,revenue_candidate_VERIFY_scope_and_currency,USD,2015-01-01,2015-03-31,2015-04-23,3543000000,10-Q,0001326801-15-000015,90,True,
META,us-gaap,Revenues,revenue_candidate_VERIFY_scope_and_currency,USD,2015-01-01,2015-03-31,2016-04-28,3543000000,10-Q,0001326801-16-000067,90,True,
META,us-gaap,Revenues,revenue_candidate_VERIFY_scope_and_currency,USD,2015-01-01,2015-06-30,2015-07-31,7586000000,10-Q,0001326801-15-000028,181,True,
META,us-gaap,Revenues,revenue_candidate_VERIFY_scope_and_currency,USD,2015-01-01,2015-06-30,2016-07-28,7586000000,10-Q,0001326801-16-000082,181,True,
META,us-gaap,Revenues,revenue_candidate_VERIFY_scope_and_currency,USD,2015-04-01,2015-06-30,2015-07-31,4042000000,10-Q,0001326801-15-000028,91,True,
META,us-gaap,Revenues,revenue_candidate_VERIFY_scope_and_currency,USD,2015-04-01,2015-06-30,2016-07-28,4042000000,10-Q,0001326801-16-000082,91,True,
META,us-gaap,Revenues,revenue_candidate_VERIFY_scope_and_currency,USD,2015-01-01,2015-09-30,2015-11-05,12087000000,10-Q,0001326801-15-000032,273,True,
META,us-gaap,Revenues,revenue_candidate_VERIFY_scope_and_currency,USD,2015-01-01,2015-09-30,2016-11-03,12087000000,10-Q,0001326801-16-000087,273,True,
META,us-gaap,Revenues,revenue_candidate_VERIFY_scope_and_currency,USD,2015-07-01,2015-09-30,2015-11-05,4501000000,10-Q,0001326801-15-000032,92,True,
META,us-gaap,Revenues,revenue_candidate_VERIFY_scope_and_currency,USD,2015-07-01,2015-09-30,2016-11-03,4501000000,10-Q,0001326801-16-000087,92,True,
META,us-gaap,Revenues,revenue_candidate_VERIFY_scope_and_currency,USD,2015-01-01,2015-12-31,2016-01-28,17928000000,10-K,0001326801-16-000043,365,True,
META,us-gaap,Revenues,revenue_candidate_VERIFY_scope_and_currency,USD,2015-01-01,2015-12-31,2017-02-03,17928000000,10-K,0001326801-17-000007,365,True,
META,us-gaap,Revenues,revenue_candidate_VERIFY_scope_and_currency,USD,2015-01-01,2015-12-31,2018-02-01,17928000000,10-K,0001326801-18-000009,365,True,
META,us-gaap,Revenues,revenue_candidate_VERIFY_scope_and_currency,USD,2016-01-01,2016-03-31,2016-04-28,5382000000,10-Q,0001326801-16-000067,91,True,
META,us-gaap,Revenues,revenue_candidate_VERIFY_scope_and_currency,USD,2016-01-01,2016-03-31,2017-05-04,5382000000,10-Q,0001326801-17-000024,91,True,
META,us-gaap,Revenues,revenue_candidate_VERIFY_scope_and_currency,USD,2016-01-01,2016-06-30,2016-07-28,11818000000,10-Q,0001326801-16-000082,182,True,
META,us-gaap,Revenues,revenue_candidate_VERIFY_scope_and_currency,USD,2016-01-01,2016-06-30,2017-07-27,11818000000,10-Q,0001326801-17-000038,182,True,
META,us-gaap,Revenues,revenue_candidate_VERIFY_scope_and_currency,USD,2016-04-01,2016-06-30,2016-07-28,6436000000,10-Q,0001326801-16-000082,91,True,
META,us-gaap,Revenues,revenue_candidate_VERIFY_scope_and_currency,USD,2016-04-01,2016-06-30,2017-07-27,6436000000,10-Q,0001326801-17-000038,91,True,
META,us-gaap,Revenues,revenue_candidate_VERIFY_scope_and_currency,USD,2016-01-01,2016-09-30,2016-11-03,18829000000,10-Q,0001326801-16-000087,274,True,
META,us-gaap,Revenues,revenue_candidate_VERIFY_scope_and_currency,USD,2016-01-01,2016-09-30,2017-11-02,18829000000,10-Q,0001326801-17-000053,274,True,
META,us-gaap,Revenues,revenue_candidate_VERIFY_scope_and_currency,USD,2016-07-01,2016-09-30,2016-11-03,7011000000,10-Q,0001326801-16-000087,92,True,
META,us-gaap,Revenues,revenue_candidate_VERIFY_scope_and_currency,USD,2016-07-01,2016-09-30,2017-11-02,7011000000,10-Q,0001326801-17-000053,92,True,
META,us-gaap,Revenues,revenue_candidate_VERIFY_scope_and_currency,USD,2016-01-01,2016-12-31,2017-02-03,27638000000,10-K,0001326801-17-000007,366,True,
META,us-gaap,Revenues,revenue_candidate_VERIFY_scope_and_currency,USD,2016-01-01,2016-12-31,2018-02-01,27638000000,10-K,0001326801-18-000009,366,True,
META,us-gaap,Revenues,revenue_candidate_VERIFY_scope_and_currency,USD,2017-01-01,2017-03-31,2017-05-04,8032000000,10-Q,0001326801-17-000024,90,True,
META,us-gaap,Revenues,revenue_candidate_VERIFY_scope_and_currency,USD,2017-01-01,2017-03-31,2018-04-26,8032000000,10-Q,0001326801-18-000032,90,True,
META,us-gaap,Revenues,revenue_candidate_VERIFY_scope_and_currency,USD,2017-01-01,2017-06-30,2017-07-27,17353000000,10-Q,0001326801-17-000038,181,True,
META,us-gaap,Revenues,revenue_candidate_VERIFY_scope_and_currency,USD,2017-01-01,2017-06-30,2018-07-26,17353000000,10-Q,0001326801-18-000057,181,True,
META,us-gaap,Revenues,revenue_candidate_VERIFY_scope_and_currency,USD,2017-04-01,2017-06-30,2017-07-27,9321000000,10-Q,0001326801-17-000038,91,True,
META,us-gaap,Revenues,revenue_candidate_VERIFY_scope_and_currency,USD,2017-04-01,2017-06-30,2018-07-26,9321000000,10-Q,0001326801-18-000057,91,True,
META,us-gaap,Revenues,revenue_candidate_VERIFY_scope_and_currency,USD,2017-01-01,2017-09-30,2017-11-02,27681000000,10-Q,0001326801-17-000053,273,True,
META,us-gaap,Revenues,revenue_candidate_VERIFY_scope_and_currency,USD,2017-01-01,2017-09-30,2018-10-31,27681000000,10-Q,0001326801-18-000067,273,True,
META,us-gaap,Revenues,revenue_candidate_VERIFY_scope_and_currency,USD,2017-07-01,2017-09-30,2017-11-02,10328000000,10-Q,0001326801-17-000053,92,True,
META,us-gaap,Revenues,revenue_candidate_VERIFY_scope_and_currency,USD,2017-07-01,2017-09-30,2018-10-31,10328000000,10-Q,0001326801-18-000067,92,True,
META,us-gaap,Revenues,revenue_candidate_VERIFY_scope_and_currency,USD,2017-01-01,2017-12-31,2018-02-01,40653000000,10-K,0001326801-18-000009,365,True,
META,us-gaap,Revenues,revenue_candidate_VERIFY_scope_and_currency,USD,2018-01-01,2018-03-31,2018-04-26,11966000000,10-Q,0001326801-18-000032,90,True,
META,us-gaap,Revenues,revenue_candidate_VERIFY_scope_and_currency,USD,2018-01-01,2018-06-30,2018-07-26,25197000000,10-Q,0001326801-18-000057,181,True,
META,us-gaap,Revenues,revenue_candidate_VERIFY_scope_and_currency,USD,2018-04-01,2018-06-30,2018-07-26,13231000000,10-Q,0001326801-18-000057,91,True,
META,us-gaap,Revenues,revenue_candidate_VERIFY_scope_and_currency,USD,2018-01-01,2018-09-30,2018-10-31,38924000000,10-Q,0001326801-18-000067,273,True,
META,us-gaap,Revenues,revenue_candidate_VERIFY_scope_and_currency,USD,2018-07-01,2018-09-30,2018-10-31,13727000000,10-Q,0001326801-18-000067,92,True,
META,us-gaap,ShareBasedCompensationArrangementByShareBasedPaymentAwardEquityInstrumentsOtherThanOptionsForfeitedInPeriod,other_share_concept_NOT_automatically_outstanding,shares,2012-01-01,2012-06-30,2012-07-31,4385000,10-Q,0001193125-12-325997,182,False,
META,us-gaap,ShareBasedCompensationArrangementByShareBasedPaymentAwardEquityInstrumentsOtherThanOptionsForfeitedInPeriod,other_share_concept_NOT_automatically_outstanding,shares,2012-01-01,2012-09-30,2012-10-24,9089000,10-Q,0001326801-12-000006,274,False,
META,us-gaap,ShareBasedCompensationArrangementByShareBasedPaymentAwardEquityInstrumentsOtherThanOptionsForfeitedInPeriod,other_share_concept_NOT_automatically_outstanding,shares,2012-01-01,2012-12-31,2013-02-01,12955000,10-K,0001326801-13-000003,366,False,
META,us-gaap,ShareBasedCompensationArrangementByShareBasedPaymentAwardEquityInstrumentsOtherThanOptionsForfeituresWeightedAverageGrantDateFairValue,weighted_average_NOT_outstanding,USD/shares,2012-01-01,2012-06-30,2012-07-31,14.86,10-Q,0001193125-12-325997,182,False,
META,us-gaap,ShareBasedCompensationArrangementByShareBasedPaymentAwardEquityInstrumentsOtherThanOptionsForfeituresWeightedAverageGrantDateFairValue,weighted_average_NOT_outstanding,USD/shares,2012-01-01,2012-09-30,2012-10-24,19.32,10-Q,0001326801-12-000006,274,False,
META,us-gaap,ShareBasedCompensationArrangementByShareBasedPaymentAwardEquityInstrumentsOtherThanOptionsForfeituresWeightedAverageGrantDateFairValue,weighted_average_NOT_outstanding,USD/shares,2012-01-01,2012-12-31,2013-02-01,20,10-K,0001326801-13-000003,366,False,
META,us-gaap,ShareBasedCompensationArrangementByShareBasedPaymentAwardEquityInstrumentsOtherThanOptionsGrantsInPeriod,other_share_concept_NOT_automatically_outstanding,shares,2012-01-01,2012-06-30,2012-07-31,28603000,10-Q,0001193125-12-325997,182,False,
META,us-gaap,ShareBasedCompensationArrangementByShareBasedPaymentAwardEquityInstrumentsOtherThanOptionsGrantsInPeriod,other_share_concept_NOT_automatically_outstanding,shares,2012-01-01,2012-09-30,2012-10-24,33865000,10-Q,0001326801-12-000006,274,False,
META,us-gaap,ShareBasedCompensationArrangementByShareBasedPaymentAwardEquityInstrumentsOtherThanOptionsGrantsInPeriod,other_share_concept_NOT_automatically_outstanding,shares,2012-01-01,2012-12-31,2013-02-01,41252000,10-K,0001326801-13-000003,366,False,
META,us-gaap,ShareBasedCompensationArrangementByShareBasedPaymentAwardEquityInstrumentsOtherThanOptionsGrantsInPeriodWeightedAverageGrantDateFairValue,weighted_average_NOT_outstanding,USD/shares,2012-01-01,2012-06-30,2012-07-31,36.04,10-Q,0001193125-12-325997,182,False,
META,us-gaap,ShareBasedCompensationArrangementByShareBasedPaymentAwardEquityInstrumentsOtherThanOptionsGrantsInPeriodWeightedAverageGrantDateFairValue,weighted_average_NOT_outstanding,USD/shares,2012-01-01,2012-09-30,2012-10-24,34.69,10-Q,0001326801-12-000006,274,False,
META,us-gaap,ShareBasedCompensationArrangementByShareBasedPaymentAwardEquityInstrumentsOtherThanOptionsGrantsInPeriodWeightedAverageGrantDateFairValue,weighted_average_NOT_outstanding,USD/shares,2012-01-01,2012-12-31,2013-02-01,32.6,10-K,0001326801-13-000003,366,False,
META,us-gaap,ShareBasedCompensationArrangementByShareBasedPaymentAwardEquityInstrumentsOtherThanOptionsNonvestedNumber,other_share_concept_NOT_automatically_outstanding,shares,,2011-12-31,2013-02-01,153943000,10-K,0001326801-13-000003,,False,
META,us-gaap,ShareBasedCompensationArrangementByShareBasedPaymentAwardEquityInstrumentsOtherThanOptionsNonvestedNumber,other_share_concept_NOT_automatically_outstanding,shares,,2012-12-31,2013-02-01,113044000,10-K,0001326801-13-000003,,False,
META,us-gaap,ShareBasedCompensationArrangementByShareBasedPaymentAwardEquityInstrumentsOtherThanOptionsVestedInPeriod,other_share_concept_NOT_automatically_outstanding,shares,2012-01-01,2012-12-31,2013-02-01,69196000,10-K,0001326801-13-000003,366,False,
META,us-gaap,ShareBasedCompensationArrangementByShareBasedPaymentAwardEquityInstrumentsOtherThanOptionsVestedInPeriodWeightedAverageGrantDateFairValue,weighted_average_NOT_outstanding,USD/shares,2012-01-01,2012-12-31,2013-02-01,9.14,10-K,0001326801-13-000003,366,False,
META,us-gaap,ShareBasedCompensationArrangementByShareBasedPaymentAwardNonOptionEquityInstrumentsExercised,other_share_concept_NOT_automatically_outstanding,shares,2012-01-01,2012-12-31,2013-02-01,278846000,10-K,0001326801-13-000003,366,False,
META,us-gaap,ShareBasedCompensationArrangementByShareBasedPaymentAwardNumberOfSharesAvailableForGrant,other_share_concept_NOT_automatically_outstanding,shares,,2011-12-31,2013-02-01,52318000,10-K,0001326801-13-000003,,False,
META,us-gaap,ShareBasedCompensationArrangementByShareBasedPaymentAwardNumberOfSharesAvailableForGrant,other_share_concept_NOT_automatically_outstanding,shares,,2011-12-31,2012-10-24,52318000,10-Q,0001326801-12-000006,,False,
META,us-gaap,ShareBasedCompensationArrangementByShareBasedPaymentAwardNumberOfSharesAvailableForGrant,other_share_concept_NOT_automatically_outstanding,shares,,2011-12-31,2012-07-31,52318000,10-Q,0001193125-12-325997,,False,
META,us-gaap,ShareBasedCompensationArrangementByShareBasedPaymentAwardNumberOfSharesAvailableForGrant,other_share_concept_NOT_automatically_outstanding,shares,,2012-06-30,2012-07-31,53684000,10-Q,0001193125-12-325997,,False,
META,us-gaap,ShareBasedCompensationArrangementByShareBasedPaymentAwardNumberOfSharesAvailableForGrant,other_share_concept_NOT_automatically_outstanding,shares,,2012-09-30,2012-10-24,53126000,10-Q,0001326801-12-000006,,False,
META,us-gaap,ShareBasedCompensationArrangementByShareBasedPaymentAwardNumberOfSharesAvailableForGrant,other_share_concept_NOT_automatically_outstanding,shares,,2012-12-31,2013-02-01,171991000,10-K,0001326801-13-000003,,False,
META,us-gaap,ShareBasedCompensationArrangementByShareBasedPaymentAwardOptionsExercisableNumber,other_share_concept_NOT_automatically_outstanding,shares,,2012-12-31,2013-02-01,113688000,10-K,0001326801-13-000003,,False,
META,us-gaap,ShareBasedCompensationArrangementByShareBasedPaymentAwardOptionsExercisableWeightedAverageExercisePrice,weighted_average_NOT_outstanding,USD/shares,,2012-12-31,2013-02-01,0.34,10-K,0001326801-13-000003,,False,
META,us-gaap,ShareBasedCompensationArrangementByShareBasedPaymentAwardOptionsForfeituresAndExpirationsInPeriod,other_share_concept_NOT_automatically_outstanding,shares,2012-01-01,2012-06-30,2012-07-31,584000,10-Q,0001193125-12-325997,182,False,
META,us-gaap,ShareBasedCompensationArrangementByShareBasedPaymentAwardOptionsForfeituresAndExpirationsInPeriod,other_share_concept_NOT_automatically_outstanding,shares,2012-01-01,2012-09-30,2012-10-24,584000,10-Q,0001326801-12-000006,274,False,
META,us-gaap,ShareBasedCompensationArrangementByShareBasedPaymentAwardOptionsForfeituresAndExpirationsInPeriod,other_share_concept_NOT_automatically_outstanding,shares,2012-01-01,2012-12-31,2013-02-01,213000,10-K,0001326801-13-000003,366,False,
META,us-gaap,ShareBasedCompensationArrangementByShareBasedPaymentAwardOptionsOutstandingNumber,other_share_concept_NOT_automatically_outstanding,shares,,2011-12-31,2012-07-31,258539000,10-Q,0001193125-12-325997,,False,
META,us-gaap,ShareBasedCompensationArrangementByShareBasedPaymentAwardOptionsOutstandingNumber,other_share_concept_NOT_automatically_outstanding,shares,,2011-12-31,2012-10-24,258539000,10-Q,0001326801-12-000006,,False,
META,us-gaap,ShareBasedCompensationArrangementByShareBasedPaymentAwardOptionsOutstandingNumber,other_share_concept_NOT_automatically_outstanding,shares,,2011-12-31,2013-02-01,258539000,10-K,0001326801-13-000003,,False,
META,us-gaap,ShareBasedCompensationArrangementByShareBasedPaymentAwardOptionsOutstandingNumber,other_share_concept_NOT_automatically_outstanding,shares,,2012-06-30,2012-07-31,173877000,10-Q,0001193125-12-325997,,False,
META,us-gaap,ShareBasedCompensationArrangementByShareBasedPaymentAwardOptionsOutstandingNumber,other_share_concept_NOT_automatically_outstanding,shares,,2012-09-30,2012-10-24,173387000,10-Q,0001326801-12-000006,,False,
META,us-gaap,ShareBasedCompensationArrangementByShareBasedPaymentAwardOptionsOutstandingNumber,other_share_concept_NOT_automatically_outstanding,shares,,2012-12-31,2013-02-01,122821000,10-K,0001326801-13-000003,,False,
META,us-gaap,ShareBasedCompensationArrangementByShareBasedPaymentAwardOptionsOutstandingNumber,other_share_concept_NOT_automatically_outstanding,shares,,2013-12-31,2014-01-31,22102000,10-K,0001326801-14-000007,,False,
META,us-gaap,ShareBasedCompensationArrangementByShareBasedPaymentAwardOptionsOutstandingNumber,other_share_concept_NOT_automatically_outstanding,shares,,2014-12-31,2015-01-29,12984000,10-K,0001326801-15-000006,,False,
META,us-gaap,ShareBasedCompensationArrangementByShareBasedPaymentAwardOptionsOutstandingNumber,other_share_concept_NOT_automatically_outstanding,shares,,2015-12-31,2016-01-28,8443000,10-K,0001326801-16-000043,,False,
META,us-gaap,ShareBasedCompensationArrangementByShareBasedPaymentAwardOptionsOutstandingNumber,other_share_concept_NOT_automatically_outstanding,shares,,2016-12-31,2017-02-03,5687000,10-K,0001326801-17-000007,,False,
META,us-gaap,ShareBasedCompensationArrangementByShareBasedPaymentAwardOptionsOutstandingNumber,other_share_concept_NOT_automatically_outstanding,shares,,2017-12-31,2018-02-01,3078000,10-K,0001326801-18-000009,,False,
META,us-gaap,ShareBasedCompensationArrangementByShareBasedPaymentAwardOptionsOutstandingWeightedAverageExercisePrice,weighted_average_NOT_outstanding,USD/shares,,2011-12-31,2013-02-01,0.47,10-K,0001326801-13-000003,,False,
META,us-gaap,ShareBasedCompensationArrangementByShareBasedPaymentAwardOptionsOutstandingWeightedAverageExercisePrice,weighted_average_NOT_outstanding,USD/shares,,2011-12-31,2012-10-24,0.47,10-Q,0001326801-12-000006,,False,
META,us-gaap,ShareBasedCompensationArrangementByShareBasedPaymentAwardOptionsOutstandingWeightedAverageExercisePrice,weighted_average_NOT_outstanding,USD/shares,,2011-12-31,2012-07-31,0.47,10-Q,0001193125-12-325997,,False,
META,us-gaap,ShareBasedCompensationArrangementByShareBasedPaymentAwardOptionsOutstandingWeightedAverageExercisePrice,weighted_average_NOT_outstanding,USD/shares,,2012-06-30,2012-07-31,0.65,10-Q,0001193125-12-325997,,False,
META,us-gaap,ShareBasedCompensationArrangementByShareBasedPaymentAwardOptionsOutstandingWeightedAverageExercisePrice,weighted_average_NOT_outstanding,USD/shares,,2012-09-30,2012-10-24,0.65,10-Q,0001326801-12-000006,,False,
META,us-gaap,ShareBasedCompensationArrangementByShareBasedPaymentAwardOptionsOutstandingWeightedAverageExercisePrice,weighted_average_NOT_outstanding,USD/shares,,2012-12-31,2013-02-01,0.85,10-K,0001326801-13-000003,,False,
META,us-gaap,ShareBasedCompensationArrangementByShareBasedPaymentAwardOptionsVestedAndExpectedToVestOutstandingNumber,other_share_concept_NOT_automatically_outstanding,shares,,2012-12-31,2013-02-01,122791000,10-K,0001326801-13-000003,,False,
META,us-gaap,ShareBasedCompensationArrangementByShareBasedPaymentAwardOptionsVestedAndExpectedToVestOutstandingWeightedAverageExercisePrice,weighted_average_NOT_outstanding,USD/shares,,2012-12-31,2013-02-01,0.85,10-K,0001326801-13-000003,,False,
META,us-gaap,ShareBasedCompensationArrangementsByShareBasedPaymentAwardOptionsExercisesInPeriodWeightedAverageExercisePrice,weighted_average_NOT_outstanding,USD/shares,2012-01-01,2012-06-30,2012-07-31,0.11,10-Q,0001193125-12-325997,182,False,
META,us-gaap,ShareBasedCompensationArrangementsByShareBasedPaymentAwardOptionsExercisesInPeriodWeightedAverageExercisePrice,weighted_average_NOT_outstanding,USD/shares,2012-01-01,2012-09-30,2012-10-24,0.11,10-Q,0001326801-12-000006,274,False,
META,us-gaap,ShareBasedCompensationArrangementsByShareBasedPaymentAwardOptionsExercisesInPeriodWeightedAverageExercisePrice,weighted_average_NOT_outstanding,USD/shares,2012-01-01,2012-12-31,2013-02-01,0.12,10-K,0001326801-13-000003,366,False,
META,us-gaap,ShareBasedCompensationArrangementsByShareBasedPaymentAwardOptionsExpirationsInPeriodWeightedAverageExercisePrice,weighted_average_NOT_outstanding,USD/shares,2012-01-01,2012-06-30,2012-07-31,0.62,10-Q,0001193125-12-325997,182,False,
META,us-gaap,ShareBasedCompensationArrangementsByShareBasedPaymentAwardOptionsExpirationsInPeriodWeightedAverageExercisePrice,weighted_average_NOT_outstanding,USD/shares,2012-01-01,2012-09-30,2012-10-24,0.62,10-Q,0001326801-12-000006,274,False,
META,us-gaap,ShareBasedCompensationArrangementsByShareBasedPaymentAwardOptionsExpirationsInPeriodWeightedAverageExercisePrice,weighted_average_NOT_outstanding,USD/shares,2012-01-01,2012-12-31,2013-02-01,1.41,10-K,0001326801-13-000003,366,False,
META,us-gaap,ShareBasedCompensationSharesAuthorizedUnderStockOptionPlansExercisePriceRangeNumberOfExercisableOptions,other_share_concept_NOT_automatically_outstanding,shares,,2012-12-31,2013-02-01,113688000,10-K,0001326801-13-000003,,False,
META,us-gaap,ShareBasedCompensationSharesAuthorizedUnderStockOptionPlansExercisePriceRangeNumberOfExercisableOptions,other_share_concept_NOT_automatically_outstanding,shares,,2013-12-31,2014-01-31,17007000,10-K,0001326801-14-000007,,False,
META,us-gaap,ShareBasedCompensationSharesAuthorizedUnderStockOptionPlansExercisePriceRangeNumberOfExercisableOptions,other_share_concept_NOT_automatically_outstanding,shares,,2014-12-31,2015-01-29,9850000,10-K,0001326801-15-000006,,False,
META,us-gaap,ShareBasedCompensationSharesAuthorizedUnderStockOptionPlansExercisePriceRangeNumberOfExercisableOptions,other_share_concept_NOT_automatically_outstanding,shares,,2015-12-31,2016-01-28,6250000,10-K,0001326801-16-000043,,False,
META,us-gaap,ShareBasedCompensationSharesAuthorizedUnderStockOptionPlansExercisePriceRangeNumberOfExercisableOptions,other_share_concept_NOT_automatically_outstanding,shares,,2016-12-31,2017-02-03,4433000,10-K,0001326801-17-000007,,False,
META,us-gaap,ShareBasedCompensationSharesAuthorizedUnderStockOptionPlansExercisePriceRangeNumberOfExercisableOptions,other_share_concept_NOT_automatically_outstanding,shares,,2017-12-31,2018-02-01,2765000,10-K,0001326801-18-000009,,False,
META,us-gaap,SharebasedCompensationSharesAuthorizedUnderStockOptionPlansExercisePriceRangeExercisableOptionsWeightedAverageExercisePrice1,weighted_average_NOT_outstanding,USD/shares,,2012-12-31,2013-02-01,0.34,10-K,0001326801-13-000003,,False,
META,us-gaap,SharebasedCompensationSharesAuthorizedUnderStockOptionPlansExercisePriceRangeExercisableOptionsWeightedAverageExercisePrice1,weighted_average_NOT_outstanding,USD/shares,,2013-12-31,2014-01-31,1.64,10-K,0001326801-14-000007,,False,
META,us-gaap,SharebasedCompensationSharesAuthorizedUnderStockOptionPlansExercisePriceRangeExercisableOptionsWeightedAverageExercisePrice1,weighted_average_NOT_outstanding,USD/shares,,2014-12-31,2015-01-29,2.49,10-K,0001326801-15-000006,,False,
META,us-gaap,SharebasedCompensationSharesAuthorizedUnderStockOptionPlansExercisePriceRangeExercisableOptionsWeightedAverageExercisePrice1,weighted_average_NOT_outstanding,USD/shares,,2015-12-31,2016-01-28,5.19,10-K,0001326801-16-000043,,False,
META,us-gaap,SharebasedCompensationSharesAuthorizedUnderStockOptionPlansExercisePriceRangeExercisableOptionsWeightedAverageExercisePrice1,weighted_average_NOT_outstanding,USD/shares,,2016-12-31,2017-02-03,6.05,10-K,0001326801-17-000007,,False,
META,us-gaap,SharebasedCompensationSharesAuthorizedUnderStockOptionPlansExercisePriceRangeExercisableOptionsWeightedAverageExercisePrice1,weighted_average_NOT_outstanding,USD/shares,,2017-12-31,2018-02-01,9.5,10-K,0001326801-18-000009,,False,
META,us-gaap,SharebasedCompensationSharesAuthorizedUnderStockOptionPlansExercisePriceRangeOutstandingOptionsWeightedAverageExercisePriceBeginningBalance1,weighted_average_NOT_outstanding,USD/shares,,2012-12-31,2013-02-01,0.85,10-K,0001326801-13-000003,,False,
META,us-gaap,SharebasedCompensationSharesAuthorizedUnderStockOptionPlansExercisePriceRangeOutstandingOptionsWeightedAverageExercisePriceBeginningBalance1,weighted_average_NOT_outstanding,USD/shares,,2013-12-31,2014-01-31,3.56,10-K,0001326801-14-000007,,False,
META,us-gaap,SharebasedCompensationSharesAuthorizedUnderStockOptionPlansExercisePriceRangeOutstandingOptionsWeightedAverageExercisePriceBeginningBalance1,weighted_average_NOT_outstanding,USD/shares,,2014-12-31,2015-01-29,4.78,10-K,0001326801-15-000006,,False,
META,us-gaap,SharebasedCompensationSharesAuthorizedUnderStockOptionPlansExercisePriceRangeOutstandingOptionsWeightedAverageExercisePriceBeginningBalance1,weighted_average_NOT_outstanding,USD/shares,,2015-12-31,2016-01-28,7.1,10-K,0001326801-16-000043,,False,
META,us-gaap,SharebasedCompensationSharesAuthorizedUnderStockOptionPlansExercisePriceRangeOutstandingOptionsWeightedAverageExercisePriceBeginningBalance1,weighted_average_NOT_outstanding,USD/shares,,2016-12-31,2017-02-03,7.78,10-K,0001326801-17-000007,,False,
META,us-gaap,SharebasedCompensationSharesAuthorizedUnderStockOptionPlansExercisePriceRangeOutstandingOptionsWeightedAverageExercisePriceBeginningBalance1,weighted_average_NOT_outstanding,USD/shares,,2017-12-31,2018-02-01,10.06,10-K,0001326801-18-000009,,False,
META,us-gaap,SharesPaidForTaxWithholdingForShareBasedCompensation,other_share_concept_NOT_automatically_outstanding,shares,2012-01-01,2012-12-31,2014-01-31,123000000,10-K,0001326801-14-000007,366,False,
META,us-gaap,SharesPaidForTaxWithholdingForShareBasedCompensation,other_share_concept_NOT_automatically_outstanding,shares,2012-01-01,2012-12-31,2013-02-01,-123000000,10-K,0001326801-13-000003,366,False,
META,us-gaap,SharesPaidForTaxWithholdingForShareBasedCompensation,other_share_concept_NOT_automatically_outstanding,shares,2013-01-01,2013-12-31,2014-01-31,27000000,10-K,0001326801-14-000007,365,False,
META,us-gaap,StockIssuedDuringPeriodSharesShareBasedCompensationGross,other_share_concept_NOT_automatically_outstanding,shares,2013-01-01,2013-03-31,2013-05-02,5400000,10-Q,0001326801-13-000011,90,False,
META,us-gaap,StockIssuedDuringPeriodSharesStockOptionsExercised,other_share_concept_NOT_automatically_outstanding,shares,2012-01-01,2012-06-30,2012-07-31,84078000,10-Q,0001193125-12-325997,182,False,
META,us-gaap,StockIssuedDuringPeriodSharesStockOptionsExercised,other_share_concept_NOT_automatically_outstanding,shares,2012-01-01,2012-09-30,2012-10-24,84568000,10-Q,0001326801-12-000006,274,False,
META,us-gaap,StockIssuedDuringPeriodSharesStockOptionsExercised,other_share_concept_NOT_automatically_outstanding,shares,2012-01-01,2012-12-31,2013-02-01,135505000,10-K,0001326801-13-000003,366,False,
META,us-gaap,StockRepurchasedAndRetiredDuringPeriodShares,other_share_concept_NOT_automatically_outstanding,shares,2017-01-01,2017-12-31,2018-02-01,13000000,10-K,0001326801-18-000009,365,False,
META,us-gaap,StockRepurchasedAndRetiredDuringPeriodShares,other_share_concept_NOT_automatically_outstanding,shares,2018-01-01,2018-03-31,2018-04-26,11000000,10-Q,0001326801-18-000032,90,False,
META,us-gaap,StockRepurchasedAndRetiredDuringPeriodShares,other_share_concept_NOT_automatically_outstanding,shares,2018-01-01,2018-06-30,2018-07-26,29000000,10-Q,0001326801-18-000057,181,False,
META,us-gaap,StockRepurchasedAndRetiredDuringPeriodShares,other_share_concept_NOT_automatically_outstanding,shares,2018-01-01,2018-09-30,2018-10-31,54000000,10-Q,0001326801-18-000067,273,False,
META,us-gaap,StockRepurchasedAndRetiredDuringPeriodShares,other_share_concept_NOT_automatically_outstanding,shares,2018-01-01,2018-12-31,2019-01-31,79000000,10-K,0001326801-19-000009,365,False,
META,us-gaap,StockRepurchasedAndRetiredDuringPeriodShares,other_share_concept_NOT_automatically_outstanding,shares,2019-01-01,2019-03-31,2019-04-25,3100000,10-Q,0001326801-19-000037,90,False,
META,us-gaap,StockRepurchasedAndRetiredDuringPeriodShares,other_share_concept_NOT_automatically_outstanding,shares,2019-01-01,2019-06-30,2019-07-25,9300000,10-Q,0001326801-19-000055,181,False,
META,us-gaap,StockRepurchasedAndRetiredDuringPeriodShares,other_share_concept_NOT_automatically_outstanding,shares,2019-01-01,2019-09-30,2019-10-31,15400000,10-Q,0001326801-19-000069,273,False,
META,us-gaap,StockRepurchasedAndRetiredDuringPeriodShares,other_share_concept_NOT_automatically_outstanding,shares,2019-01-01,2019-12-31,2020-01-30,22000000,10-K,0001326801-20-000013,365,False,
META,us-gaap,StockRepurchasedAndRetiredDuringPeriodShares,other_share_concept_NOT_automatically_outstanding,shares,2020-01-01,2020-03-31,2020-04-30,6000000,10-Q,0001326801-20-000048,91,False,
META,us-gaap,StockRepurchasedAndRetiredDuringPeriodShares,other_share_concept_NOT_automatically_outstanding,shares,2020-01-01,2020-06-30,2020-07-31,13000000,10-Q,0001326801-20-000076,182,False,
META,us-gaap,StockRepurchasedAndRetiredDuringPeriodShares,other_share_concept_NOT_automatically_outstanding,shares,2020-01-01,2020-09-30,2020-10-30,20000000,10-Q,0001326801-20-000084,274,False,
META,us-gaap,StockRepurchasedAndRetiredDuringPeriodShares,other_share_concept_NOT_automatically_outstanding,shares,2020-01-01,2020-12-31,2021-01-28,27000000,10-K,0001326801-21-000014,366,False,
META,us-gaap,StockRepurchasedAndRetiredDuringPeriodShares,other_share_concept_NOT_automatically_outstanding,shares,2021-01-01,2021-03-31,2021-04-29,15000000,10-Q,0001326801-21-000033,90,False,
META,us-gaap,StockRepurchasedAndRetiredDuringPeriodShares,other_share_concept_NOT_automatically_outstanding,shares,2021-01-01,2021-06-30,2021-07-29,37000000,10-Q,0001326801-21-000049,181,False,
META,us-gaap,StockRepurchasedAndRetiredDuringPeriodShares,other_share_concept_NOT_automatically_outstanding,shares,2021-01-01,2021-09-30,2021-10-26,77000000,10-Q,0001326801-21-000065,273,False,
META,us-gaap,StockRepurchasedAndRetiredDuringPeriodShares,other_share_concept_NOT_automatically_outstanding,shares,2021-01-01,2021-12-31,2022-02-03,136000000,10-K,0001326801-22-000018,365,False,
META,us-gaap,StockRepurchasedAndRetiredDuringPeriodShares,other_share_concept_NOT_automatically_outstanding,shares,2022-01-01,2022-03-31,2022-04-28,34000000,10-Q,0001326801-22-000057,90,False,
META,us-gaap,StockRepurchasedAndRetiredDuringPeriodShares,other_share_concept_NOT_automatically_outstanding,shares,2022-01-01,2022-06-30,2022-07-28,60000000,10-Q,0001326801-22-000082,181,False,
META,us-gaap,StockRepurchasedAndRetiredDuringPeriodShares,other_share_concept_NOT_automatically_outstanding,shares,2022-01-01,2022-09-30,2022-10-27,101000000,10-Q,0001326801-22-000108,273,False,
META,us-gaap,WeightedAverageNumberOfDilutedSharesOutstanding,weighted_average_NOT_outstanding,shares,2010-01-01,2010-12-31,2013-02-01,1414000000,10-K,0001326801-13-000003,365,False,
META,us-gaap,WeightedAverageNumberOfDilutedSharesOutstanding,weighted_average_NOT_outstanding,shares,2011-01-01,2011-06-30,2012-07-31,1499000000,10-Q,0001193125-12-325997,181,False,
META,us-gaap,WeightedAverageNumberOfDilutedSharesOutstanding,weighted_average_NOT_outstanding,shares,2011-04-01,2011-06-30,2012-07-31,1510000000,10-Q,0001193125-12-325997,91,False,
META,us-gaap,WeightedAverageNumberOfDilutedSharesOutstanding,weighted_average_NOT_outstanding,shares,2011-01-01,2011-09-30,2012-10-24,1507000000,10-Q,0001326801-12-000006,273,False,
META,us-gaap,WeightedAverageNumberOfDilutedSharesOutstanding,weighted_average_NOT_outstanding,shares,2011-07-01,2011-09-30,2012-10-24,1520000000,10-Q,0001326801-12-000006,92,False,
META,us-gaap,WeightedAverageNumberOfDilutedSharesOutstanding,weighted_average_NOT_outstanding,shares,2011-01-01,2011-12-31,2013-02-01,1508000000,10-K,0001326801-13-000003,365,False,
META,us-gaap,WeightedAverageNumberOfDilutedSharesOutstanding,weighted_average_NOT_outstanding,shares,2011-01-01,2011-12-31,2014-01-31,1508000000,10-K,0001326801-14-000007,365,False,
META,us-gaap,WeightedAverageNumberOfDilutedSharesOutstanding,weighted_average_NOT_outstanding,shares,2012-01-01,2012-03-31,2013-05-02,1527000000,10-Q,0001326801-13-000011,91,False,
META,us-gaap,WeightedAverageNumberOfDilutedSharesOutstanding,weighted_average_NOT_outstanding,shares,2012-01-01,2012-06-30,2012-07-31,1792000000,10-Q,0001193125-12-325997,182,False,
META,us-gaap,WeightedAverageNumberOfDilutedSharesOutstanding,weighted_average_NOT_outstanding,shares,2012-01-01,2012-06-30,2013-07-25,1792000000,10-Q,0001326801-13-000019,182,False,
META,us-gaap,WeightedAverageNumberOfDilutedSharesOutstanding,weighted_average_NOT_outstanding,shares,2012-04-01,2012-06-30,2012-07-31,1879000000,10-Q,0001193125-12-325997,91,False,
META,us-gaap,WeightedAverageNumberOfDilutedSharesOutstanding,weighted_average_NOT_outstanding,shares,2012-04-01,2012-06-30,2013-07-25,1879000000,10-Q,0001326801-13-000019,91,False,
META,us-gaap,WeightedAverageNumberOfDilutedSharesOutstanding,weighted_average_NOT_outstanding,shares,2012-01-01,2012-09-30,2012-10-24,1884000000,10-Q,0001326801-12-000006,274,False,
META,us-gaap,WeightedAverageNumberOfDilutedSharesOutstanding,weighted_average_NOT_outstanding,shares,2012-01-01,2012-09-30,2013-11-01,1884000000,10-Q,0001326801-13-000031,274,False,
META,us-gaap,WeightedAverageNumberOfDilutedSharesOutstanding,weighted_average_NOT_outstanding,shares,2012-07-01,2012-09-30,2012-10-24,2420000000,10-Q,0001326801-12-000006,92,False,
META,us-gaap,WeightedAverageNumberOfDilutedSharesOutstanding,weighted_average_NOT_outstanding,shares,2012-07-01,2012-09-30,2013-11-01,2420000000,10-Q,0001326801-13-000031,92,False,
META,us-gaap,WeightedAverageNumberOfDilutedSharesOutstanding,weighted_average_NOT_outstanding,shares,2012-01-01,2012-12-31,2013-02-01,2166000000,10-K,0001326801-13-000003,366,False,
META,us-gaap,WeightedAverageNumberOfDilutedSharesOutstanding,weighted_average_NOT_outstanding,shares,2012-01-01,2012-12-31,2014-01-31,2166000000,10-K,0001326801-14-000007,366,False,
META,us-gaap,WeightedAverageNumberOfDilutedSharesOutstanding,weighted_average_NOT_outstanding,shares,2012-01-01,2012-12-31,2015-01-29,2166000000,10-K,0001326801-15-000006,366,False,
META,us-gaap,WeightedAverageNumberOfDilutedSharesOutstanding,weighted_average_NOT_outstanding,shares,2013-01-01,2013-03-31,2013-05-02,2499000000,10-Q,0001326801-13-000011,90,False,
META,us-gaap,WeightedAverageNumberOfDilutedSharesOutstanding,weighted_average_NOT_outstanding,shares,2013-01-01,2013-03-31,2014-04-25,2499000000,10-Q,0001326801-14-000023,90,False,
META,us-gaap,WeightedAverageNumberOfDilutedSharesOutstanding,weighted_average_NOT_outstanding,shares,2013-01-01,2013-06-30,2013-07-25,2499000000,10-Q,0001326801-13-000019,181,False,
META,us-gaap,WeightedAverageNumberOfDilutedSharesOutstanding,weighted_average_NOT_outstanding,shares,2013-01-01,2013-06-30,2014-07-24,2499000000,10-Q,0001326801-14-000032,181,False,
META,us-gaap,WeightedAverageNumberOfDilutedSharesOutstanding,weighted_average_NOT_outstanding,shares,2013-04-01,2013-06-30,2013-07-25,2502000000,10-Q,0001326801-13-000019,91,False,
META,us-gaap,WeightedAverageNumberOfDilutedSharesOutstanding,weighted_average_NOT_outstanding,shares,2013-04-01,2013-06-30,2014-07-24,2502000000,10-Q,0001326801-14-000032,91,False,
META,us-gaap,WeightedAverageNumberOfDilutedSharesOutstanding,weighted_average_NOT_outstanding,shares,2013-01-01,2013-09-30,2013-11-01,2504000000,10-Q,0001326801-13-000031,273,False,
META,us-gaap,WeightedAverageNumberOfDilutedSharesOutstanding,weighted_average_NOT_outstanding,shares,2013-01-01,2013-09-30,2014-10-30,2504000000,10-Q,0001326801-14-000068,273,False,
META,us-gaap,WeightedAverageNumberOfDilutedSharesOutstanding,weighted_average_NOT_outstanding,shares,2013-07-01,2013-09-30,2013-11-01,2528000000,10-Q,0001326801-13-000031,92,False,
META,us-gaap,WeightedAverageNumberOfDilutedSharesOutstanding,weighted_average_NOT_outstanding,shares,2013-07-01,2013-09-30,2014-10-30,2528000000,10-Q,0001326801-14-000068,92,False,
META,us-gaap,WeightedAverageNumberOfDilutedSharesOutstanding,weighted_average_NOT_outstanding,shares,2013-01-01,2013-12-31,2014-01-31,2517000000,10-K,0001326801-14-000007,365,False,
META,us-gaap,WeightedAverageNumberOfDilutedSharesOutstanding,weighted_average_NOT_outstanding,shares,2013-01-01,2013-12-31,2015-01-29,2517000000,10-K,0001326801-15-000006,365,False,
META,us-gaap,WeightedAverageNumberOfDilutedSharesOutstanding,weighted_average_NOT_outstanding,shares,2013-01-01,2013-12-31,2016-01-28,2517000000,10-K,0001326801-16-000043,365,False,
META,us-gaap,WeightedAverageNumberOfDilutedSharesOutstanding,weighted_average_NOT_outstanding,shares,2014-01-01,2014-03-31,2014-04-25,2609000000,10-Q,0001326801-14-000023,90,False,
META,us-gaap,WeightedAverageNumberOfDilutedSharesOutstanding,weighted_average_NOT_outstanding,shares,2014-01-01,2014-03-31,2015-04-23,2609000000,10-Q,0001326801-15-000015,90,False,
META,us-gaap,WeightedAverageNumberOfDilutedSharesOutstanding,weighted_average_NOT_outstanding,shares,2014-01-01,2014-06-30,2014-07-24,2609000000,10-Q,0001326801-14-000032,181,False,
META,us-gaap,WeightedAverageNumberOfDilutedSharesOutstanding,weighted_average_NOT_outstanding,shares,2014-01-01,2014-06-30,2015-07-31,2609000000,10-Q,0001326801-15-000028,181,False,
META,us-gaap,WeightedAverageNumberOfDilutedSharesOutstanding,weighted_average_NOT_outstanding,shares,2014-04-01,2014-06-30,2014-07-24,2615000000,10-Q,0001326801-14-000032,91,False,
META,us-gaap,WeightedAverageNumberOfDilutedSharesOutstanding,weighted_average_NOT_outstanding,shares,2014-04-01,2014-06-30,2015-07-31,2615000000,10-Q,0001326801-15-000028,91,False,
META,us-gaap,WeightedAverageNumberOfDilutedSharesOutstanding,weighted_average_NOT_outstanding,shares,2014-01-01,2014-09-30,2014-10-30,2616000000,10-Q,0001326801-14-000068,273,False,
META,us-gaap,WeightedAverageNumberOfDilutedSharesOutstanding,weighted_average_NOT_outstanding,shares,2014-01-01,2014-09-30,2015-11-05,2616000000,10-Q,0001326801-15-000032,273,False,
META,us-gaap,WeightedAverageNumberOfDilutedSharesOutstanding,weighted_average_NOT_outstanding,shares,2014-07-01,2014-09-30,2014-10-30,2644000000,10-Q,0001326801-14-000068,92,False,
META,us-gaap,WeightedAverageNumberOfDilutedSharesOutstanding,weighted_average_NOT_outstanding,shares,2014-07-01,2014-09-30,2015-11-05,2644000000,10-Q,0001326801-15-000032,92,False,
META,us-gaap,WeightedAverageNumberOfDilutedSharesOutstanding,weighted_average_NOT_outstanding,shares,2014-01-01,2014-12-31,2015-01-29,2664000000,10-K,0001326801-15-000006,365,False,
META,us-gaap,WeightedAverageNumberOfDilutedSharesOutstanding,weighted_average_NOT_outstanding,shares,2014-01-01,2014-12-31,2016-01-28,2664000000,10-K,0001326801-16-000043,365,False,
META,us-gaap,WeightedAverageNumberOfDilutedSharesOutstanding,weighted_average_NOT_outstanding,shares,2014-01-01,2014-12-31,2017-02-03,2664000000,10-K,0001326801-17-000007,365,False,
META,us-gaap,WeightedAverageNumberOfDilutedSharesOutstanding,weighted_average_NOT_outstanding,shares,2015-01-01,2015-03-31,2015-04-23,2836000000,10-Q,0001326801-15-000015,90,False,
META,us-gaap,WeightedAverageNumberOfDilutedSharesOutstanding,weighted_average_NOT_outstanding,shares,2015-01-01,2015-03-31,2016-04-28,2836000000,10-Q,0001326801-16-000067,90,False,
META,us-gaap,WeightedAverageNumberOfDilutedSharesOutstanding,weighted_average_NOT_outstanding,shares,2015-01-01,2015-06-30,2015-07-31,2844000000,10-Q,0001326801-15-000028,181,False,
META,us-gaap,WeightedAverageNumberOfDilutedSharesOutstanding,weighted_average_NOT_outstanding,shares,2015-01-01,2015-06-30,2016-07-28,2844000000,10-Q,0001326801-16-000082,181,False,
META,us-gaap,WeightedAverageNumberOfDilutedSharesOutstanding,weighted_average_NOT_outstanding,shares,2015-04-01,2015-06-30,2015-07-31,2850000000,10-Q,0001326801-15-000028,91,False,
META,us-gaap,WeightedAverageNumberOfDilutedSharesOutstanding,weighted_average_NOT_outstanding,shares,2015-04-01,2015-06-30,2016-07-28,2850000000,10-Q,0001326801-16-000082,91,False,
META,us-gaap,WeightedAverageNumberOfDilutedSharesOutstanding,weighted_average_NOT_outstanding,shares,2015-01-01,2015-09-30,2015-11-05,2848000000,10-Q,0001326801-15-000032,273,False,
META,us-gaap,WeightedAverageNumberOfDilutedSharesOutstanding,weighted_average_NOT_outstanding,shares,2015-01-01,2015-09-30,2016-11-03,2848000000,10-Q,0001326801-16-000087,273,False,
META,us-gaap,WeightedAverageNumberOfDilutedSharesOutstanding,weighted_average_NOT_outstanding,shares,2015-07-01,2015-09-30,2015-11-05,2863000000,10-Q,0001326801-15-000032,92,False,
META,us-gaap,WeightedAverageNumberOfDilutedSharesOutstanding,weighted_average_NOT_outstanding,shares,2015-07-01,2015-09-30,2016-11-03,2863000000,10-Q,0001326801-16-000087,92,False,
META,us-gaap,WeightedAverageNumberOfDilutedSharesOutstanding,weighted_average_NOT_outstanding,shares,2015-01-01,2015-12-31,2016-01-28,2853000000,10-K,0001326801-16-000043,365,False,
META,us-gaap,WeightedAverageNumberOfDilutedSharesOutstanding,weighted_average_NOT_outstanding,shares,2015-01-01,2015-12-31,2017-02-03,2853000000,10-K,0001326801-17-000007,365,False,
META,us-gaap,WeightedAverageNumberOfDilutedSharesOutstanding,weighted_average_NOT_outstanding,shares,2015-01-01,2015-12-31,2018-02-01,2853000000,10-K,0001326801-18-000009,365,False,
META,us-gaap,WeightedAverageNumberOfDilutedSharesOutstanding,weighted_average_NOT_outstanding,shares,2016-01-01,2016-03-31,2016-04-28,2888000000,10-Q,0001326801-16-000067,91,False,
META,us-gaap,WeightedAverageNumberOfDilutedSharesOutstanding,weighted_average_NOT_outstanding,shares,2016-01-01,2016-03-31,2017-02-03,2905000000,10-K,0001326801-17-000007,91,False,
META,us-gaap,WeightedAverageNumberOfDilutedSharesOutstanding,weighted_average_NOT_outstanding,shares,2016-01-01,2016-03-31,2017-05-04,2905000000,10-Q,0001326801-17-000024,91,False,
META,us-gaap,WeightedAverageNumberOfDilutedSharesOutstanding,weighted_average_NOT_outstanding,shares,2016-01-01,2016-06-30,2016-07-28,2896000000,10-Q,0001326801-16-000082,182,False,
META,us-gaap,WeightedAverageNumberOfDilutedSharesOutstanding,weighted_average_NOT_outstanding,shares,2016-01-01,2016-06-30,2017-07-27,2912000000,10-Q,0001326801-17-000038,182,False,
META,us-gaap,WeightedAverageNumberOfDilutedSharesOutstanding,weighted_average_NOT_outstanding,shares,2016-04-01,2016-06-30,2016-07-28,2904000000,10-Q,0001326801-16-000082,91,False,
META,us-gaap,WeightedAverageNumberOfDilutedSharesOutstanding,weighted_average_NOT_outstanding,shares,2016-04-01,2016-06-30,2017-02-03,2921000000,10-K,0001326801-17-000007,91,False,
META,us-gaap,WeightedAverageNumberOfDilutedSharesOutstanding,weighted_average_NOT_outstanding,shares,2016-04-01,2016-06-30,2017-07-27,2921000000,10-Q,0001326801-17-000038,91,False,
META,us-gaap,WeightedAverageNumberOfDilutedSharesOutstanding,weighted_average_NOT_outstanding,shares,2016-01-01,2016-09-30,2016-11-03,2902000000,10-Q,0001326801-16-000087,274,False,
META,us-gaap,WeightedAverageNumberOfDilutedSharesOutstanding,weighted_average_NOT_outstanding,shares,2016-01-01,2016-09-30,2017-11-02,2918000000,10-Q,0001326801-17-000053,274,False,
META,us-gaap,WeightedAverageNumberOfDilutedSharesOutstanding,weighted_average_NOT_outstanding,shares,2016-07-01,2016-09-30,2016-11-03,2915000000,10-Q,0001326801-16-000087,92,False,
META,us-gaap,WeightedAverageNumberOfDilutedSharesOutstanding,weighted_average_NOT_outstanding,shares,2016-07-01,2016-09-30,2017-02-03,2931000000,10-K,0001326801-17-000007,92,False,
META,us-gaap,WeightedAverageNumberOfDilutedSharesOutstanding,weighted_average_NOT_outstanding,shares,2016-07-01,2016-09-30,2017-11-02,2931000000,10-Q,0001326801-17-000053,92,False,
META,us-gaap,WeightedAverageNumberOfDilutedSharesOutstanding,weighted_average_NOT_outstanding,shares,2016-01-01,2016-12-31,2017-02-03,2925000000,10-K,0001326801-17-000007,366,False,
META,us-gaap,WeightedAverageNumberOfDilutedSharesOutstanding,weighted_average_NOT_outstanding,shares,2016-01-01,2016-12-31,2018-02-01,2925000000,10-K,0001326801-18-000009,366,False,
META,us-gaap,WeightedAverageNumberOfDilutedSharesOutstanding,weighted_average_NOT_outstanding,shares,2016-01-01,2016-12-31,2019-01-31,2925000000,10-K,0001326801-19-000009,366,False,
META,us-gaap,WeightedAverageNumberOfDilutedSharesOutstanding,weighted_average_NOT_outstanding,shares,2017-01-01,2017-03-31,2017-05-04,2944000000,10-Q,0001326801-17-000024,90,False,
META,us-gaap,WeightedAverageNumberOfDilutedSharesOutstanding,weighted_average_NOT_outstanding,shares,2017-01-01,2017-03-31,2018-04-26,2944000000,10-Q,0001326801-18-000032,90,False,
META,us-gaap,WeightedAverageNumberOfDilutedSharesOutstanding,weighted_average_NOT_outstanding,shares,2017-01-01,2017-06-30,2017-07-27,2950000000,10-Q,0001326801-17-000038,181,False,
META,us-gaap,WeightedAverageNumberOfDilutedSharesOutstanding,weighted_average_NOT_outstanding,shares,2017-01-01,2017-06-30,2018-07-26,2950000000,10-Q,0001326801-18-000057,181,False,
META,us-gaap,WeightedAverageNumberOfDilutedSharesOutstanding,weighted_average_NOT_outstanding,shares,2017-04-01,2017-06-30,2017-07-27,2951000000,10-Q,0001326801-17-000038,91,False,
META,us-gaap,WeightedAverageNumberOfDilutedSharesOutstanding,weighted_average_NOT_outstanding,shares,2017-04-01,2017-06-30,2018-07-26,2951000000,10-Q,0001326801-18-000057,91,False,
META,us-gaap,WeightedAverageNumberOfDilutedSharesOutstanding,weighted_average_NOT_outstanding,shares,2017-01-01,2017-09-30,2017-11-02,2954000000,10-Q,0001326801-17-000053,273,False,
META,us-gaap,WeightedAverageNumberOfDilutedSharesOutstanding,weighted_average_NOT_outstanding,shares,2017-01-01,2017-09-30,2018-10-31,2954000000,10-Q,0001326801-18-000067,273,False,
META,us-gaap,WeightedAverageNumberOfDilutedSharesOutstanding,weighted_average_NOT_outstanding,shares,2017-07-01,2017-09-30,2017-11-02,2956000000,10-Q,0001326801-17-000053,92,False,
META,us-gaap,WeightedAverageNumberOfDilutedSharesOutstanding,weighted_average_NOT_outstanding,shares,2017-07-01,2017-09-30,2018-10-31,2956000000,10-Q,0001326801-18-000067,92,False,
META,us-gaap,WeightedAverageNumberOfDilutedSharesOutstanding,weighted_average_NOT_outstanding,shares,2017-01-01,2017-12-31,2018-02-01,2956000000,10-K,0001326801-18-000009,365,False,
META,us-gaap,WeightedAverageNumberOfDilutedSharesOutstanding,weighted_average_NOT_outstanding,shares,2017-01-01,2017-12-31,2019-01-31,2956000000,10-K,0001326801-19-000009,365,False,
META,us-gaap,WeightedAverageNumberOfDilutedSharesOutstanding,weighted_average_NOT_outstanding,shares,2017-01-01,2017-12-31,2020-01-30,2956000000,10-K,0001326801-20-000013,365,False,
META,us-gaap,WeightedAverageNumberOfDilutedSharesOutstanding,weighted_average_NOT_outstanding,shares,2018-01-01,2018-03-31,2018-04-26,2945000000,10-Q,0001326801-18-000032,90,False,
META,us-gaap,WeightedAverageNumberOfDilutedSharesOutstanding,weighted_average_NOT_outstanding,shares,2018-01-01,2018-03-31,2019-04-25,2945000000,10-Q,0001326801-19-000037,90,False,
META,us-gaap,WeightedAverageNumberOfDilutedSharesOutstanding,weighted_average_NOT_outstanding,shares,2018-01-01,2018-06-30,2018-07-26,2939000000,10-Q,0001326801-18-000057,181,False,
META,us-gaap,WeightedAverageNumberOfDilutedSharesOutstanding,weighted_average_NOT_outstanding,shares,2018-01-01,2018-06-30,2019-07-25,2939000000,10-Q,0001326801-19-000055,181,False,
META,us-gaap,WeightedAverageNumberOfDilutedSharesOutstanding,weighted_average_NOT_outstanding,shares,2018-04-01,2018-06-30,2018-07-26,2930000000,10-Q,0001326801-18-000057,91,False,
META,us-gaap,WeightedAverageNumberOfDilutedSharesOutstanding,weighted_average_NOT_outstanding,shares,2018-04-01,2018-06-30,2019-07-25,2930000000,10-Q,0001326801-19-000055,91,False,
META,us-gaap,WeightedAverageNumberOfDilutedSharesOutstanding,weighted_average_NOT_outstanding,shares,2018-01-01,2018-09-30,2018-10-31,2931000000,10-Q,0001326801-18-000067,273,False,
META,us-gaap,WeightedAverageNumberOfDilutedSharesOutstanding,weighted_average_NOT_outstanding,shares,2018-01-01,2018-09-30,2019-10-31,2931000000,10-Q,0001326801-19-000069,273,False,
META,us-gaap,WeightedAverageNumberOfDilutedSharesOutstanding,weighted_average_NOT_outstanding,shares,2018-07-01,2018-09-30,2018-10-31,2913000000,10-Q,0001326801-18-000067,92,False,
META,us-gaap,WeightedAverageNumberOfDilutedSharesOutstanding,weighted_average_NOT_outstanding,shares,2018-07-01,2018-09-30,2019-10-31,2913000000,10-Q,0001326801-19-000069,92,False,
META,us-gaap,WeightedAverageNumberOfDilutedSharesOutstanding,weighted_average_NOT_outstanding,shares,2018-01-01,2018-12-31,2019-01-31,2921000000,10-K,0001326801-19-000009,365,False,
META,us-gaap,WeightedAverageNumberOfDilutedSharesOutstanding,weighted_average_NOT_outstanding,shares,2018-01-01,2018-12-31,2020-01-30,2921000000,10-K,0001326801-20-000013,365,False,
META,us-gaap,WeightedAverageNumberOfDilutedSharesOutstanding,weighted_average_NOT_outstanding,shares,2018-01-01,2018-12-31,2021-01-28,2921000000,10-K,0001326801-21-000014,365,False,
META,us-gaap,WeightedAverageNumberOfDilutedSharesOutstanding,weighted_average_NOT_outstanding,shares,2019-01-01,2019-03-31,2019-04-25,2869000000,10-Q,0001326801-19-000037,90,False,
META,us-gaap,WeightedAverageNumberOfDilutedSharesOutstanding,weighted_average_NOT_outstanding,shares,2019-01-01,2019-03-31,2020-04-30,2869000000,10-Q,0001326801-20-000048,90,False,
META,us-gaap,WeightedAverageNumberOfDilutedSharesOutstanding,weighted_average_NOT_outstanding,shares,2019-01-01,2019-06-30,2019-07-25,2873000000,10-Q,0001326801-19-000055,181,False,
META,us-gaap,WeightedAverageNumberOfDilutedSharesOutstanding,weighted_average_NOT_outstanding,shares,2019-01-01,2019-06-30,2020-07-31,2873000000,10-Q,0001326801-20-000076,181,False,
META,us-gaap,WeightedAverageNumberOfDilutedSharesOutstanding,weighted_average_NOT_outstanding,shares,2019-04-01,2019-06-30,2019-07-25,2875000000,10-Q,0001326801-19-000055,91,False,
META,us-gaap,WeightedAverageNumberOfDilutedSharesOutstanding,weighted_average_NOT_outstanding,shares,2019-04-01,2019-06-30,2020-07-31,2875000000,10-Q,0001326801-20-000076,91,False,
META,us-gaap,WeightedAverageNumberOfDilutedSharesOutstanding,weighted_average_NOT_outstanding,shares,2019-01-01,2019-09-30,2019-10-31,2875000000,10-Q,0001326801-19-000069,273,False,
META,us-gaap,WeightedAverageNumberOfDilutedSharesOutstanding,weighted_average_NOT_outstanding,shares,2019-01-01,2019-09-30,2020-10-30,2875000000,10-Q,0001326801-20-000084,273,False,
META,us-gaap,WeightedAverageNumberOfDilutedSharesOutstanding,weighted_average_NOT_outstanding,shares,2019-07-01,2019-09-30,2019-10-31,2874000000,10-Q,0001326801-19-000069,92,False,
META,us-gaap,WeightedAverageNumberOfDilutedSharesOutstanding,weighted_average_NOT_outstanding,shares,2019-07-01,2019-09-30,2020-10-30,2874000000,10-Q,0001326801-20-000084,92,False,
META,us-gaap,WeightedAverageNumberOfDilutedSharesOutstanding,weighted_average_NOT_outstanding,shares,2019-01-01,2019-12-31,2020-01-30,2876000000,10-K,0001326801-20-000013,365,False,
META,us-gaap,WeightedAverageNumberOfDilutedSharesOutstanding,weighted_average_NOT_outstanding,shares,2019-01-01,2019-12-31,2021-01-28,2876000000,10-K,0001326801-21-000014,365,False,
META,us-gaap,WeightedAverageNumberOfDilutedSharesOutstanding,weighted_average_NOT_outstanding,shares,2019-01-01,2019-12-31,2022-02-03,2876000000,10-K,0001326801-22-000018,365,False,
META,us-gaap,WeightedAverageNumberOfDilutedSharesOutstanding,weighted_average_NOT_outstanding,shares,2020-01-01,2020-03-31,2020-04-30,2868000000,10-Q,0001326801-20-000048,91,False,
META,us-gaap,WeightedAverageNumberOfDilutedSharesOutstanding,weighted_average_NOT_outstanding,shares,2020-01-01,2020-03-31,2021-04-29,2868000000,10-Q,0001326801-21-000033,91,False,
META,us-gaap,WeightedAverageNumberOfDilutedSharesOutstanding,weighted_average_NOT_outstanding,shares,2020-01-01,2020-06-30,2020-07-31,2876000000,10-Q,0001326801-20-000076,182,False,
META,us-gaap,WeightedAverageNumberOfDilutedSharesOutstanding,weighted_average_NOT_outstanding,shares,2020-01-01,2020-06-30,2021-07-29,2876000000,10-Q,0001326801-21-000049,182,False,
META,us-gaap,WeightedAverageNumberOfDilutedSharesOutstanding,weighted_average_NOT_outstanding,shares,2020-04-01,2020-06-30,2020-07-31,2879000000,10-Q,0001326801-20-000076,91,False,
META,us-gaap,WeightedAverageNumberOfDilutedSharesOutstanding,weighted_average_NOT_outstanding,shares,2020-04-01,2020-06-30,2021-07-29,2879000000,10-Q,0001326801-21-000049,91,False,
META,us-gaap,WeightedAverageNumberOfDilutedSharesOutstanding,weighted_average_NOT_outstanding,shares,2020-01-01,2020-09-30,2020-10-30,2883000000,10-Q,0001326801-20-000084,274,False,
META,us-gaap,WeightedAverageNumberOfDilutedSharesOutstanding,weighted_average_NOT_outstanding,shares,2020-01-01,2020-09-30,2021-10-26,2883000000,10-Q,0001326801-21-000065,274,False,
META,us-gaap,WeightedAverageNumberOfDilutedSharesOutstanding,weighted_average_NOT_outstanding,shares,2020-07-01,2020-09-30,2020-10-30,2891000000,10-Q,0001326801-20-000084,92,False,
META,us-gaap,WeightedAverageNumberOfDilutedSharesOutstanding,weighted_average_NOT_outstanding,shares,2020-07-01,2020-09-30,2021-10-26,2891000000,10-Q,0001326801-21-000065,92,False,
META,us-gaap,WeightedAverageNumberOfDilutedSharesOutstanding,weighted_average_NOT_outstanding,shares,2020-01-01,2020-12-31,2021-01-28,2888000000,10-K,0001326801-21-000014,366,False,
META,us-gaap,WeightedAverageNumberOfDilutedSharesOutstanding,weighted_average_NOT_outstanding,shares,2020-01-01,2020-12-31,2022-02-03,2888000000,10-K,0001326801-22-000018,366,False,
META,us-gaap,WeightedAverageNumberOfDilutedSharesOutstanding,weighted_average_NOT_outstanding,shares,2020-01-01,2020-12-31,2023-02-02,2888000000,10-K,0001326801-23-000013,366,False,
META,us-gaap,WeightedAverageNumberOfDilutedSharesOutstanding,weighted_average_NOT_outstanding,shares,2021-01-01,2021-03-31,2021-04-29,2882000000,10-Q,0001326801-21-000033,90,False,
META,us-gaap,WeightedAverageNumberOfDilutedSharesOutstanding,weighted_average_NOT_outstanding,shares,2021-01-01,2021-03-31,2022-04-28,2882000000,10-Q,0001326801-22-000057,90,False,
META,us-gaap,WeightedAverageNumberOfDilutedSharesOutstanding,weighted_average_NOT_outstanding,shares,2021-01-01,2021-06-30,2021-07-29,2881000000,10-Q,0001326801-21-000049,181,False,
META,us-gaap,WeightedAverageNumberOfDilutedSharesOutstanding,weighted_average_NOT_outstanding,shares,2021-01-01,2021-06-30,2022-07-28,2881000000,10-Q,0001326801-22-000082,181,False,
META,us-gaap,WeightedAverageNumberOfDilutedSharesOutstanding,weighted_average_NOT_outstanding,shares,2021-04-01,2021-06-30,2021-07-29,2877000000,10-Q,0001326801-21-000049,91,False,
META,us-gaap,WeightedAverageNumberOfDilutedSharesOutstanding,weighted_average_NOT_outstanding,shares,2021-04-01,2021-06-30,2022-07-28,2877000000,10-Q,0001326801-22-000082,91,False,
META,us-gaap,WeightedAverageNumberOfDilutedSharesOutstanding,weighted_average_NOT_outstanding,shares,2021-01-01,2021-09-30,2021-10-26,2876000000,10-Q,0001326801-21-000065,273,False,
META,us-gaap,WeightedAverageNumberOfDilutedSharesOutstanding,weighted_average_NOT_outstanding,shares,2021-01-01,2021-09-30,2022-10-27,2876000000,10-Q,0001326801-22-000108,273,False,
META,us-gaap,WeightedAverageNumberOfDilutedSharesOutstanding,weighted_average_NOT_outstanding,shares,2021-07-01,2021-09-30,2021-10-26,2859000000,10-Q,0001326801-21-000065,92,False,
META,us-gaap,WeightedAverageNumberOfDilutedSharesOutstanding,weighted_average_NOT_outstanding,shares,2021-07-01,2021-09-30,2022-10-27,2859000000,10-Q,0001326801-22-000108,92,False,
META,us-gaap,WeightedAverageNumberOfDilutedSharesOutstanding,weighted_average_NOT_outstanding,shares,2021-01-01,2021-12-31,2022-02-03,2859000000,10-K,0001326801-22-000018,365,False,
META,us-gaap,WeightedAverageNumberOfDilutedSharesOutstanding,weighted_average_NOT_outstanding,shares,2021-01-01,2021-12-31,2023-02-02,2859000000,10-K,0001326801-23-000013,365,False,
META,us-gaap,WeightedAverageNumberOfDilutedSharesOutstanding,weighted_average_NOT_outstanding,shares,2021-01-01,2021-12-31,2024-02-02,2859000000,10-K,0001326801-24-000012,365,False,
META,us-gaap,WeightedAverageNumberOfDilutedSharesOutstanding,weighted_average_NOT_outstanding,shares,2022-01-01,2022-03-31,2022-04-28,2742000000,10-Q,0001326801-22-000057,90,False,
META,us-gaap,WeightedAverageNumberOfDilutedSharesOutstanding,weighted_average_NOT_outstanding,shares,2022-01-01,2022-03-31,2023-04-27,2742000000,10-Q,0001326801-23-000067,90,False,
META,us-gaap,WeightedAverageNumberOfDilutedSharesOutstanding,weighted_average_NOT_outstanding,shares,2022-01-01,2022-06-30,2022-07-28,2729000000,10-Q,0001326801-22-000082,181,False,
META,us-gaap,WeightedAverageNumberOfDilutedSharesOutstanding,weighted_average_NOT_outstanding,shares,2022-01-01,2022-06-30,2023-07-27,2729000000,10-Q,0001326801-23-000093,181,False,
META,us-gaap,WeightedAverageNumberOfDilutedSharesOutstanding,weighted_average_NOT_outstanding,shares,2022-04-01,2022-06-30,2022-07-28,2713000000,10-Q,0001326801-22-000082,91,False,
META,us-gaap,WeightedAverageNumberOfDilutedSharesOutstanding,weighted_average_NOT_outstanding,shares,2022-04-01,2022-06-30,2023-07-27,2713000000,10-Q,0001326801-23-000093,91,False,
META,us-gaap,WeightedAverageNumberOfDilutedSharesOutstanding,weighted_average_NOT_outstanding,shares,2022-01-01,2022-09-30,2022-10-27,2718000000,10-Q,0001326801-22-000108,273,False,
META,us-gaap,WeightedAverageNumberOfDilutedSharesOutstanding,weighted_average_NOT_outstanding,shares,2022-01-01,2022-09-30,2023-10-26,2718000000,10-Q,0001326801-23-000103,273,False,
META,us-gaap,WeightedAverageNumberOfDilutedSharesOutstanding,weighted_average_NOT_outstanding,shares,2022-07-01,2022-09-30,2022-10-27,2687000000,10-Q,0001326801-22-000108,92,False,
META,us-gaap,WeightedAverageNumberOfDilutedSharesOutstanding,weighted_average_NOT_outstanding,shares,2022-07-01,2022-09-30,2023-10-26,2687000000,10-Q,0001326801-23-000103,92,False,
META,us-gaap,WeightedAverageNumberOfDilutedSharesOutstanding,weighted_average_NOT_outstanding,shares,2022-01-01,2022-12-31,2023-02-02,2702000000,10-K,0001326801-23-000013,365,False,
META,us-gaap,WeightedAverageNumberOfDilutedSharesOutstanding,weighted_average_NOT_outstanding,shares,2022-01-01,2022-12-31,2024-02-02,2702000000,10-K,0001326801-24-000012,365,False,
META,us-gaap,WeightedAverageNumberOfDilutedSharesOutstanding,weighted_average_NOT_outstanding,shares,2022-01-01,2022-12-31,2025-01-30,2702000000,10-K,0001326801-25-000017,365,False,
META,us-gaap,WeightedAverageNumberOfDilutedSharesOutstanding,weighted_average_NOT_outstanding,shares,2023-01-01,2023-03-31,2023-04-27,2596000000,10-Q,0001326801-23-000067,90,False,
META,us-gaap,WeightedAverageNumberOfDilutedSharesOutstanding,weighted_average_NOT_outstanding,shares,2023-01-01,2023-03-31,2024-04-25,2596000000,10-Q,0001326801-24-000049,90,False,
META,us-gaap,WeightedAverageNumberOfDilutedSharesOutstanding,weighted_average_NOT_outstanding,shares,2023-01-01,2023-06-30,2023-07-27,2604000000,10-Q,0001326801-23-000093,181,False,
META,us-gaap,WeightedAverageNumberOfDilutedSharesOutstanding,weighted_average_NOT_outstanding,shares,2023-01-01,2023-06-30,2024-08-01,2604000000,10-Q,0001326801-24-000069,181,False,
META,us-gaap,WeightedAverageNumberOfDilutedSharesOutstanding,weighted_average_NOT_outstanding,shares,2023-04-01,2023-06-30,2023-07-27,2612000000,10-Q,0001326801-23-000093,91,False,
META,us-gaap,WeightedAverageNumberOfDilutedSharesOutstanding,weighted_average_NOT_outstanding,shares,2023-04-01,2023-06-30,2024-08-01,2612000000,10-Q,0001326801-24-000069,91,False,
META,us-gaap,WeightedAverageNumberOfDilutedSharesOutstanding,weighted_average_NOT_outstanding,shares,2023-01-01,2023-09-30,2023-10-26,2623000000,10-Q,0001326801-23-000103,273,False,
META,us-gaap,WeightedAverageNumberOfDilutedSharesOutstanding,weighted_average_NOT_outstanding,shares,2023-01-01,2023-09-30,2024-10-31,2623000000,10-Q,0001326801-24-000081,273,False,
META,us-gaap,WeightedAverageNumberOfDilutedSharesOutstanding,weighted_average_NOT_outstanding,shares,2023-07-01,2023-09-30,2023-10-26,2641000000,10-Q,0001326801-23-000103,92,False,
META,us-gaap,WeightedAverageNumberOfDilutedSharesOutstanding,weighted_average_NOT_outstanding,shares,2023-07-01,2023-09-30,2024-10-31,2641000000,10-Q,0001326801-24-000081,92,False,
META,us-gaap,WeightedAverageNumberOfDilutedSharesOutstanding,weighted_average_NOT_outstanding,shares,2023-01-01,2023-12-31,2024-02-02,2629000000,10-K,0001326801-24-000012,365,False,
META,us-gaap,WeightedAverageNumberOfDilutedSharesOutstanding,weighted_average_NOT_outstanding,shares,2023-01-01,2023-12-31,2025-01-30,2629000000,10-K,0001326801-25-000017,365,False,
META,us-gaap,WeightedAverageNumberOfDilutedSharesOutstanding,weighted_average_NOT_outstanding,shares,2023-01-01,2023-12-31,2026-01-29,2629000000,10-K,0001628280-26-003942,365,False,
META,us-gaap,WeightedAverageNumberOfDilutedSharesOutstanding,weighted_average_NOT_outstanding,shares,2024-01-01,2024-03-31,2024-04-25,2625000000,10-Q,0001326801-24-000049,91,False,
META,us-gaap,WeightedAverageNumberOfDilutedSharesOutstanding,weighted_average_NOT_outstanding,shares,2024-01-01,2024-03-31,2025-05-01,2625000000,10-Q,0001326801-25-000054,91,False,
META,us-gaap,WeightedAverageNumberOfDilutedSharesOutstanding,weighted_average_NOT_outstanding,shares,2024-01-01,2024-06-30,2024-08-01,2619000000,10-Q,0001326801-24-000069,182,False,
META,us-gaap,WeightedAverageNumberOfDilutedSharesOutstanding,weighted_average_NOT_outstanding,shares,2024-01-01,2024-06-30,2025-07-31,2619000000,10-Q,0001628280-25-036791,182,False,
META,us-gaap,WeightedAverageNumberOfDilutedSharesOutstanding,weighted_average_NOT_outstanding,shares,2024-04-01,2024-06-30,2024-08-01,2610000000,10-Q,0001326801-24-000069,91,False,
META,us-gaap,WeightedAverageNumberOfDilutedSharesOutstanding,weighted_average_NOT_outstanding,shares,2024-04-01,2024-06-30,2025-07-31,2610000000,10-Q,0001628280-25-036791,91,False,
META,us-gaap,WeightedAverageNumberOfDilutedSharesOutstanding,weighted_average_NOT_outstanding,shares,2024-01-01,2024-09-30,2024-10-31,2615000000,10-Q,0001326801-24-000081,274,False,
META,us-gaap,WeightedAverageNumberOfDilutedSharesOutstanding,weighted_average_NOT_outstanding,shares,2024-01-01,2024-09-30,2025-10-30,2615000000,10-Q,0001628280-25-047240,274,False,
META,us-gaap,WeightedAverageNumberOfDilutedSharesOutstanding,weighted_average_NOT_outstanding,shares,2024-07-01,2024-09-30,2024-10-31,2600000000,10-Q,0001326801-24-000081,92,False,
META,us-gaap,WeightedAverageNumberOfDilutedSharesOutstanding,weighted_average_NOT_outstanding,shares,2024-07-01,2024-09-30,2025-10-30,2600000000,10-Q,0001628280-25-047240,92,False,
META,us-gaap,WeightedAverageNumberOfDilutedSharesOutstanding,weighted_average_NOT_outstanding,shares,2024-01-01,2024-12-31,2025-01-30,2614000000,10-K,0001326801-25-000017,366,False,
META,us-gaap,WeightedAverageNumberOfDilutedSharesOutstanding,weighted_average_NOT_outstanding,shares,2024-01-01,2024-12-31,2026-01-29,2614000000,10-K,0001628280-26-003942,366,False,
META,us-gaap,WeightedAverageNumberOfDilutedSharesOutstanding,weighted_average_NOT_outstanding,shares,2025-01-01,2025-03-31,2025-05-01,2590000000,10-Q,0001326801-25-000054,90,False,
META,us-gaap,WeightedAverageNumberOfDilutedSharesOutstanding,weighted_average_NOT_outstanding,shares,2025-01-01,2025-03-31,2026-04-30,2590000000,10-Q,0001628280-26-028526,90,False,
META,us-gaap,WeightedAverageNumberOfDilutedSharesOutstanding,weighted_average_NOT_outstanding,shares,2025-01-01,2025-06-30,2025-07-31,2580000000,10-Q,0001628280-25-036791,181,False,
META,us-gaap,WeightedAverageNumberOfDilutedSharesOutstanding,weighted_average_NOT_outstanding,shares,2025-01-01,2025-06-30,2026-07-30,2580000000,10-Q,0001628280-26-050705,181,False,
META,us-gaap,WeightedAverageNumberOfDilutedSharesOutstanding,weighted_average_NOT_outstanding,shares,2025-04-01,2025-06-30,2025-07-31,2570000000,10-Q,0001628280-25-036791,91,False,
META,us-gaap,WeightedAverageNumberOfDilutedSharesOutstanding,weighted_average_NOT_outstanding,shares,2025-04-01,2025-06-30,2026-07-30,2570000000,10-Q,0001628280-26-050705,91,False,
META,us-gaap,WeightedAverageNumberOfDilutedSharesOutstanding,weighted_average_NOT_outstanding,shares,2025-01-01,2025-09-30,2025-10-30,2578000000,10-Q,0001628280-25-047240,273,False,
META,us-gaap,WeightedAverageNumberOfDilutedSharesOutstanding,weighted_average_NOT_outstanding,shares,2025-07-01,2025-09-30,2025-10-30,2572000000,10-Q,0001628280-25-047240,92,False,
META,us-gaap,WeightedAverageNumberOfDilutedSharesOutstanding,weighted_average_NOT_outstanding,shares,2025-01-01,2025-12-31,2026-01-29,2574000000,10-K,0001628280-26-003942,365,False,
META,us-gaap,WeightedAverageNumberOfDilutedSharesOutstanding,weighted_average_NOT_outstanding,shares,2026-01-01,2026-03-31,2026-04-30,2564000000,10-Q,0001628280-26-028526,90,False,
META,us-gaap,WeightedAverageNumberOfDilutedSharesOutstanding,weighted_average_NOT_outstanding,shares,2026-01-01,2026-06-30,2026-07-30,2565000000,10-Q,0001628280-26-050705,181,False,
META,us-gaap,WeightedAverageNumberOfDilutedSharesOutstanding,weighted_average_NOT_outstanding,shares,2026-04-01,2026-06-30,2026-07-30,2566000000,10-Q,0001628280-26-050705,91,False,
META,us-gaap,WeightedAverageNumberOfSharesOutstandingBasic,weighted_average_NOT_outstanding,shares,2010-01-01,2010-12-31,2013-02-01,1107000000,10-K,0001326801-13-000003,365,False,
META,us-gaap,WeightedAverageNumberOfSharesOutstandingBasic,weighted_average_NOT_outstanding,shares,2011-01-01,2011-06-30,2012-07-31,1267000000,10-Q,0001193125-12-325997,181,False,
META,us-gaap,WeightedAverageNumberOfSharesOutstandingBasic,weighted_average_NOT_outstanding,shares,2011-04-01,2011-06-30,2012-07-31,1292000000,10-Q,0001193125-12-325997,91,False,
META,us-gaap,WeightedAverageNumberOfSharesOutstandingBasic,weighted_average_NOT_outstanding,shares,2011-01-01,2011-09-30,2012-10-24,1283000000,10-Q,0001326801-12-000006,273,False,
META,us-gaap,WeightedAverageNumberOfSharesOutstandingBasic,weighted_average_NOT_outstanding,shares,2011-07-01,2011-09-30,2012-10-24,1316000000,10-Q,0001326801-12-000006,92,False,
META,us-gaap,WeightedAverageNumberOfSharesOutstandingBasic,weighted_average_NOT_outstanding,shares,2011-01-01,2011-12-31,2013-02-01,1294000000,10-K,0001326801-13-000003,365,False,
META,us-gaap,WeightedAverageNumberOfSharesOutstandingBasic,weighted_average_NOT_outstanding,shares,2011-01-01,2011-12-31,2014-01-31,1294000000,10-K,0001326801-14-000007,365,False,
META,us-gaap,WeightedAverageNumberOfSharesOutstandingBasic,weighted_average_NOT_outstanding,shares,2012-01-01,2012-03-31,2013-05-02,1347000000,10-Q,0001326801-13-000011,91,False,
META,us-gaap,WeightedAverageNumberOfSharesOutstandingBasic,weighted_average_NOT_outstanding,shares,2012-01-01,2012-06-30,2012-07-31,1613000000,10-Q,0001193125-12-325997,182,False,
META,us-gaap,WeightedAverageNumberOfSharesOutstandingBasic,weighted_average_NOT_outstanding,shares,2012-01-01,2012-06-30,2013-07-25,1613000000,10-Q,0001326801-13-000019,182,False,
META,us-gaap,WeightedAverageNumberOfSharesOutstandingBasic,weighted_average_NOT_outstanding,shares,2012-04-01,2012-06-30,2012-07-31,1879000000,10-Q,0001193125-12-325997,91,False,
META,us-gaap,WeightedAverageNumberOfSharesOutstandingBasic,weighted_average_NOT_outstanding,shares,2012-04-01,2012-06-30,2013-07-25,1879000000,10-Q,0001326801-13-000019,91,False,
META,us-gaap,WeightedAverageNumberOfSharesOutstandingBasic,weighted_average_NOT_outstanding,shares,2012-01-01,2012-09-30,2012-10-24,1884000000,10-Q,0001326801-12-000006,274,False,
META,us-gaap,WeightedAverageNumberOfSharesOutstandingBasic,weighted_average_NOT_outstanding,shares,2012-01-01,2012-09-30,2013-11-01,1884000000,10-Q,0001326801-13-000031,274,False,
META,us-gaap,WeightedAverageNumberOfSharesOutstandingBasic,weighted_average_NOT_outstanding,shares,2012-07-01,2012-09-30,2012-10-24,2420000000,10-Q,0001326801-12-000006,92,False,
META,us-gaap,WeightedAverageNumberOfSharesOutstandingBasic,weighted_average_NOT_outstanding,shares,2012-07-01,2012-09-30,2013-11-01,2420000000,10-Q,0001326801-13-000031,92,False,
META,us-gaap,WeightedAverageNumberOfSharesOutstandingBasic,weighted_average_NOT_outstanding,shares,2012-01-01,2012-12-31,2013-02-01,2006000000,10-K,0001326801-13-000003,366,False,
META,us-gaap,WeightedAverageNumberOfSharesOutstandingBasic,weighted_average_NOT_outstanding,shares,2012-01-01,2012-12-31,2014-01-31,2006000000,10-K,0001326801-14-000007,366,False,
META,us-gaap,WeightedAverageNumberOfSharesOutstandingBasic,weighted_average_NOT_outstanding,shares,2012-01-01,2012-12-31,2015-01-29,2006000000,10-K,0001326801-15-000006,366,False,
META,us-gaap,WeightedAverageNumberOfSharesOutstandingBasic,weighted_average_NOT_outstanding,shares,2013-01-01,2013-03-31,2013-05-02,2386000000,10-Q,0001326801-13-000011,90,False,
META,us-gaap,WeightedAverageNumberOfSharesOutstandingBasic,weighted_average_NOT_outstanding,shares,2013-01-01,2013-03-31,2014-04-25,2386000000,10-Q,0001326801-14-000023,90,False,
META,us-gaap,WeightedAverageNumberOfSharesOutstandingBasic,weighted_average_NOT_outstanding,shares,2013-01-01,2013-06-30,2013-07-25,2397000000,10-Q,0001326801-13-000019,181,False,
META,us-gaap,WeightedAverageNumberOfSharesOutstandingBasic,weighted_average_NOT_outstanding,shares,2013-01-01,2013-06-30,2014-07-24,2397000000,10-Q,0001326801-14-000032,181,False,
META,us-gaap,WeightedAverageNumberOfSharesOutstandingBasic,weighted_average_NOT_outstanding,shares,2013-04-01,2013-06-30,2013-07-25,2407000000,10-Q,0001326801-13-000019,91,False,
META,us-gaap,WeightedAverageNumberOfSharesOutstandingBasic,weighted_average_NOT_outstanding,shares,2013-04-01,2013-06-30,2014-07-24,2407000000,10-Q,0001326801-14-000032,91,False,
META,us-gaap,WeightedAverageNumberOfSharesOutstandingBasic,weighted_average_NOT_outstanding,shares,2013-01-01,2013-09-30,2013-11-01,2408000000,10-Q,0001326801-13-000031,273,False,
META,us-gaap,WeightedAverageNumberOfSharesOutstandingBasic,weighted_average_NOT_outstanding,shares,2013-01-01,2013-09-30,2014-10-30,2408000000,10-Q,0001326801-14-000068,273,False,
META,us-gaap,WeightedAverageNumberOfSharesOutstandingBasic,weighted_average_NOT_outstanding,shares,2013-07-01,2013-09-30,2013-11-01,2430000000,10-Q,0001326801-13-000031,92,False,
META,us-gaap,WeightedAverageNumberOfSharesOutstandingBasic,weighted_average_NOT_outstanding,shares,2013-07-01,2013-09-30,2014-10-30,2430000000,10-Q,0001326801-14-000068,92,False,
META,us-gaap,WeightedAverageNumberOfSharesOutstandingBasic,weighted_average_NOT_outstanding,shares,2013-01-01,2013-12-31,2014-01-31,2420000000,10-K,0001326801-14-000007,365,False,
META,us-gaap,WeightedAverageNumberOfSharesOutstandingBasic,weighted_average_NOT_outstanding,shares,2013-01-01,2013-12-31,2015-01-29,2420000000,10-K,0001326801-15-000006,365,False,
META,us-gaap,WeightedAverageNumberOfSharesOutstandingBasic,weighted_average_NOT_outstanding,shares,2013-01-01,2013-12-31,2016-01-28,2420000000,10-K,0001326801-16-000043,365,False,
META,us-gaap,WeightedAverageNumberOfSharesOutstandingBasic,weighted_average_NOT_outstanding,shares,2014-01-01,2014-03-31,2014-04-25,2545000000,10-Q,0001326801-14-000023,90,False,
META,us-gaap,WeightedAverageNumberOfSharesOutstandingBasic,weighted_average_NOT_outstanding,shares,2014-01-01,2014-03-31,2015-04-23,2545000000,10-Q,0001326801-15-000015,90,False,
META,us-gaap,WeightedAverageNumberOfSharesOutstandingBasic,weighted_average_NOT_outstanding,shares,2014-01-01,2014-06-30,2014-07-24,2552000000,10-Q,0001326801-14-000032,181,False,
META,us-gaap,WeightedAverageNumberOfSharesOutstandingBasic,weighted_average_NOT_outstanding,shares,2014-01-01,2014-06-30,2015-07-31,2552000000,10-Q,0001326801-15-000028,181,False,
META,us-gaap,WeightedAverageNumberOfSharesOutstandingBasic,weighted_average_NOT_outstanding,shares,2014-04-01,2014-06-30,2014-07-24,2560000000,10-Q,0001326801-14-000032,91,False,
META,us-gaap,WeightedAverageNumberOfSharesOutstandingBasic,weighted_average_NOT_outstanding,shares,2014-04-01,2014-06-30,2015-07-31,2560000000,10-Q,0001326801-15-000028,91,False,
META,us-gaap,WeightedAverageNumberOfSharesOutstandingBasic,weighted_average_NOT_outstanding,shares,2014-01-01,2014-09-30,2014-10-30,2565000000,10-Q,0001326801-14-000068,273,False,
META,us-gaap,WeightedAverageNumberOfSharesOutstandingBasic,weighted_average_NOT_outstanding,shares,2014-01-01,2014-09-30,2015-11-05,2565000000,10-Q,0001326801-15-000032,273,False,
META,us-gaap,WeightedAverageNumberOfSharesOutstandingBasic,weighted_average_NOT_outstanding,shares,2014-07-01,2014-09-30,2014-10-30,2587000000,10-Q,0001326801-14-000068,92,False,
META,us-gaap,WeightedAverageNumberOfSharesOutstandingBasic,weighted_average_NOT_outstanding,shares,2014-07-01,2014-09-30,2015-11-05,2587000000,10-Q,0001326801-15-000032,92,False,
META,us-gaap,WeightedAverageNumberOfSharesOutstandingBasic,weighted_average_NOT_outstanding,shares,2014-01-01,2014-12-31,2015-01-29,2614000000,10-K,0001326801-15-000006,365,False,
META,us-gaap,WeightedAverageNumberOfSharesOutstandingBasic,weighted_average_NOT_outstanding,shares,2014-01-01,2014-12-31,2016-01-28,2614000000,10-K,0001326801-16-000043,365,False,
META,us-gaap,WeightedAverageNumberOfSharesOutstandingBasic,weighted_average_NOT_outstanding,shares,2014-01-01,2014-12-31,2017-02-03,2614000000,10-K,0001326801-17-000007,365,False,
META,us-gaap,WeightedAverageNumberOfSharesOutstandingBasic,weighted_average_NOT_outstanding,shares,2015-01-01,2015-03-31,2015-04-23,2784000000,10-Q,0001326801-15-000015,90,False,
META,us-gaap,WeightedAverageNumberOfSharesOutstandingBasic,weighted_average_NOT_outstanding,shares,2015-01-01,2015-03-31,2016-04-28,2784000000,10-Q,0001326801-16-000067,90,False,
META,us-gaap,WeightedAverageNumberOfSharesOutstandingBasic,weighted_average_NOT_outstanding,shares,2015-01-01,2015-06-30,2015-07-31,2790000000,10-Q,0001326801-15-000028,181,False,
META,us-gaap,WeightedAverageNumberOfSharesOutstandingBasic,weighted_average_NOT_outstanding,shares,2015-01-01,2015-06-30,2016-07-28,2790000000,10-Q,0001326801-16-000082,181,False,
META,us-gaap,WeightedAverageNumberOfSharesOutstandingBasic,weighted_average_NOT_outstanding,shares,2015-04-01,2015-06-30,2015-07-31,2796000000,10-Q,0001326801-15-000028,91,False,
META,us-gaap,WeightedAverageNumberOfSharesOutstandingBasic,weighted_average_NOT_outstanding,shares,2015-04-01,2015-06-30,2016-07-28,2796000000,10-Q,0001326801-16-000082,91,False,
META,us-gaap,WeightedAverageNumberOfSharesOutstandingBasic,weighted_average_NOT_outstanding,shares,2015-01-01,2015-09-30,2015-11-05,2796000000,10-Q,0001326801-15-000032,273,False,
META,us-gaap,WeightedAverageNumberOfSharesOutstandingBasic,weighted_average_NOT_outstanding,shares,2015-01-01,2015-09-30,2016-11-03,2796000000,10-Q,0001326801-16-000087,273,False,
META,us-gaap,WeightedAverageNumberOfSharesOutstandingBasic,weighted_average_NOT_outstanding,shares,2015-07-01,2015-09-30,2015-11-05,2808000000,10-Q,0001326801-15-000032,92,False,
META,us-gaap,WeightedAverageNumberOfSharesOutstandingBasic,weighted_average_NOT_outstanding,shares,2015-07-01,2015-09-30,2016-11-03,2808000000,10-Q,0001326801-16-000087,92,False,
META,us-gaap,WeightedAverageNumberOfSharesOutstandingBasic,weighted_average_NOT_outstanding,shares,2015-01-01,2015-12-31,2016-01-28,2803000000,10-K,0001326801-16-000043,365,False,
META,us-gaap,WeightedAverageNumberOfSharesOutstandingBasic,weighted_average_NOT_outstanding,shares,2015-01-01,2015-12-31,2017-02-03,2803000000,10-K,0001326801-17-000007,365,False,
META,us-gaap,WeightedAverageNumberOfSharesOutstandingBasic,weighted_average_NOT_outstanding,shares,2015-01-01,2015-12-31,2018-02-01,2803000000,10-K,0001326801-18-000009,365,False,
META,us-gaap,WeightedAverageNumberOfSharesOutstandingBasic,weighted_average_NOT_outstanding,shares,2016-01-01,2016-03-31,2016-04-28,2843000000,10-Q,0001326801-16-000067,91,False,
META,us-gaap,WeightedAverageNumberOfSharesOutstandingBasic,weighted_average_NOT_outstanding,shares,2016-01-01,2016-03-31,2017-05-04,2843000000,10-Q,0001326801-17-000024,91,False,
META,us-gaap,WeightedAverageNumberOfSharesOutstandingBasic,weighted_average_NOT_outstanding,shares,2016-01-01,2016-06-30,2016-07-28,2850000000,10-Q,0001326801-16-000082,182,False,
META,us-gaap,WeightedAverageNumberOfSharesOutstandingBasic,weighted_average_NOT_outstanding,shares,2016-01-01,2016-06-30,2017-07-27,2850000000,10-Q,0001326801-17-000038,182,False,
META,us-gaap,WeightedAverageNumberOfSharesOutstandingBasic,weighted_average_NOT_outstanding,shares,2016-04-01,2016-06-30,2016-07-28,2856000000,10-Q,0001326801-16-000082,91,False,
META,us-gaap,WeightedAverageNumberOfSharesOutstandingBasic,weighted_average_NOT_outstanding,shares,2016-04-01,2016-06-30,2017-07-27,2856000000,10-Q,0001326801-17-000038,91,False,
META,us-gaap,WeightedAverageNumberOfSharesOutstandingBasic,weighted_average_NOT_outstanding,shares,2016-01-01,2016-09-30,2016-11-03,2857000000,10-Q,0001326801-16-000087,274,False,
META,us-gaap,WeightedAverageNumberOfSharesOutstandingBasic,weighted_average_NOT_outstanding,shares,2016-01-01,2016-09-30,2017-11-02,2857000000,10-Q,0001326801-17-000053,274,False,
META,us-gaap,WeightedAverageNumberOfSharesOutstandingBasic,weighted_average_NOT_outstanding,shares,2016-07-01,2016-09-30,2016-11-03,2871000000,10-Q,0001326801-16-000087,92,False,
META,us-gaap,WeightedAverageNumberOfSharesOutstandingBasic,weighted_average_NOT_outstanding,shares,2016-07-01,2016-09-30,2017-11-02,2871000000,10-Q,0001326801-17-000053,92,False,
META,us-gaap,WeightedAverageNumberOfSharesOutstandingBasic,weighted_average_NOT_outstanding,shares,2016-01-01,2016-12-31,2017-02-03,2863000000,10-K,0001326801-17-000007,366,False,
META,us-gaap,WeightedAverageNumberOfSharesOutstandingBasic,weighted_average_NOT_outstanding,shares,2016-01-01,2016-12-31,2018-02-01,2863000000,10-K,0001326801-18-000009,366,False,
META,us-gaap,WeightedAverageNumberOfSharesOutstandingBasic,weighted_average_NOT_outstanding,shares,2016-01-01,2016-12-31,2019-01-31,2863000000,10-K,0001326801-19-000009,366,False,
META,us-gaap,WeightedAverageNumberOfSharesOutstandingBasic,weighted_average_NOT_outstanding,shares,2017-01-01,2017-03-31,2017-05-04,2891000000,10-Q,0001326801-17-000024,90,False,
META,us-gaap,WeightedAverageNumberOfSharesOutstandingBasic,weighted_average_NOT_outstanding,shares,2017-01-01,2017-03-31,2018-04-26,2891000000,10-Q,0001326801-18-000032,90,False,
META,us-gaap,WeightedAverageNumberOfSharesOutstandingBasic,weighted_average_NOT_outstanding,shares,2017-01-01,2017-06-30,2017-07-27,2895000000,10-Q,0001326801-17-000038,181,False,
META,us-gaap,WeightedAverageNumberOfSharesOutstandingBasic,weighted_average_NOT_outstanding,shares,2017-01-01,2017-06-30,2018-07-26,2895000000,10-Q,0001326801-18-000057,181,False,
META,us-gaap,WeightedAverageNumberOfSharesOutstandingBasic,weighted_average_NOT_outstanding,shares,2017-04-01,2017-06-30,2017-07-27,2900000000,10-Q,0001326801-17-000038,91,False,
META,us-gaap,WeightedAverageNumberOfSharesOutstandingBasic,weighted_average_NOT_outstanding,shares,2017-04-01,2017-06-30,2018-07-26,2900000000,10-Q,0001326801-18-000057,91,False,
META,us-gaap,WeightedAverageNumberOfSharesOutstandingBasic,weighted_average_NOT_outstanding,shares,2017-01-01,2017-09-30,2017-11-02,2898000000,10-Q,0001326801-17-000053,273,False,
META,us-gaap,WeightedAverageNumberOfSharesOutstandingBasic,weighted_average_NOT_outstanding,shares,2017-01-01,2017-09-30,2018-10-31,2898000000,10-Q,0001326801-18-000067,273,False,
META,us-gaap,WeightedAverageNumberOfSharesOutstandingBasic,weighted_average_NOT_outstanding,shares,2017-07-01,2017-09-30,2017-11-02,2904000000,10-Q,0001326801-17-000053,92,False,
META,us-gaap,WeightedAverageNumberOfSharesOutstandingBasic,weighted_average_NOT_outstanding,shares,2017-07-01,2017-09-30,2018-10-31,2904000000,10-Q,0001326801-18-000067,92,False,
META,us-gaap,WeightedAverageNumberOfSharesOutstandingBasic,weighted_average_NOT_outstanding,shares,2017-01-01,2017-12-31,2018-02-01,2901000000,10-K,0001326801-18-000009,365,False,
META,us-gaap,WeightedAverageNumberOfSharesOutstandingBasic,weighted_average_NOT_outstanding,shares,2017-01-01,2017-12-31,2019-01-31,2901000000,10-K,0001326801-19-000009,365,False,
META,us-gaap,WeightedAverageNumberOfSharesOutstandingBasic,weighted_average_NOT_outstanding,shares,2017-01-01,2017-12-31,2020-01-30,2901000000,10-K,0001326801-20-000013,365,False,
META,us-gaap,WeightedAverageNumberOfSharesOutstandingBasic,weighted_average_NOT_outstanding,shares,2018-01-01,2018-03-31,2018-04-26,2906000000,10-Q,0001326801-18-000032,90,False,
META,us-gaap,WeightedAverageNumberOfSharesOutstandingBasic,weighted_average_NOT_outstanding,shares,2018-01-01,2018-03-31,2019-04-25,2906000000,10-Q,0001326801-19-000037,90,False,
META,us-gaap,WeightedAverageNumberOfSharesOutstandingBasic,weighted_average_NOT_outstanding,shares,2018-01-01,2018-06-30,2018-07-26,2900000000,10-Q,0001326801-18-000057,181,False,
META,us-gaap,WeightedAverageNumberOfSharesOutstandingBasic,weighted_average_NOT_outstanding,shares,2018-01-01,2018-06-30,2019-07-25,2900000000,10-Q,0001326801-19-000055,181,False,
META,us-gaap,WeightedAverageNumberOfSharesOutstandingBasic,weighted_average_NOT_outstanding,shares,2018-04-01,2018-06-30,2018-07-26,2895000000,10-Q,0001326801-18-000057,91,False,
META,us-gaap,WeightedAverageNumberOfSharesOutstandingBasic,weighted_average_NOT_outstanding,shares,2018-04-01,2018-06-30,2019-07-25,2895000000,10-Q,0001326801-19-000055,91,False,
META,us-gaap,WeightedAverageNumberOfSharesOutstandingBasic,weighted_average_NOT_outstanding,shares,2018-01-01,2018-09-30,2018-10-31,2895000000,10-Q,0001326801-18-000067,273,False,
META,us-gaap,WeightedAverageNumberOfSharesOutstandingBasic,weighted_average_NOT_outstanding,shares,2018-01-01,2018-09-30,2019-10-31,2895000000,10-Q,0001326801-19-000069,273,False,
META,us-gaap,WeightedAverageNumberOfSharesOutstandingBasic,weighted_average_NOT_outstanding,shares,2018-07-01,2018-09-30,2018-10-31,2885000000,10-Q,0001326801-18-000067,92,False,
META,us-gaap,WeightedAverageNumberOfSharesOutstandingBasic,weighted_average_NOT_outstanding,shares,2018-07-01,2018-09-30,2019-10-31,2885000000,10-Q,0001326801-19-000069,92,False,
META,us-gaap,WeightedAverageNumberOfSharesOutstandingBasic,weighted_average_NOT_outstanding,shares,2018-01-01,2018-12-31,2019-01-31,2890000000,10-K,0001326801-19-000009,365,False,
META,us-gaap,WeightedAverageNumberOfSharesOutstandingBasic,weighted_average_NOT_outstanding,shares,2018-01-01,2018-12-31,2020-01-30,2890000000,10-K,0001326801-20-000013,365,False,
META,us-gaap,WeightedAverageNumberOfSharesOutstandingBasic,weighted_average_NOT_outstanding,shares,2018-01-01,2018-12-31,2021-01-28,2890000000,10-K,0001326801-21-000014,365,False,
META,us-gaap,WeightedAverageNumberOfSharesOutstandingBasic,weighted_average_NOT_outstanding,shares,2019-01-01,2019-03-31,2019-04-25,2856000000,10-Q,0001326801-19-000037,90,False,
META,us-gaap,WeightedAverageNumberOfSharesOutstandingBasic,weighted_average_NOT_outstanding,shares,2019-01-01,2019-03-31,2020-04-30,2856000000,10-Q,0001326801-20-000048,90,False,
META,us-gaap,WeightedAverageNumberOfSharesOutstandingBasic,weighted_average_NOT_outstanding,shares,2019-01-01,2019-06-30,2019-07-25,2855000000,10-Q,0001326801-19-000055,181,False,
META,us-gaap,WeightedAverageNumberOfSharesOutstandingBasic,weighted_average_NOT_outstanding,shares,2019-01-01,2019-06-30,2020-07-31,2855000000,10-Q,0001326801-20-000076,181,False,
META,us-gaap,WeightedAverageNumberOfSharesOutstandingBasic,weighted_average_NOT_outstanding,shares,2019-04-01,2019-06-30,2019-07-25,2855000000,10-Q,0001326801-19-000055,91,False,
META,us-gaap,WeightedAverageNumberOfSharesOutstandingBasic,weighted_average_NOT_outstanding,shares,2019-04-01,2019-06-30,2020-07-31,2855000000,10-Q,0001326801-20-000076,91,False,
META,us-gaap,WeightedAverageNumberOfSharesOutstandingBasic,weighted_average_NOT_outstanding,shares,2019-01-01,2019-09-30,2019-10-31,2855000000,10-Q,0001326801-19-000069,273,False,
META,us-gaap,WeightedAverageNumberOfSharesOutstandingBasic,weighted_average_NOT_outstanding,shares,2019-01-01,2019-09-30,2020-10-30,2855000000,10-Q,0001326801-20-000084,273,False,
META,us-gaap,WeightedAverageNumberOfSharesOutstandingBasic,weighted_average_NOT_outstanding,shares,2019-07-01,2019-09-30,2019-10-31,2854000000,10-Q,0001326801-19-000069,92,False,
META,us-gaap,WeightedAverageNumberOfSharesOutstandingBasic,weighted_average_NOT_outstanding,shares,2019-07-01,2019-09-30,2020-10-30,2854000000,10-Q,0001326801-20-000084,92,False,
META,us-gaap,WeightedAverageNumberOfSharesOutstandingBasic,weighted_average_NOT_outstanding,shares,2019-01-01,2019-12-31,2020-01-30,2854000000,10-K,0001326801-20-000013,365,False,
META,us-gaap,WeightedAverageNumberOfSharesOutstandingBasic,weighted_average_NOT_outstanding,shares,2019-01-01,2019-12-31,2021-01-28,2854000000,10-K,0001326801-21-000014,365,False,
META,us-gaap,WeightedAverageNumberOfSharesOutstandingBasic,weighted_average_NOT_outstanding,shares,2019-01-01,2019-12-31,2022-02-03,2854000000,10-K,0001326801-22-000018,365,False,
META,us-gaap,WeightedAverageNumberOfSharesOutstandingBasic,weighted_average_NOT_outstanding,shares,2020-01-01,2020-03-31,2020-04-30,2851000000,10-Q,0001326801-20-000048,91,False,
META,us-gaap,WeightedAverageNumberOfSharesOutstandingBasic,weighted_average_NOT_outstanding,shares,2020-01-01,2020-03-31,2021-04-29,2851000000,10-Q,0001326801-21-000033,91,False,
META,us-gaap,WeightedAverageNumberOfSharesOutstandingBasic,weighted_average_NOT_outstanding,shares,2020-01-01,2020-06-30,2020-07-31,2851000000,10-Q,0001326801-20-000076,182,False,
META,us-gaap,WeightedAverageNumberOfSharesOutstandingBasic,weighted_average_NOT_outstanding,shares,2020-01-01,2020-06-30,2021-07-29,2851000000,10-Q,0001326801-21-000049,182,False,
META,us-gaap,WeightedAverageNumberOfSharesOutstandingBasic,weighted_average_NOT_outstanding,shares,2020-04-01,2020-06-30,2020-07-31,2850000000,10-Q,0001326801-20-000076,91,False,
META,us-gaap,WeightedAverageNumberOfSharesOutstandingBasic,weighted_average_NOT_outstanding,shares,2020-04-01,2020-06-30,2021-07-29,2850000000,10-Q,0001326801-21-000049,91,False,
META,us-gaap,WeightedAverageNumberOfSharesOutstandingBasic,weighted_average_NOT_outstanding,shares,2020-01-01,2020-09-30,2020-10-30,2850000000,10-Q,0001326801-20-000084,274,False,
META,us-gaap,WeightedAverageNumberOfSharesOutstandingBasic,weighted_average_NOT_outstanding,shares,2020-01-01,2020-09-30,2021-10-26,2850000000,10-Q,0001326801-21-000065,274,False,
META,us-gaap,WeightedAverageNumberOfSharesOutstandingBasic,weighted_average_NOT_outstanding,shares,2020-07-01,2020-09-30,2020-10-30,2850000000,10-Q,0001326801-20-000084,92,False,
META,us-gaap,WeightedAverageNumberOfSharesOutstandingBasic,weighted_average_NOT_outstanding,shares,2020-07-01,2020-09-30,2021-10-26,2850000000,10-Q,0001326801-21-000065,92,False,
META,us-gaap,WeightedAverageNumberOfSharesOutstandingBasic,weighted_average_NOT_outstanding,shares,2020-01-01,2020-12-31,2021-01-28,2851000000,10-K,0001326801-21-000014,366,False,
META,us-gaap,WeightedAverageNumberOfSharesOutstandingBasic,weighted_average_NOT_outstanding,shares,2020-01-01,2020-12-31,2022-02-03,2851000000,10-K,0001326801-22-000018,366,False,
META,us-gaap,WeightedAverageNumberOfSharesOutstandingBasic,weighted_average_NOT_outstanding,shares,2020-01-01,2020-12-31,2023-02-02,2851000000,10-K,0001326801-23-000013,366,False,
META,us-gaap,WeightedAverageNumberOfSharesOutstandingBasic,weighted_average_NOT_outstanding,shares,2021-01-01,2021-03-31,2021-04-29,2847000000,10-Q,0001326801-21-000033,90,False,
META,us-gaap,WeightedAverageNumberOfSharesOutstandingBasic,weighted_average_NOT_outstanding,shares,2021-01-01,2021-03-31,2022-04-28,2847000000,10-Q,0001326801-22-000057,90,False,
META,us-gaap,WeightedAverageNumberOfSharesOutstandingBasic,weighted_average_NOT_outstanding,shares,2021-01-01,2021-06-30,2021-07-29,2841000000,10-Q,0001326801-21-000049,181,False,
META,us-gaap,WeightedAverageNumberOfSharesOutstandingBasic,weighted_average_NOT_outstanding,shares,2021-01-01,2021-06-30,2022-07-28,2841000000,10-Q,0001326801-22-000082,181,False,
META,us-gaap,WeightedAverageNumberOfSharesOutstandingBasic,weighted_average_NOT_outstanding,shares,2021-04-01,2021-06-30,2021-07-29,2834000000,10-Q,0001326801-21-000049,91,False,
META,us-gaap,WeightedAverageNumberOfSharesOutstandingBasic,weighted_average_NOT_outstanding,shares,2021-04-01,2021-06-30,2022-07-28,2834000000,10-Q,0001326801-22-000082,91,False,
META,us-gaap,WeightedAverageNumberOfSharesOutstandingBasic,weighted_average_NOT_outstanding,shares,2021-01-01,2021-09-30,2021-10-26,2832000000,10-Q,0001326801-21-000065,273,False,
META,us-gaap,WeightedAverageNumberOfSharesOutstandingBasic,weighted_average_NOT_outstanding,shares,2021-01-01,2021-09-30,2022-10-27,2832000000,10-Q,0001326801-22-000108,273,False,
META,us-gaap,WeightedAverageNumberOfSharesOutstandingBasic,weighted_average_NOT_outstanding,shares,2021-07-01,2021-09-30,2021-10-26,2814000000,10-Q,0001326801-21-000065,92,False,
META,us-gaap,WeightedAverageNumberOfSharesOutstandingBasic,weighted_average_NOT_outstanding,shares,2021-07-01,2021-09-30,2022-10-27,2814000000,10-Q,0001326801-22-000108,92,False,
META,us-gaap,WeightedAverageNumberOfSharesOutstandingBasic,weighted_average_NOT_outstanding,shares,2021-01-01,2021-12-31,2022-02-03,2815000000,10-K,0001326801-22-000018,365,False,
META,us-gaap,WeightedAverageNumberOfSharesOutstandingBasic,weighted_average_NOT_outstanding,shares,2021-01-01,2021-12-31,2023-02-02,2815000000,10-K,0001326801-23-000013,365,False,
META,us-gaap,WeightedAverageNumberOfSharesOutstandingBasic,weighted_average_NOT_outstanding,shares,2021-01-01,2021-12-31,2024-02-02,2815000000,10-K,0001326801-24-000012,365,False,
META,us-gaap,WeightedAverageNumberOfSharesOutstandingBasic,weighted_average_NOT_outstanding,shares,2022-01-01,2022-03-31,2022-04-28,2725000000,10-Q,0001326801-22-000057,90,False,
META,us-gaap,WeightedAverageNumberOfSharesOutstandingBasic,weighted_average_NOT_outstanding,shares,2022-01-01,2022-03-31,2023-04-27,2725000000,10-Q,0001326801-23-000067,90,False,
META,us-gaap,WeightedAverageNumberOfSharesOutstandingBasic,weighted_average_NOT_outstanding,shares,2022-01-01,2022-06-30,2022-07-28,2714000000,10-Q,0001326801-22-000082,181,False,
META,us-gaap,WeightedAverageNumberOfSharesOutstandingBasic,weighted_average_NOT_outstanding,shares,2022-01-01,2022-06-30,2023-07-27,2714000000,10-Q,0001326801-23-000093,181,False,
META,us-gaap,WeightedAverageNumberOfSharesOutstandingBasic,weighted_average_NOT_outstanding,shares,2022-04-01,2022-06-30,2022-07-28,2704000000,10-Q,0001326801-22-000082,91,False,
META,us-gaap,WeightedAverageNumberOfSharesOutstandingBasic,weighted_average_NOT_outstanding,shares,2022-04-01,2022-06-30,2023-07-27,2704000000,10-Q,0001326801-23-000093,91,False,
META,us-gaap,WeightedAverageNumberOfSharesOutstandingBasic,weighted_average_NOT_outstanding,shares,2022-01-01,2022-09-30,2022-10-27,2703000000,10-Q,0001326801-22-000108,273,False,
META,us-gaap,WeightedAverageNumberOfSharesOutstandingBasic,weighted_average_NOT_outstanding,shares,2022-01-01,2022-09-30,2023-10-26,2703000000,10-Q,0001326801-23-000103,273,False,
META,us-gaap,WeightedAverageNumberOfSharesOutstandingBasic,weighted_average_NOT_outstanding,shares,2022-07-01,2022-09-30,2022-10-27,2682000000,10-Q,0001326801-22-000108,92,False,
META,us-gaap,WeightedAverageNumberOfSharesOutstandingBasic,weighted_average_NOT_outstanding,shares,2022-07-01,2022-09-30,2023-10-26,2682000000,10-Q,0001326801-23-000103,92,False,
META,us-gaap,WeightedAverageNumberOfSharesOutstandingBasic,weighted_average_NOT_outstanding,shares,2022-01-01,2022-12-31,2023-02-02,2687000000,10-K,0001326801-23-000013,365,False,
META,us-gaap,WeightedAverageNumberOfSharesOutstandingBasic,weighted_average_NOT_outstanding,shares,2022-01-01,2022-12-31,2024-02-02,2687000000,10-K,0001326801-24-000012,365,False,
META,us-gaap,WeightedAverageNumberOfSharesOutstandingBasic,weighted_average_NOT_outstanding,shares,2022-01-01,2022-12-31,2025-01-30,2687000000,10-K,0001326801-25-000017,365,False,
META,us-gaap,WeightedAverageNumberOfSharesOutstandingBasic,weighted_average_NOT_outstanding,shares,2023-01-01,2023-03-31,2023-04-27,2587000000,10-Q,0001326801-23-000067,90,False,
META,us-gaap,WeightedAverageNumberOfSharesOutstandingBasic,weighted_average_NOT_outstanding,shares,2023-01-01,2023-03-31,2024-04-25,2587000000,10-Q,0001326801-24-000049,90,False,
META,us-gaap,WeightedAverageNumberOfSharesOutstandingBasic,weighted_average_NOT_outstanding,shares,2023-01-01,2023-06-30,2023-07-27,2577000000,10-Q,0001326801-23-000093,181,False,
META,us-gaap,WeightedAverageNumberOfSharesOutstandingBasic,weighted_average_NOT_outstanding,shares,2023-01-01,2023-06-30,2024-08-01,2577000000,10-Q,0001326801-24-000069,181,False,
META,us-gaap,WeightedAverageNumberOfSharesOutstandingBasic,weighted_average_NOT_outstanding,shares,2023-04-01,2023-06-30,2023-07-27,2568000000,10-Q,0001326801-23-000093,91,False,
META,us-gaap,WeightedAverageNumberOfSharesOutstandingBasic,weighted_average_NOT_outstanding,shares,2023-04-01,2023-06-30,2024-08-01,2568000000,10-Q,0001326801-24-000069,91,False,
META,us-gaap,WeightedAverageNumberOfSharesOutstandingBasic,weighted_average_NOT_outstanding,shares,2023-01-01,2023-09-30,2023-10-26,2577000000,10-Q,0001326801-23-000103,273,False,
META,us-gaap,WeightedAverageNumberOfSharesOutstandingBasic,weighted_average_NOT_outstanding,shares,2023-01-01,2023-09-30,2024-10-31,2577000000,10-Q,0001326801-24-000081,273,False,
META,us-gaap,WeightedAverageNumberOfSharesOutstandingBasic,weighted_average_NOT_outstanding,shares,2023-07-01,2023-09-30,2023-10-26,2576000000,10-Q,0001326801-23-000103,92,False,
META,us-gaap,WeightedAverageNumberOfSharesOutstandingBasic,weighted_average_NOT_outstanding,shares,2023-07-01,2023-09-30,2024-10-31,2576000000,10-Q,0001326801-24-000081,92,False,
META,us-gaap,WeightedAverageNumberOfSharesOutstandingBasic,weighted_average_NOT_outstanding,shares,2023-01-01,2023-12-31,2024-02-02,2574000000,10-K,0001326801-24-000012,365,False,
META,us-gaap,WeightedAverageNumberOfSharesOutstandingBasic,weighted_average_NOT_outstanding,shares,2023-01-01,2023-12-31,2025-01-30,2574000000,10-K,0001326801-25-000017,365,False,
META,us-gaap,WeightedAverageNumberOfSharesOutstandingBasic,weighted_average_NOT_outstanding,shares,2023-01-01,2023-12-31,2026-01-29,2574000000,10-K,0001628280-26-003942,365,False,
META,us-gaap,WeightedAverageNumberOfSharesOutstandingBasic,weighted_average_NOT_outstanding,shares,2024-01-01,2024-03-31,2024-04-25,2545000000,10-Q,0001326801-24-000049,91,False,
META,us-gaap,WeightedAverageNumberOfSharesOutstandingBasic,weighted_average_NOT_outstanding,shares,2024-01-01,2024-03-31,2025-05-01,2545000000,10-Q,0001326801-25-000054,91,False,
META,us-gaap,WeightedAverageNumberOfSharesOutstandingBasic,weighted_average_NOT_outstanding,shares,2024-01-01,2024-06-30,2024-08-01,2540000000,10-Q,0001326801-24-000069,182,False,
META,us-gaap,WeightedAverageNumberOfSharesOutstandingBasic,weighted_average_NOT_outstanding,shares,2024-01-01,2024-06-30,2025-07-31,2540000000,10-Q,0001628280-25-036791,182,False,
META,us-gaap,WeightedAverageNumberOfSharesOutstandingBasic,weighted_average_NOT_outstanding,shares,2024-04-01,2024-06-30,2024-08-01,2534000000,10-Q,0001326801-24-000069,91,False,
META,us-gaap,WeightedAverageNumberOfSharesOutstandingBasic,weighted_average_NOT_outstanding,shares,2024-04-01,2024-06-30,2025-07-31,2534000000,10-Q,0001628280-25-036791,91,False,
META,us-gaap,WeightedAverageNumberOfSharesOutstandingBasic,weighted_average_NOT_outstanding,shares,2024-01-01,2024-09-30,2024-10-31,2536000000,10-Q,0001326801-24-000081,274,False,
META,us-gaap,WeightedAverageNumberOfSharesOutstandingBasic,weighted_average_NOT_outstanding,shares,2024-01-01,2024-09-30,2025-10-30,2536000000,10-Q,0001628280-25-047240,274,False,
META,us-gaap,WeightedAverageNumberOfSharesOutstandingBasic,weighted_average_NOT_outstanding,shares,2024-07-01,2024-09-30,2024-10-31,2529000000,10-Q,0001326801-24-000081,92,False,
META,us-gaap,WeightedAverageNumberOfSharesOutstandingBasic,weighted_average_NOT_outstanding,shares,2024-07-01,2024-09-30,2025-10-30,2529000000,10-Q,0001628280-25-047240,92,False,
META,us-gaap,WeightedAverageNumberOfSharesOutstandingBasic,weighted_average_NOT_outstanding,shares,2024-01-01,2024-12-31,2025-01-30,2534000000,10-K,0001326801-25-000017,366,False,
META,us-gaap,WeightedAverageNumberOfSharesOutstandingBasic,weighted_average_NOT_outstanding,shares,2024-01-01,2024-12-31,2026-01-29,2534000000,10-K,0001628280-26-003942,366,False,
META,us-gaap,WeightedAverageNumberOfSharesOutstandingBasic,weighted_average_NOT_outstanding,shares,2025-01-01,2025-03-31,2025-05-01,2527000000,10-Q,0001326801-25-000054,90,False,
META,us-gaap,WeightedAverageNumberOfSharesOutstandingBasic,weighted_average_NOT_outstanding,shares,2025-01-01,2025-03-31,2026-04-30,2527000000,10-Q,0001628280-26-028526,90,False,
META,us-gaap,WeightedAverageNumberOfSharesOutstandingBasic,weighted_average_NOT_outstanding,shares,2025-01-01,2025-06-30,2025-07-31,2522000000,10-Q,0001628280-25-036791,181,False,
META,us-gaap,WeightedAverageNumberOfSharesOutstandingBasic,weighted_average_NOT_outstanding,shares,2025-01-01,2025-06-30,2026-07-30,2522000000,10-Q,0001628280-26-050705,181,False,
META,us-gaap,WeightedAverageNumberOfSharesOutstandingBasic,weighted_average_NOT_outstanding,shares,2025-04-01,2025-06-30,2025-07-31,2518000000,10-Q,0001628280-25-036791,91,False,
META,us-gaap,WeightedAverageNumberOfSharesOutstandingBasic,weighted_average_NOT_outstanding,shares,2025-04-01,2025-06-30,2026-07-30,2518000000,10-Q,0001628280-26-050705,91,False,
META,us-gaap,WeightedAverageNumberOfSharesOutstandingBasic,weighted_average_NOT_outstanding,shares,2025-01-01,2025-09-30,2025-10-30,2520000000,10-Q,0001628280-25-047240,273,False,
META,us-gaap,WeightedAverageNumberOfSharesOutstandingBasic,weighted_average_NOT_outstanding,shares,2025-07-01,2025-09-30,2025-10-30,2517000000,10-Q,0001628280-25-047240,92,False,
META,us-gaap,WeightedAverageNumberOfSharesOutstandingBasic,weighted_average_NOT_outstanding,shares,2025-01-01,2025-12-31,2026-01-29,2521000000,10-K,0001628280-26-003942,365,False,
META,us-gaap,WeightedAverageNumberOfSharesOutstandingBasic,weighted_average_NOT_outstanding,shares,2026-01-01,2026-03-31,2026-04-30,2534000000,10-Q,0001628280-26-028526,90,False,
META,us-gaap,WeightedAverageNumberOfSharesOutstandingBasic,weighted_average_NOT_outstanding,shares,2026-01-01,2026-06-30,2026-07-30,2538000000,10-Q,0001628280-26-050705,181,False,
META,us-gaap,WeightedAverageNumberOfSharesOutstandingBasic,weighted_average_NOT_outstanding,shares,2026-04-01,2026-06-30,2026-07-30,2543000000,10-Q,0001628280-26-050705,91,False,
META,us-gaap,ProceedsFromSaleAndMaturityOfAvailableForSaleSecurities,revenue_candidate_VERIFY_scope_and_currency,USD,2021-01-01,2021-12-31,2024-02-02,42586000000,10-K,0001326801-24-000012,365,False,
META,us-gaap,ProceedsFromSaleAndMaturityOfAvailableForSaleSecurities,revenue_candidate_VERIFY_scope_and_currency,USD,2022-01-01,2022-03-31,2023-04-27,5467000000,10-Q,0001326801-23-000067,90,False,
META,us-gaap,ProceedsFromSaleAndMaturityOfAvailableForSaleSecurities,revenue_candidate_VERIFY_scope_and_currency,USD,2022-01-01,2022-06-30,2023-07-27,8626000000,10-Q,0001326801-23-000093,181,False,
META,us-gaap,ProceedsFromSaleAndMaturityOfAvailableForSaleSecurities,revenue_candidate_VERIFY_scope_and_currency,USD,2022-01-01,2022-09-30,2023-10-26,10895000000,10-Q,0001326801-23-000103,273,False,
META,us-gaap,ProceedsFromSaleAndMaturityOfAvailableForSaleSecurities,revenue_candidate_VERIFY_scope_and_currency,USD,2022-01-01,2022-12-31,2024-02-02,13158000000,10-K,0001326801-24-000012,365,False,
META,us-gaap,ProceedsFromSaleAndMaturityOfAvailableForSaleSecurities,revenue_candidate_VERIFY_scope_and_currency,USD,2023-01-01,2023-03-31,2023-04-27,534000000,10-Q,0001326801-23-000067,90,False,
META,us-gaap,ProceedsFromSaleAndMaturityOfAvailableForSaleSecurities,revenue_candidate_VERIFY_scope_and_currency,USD,2023-01-01,2023-03-31,2024-04-25,534000000,10-Q,0001326801-24-000049,90,False,
META,us-gaap,ProceedsFromSaleAndMaturityOfAvailableForSaleSecurities,revenue_candidate_VERIFY_scope_and_currency,USD,2023-01-01,2023-06-30,2023-07-27,2351000000,10-Q,0001326801-23-000093,181,False,
META,us-gaap,ProceedsFromSaleAndMaturityOfAvailableForSaleSecurities,revenue_candidate_VERIFY_scope_and_currency,USD,2023-01-01,2023-06-30,2024-08-01,2351000000,10-Q,0001326801-24-000069,181,False,
META,us-gaap,ProceedsFromSaleAndMaturityOfAvailableForSaleSecurities,revenue_candidate_VERIFY_scope_and_currency,USD,2023-01-01,2023-09-30,2023-10-26,3825000000,10-Q,0001326801-23-000103,273,False,
META,us-gaap,ProceedsFromSaleAndMaturityOfAvailableForSaleSecurities,revenue_candidate_VERIFY_scope_and_currency,USD,2023-01-01,2023-09-30,2024-10-31,3825000000,10-Q,0001326801-24-000081,273,False,
META,us-gaap,ProceedsFromSaleAndMaturityOfAvailableForSaleSecurities,revenue_candidate_VERIFY_scope_and_currency,USD,2023-01-01,2023-12-31,2024-02-02,6184000000,10-K,0001326801-24-000012,365,False,
META,us-gaap,ProceedsFromSaleAndMaturityOfAvailableForSaleSecurities,revenue_candidate_VERIFY_scope_and_currency,USD,2024-01-01,2024-03-31,2024-04-25,4625000000,10-Q,0001326801-24-000049,91,False,
META,us-gaap,ProceedsFromSaleAndMaturityOfAvailableForSaleSecurities,revenue_candidate_VERIFY_scope_and_currency,USD,2024-01-01,2024-03-31,2025-05-01,4625000000,10-Q,0001326801-25-000054,91,False,
META,us-gaap,ProceedsFromSaleAndMaturityOfAvailableForSaleSecurities,revenue_candidate_VERIFY_scope_and_currency,USD,2024-01-01,2024-06-30,2024-08-01,7858000000,10-Q,0001326801-24-000069,182,False,
META,us-gaap,ProceedsFromSaleAndMaturityOfAvailableForSaleSecurities,revenue_candidate_VERIFY_scope_and_currency,USD,2024-01-01,2024-06-30,2025-07-31,7858000000,10-Q,0001628280-25-036791,182,False,
META,us-gaap,ProceedsFromSaleAndMaturityOfAvailableForSaleSecurities,revenue_candidate_VERIFY_scope_and_currency,USD,2024-01-01,2024-09-30,2024-10-31,11972000000,10-Q,0001326801-24-000081,274,False,
META,us-gaap,ProceedsFromSaleAndMaturityOfAvailableForSaleSecurities,revenue_candidate_VERIFY_scope_and_currency,USD,2024-01-01,2024-09-30,2025-10-30,11972000000,10-Q,0001628280-25-047240,274,False,
META,us-gaap,ProceedsFromSaleAndMaturityOfAvailableForSaleSecurities,revenue_candidate_VERIFY_scope_and_currency,USD,2025-01-01,2025-03-31,2025-05-01,4784000000,10-Q,0001326801-25-000054,90,False,
META,us-gaap,ProceedsFromSaleAndMaturityOfAvailableForSaleSecurities,revenue_candidate_VERIFY_scope_and_currency,USD,2025-01-01,2025-03-31,2026-04-30,4784000000,10-Q,0001628280-26-028526,90,False,
META,us-gaap,ProceedsFromSaleAndMaturityOfAvailableForSaleSecurities,revenue_candidate_VERIFY_scope_and_currency,USD,2025-01-01,2025-06-30,2025-07-31,19057000000,10-Q,0001628280-25-036791,181,False,
META,us-gaap,ProceedsFromSaleAndMaturityOfAvailableForSaleSecurities,revenue_candidate_VERIFY_scope_and_currency,USD,2025-01-01,2025-06-30,2026-07-30,19057000000,10-Q,0001628280-26-050705,181,False,
META,us-gaap,ProceedsFromSaleAndMaturityOfAvailableForSaleSecurities,revenue_candidate_VERIFY_scope_and_currency,USD,2025-01-01,2025-09-30,2025-10-30,23761000000,10-Q,0001628280-25-047240,273,False,
META,us-gaap,ProceedsFromSaleAndMaturityOfAvailableForSaleSecurities,revenue_candidate_VERIFY_scope_and_currency,USD,2026-01-01,2026-03-31,2026-04-30,19176000000,10-Q,0001628280-26-028526,90,False,
META,us-gaap,ProceedsFromSaleAndMaturityOfAvailableForSaleSecurities,revenue_candidate_VERIFY_scope_and_currency,USD,2026-01-01,2026-06-30,2026-07-30,44036000000,10-Q,0001628280-26-050705,181,False,
META,us-gaap,ShareBasedCompensationArrangementByShareBasedPaymentAwardNumberOfAdditionalSharesAuthorized,other_share_concept_NOT_automatically_outstanding,shares,,2023-01-01,2023-04-27,56000000,10-Q,0001326801-23-000067,,False,
META,us-gaap,ShareBasedCompensationArrangementByShareBasedPaymentAwardNumberOfAdditionalSharesAuthorized,other_share_concept_NOT_automatically_outstanding,shares,,2023-03-01,2023-04-27,425000000,10-Q,0001326801-23-000067,,False,
META,us-gaap,ShareBasedCompensationArrangementByShareBasedPaymentAwardNumberOfAdditionalSharesAuthorized,other_share_concept_NOT_automatically_outstanding,shares,,2023-03-01,2023-07-27,425000000,10-Q,0001326801-23-000093,,False,
META,us-gaap,ShareBasedCompensationArrangementByShareBasedPaymentAwardNumberOfAdditionalSharesAuthorized,other_share_concept_NOT_automatically_outstanding,shares,,2023-03-01,2023-10-26,425000000,10-Q,0001326801-23-000103,,False,
META,us-gaap,ShareBasedCompensationArrangementByShareBasedPaymentAwardNumberOfAdditionalSharesAuthorized,other_share_concept_NOT_automatically_outstanding,shares,,2023-03-01,2024-02-02,425000000,10-K,0001326801-24-000012,,False,
META,us-gaap,DeferredTaxAssetsUnrealizedLossesOnAvailableforSaleSecuritiesGross,revenue_candidate_VERIFY_scope_and_currency,USD,,2022-12-31,2024-02-02,489000000,10-K,0001326801-24-000012,,False,
META,us-gaap,DeferredTaxAssetsUnrealizedLossesOnAvailableforSaleSecuritiesGross,revenue_candidate_VERIFY_scope_and_currency,USD,,2023-12-31,2024-02-02,232000000,10-K,0001326801-24-000012,,False,
META,us-gaap,DeferredTaxAssetsUnrealizedLossesOnAvailableforSaleSecuritiesGross,revenue_candidate_VERIFY_scope_and_currency,USD,,2023-12-31,2025-01-30,232000000,10-K,0001326801-25-000017,,False,
META,us-gaap,DeferredTaxAssetsUnrealizedLossesOnAvailableforSaleSecuritiesGross,revenue_candidate_VERIFY_scope_and_currency,USD,,2024-12-31,2025-01-30,115000000,10-K,0001326801-25-000017,,False,
META,us-gaap,DeferredTaxAssetsUnrealizedLossesOnAvailableforSaleSecuritiesGross,revenue_candidate_VERIFY_scope_and_currency,USD,,2024-12-31,2026-01-29,115000000,10-K,0001628280-26-003942,,False,
META,us-gaap,DeferredTaxAssetsUnrealizedLossesOnAvailableforSaleSecuritiesGross,revenue_candidate_VERIFY_scope_and_currency,USD,,2025-12-31,2026-01-29,143000000,10-K,0001628280-26-003942,,False,
META,us-gaap,IncrementalCommonSharesAttributableToShareBasedPaymentArrangements,other_share_concept_NOT_automatically_outstanding,shares,2022-01-01,2022-12-31,2025-01-30,15000000,10-K,0001326801-25-000017,365,False,
META,us-gaap,IncrementalCommonSharesAttributableToShareBasedPaymentArrangements,other_share_concept_NOT_automatically_outstanding,shares,2023-01-01,2023-03-31,2024-04-25,9000000,10-Q,0001326801-24-000049,90,False,
META,us-gaap,IncrementalCommonSharesAttributableToShareBasedPaymentArrangements,other_share_concept_NOT_automatically_outstanding,shares,2023-01-01,2023-06-30,2024-08-01,27000000,10-Q,0001326801-24-000069,181,False,
META,us-gaap,IncrementalCommonSharesAttributableToShareBasedPaymentArrangements,other_share_concept_NOT_automatically_outstanding,shares,2023-04-01,2023-06-30,2024-08-01,44000000,10-Q,0001326801-24-000069,91,False,
META,us-gaap,IncrementalCommonSharesAttributableToShareBasedPaymentArrangements,other_share_concept_NOT_automatically_outstanding,shares,2023-01-01,2023-09-30,2024-10-31,46000000,10-Q,0001326801-24-000081,273,False,
META,us-gaap,IncrementalCommonSharesAttributableToShareBasedPaymentArrangements,other_share_concept_NOT_automatically_outstanding,shares,2023-07-01,2023-09-30,2024-10-31,65000000,10-Q,0001326801-24-000081,92,False,
META,us-gaap,IncrementalCommonSharesAttributableToShareBasedPaymentArrangements,other_share_concept_NOT_automatically_outstanding,shares,2023-01-01,2023-12-31,2025-01-30,55000000,10-K,0001326801-25-000017,365,False,
META,us-gaap,IncrementalCommonSharesAttributableToShareBasedPaymentArrangements,other_share_concept_NOT_automatically_outstanding,shares,2023-01-01,2023-12-31,2026-01-29,55000000,10-K,0001628280-26-003942,365,False,
META,us-gaap,IncrementalCommonSharesAttributableToShareBasedPaymentArrangements,other_share_concept_NOT_automatically_outstanding,shares,2024-01-01,2024-03-31,2024-04-25,80000000,10-Q,0001326801-24-000049,91,False,
META,us-gaap,IncrementalCommonSharesAttributableToShareBasedPaymentArrangements,other_share_concept_NOT_automatically_outstanding,shares,2024-01-01,2024-03-31,2025-05-01,80000000,10-Q,0001326801-25-000054,91,False,
META,us-gaap,IncrementalCommonSharesAttributableToShareBasedPaymentArrangements,other_share_concept_NOT_automatically_outstanding,shares,2024-01-01,2024-06-30,2024-08-01,79000000,10-Q,0001326801-24-000069,182,False,
META,us-gaap,IncrementalCommonSharesAttributableToShareBasedPaymentArrangements,other_share_concept_NOT_automatically_outstanding,shares,2024-01-01,2024-06-30,2025-07-31,79000000,10-Q,0001628280-25-036791,182,False,
META,us-gaap,IncrementalCommonSharesAttributableToShareBasedPaymentArrangements,other_share_concept_NOT_automatically_outstanding,shares,2024-04-01,2024-06-30,2024-08-01,76000000,10-Q,0001326801-24-000069,91,False,
META,us-gaap,IncrementalCommonSharesAttributableToShareBasedPaymentArrangements,other_share_concept_NOT_automatically_outstanding,shares,2024-04-01,2024-06-30,2025-07-31,76000000,10-Q,0001628280-25-036791,91,False,
META,us-gaap,IncrementalCommonSharesAttributableToShareBasedPaymentArrangements,other_share_concept_NOT_automatically_outstanding,shares,2024-01-01,2024-09-30,2024-10-31,79000000,10-Q,0001326801-24-000081,274,False,
META,us-gaap,IncrementalCommonSharesAttributableToShareBasedPaymentArrangements,other_share_concept_NOT_automatically_outstanding,shares,2024-01-01,2024-09-30,2025-10-30,79000000,10-Q,0001628280-25-047240,274,False,
META,us-gaap,IncrementalCommonSharesAttributableToShareBasedPaymentArrangements,other_share_concept_NOT_automatically_outstanding,shares,2024-07-01,2024-09-30,2024-10-31,71000000,10-Q,0001326801-24-000081,92,False,
META,us-gaap,IncrementalCommonSharesAttributableToShareBasedPaymentArrangements,other_share_concept_NOT_automatically_outstanding,shares,2024-07-01,2024-09-30,2025-10-30,71000000,10-Q,0001628280-25-047240,92,False,
META,us-gaap,IncrementalCommonSharesAttributableToShareBasedPaymentArrangements,other_share_concept_NOT_automatically_outstanding,shares,2024-01-01,2024-12-31,2025-01-30,80000000,10-K,0001326801-25-000017,366,False,
META,us-gaap,IncrementalCommonSharesAttributableToShareBasedPaymentArrangements,other_share_concept_NOT_automatically_outstanding,shares,2024-01-01,2024-12-31,2026-01-29,80000000,10-K,0001628280-26-003942,366,False,
META,us-gaap,IncrementalCommonSharesAttributableToShareBasedPaymentArrangements,other_share_concept_NOT_automatically_outstanding,shares,2025-01-01,2025-03-31,2025-05-01,63000000,10-Q,0001326801-25-000054,90,False,
META,us-gaap,IncrementalCommonSharesAttributableToShareBasedPaymentArrangements,other_share_concept_NOT_automatically_outstanding,shares,2025-01-01,2025-03-31,2026-04-30,63000000,10-Q,0001628280-26-028526,90,False,
META,us-gaap,IncrementalCommonSharesAttributableToShareBasedPaymentArrangements,other_share_concept_NOT_automatically_outstanding,shares,2025-01-01,2025-06-30,2025-07-31,58000000,10-Q,0001628280-25-036791,181,False,
META,us-gaap,IncrementalCommonSharesAttributableToShareBasedPaymentArrangements,other_share_concept_NOT_automatically_outstanding,shares,2025-01-01,2025-06-30,2026-07-30,58000000,10-Q,0001628280-26-050705,181,False,
META,us-gaap,IncrementalCommonSharesAttributableToShareBasedPaymentArrangements,other_share_concept_NOT_automatically_outstanding,shares,2025-04-01,2025-06-30,2025-07-31,52000000,10-Q,0001628280-25-036791,91,False,
META,us-gaap,IncrementalCommonSharesAttributableToShareBasedPaymentArrangements,other_share_concept_NOT_automatically_outstanding,shares,2025-04-01,2025-06-30,2026-07-30,52000000,10-Q,0001628280-26-050705,91,False,
META,us-gaap,IncrementalCommonSharesAttributableToShareBasedPaymentArrangements,other_share_concept_NOT_automatically_outstanding,shares,2025-01-01,2025-09-30,2025-10-30,58000000,10-Q,0001628280-25-047240,273,False,
META,us-gaap,IncrementalCommonSharesAttributableToShareBasedPaymentArrangements,other_share_concept_NOT_automatically_outstanding,shares,2025-07-01,2025-09-30,2025-10-30,55000000,10-Q,0001628280-25-047240,92,False,
META,us-gaap,IncrementalCommonSharesAttributableToShareBasedPaymentArrangements,other_share_concept_NOT_automatically_outstanding,shares,2025-01-01,2025-12-31,2026-01-29,53000000,10-K,0001628280-26-003942,365,False,
META,us-gaap,IncrementalCommonSharesAttributableToShareBasedPaymentArrangements,other_share_concept_NOT_automatically_outstanding,shares,2026-01-01,2026-03-31,2026-04-30,30000000,10-Q,0001628280-26-028526,90,False,
META,us-gaap,IncrementalCommonSharesAttributableToShareBasedPaymentArrangements,other_share_concept_NOT_automatically_outstanding,shares,2026-01-01,2026-06-30,2026-07-30,27000000,10-Q,0001628280-26-050705,181,False,
META,us-gaap,IncrementalCommonSharesAttributableToShareBasedPaymentArrangements,other_share_concept_NOT_automatically_outstanding,shares,2026-04-01,2026-06-30,2026-07-30,23000000,10-Q,0001628280-26-050705,91,False,
META,us-gaap,AntidilutiveSecuritiesExcludedFromComputationOfEarningsPerShareAmount,other_share_concept_NOT_automatically_outstanding,shares,2025-01-01,2025-03-31,2026-04-30,1000000,10-Q,0001628280-26-028526,90,False,
META,us-gaap,AntidilutiveSecuritiesExcludedFromComputationOfEarningsPerShareAmount,other_share_concept_NOT_automatically_outstanding,shares,2025-01-01,2025-06-30,2026-07-30,1000000,10-Q,0001628280-26-050705,181,False,
META,us-gaap,AntidilutiveSecuritiesExcludedFromComputationOfEarningsPerShareAmount,other_share_concept_NOT_automatically_outstanding,shares,2025-04-01,2025-06-30,2026-07-30,1000000,10-Q,0001628280-26-050705,91,False,
META,us-gaap,AntidilutiveSecuritiesExcludedFromComputationOfEarningsPerShareAmount,other_share_concept_NOT_automatically_outstanding,shares,2026-01-01,2026-03-31,2026-04-30,40000000,10-Q,0001628280-26-028526,90,False,
META,us-gaap,AntidilutiveSecuritiesExcludedFromComputationOfEarningsPerShareAmount,other_share_concept_NOT_automatically_outstanding,shares,2026-01-01,2026-06-30,2026-07-30,47000000,10-Q,0001628280-26-050705,181,False,
META,us-gaap,AntidilutiveSecuritiesExcludedFromComputationOfEarningsPerShareAmount,other_share_concept_NOT_automatically_outstanding,shares,2026-04-01,2026-06-30,2026-07-30,60000000,10-Q,0001628280-26-050705,91,False,
RKLB,dei,EntityCommonStockSharesOutstanding,shares_outstanding_candidate_VERIFY_classes_and_ADS,shares,,2021-11-09,2021-11-15,449204556,10-Q,0001193125-21-330184,,True,
RKLB,dei,EntityCommonStockSharesOutstanding,shares_outstanding_candidate_VERIFY_classes_and_ADS,shares,,2022-03-17,2022-03-24,464776507,10-K,0000950170-22-004458,,True,
RKLB,dei,EntityCommonStockSharesOutstanding,shares_outstanding_candidate_VERIFY_classes_and_ADS,shares,,2022-05-11,2022-05-16,463803788,10-Q,0000950170-22-010114,,True,
RKLB,dei,EntityCommonStockSharesOutstanding,shares_outstanding_candidate_VERIFY_classes_and_ADS,shares,,2022-08-08,2022-08-11,469025580,10-Q,0000950170-22-016921,,True,
RKLB,dei,EntityCommonStockSharesOutstanding,shares_outstanding_candidate_VERIFY_classes_and_ADS,shares,,2022-11-04,2022-11-09,473257191,10-Q,0000950170-22-023923,,True,
RKLB,dei,EntityCommonStockSharesOutstanding,shares_outstanding_candidate_VERIFY_classes_and_ADS,shares,,2023-03-03,2023-03-07,477649258,10-K,0000950170-23-006499,,True,
RKLB,dei,EntityCommonStockSharesOutstanding,shares_outstanding_candidate_VERIFY_classes_and_ADS,shares,,2023-05-04,2023-05-09,478661458,10-Q,0000950170-23-019756,,True,
RKLB,dei,EntityCommonStockSharesOutstanding,shares_outstanding_candidate_VERIFY_classes_and_ADS,shares,,2023-08-03,2023-08-08,483326614,10-Q,0000950170-23-039896,,True,
RKLB,dei,EntityCommonStockSharesOutstanding,shares_outstanding_candidate_VERIFY_classes_and_ADS,shares,,2023-11-03,2023-11-08,485886993,10-Q,0000950170-23-061189,,True,
RKLB,dei,EntityCommonStockSharesOutstanding,shares_outstanding_candidate_VERIFY_classes_and_ADS,shares,,2024-02-22,2024-02-28,489140411,10-K,0000950170-24-022160,,True,
RKLB,dei,EntityCommonStockSharesOutstanding,shares_outstanding_candidate_VERIFY_classes_and_ADS,shares,,2024-05-02,2024-05-06,492779716,10-Q,0000950170-24-053646,,True,
RKLB,dei,EntityCommonStockSharesOutstanding,shares_outstanding_candidate_VERIFY_classes_and_ADS,shares,,2024-08-05,2024-08-08,496640145,10-Q,0000950170-24-094122,,True,
RKLB,dei,EntityCommonStockSharesOutstanding,shares_outstanding_candidate_VERIFY_classes_and_ADS,shares,,2024-11-07,2024-11-12,499911078,10-Q,0000950170-24-125529,,True,
RKLB,dei,EntityCommonStockSharesOutstanding,shares_outstanding_candidate_VERIFY_classes_and_ADS,shares,,2025-02-21,2025-02-27,453545095,10-K,0001628280-25-008724,,True,
RKLB,dei,EntityCommonStockSharesOutstanding,shares_outstanding_candidate_VERIFY_classes_and_ADS,shares,,2025-04-25,2025-04-30,461432393,10-K/A,0001628280-25-021054,,True,
RKLB,dei,EntityCommonStockSharesOutstanding,shares_outstanding_candidate_VERIFY_classes_and_ADS,shares,,2025-05-05,2025-05-08,461432393,10-Q,0001628280-25-023857,,True,
RKLB,dei,EntityCommonStockSharesOutstanding,shares_outstanding_candidate_VERIFY_classes_and_ADS,shares,,2025-08-04,2025-08-07,479355713,10-Q,0001628280-25-038936,,True,
RKLB,dei,EntityCommonStockSharesOutstanding,shares_outstanding_candidate_VERIFY_classes_and_ADS,shares,,2025-11-05,2025-11-10,534156333,10-Q,0001819994-25-000021,,True,
RKLB,dei,EntityCommonStockSharesOutstanding,shares_outstanding_candidate_VERIFY_classes_and_ADS,shares,,2026-02-20,2026-02-26,567445449,10-K,0001819994-26-000013,,True,
RKLB,dei,EntityCommonStockSharesOutstanding,shares_outstanding_candidate_VERIFY_classes_and_ADS,shares,,2026-04-30,2026-05-07,578750990,10-Q,0001819994-26-000028,,True,
RKLB,dei,EntityCommonStockSharesOutstanding,shares_outstanding_candidate_VERIFY_classes_and_ADS,shares,,2026-08-05,2026-08-10,598350482,10-Q,0001819994-26-000062,,True,
RKLB,us-gaap,CommonStockSharesAuthorized,other_share_concept_NOT_automatically_outstanding,shares,,2020-12-31,2021-11-15,416744314,10-Q,0001193125-21-330184,,False,
RKLB,us-gaap,CommonStockSharesAuthorized,other_share_concept_NOT_automatically_outstanding,shares,,2020-12-31,2022-03-24,416744314,10-K,0000950170-22-004458,,False,
RKLB,us-gaap,CommonStockSharesAuthorized,other_share_concept_NOT_automatically_outstanding,shares,,2021-09-30,2021-11-15,2500000000,10-Q,0001193125-21-330184,,False,
RKLB,us-gaap,CommonStockSharesAuthorized,other_share_concept_NOT_automatically_outstanding,shares,,2021-12-31,2022-03-24,2500000000,10-K,0000950170-22-004458,,False,
RKLB,us-gaap,CommonStockSharesAuthorized,other_share_concept_NOT_automatically_outstanding,shares,,2021-12-31,2022-05-16,2500000000,10-Q,0000950170-22-010114,,False,
RKLB,us-gaap,CommonStockSharesAuthorized,other_share_concept_NOT_automatically_outstanding,shares,,2021-12-31,2022-08-11,2500000000,10-Q,0000950170-22-016921,,False,
RKLB,us-gaap,CommonStockSharesAuthorized,other_share_concept_NOT_automatically_outstanding,shares,,2021-12-31,2022-11-09,2500000000,10-Q,0000950170-22-023923,,False,
RKLB,us-gaap,CommonStockSharesAuthorized,other_share_concept_NOT_automatically_outstanding,shares,,2021-12-31,2023-03-07,2500000000,10-K,0000950170-23-006499,,False,
RKLB,us-gaap,CommonStockSharesAuthorized,other_share_concept_NOT_automatically_outstanding,shares,,2022-03-31,2022-05-16,2500000000,10-Q,0000950170-22-010114,,False,
RKLB,us-gaap,CommonStockSharesAuthorized,other_share_concept_NOT_automatically_outstanding,shares,,2022-06-30,2022-08-11,2500000000,10-Q,0000950170-22-016921,,False,
RKLB,us-gaap,CommonStockSharesAuthorized,other_share_concept_NOT_automatically_outstanding,shares,,2022-09-30,2022-11-09,2500000000,10-Q,0000950170-22-023923,,False,
RKLB,us-gaap,CommonStockSharesAuthorized,other_share_concept_NOT_automatically_outstanding,shares,,2022-12-31,2023-03-07,2500000000,10-K,0000950170-23-006499,,False,
RKLB,us-gaap,CommonStockSharesAuthorized,other_share_concept_NOT_automatically_outstanding,shares,,2022-12-31,2023-05-09,2500000000,10-Q,0000950170-23-019756,,False,
RKLB,us-gaap,CommonStockSharesAuthorized,other_share_concept_NOT_automatically_outstanding,shares,,2022-12-31,2023-08-08,2500000000,10-Q,0000950170-23-039896,,False,
RKLB,us-gaap,CommonStockSharesAuthorized,other_share_concept_NOT_automatically_outstanding,shares,,2022-12-31,2023-11-08,2500000000,10-Q,0000950170-23-061189,,False,
RKLB,us-gaap,CommonStockSharesAuthorized,other_share_concept_NOT_automatically_outstanding,shares,,2022-12-31,2024-02-28,2500000000,10-K,0000950170-24-022160,,False,
RKLB,us-gaap,CommonStockSharesAuthorized,other_share_concept_NOT_automatically_outstanding,shares,,2023-03-31,2023-05-09,2500000000,10-Q,0000950170-23-019756,,False,
RKLB,us-gaap,CommonStockSharesAuthorized,other_share_concept_NOT_automatically_outstanding,shares,,2023-06-30,2023-08-08,2500000000,10-Q,0000950170-23-039896,,False,
RKLB,us-gaap,CommonStockSharesAuthorized,other_share_concept_NOT_automatically_outstanding,shares,,2023-09-30,2023-11-08,2500000000,10-Q,0000950170-23-061189,,False,
RKLB,us-gaap,CommonStockSharesAuthorized,other_share_concept_NOT_automatically_outstanding,shares,,2023-12-31,2024-02-28,2500000000,10-K,0000950170-24-022160,,False,
RKLB,us-gaap,CommonStockSharesAuthorized,other_share_concept_NOT_automatically_outstanding,shares,,2023-12-31,2024-05-06,2500000000,10-Q,0000950170-24-053646,,False,
RKLB,us-gaap,CommonStockSharesAuthorized,other_share_concept_NOT_automatically_outstanding,shares,,2023-12-31,2024-08-08,2500000000,10-Q,0000950170-24-094122,,False,
RKLB,us-gaap,CommonStockSharesAuthorized,other_share_concept_NOT_automatically_outstanding,shares,,2023-12-31,2024-11-12,2500000000,10-Q,0000950170-24-125529,,False,
RKLB,us-gaap,CommonStockSharesAuthorized,other_share_concept_NOT_automatically_outstanding,shares,,2023-12-31,2025-02-27,2500000000,10-K,0001628280-25-008724,,False,
RKLB,us-gaap,CommonStockSharesAuthorized,other_share_concept_NOT_automatically_outstanding,shares,,2024-03-31,2024-05-06,2500000000,10-Q,0000950170-24-053646,,False,
RKLB,us-gaap,CommonStockSharesAuthorized,other_share_concept_NOT_automatically_outstanding,shares,,2024-06-30,2024-08-08,2500000000,10-Q,0000950170-24-094122,,False,
RKLB,us-gaap,CommonStockSharesAuthorized,other_share_concept_NOT_automatically_outstanding,shares,,2024-09-30,2024-11-12,2500000000,10-Q,0000950170-24-125529,,False,
RKLB,us-gaap,CommonStockSharesAuthorized,other_share_concept_NOT_automatically_outstanding,shares,,2024-12-31,2025-02-27,2500000000,10-K,0001628280-25-008724,,False,
RKLB,us-gaap,CommonStockSharesAuthorized,other_share_concept_NOT_automatically_outstanding,shares,,2024-12-31,2025-05-08,2500000000,10-Q,0001628280-25-023857,,False,
RKLB,us-gaap,CommonStockSharesAuthorized,other_share_concept_NOT_automatically_outstanding,shares,,2024-12-31,2025-08-07,2500000000,10-Q,0001628280-25-038936,,False,
RKLB,us-gaap,CommonStockSharesAuthorized,other_share_concept_NOT_automatically_outstanding,shares,,2024-12-31,2025-11-10,2500000000,10-Q,0001819994-25-000021,,False,
RKLB,us-gaap,CommonStockSharesAuthorized,other_share_concept_NOT_automatically_outstanding,shares,,2024-12-31,2026-02-26,2500000000,10-K,0001819994-26-000013,,False,
RKLB,us-gaap,CommonStockSharesAuthorized,other_share_concept_NOT_automatically_outstanding,shares,,2025-03-31,2025-05-08,2500000000,10-Q,0001628280-25-023857,,False,
RKLB,us-gaap,CommonStockSharesAuthorized,other_share_concept_NOT_automatically_outstanding,shares,,2025-06-30,2025-08-07,2500000000,10-Q,0001628280-25-038936,,False,
RKLB,us-gaap,CommonStockSharesAuthorized,other_share_concept_NOT_automatically_outstanding,shares,,2025-09-30,2025-11-10,2500000000,10-Q,0001819994-25-000021,,False,
RKLB,us-gaap,CommonStockSharesAuthorized,other_share_concept_NOT_automatically_outstanding,shares,,2025-12-31,2026-02-26,2500000000,10-K,0001819994-26-000013,,False,
RKLB,us-gaap,CommonStockSharesAuthorized,other_share_concept_NOT_automatically_outstanding,shares,,2025-12-31,2026-05-07,2500000000,10-Q,0001819994-26-000028,,False,
RKLB,us-gaap,CommonStockSharesAuthorized,other_share_concept_NOT_automatically_outstanding,shares,,2025-12-31,2026-08-10,2500000000,10-Q,0001819994-26-000062,,False,
RKLB,us-gaap,CommonStockSharesAuthorized,other_share_concept_NOT_automatically_outstanding,shares,,2026-03-31,2026-05-07,2500000000,10-Q,0001819994-26-000028,,False,
RKLB,us-gaap,CommonStockSharesAuthorized,other_share_concept_NOT_automatically_outstanding,shares,,2026-06-30,2026-08-10,2500000000,10-Q,0001819994-26-000062,,False,
RKLB,us-gaap,CommonStockSharesIssued,other_share_concept_NOT_automatically_outstanding,shares,,2020-12-31,2021-11-15,78410162,10-Q,0001193125-21-330184,,False,
RKLB,us-gaap,CommonStockSharesIssued,other_share_concept_NOT_automatically_outstanding,shares,,2020-12-31,2022-03-24,78410162,10-K,0000950170-22-004458,,False,
RKLB,us-gaap,CommonStockSharesIssued,other_share_concept_NOT_automatically_outstanding,shares,,2021-09-30,2021-11-15,449039446,10-Q,0001193125-21-330184,,False,
RKLB,us-gaap,CommonStockSharesIssued,other_share_concept_NOT_automatically_outstanding,shares,,2021-12-31,2022-03-24,450180479,10-K,0000950170-22-004458,,False,
RKLB,us-gaap,CommonStockSharesIssued,other_share_concept_NOT_automatically_outstanding,shares,,2021-12-31,2022-05-16,450180479,10-Q,0000950170-22-010114,,False,
RKLB,us-gaap,CommonStockSharesIssued,other_share_concept_NOT_automatically_outstanding,shares,,2021-12-31,2022-08-11,468377065,10-Q,0000950170-22-016921,,False,
RKLB,us-gaap,CommonStockSharesIssued,other_share_concept_NOT_automatically_outstanding,shares,,2021-12-31,2022-11-09,472746850,10-Q,0000950170-22-023923,,False,
RKLB,us-gaap,CommonStockSharesIssued,other_share_concept_NOT_automatically_outstanding,shares,,2021-12-31,2023-03-07,450180479,10-K,0000950170-23-006499,,False,
RKLB,us-gaap,CommonStockSharesIssued,other_share_concept_NOT_automatically_outstanding,shares,,2022-03-31,2022-05-16,462742812,10-Q,0000950170-22-010114,,False,
RKLB,us-gaap,CommonStockSharesIssued,other_share_concept_NOT_automatically_outstanding,shares,,2022-06-30,2022-08-11,468377065,10-Q,0000950170-22-016921,,False,
RKLB,us-gaap,CommonStockSharesIssued,other_share_concept_NOT_automatically_outstanding,shares,,2022-09-30,2022-11-09,472746850,10-Q,0000950170-22-023923,,False,
RKLB,us-gaap,CommonStockSharesIssued,other_share_concept_NOT_automatically_outstanding,shares,,2022-12-31,2023-03-07,475356517,10-K,0000950170-23-006499,,False,
RKLB,us-gaap,CommonStockSharesIssued,other_share_concept_NOT_automatically_outstanding,shares,,2022-12-31,2023-05-09,475356517,10-Q,0000950170-23-019756,,False,
RKLB,us-gaap,CommonStockSharesIssued,other_share_concept_NOT_automatically_outstanding,shares,,2022-12-31,2023-08-08,475356517,10-Q,0000950170-23-039896,,False,
RKLB,us-gaap,CommonStockSharesIssued,other_share_concept_NOT_automatically_outstanding,shares,,2022-12-31,2023-11-08,475356517,10-Q,0000950170-23-061189,,False,
RKLB,us-gaap,CommonStockSharesIssued,other_share_concept_NOT_automatically_outstanding,shares,,2022-12-31,2024-02-28,475356517,10-K,0000950170-24-022160,,False,
RKLB,us-gaap,CommonStockSharesIssued,other_share_concept_NOT_automatically_outstanding,shares,,2023-03-31,2023-05-09,478153075,10-Q,0000950170-23-019756,,False,
RKLB,us-gaap,CommonStockSharesIssued,other_share_concept_NOT_automatically_outstanding,shares,,2023-06-30,2023-08-08,482603474,10-Q,0000950170-23-039896,,False,
RKLB,us-gaap,CommonStockSharesIssued,other_share_concept_NOT_automatically_outstanding,shares,,2023-09-30,2023-11-08,485857768,10-Q,0000950170-23-061189,,False,
RKLB,us-gaap,CommonStockSharesIssued,other_share_concept_NOT_automatically_outstanding,shares,,2023-12-31,2024-02-28,488923055,10-K,0000950170-24-022160,,False,
RKLB,us-gaap,CommonStockSharesIssued,other_share_concept_NOT_automatically_outstanding,shares,,2023-12-31,2024-05-06,488923055,10-Q,0000950170-24-053646,,False,
RKLB,us-gaap,CommonStockSharesIssued,other_share_concept_NOT_automatically_outstanding,shares,,2023-12-31,2024-08-08,488923055,10-Q,0000950170-24-094122,,False,
RKLB,us-gaap,CommonStockSharesIssued,other_share_concept_NOT_automatically_outstanding,shares,,2023-12-31,2024-11-12,488923055,10-Q,0000950170-24-125529,,False,
RKLB,us-gaap,CommonStockSharesIssued,other_share_concept_NOT_automatically_outstanding,shares,,2023-12-31,2025-02-27,488923055,10-K,0001628280-25-008724,,False,
RKLB,us-gaap,CommonStockSharesIssued,other_share_concept_NOT_automatically_outstanding,shares,,2024-03-31,2024-05-06,492670716,10-Q,0000950170-24-053646,,False,
RKLB,us-gaap,CommonStockSharesIssued,other_share_concept_NOT_automatically_outstanding,shares,,2024-06-30,2024-08-08,496500849,10-Q,0000950170-24-094122,,False,
RKLB,us-gaap,CommonStockSharesIssued,other_share_concept_NOT_automatically_outstanding,shares,,2024-09-30,2024-11-12,499700976,10-Q,0000950170-24-125529,,False,
RKLB,us-gaap,CommonStockSharesIssued,other_share_concept_NOT_automatically_outstanding,shares,,2024-12-31,2025-02-27,504453785,10-K,0001628280-25-008724,,False,
RKLB,us-gaap,CommonStockSharesIssued,other_share_concept_NOT_automatically_outstanding,shares,,2024-12-31,2025-05-08,504453785,10-Q,0001628280-25-023857,,False,
RKLB,us-gaap,CommonStockSharesIssued,other_share_concept_NOT_automatically_outstanding,shares,,2024-12-31,2025-08-07,504453785,10-Q,0001628280-25-038936,,False,
RKLB,us-gaap,CommonStockSharesIssued,other_share_concept_NOT_automatically_outstanding,shares,,2024-12-31,2025-11-10,504453785,10-Q,0001819994-25-000021,,False,
RKLB,us-gaap,CommonStockSharesIssued,other_share_concept_NOT_automatically_outstanding,shares,,2024-12-31,2026-02-26,504453785,10-K,0001819994-26-000013,,False,
RKLB,us-gaap,CommonStockSharesIssued,other_share_concept_NOT_automatically_outstanding,shares,,2025-03-31,2025-05-08,511492231,10-Q,0001628280-25-023857,,False,
RKLB,us-gaap,CommonStockSharesIssued,other_share_concept_NOT_automatically_outstanding,shares,,2025-06-30,2025-08-07,525277899,10-Q,0001628280-25-038936,,False,
RKLB,us-gaap,CommonStockSharesIssued,other_share_concept_NOT_automatically_outstanding,shares,,2025-09-30,2025-11-10,542175866,10-Q,0001819994-25-000021,,False,
RKLB,us-gaap,CommonStockSharesIssued,other_share_concept_NOT_automatically_outstanding,shares,,2025-12-31,2026-02-26,589525802,10-K,0001819994-26-000013,,False,
RKLB,us-gaap,CommonStockSharesIssued,other_share_concept_NOT_automatically_outstanding,shares,,2025-12-31,2026-05-07,589525802,10-Q,0001819994-26-000028,,False,
RKLB,us-gaap,CommonStockSharesIssued,other_share_concept_NOT_automatically_outstanding,shares,,2025-12-31,2026-08-10,589525802,10-Q,0001819994-26-000062,,False,
RKLB,us-gaap,CommonStockSharesIssued,other_share_concept_NOT_automatically_outstanding,shares,,2026-03-31,2026-05-07,621718750,10-Q,0001819994-26-000028,,False,
RKLB,us-gaap,CommonStockSharesIssued,other_share_concept_NOT_automatically_outstanding,shares,,2026-06-30,2026-08-10,639131688,10-Q,0001819994-26-000062,,False,
RKLB,us-gaap,CommonStockSharesOutstanding,shares_outstanding_candidate_VERIFY_classes_and_ADS,shares,,2020-12-31,2021-11-15,78410162,10-Q,0001193125-21-330184,,False,
RKLB,us-gaap,CommonStockSharesOutstanding,shares_outstanding_candidate_VERIFY_classes_and_ADS,shares,,2020-12-31,2022-03-24,78410162,10-K,0000950170-22-004458,,False,
RKLB,us-gaap,CommonStockSharesOutstanding,shares_outstanding_candidate_VERIFY_classes_and_ADS,shares,,2021-09-30,2021-11-15,449039446,10-Q,0001193125-21-330184,,False,
RKLB,us-gaap,CommonStockSharesOutstanding,shares_outstanding_candidate_VERIFY_classes_and_ADS,shares,,2021-12-31,2022-03-24,450180479,10-K,0000950170-22-004458,,False,
RKLB,us-gaap,CommonStockSharesOutstanding,shares_outstanding_candidate_VERIFY_classes_and_ADS,shares,,2021-12-31,2022-05-16,450180479,10-Q,0000950170-22-010114,,False,
RKLB,us-gaap,CommonStockSharesOutstanding,shares_outstanding_candidate_VERIFY_classes_and_ADS,shares,,2021-12-31,2022-08-11,450180479,10-Q,0000950170-22-016921,,False,
RKLB,us-gaap,CommonStockSharesOutstanding,shares_outstanding_candidate_VERIFY_classes_and_ADS,shares,,2021-12-31,2022-11-09,450180479,10-Q,0000950170-22-023923,,False,
RKLB,us-gaap,CommonStockSharesOutstanding,shares_outstanding_candidate_VERIFY_classes_and_ADS,shares,,2021-12-31,2023-03-07,450180479,10-K,0000950170-23-006499,,False,
RKLB,us-gaap,CommonStockSharesOutstanding,shares_outstanding_candidate_VERIFY_classes_and_ADS,shares,,2022-03-31,2022-05-16,462742812,10-Q,0000950170-22-010114,,False,
RKLB,us-gaap,CommonStockSharesOutstanding,shares_outstanding_candidate_VERIFY_classes_and_ADS,shares,,2022-06-30,2022-08-11,450180479,10-Q,0000950170-22-016921,,False,
RKLB,us-gaap,CommonStockSharesOutstanding,shares_outstanding_candidate_VERIFY_classes_and_ADS,shares,,2022-09-30,2022-11-09,450180479,10-Q,0000950170-22-023923,,False,
RKLB,us-gaap,CommonStockSharesOutstanding,shares_outstanding_candidate_VERIFY_classes_and_ADS,shares,,2022-12-31,2023-03-07,475356517,10-K,0000950170-23-006499,,False,
RKLB,us-gaap,CommonStockSharesOutstanding,shares_outstanding_candidate_VERIFY_classes_and_ADS,shares,,2022-12-31,2023-05-09,475356517,10-Q,0000950170-23-019756,,False,
RKLB,us-gaap,CommonStockSharesOutstanding,shares_outstanding_candidate_VERIFY_classes_and_ADS,shares,,2022-12-31,2023-08-08,475356517,10-Q,0000950170-23-039896,,False,
RKLB,us-gaap,CommonStockSharesOutstanding,shares_outstanding_candidate_VERIFY_classes_and_ADS,shares,,2022-12-31,2023-11-08,475356517,10-Q,0000950170-23-061189,,False,
RKLB,us-gaap,CommonStockSharesOutstanding,shares_outstanding_candidate_VERIFY_classes_and_ADS,shares,,2022-12-31,2024-02-28,475356517,10-K,0000950170-24-022160,,False,
RKLB,us-gaap,CommonStockSharesOutstanding,shares_outstanding_candidate_VERIFY_classes_and_ADS,shares,,2023-03-31,2023-05-09,478153075,10-Q,0000950170-23-019756,,False,
RKLB,us-gaap,CommonStockSharesOutstanding,shares_outstanding_candidate_VERIFY_classes_and_ADS,shares,,2023-06-30,2023-08-08,482603474,10-Q,0000950170-23-039896,,False,
RKLB,us-gaap,CommonStockSharesOutstanding,shares_outstanding_candidate_VERIFY_classes_and_ADS,shares,,2023-09-30,2023-11-08,485857768,10-Q,0000950170-23-061189,,False,
RKLB,us-gaap,CommonStockSharesOutstanding,shares_outstanding_candidate_VERIFY_classes_and_ADS,shares,,2023-12-31,2024-02-28,488923055,10-K,0000950170-24-022160,,False,
RKLB,us-gaap,CommonStockSharesOutstanding,shares_outstanding_candidate_VERIFY_classes_and_ADS,shares,,2023-12-31,2024-05-06,488923055,10-Q,0000950170-24-053646,,False,
RKLB,us-gaap,CommonStockSharesOutstanding,shares_outstanding_candidate_VERIFY_classes_and_ADS,shares,,2023-12-31,2024-08-08,488923055,10-Q,0000950170-24-094122,,False,
RKLB,us-gaap,CommonStockSharesOutstanding,shares_outstanding_candidate_VERIFY_classes_and_ADS,shares,,2023-12-31,2024-11-12,488923055,10-Q,0000950170-24-125529,,False,
RKLB,us-gaap,CommonStockSharesOutstanding,shares_outstanding_candidate_VERIFY_classes_and_ADS,shares,,2023-12-31,2025-02-27,488923055,10-K,0001628280-25-008724,,False,
RKLB,us-gaap,CommonStockSharesOutstanding,shares_outstanding_candidate_VERIFY_classes_and_ADS,shares,,2024-03-31,2024-05-06,492670716,10-Q,0000950170-24-053646,,False,
RKLB,us-gaap,CommonStockSharesOutstanding,shares_outstanding_candidate_VERIFY_classes_and_ADS,shares,,2024-06-30,2024-08-08,496500849,10-Q,0000950170-24-094122,,False,
RKLB,us-gaap,CommonStockSharesOutstanding,shares_outstanding_candidate_VERIFY_classes_and_ADS,shares,,2024-09-30,2024-11-12,499700976,10-Q,0000950170-24-125529,,False,
RKLB,us-gaap,CommonStockSharesOutstanding,shares_outstanding_candidate_VERIFY_classes_and_ADS,shares,,2024-12-31,2025-02-27,504453785,10-K,0001628280-25-008724,,False,
RKLB,us-gaap,CommonStockSharesOutstanding,shares_outstanding_candidate_VERIFY_classes_and_ADS,shares,,2024-12-31,2025-05-08,504453785,10-Q,0001628280-25-023857,,False,
RKLB,us-gaap,CommonStockSharesOutstanding,shares_outstanding_candidate_VERIFY_classes_and_ADS,shares,,2024-12-31,2025-08-07,504453785,10-Q,0001628280-25-038936,,False,
RKLB,us-gaap,CommonStockSharesOutstanding,shares_outstanding_candidate_VERIFY_classes_and_ADS,shares,,2024-12-31,2025-11-10,504453785,10-Q,0001819994-25-000021,,False,
RKLB,us-gaap,CommonStockSharesOutstanding,shares_outstanding_candidate_VERIFY_classes_and_ADS,shares,,2024-12-31,2026-02-26,504453785,10-K,0001819994-26-000013,,False,
RKLB,us-gaap,CommonStockSharesOutstanding,shares_outstanding_candidate_VERIFY_classes_and_ADS,shares,,2025-03-31,2025-05-08,460540981,10-Q,0001628280-25-023857,,False,
RKLB,us-gaap,CommonStockSharesOutstanding,shares_outstanding_candidate_VERIFY_classes_and_ADS,shares,,2025-06-30,2025-08-07,479326649,10-Q,0001628280-25-038936,,False,
RKLB,us-gaap,CommonStockSharesOutstanding,shares_outstanding_candidate_VERIFY_classes_and_ADS,shares,,2025-09-30,2025-11-10,496224616,10-Q,0001819994-25-000021,,False,
RKLB,us-gaap,CommonStockSharesOutstanding,shares_outstanding_candidate_VERIFY_classes_and_ADS,shares,,2025-12-31,2026-02-26,543574552,10-K,0001819994-26-000013,,False,
RKLB,us-gaap,CommonStockSharesOutstanding,shares_outstanding_candidate_VERIFY_classes_and_ADS,shares,,2025-12-31,2026-05-07,543574552,10-Q,0001819994-26-000028,,False,
RKLB,us-gaap,CommonStockSharesOutstanding,shares_outstanding_candidate_VERIFY_classes_and_ADS,shares,,2025-12-31,2026-08-10,543574552,10-Q,0001819994-26-000062,,False,
RKLB,us-gaap,CommonStockSharesOutstanding,shares_outstanding_candidate_VERIFY_classes_and_ADS,shares,,2026-03-31,2026-05-07,575767500,10-Q,0001819994-26-000028,,False,
RKLB,us-gaap,CommonStockSharesOutstanding,shares_outstanding_candidate_VERIFY_classes_and_ADS,shares,,2026-06-30,2026-08-10,598180438,10-Q,0001819994-26-000062,,False,
RKLB,us-gaap,CostOfRevenue,revenue_candidate_VERIFY_scope_and_currency,USD,2020-01-01,2020-09-30,2021-11-15,27186000,10-Q,0001193125-21-330184,274,False,
RKLB,us-gaap,CostOfRevenue,revenue_candidate_VERIFY_scope_and_currency,USD,2020-07-01,2020-09-30,2021-11-15,12555000,10-Q,0001193125-21-330184,92,False,
RKLB,us-gaap,CostOfRevenue,revenue_candidate_VERIFY_scope_and_currency,USD,2020-01-01,2020-12-31,2022-03-24,46977000,10-K,0000950170-22-004458,366,False,
RKLB,us-gaap,CostOfRevenue,revenue_candidate_VERIFY_scope_and_currency,USD,2020-01-01,2020-12-31,2023-03-07,46977000,10-K,0000950170-23-006499,366,False,
RKLB,us-gaap,CostOfRevenue,revenue_candidate_VERIFY_scope_and_currency,USD,2021-01-01,2021-03-31,2022-05-16,16781000,10-Q,0000950170-22-010114,90,False,
RKLB,us-gaap,CostOfRevenue,revenue_candidate_VERIFY_scope_and_currency,USD,2021-01-01,2021-06-30,2022-08-11,25598000,10-Q,0000950170-22-016921,181,False,
RKLB,us-gaap,CostOfRevenue,revenue_candidate_VERIFY_scope_and_currency,USD,2021-04-01,2021-06-30,2022-08-11,8817000,10-Q,0000950170-22-016921,91,False,
RKLB,us-gaap,CostOfRevenue,revenue_candidate_VERIFY_scope_and_currency,USD,2021-01-01,2021-09-30,2021-11-15,43337000,10-Q,0001193125-21-330184,273,False,
RKLB,us-gaap,CostOfRevenue,revenue_candidate_VERIFY_scope_and_currency,USD,2021-01-01,2021-09-30,2022-11-09,43337000,10-Q,0000950170-22-023923,273,False,
RKLB,us-gaap,CostOfRevenue,revenue_candidate_VERIFY_scope_and_currency,USD,2021-07-01,2021-09-30,2021-11-15,17738000,10-Q,0001193125-21-330184,92,False,
RKLB,us-gaap,CostOfRevenue,revenue_candidate_VERIFY_scope_and_currency,USD,2021-07-01,2021-09-30,2022-11-09,17738000,10-Q,0000950170-22-023923,92,False,
RKLB,us-gaap,CostOfRevenue,revenue_candidate_VERIFY_scope_and_currency,USD,2021-01-01,2021-12-31,2022-03-24,64130000,10-K,0000950170-22-004458,365,False,
RKLB,us-gaap,CostOfRevenue,revenue_candidate_VERIFY_scope_and_currency,USD,2021-01-01,2021-12-31,2023-03-07,64130000,10-K,0000950170-23-006499,365,False,
RKLB,us-gaap,CostOfRevenue,revenue_candidate_VERIFY_scope_and_currency,USD,2021-01-01,2021-12-31,2024-02-28,64130000,10-K,0000950170-24-022160,365,False,
RKLB,us-gaap,CostOfRevenue,revenue_candidate_VERIFY_scope_and_currency,USD,2022-01-01,2022-03-31,2022-05-16,36968000,10-Q,0000950170-22-010114,90,False,
RKLB,us-gaap,CostOfRevenue,revenue_candidate_VERIFY_scope_and_currency,USD,2022-01-01,2022-03-31,2023-05-09,36968000,10-Q,0000950170-23-019756,90,False,
RKLB,us-gaap,CostOfRevenue,revenue_candidate_VERIFY_scope_and_currency,USD,2022-01-01,2022-06-30,2022-08-11,87484000,10-Q,0000950170-22-016921,181,False,
RKLB,us-gaap,CostOfRevenue,revenue_candidate_VERIFY_scope_and_currency,USD,2022-01-01,2022-06-30,2023-08-08,87484000,10-Q,0000950170-23-039896,181,False,
RKLB,us-gaap,CostOfRevenue,revenue_candidate_VERIFY_scope_and_currency,USD,2022-04-01,2022-06-30,2022-08-11,50516000,10-Q,0000950170-22-016921,91,False,
RKLB,us-gaap,CostOfRevenue,revenue_candidate_VERIFY_scope_and_currency,USD,2022-04-01,2022-06-30,2023-08-08,50516000,10-Q,0000950170-23-039896,91,False,
RKLB,us-gaap,CostOfRevenue,revenue_candidate_VERIFY_scope_and_currency,USD,2022-01-01,2022-09-30,2022-11-09,142074000,10-Q,0000950170-22-023923,273,False,
RKLB,us-gaap,CostOfRevenue,revenue_candidate_VERIFY_scope_and_currency,USD,2022-01-01,2022-09-30,2023-11-08,142074000,10-Q,0000950170-23-061189,273,False,
RKLB,us-gaap,CostOfRevenue,revenue_candidate_VERIFY_scope_and_currency,USD,2022-07-01,2022-09-30,2022-11-09,54590000,10-Q,0000950170-22-023923,92,False,
RKLB,us-gaap,CostOfRevenue,revenue_candidate_VERIFY_scope_and_currency,USD,2022-07-01,2022-09-30,2023-11-08,54590000,10-Q,0000950170-23-061189,92,False,
RKLB,us-gaap,CostOfRevenue,revenue_candidate_VERIFY_scope_and_currency,USD,2022-01-01,2022-12-31,2023-03-07,192006000,10-K,0000950170-23-006499,365,False,
RKLB,us-gaap,CostOfRevenue,revenue_candidate_VERIFY_scope_and_currency,USD,2022-01-01,2022-12-31,2024-02-28,192006000,10-K,0000950170-24-022160,365,False,
RKLB,us-gaap,CostOfRevenue,revenue_candidate_VERIFY_scope_and_currency,USD,2022-01-01,2022-12-31,2025-02-27,192006000,10-K,0001628280-25-008724,365,False,
RKLB,us-gaap,CostOfRevenue,revenue_candidate_VERIFY_scope_and_currency,USD,2023-01-01,2023-03-31,2023-05-09,48538000,10-Q,0000950170-23-019756,90,False,
RKLB,us-gaap,CostOfRevenue,revenue_candidate_VERIFY_scope_and_currency,USD,2023-01-01,2023-03-31,2024-05-06,48538000,10-Q,0000950170-24-053646,90,False,
RKLB,us-gaap,CostOfRevenue,revenue_candidate_VERIFY_scope_and_currency,USD,2023-01-01,2023-06-30,2023-08-08,95990000,10-Q,0000950170-23-039896,181,False,
RKLB,us-gaap,CostOfRevenue,revenue_candidate_VERIFY_scope_and_currency,USD,2023-01-01,2023-06-30,2024-08-08,95990000,10-Q,0000950170-24-094122,181,False,
RKLB,us-gaap,CostOfRevenue,revenue_candidate_VERIFY_scope_and_currency,USD,2023-04-01,2023-06-30,2023-08-08,47452000,10-Q,0000950170-23-039896,91,False,
RKLB,us-gaap,CostOfRevenue,revenue_candidate_VERIFY_scope_and_currency,USD,2023-04-01,2023-06-30,2024-08-08,47452000,10-Q,0000950170-24-094122,91,False,
RKLB,us-gaap,CostOfRevenue,revenue_candidate_VERIFY_scope_and_currency,USD,2023-01-01,2023-09-30,2023-11-08,148684000,10-Q,0000950170-23-061189,273,False,
RKLB,us-gaap,CostOfRevenue,revenue_candidate_VERIFY_scope_and_currency,USD,2023-01-01,2023-09-30,2024-11-12,148684000,10-Q,0000950170-24-125529,273,False,
RKLB,us-gaap,CostOfRevenue,revenue_candidate_VERIFY_scope_and_currency,USD,2023-07-01,2023-09-30,2023-11-08,52694000,10-Q,0000950170-23-061189,92,False,
RKLB,us-gaap,CostOfRevenue,revenue_candidate_VERIFY_scope_and_currency,USD,2023-07-01,2023-09-30,2024-11-12,52694000,10-Q,0000950170-24-125529,92,False,
RKLB,us-gaap,CostOfRevenue,revenue_candidate_VERIFY_scope_and_currency,USD,2023-01-01,2023-12-31,2024-02-28,193183000,10-K,0000950170-24-022160,365,False,
RKLB,us-gaap,CostOfRevenue,revenue_candidate_VERIFY_scope_and_currency,USD,2023-01-01,2023-12-31,2025-02-27,193183000,10-K,0001628280-25-008724,365,False,
RKLB,us-gaap,CostOfRevenue,revenue_candidate_VERIFY_scope_and_currency,USD,2023-01-01,2023-12-31,2026-02-26,193183000,10-K,0001819994-26-000013,365,False,
RKLB,us-gaap,CostOfRevenue,revenue_candidate_VERIFY_scope_and_currency,USD,2024-01-01,2024-03-31,2024-05-06,68593000,10-Q,0000950170-24-053646,91,False,
RKLB,us-gaap,CostOfRevenue,revenue_candidate_VERIFY_scope_and_currency,USD,2024-01-01,2024-03-31,2025-05-08,68593000,10-Q,0001628280-25-023857,91,False,
RKLB,us-gaap,CostOfRevenue,revenue_candidate_VERIFY_scope_and_currency,USD,2024-01-01,2024-06-30,2024-08-08,147682000,10-Q,0000950170-24-094122,182,False,
RKLB,us-gaap,CostOfRevenue,revenue_candidate_VERIFY_scope_and_currency,USD,2024-01-01,2024-06-30,2025-08-07,147682000,10-Q,0001628280-25-038936,182,False,
RKLB,us-gaap,CostOfRevenue,revenue_candidate_VERIFY_scope_and_currency,USD,2024-04-01,2024-06-30,2024-08-08,79089000,10-Q,0000950170-24-094122,91,False,
RKLB,us-gaap,CostOfRevenue,revenue_candidate_VERIFY_scope_and_currency,USD,2024-04-01,2024-06-30,2025-08-07,79089000,10-Q,0001628280-25-038936,91,False,
RKLB,us-gaap,CostOfRevenue,revenue_candidate_VERIFY_scope_and_currency,USD,2024-01-01,2024-09-30,2024-11-12,224494000,10-Q,0000950170-24-125529,274,False,
RKLB,us-gaap,CostOfRevenue,revenue_candidate_VERIFY_scope_and_currency,USD,2024-01-01,2024-09-30,2025-11-10,224494000,10-Q,0001819994-25-000021,274,False,
RKLB,us-gaap,CostOfRevenue,revenue_candidate_VERIFY_scope_and_currency,USD,2024-07-01,2024-09-30,2024-11-12,76812000,10-Q,0000950170-24-125529,92,False,
RKLB,us-gaap,CostOfRevenue,revenue_candidate_VERIFY_scope_and_currency,USD,2024-07-01,2024-09-30,2025-11-10,76812000,10-Q,0001819994-25-000021,92,False,
RKLB,us-gaap,CostOfRevenue,revenue_candidate_VERIFY_scope_and_currency,USD,2024-01-01,2024-12-31,2025-02-27,320065000,10-K,0001628280-25-008724,366,False,
RKLB,us-gaap,CostOfRevenue,revenue_candidate_VERIFY_scope_and_currency,USD,2024-01-01,2024-12-31,2026-02-26,320065000,10-K,0001819994-26-000013,366,False,
RKLB,us-gaap,CostOfRevenue,revenue_candidate_VERIFY_scope_and_currency,USD,2025-01-01,2025-03-31,2025-05-08,87322000,10-Q,0001628280-25-023857,90,False,
RKLB,us-gaap,CostOfRevenue,revenue_candidate_VERIFY_scope_and_currency,USD,2025-01-01,2025-03-31,2026-05-07,87322000,10-Q,0001819994-26-000028,90,False,
RKLB,us-gaap,CostOfRevenue,revenue_candidate_VERIFY_scope_and_currency,USD,2025-01-01,2025-06-30,2025-08-07,185432000,10-Q,0001628280-25-038936,181,False,
RKLB,us-gaap,CostOfRevenue,revenue_candidate_VERIFY_scope_and_currency,USD,2025-01-01,2025-06-30,2026-08-10,185432000,10-Q,0001819994-26-000062,181,False,
RKLB,us-gaap,CostOfRevenue,revenue_candidate_VERIFY_scope_and_currency,USD,2025-04-01,2025-06-30,2025-08-07,98110000,10-Q,0001628280-25-038936,91,False,
RKLB,us-gaap,CostOfRevenue,revenue_candidate_VERIFY_scope_and_currency,USD,2025-04-01,2025-06-30,2026-08-10,98110000,10-Q,0001819994-26-000062,91,False,
RKLB,us-gaap,CostOfRevenue,revenue_candidate_VERIFY_scope_and_currency,USD,2025-01-01,2025-09-30,2025-11-10,283198000,10-Q,0001819994-25-000021,273,False,
RKLB,us-gaap,CostOfRevenue,revenue_candidate_VERIFY_scope_and_currency,USD,2025-07-01,2025-09-30,2025-11-10,97766000,10-Q,0001819994-25-000021,92,False,
RKLB,us-gaap,CostOfRevenue,revenue_candidate_VERIFY_scope_and_currency,USD,2025-01-01,2025-12-31,2026-02-26,394618000,10-K,0001819994-26-000013,365,False,
RKLB,us-gaap,CostOfRevenue,revenue_candidate_VERIFY_scope_and_currency,USD,2026-01-01,2026-03-31,2026-05-07,123855000,10-Q,0001819994-26-000028,90,False,
RKLB,us-gaap,CostOfRevenue,revenue_candidate_VERIFY_scope_and_currency,USD,2026-01-01,2026-06-30,2026-08-10,273345000,10-Q,0001819994-26-000062,181,False,
RKLB,us-gaap,CostOfRevenue,revenue_candidate_VERIFY_scope_and_currency,USD,2026-04-01,2026-06-30,2026-08-10,149490000,10-Q,0001819994-26-000062,91,False,
RKLB,us-gaap,DeferredRevenueRevenueRecognized1,revenue_candidate_VERIFY_scope_and_currency,USD,2020-01-01,2020-12-31,2022-03-24,8773000,10-K,0000950170-22-004458,366,False,
RKLB,us-gaap,DeferredRevenueRevenueRecognized1,revenue_candidate_VERIFY_scope_and_currency,USD,2020-01-01,2020-12-31,2023-03-07,8773000,10-K,0000950170-23-006499,366,False,
RKLB,us-gaap,DeferredRevenueRevenueRecognized1,revenue_candidate_VERIFY_scope_and_currency,USD,2021-01-01,2021-09-30,2021-11-15,12110000,10-Q,0001193125-21-330184,273,False,
RKLB,us-gaap,DeferredRevenueRevenueRecognized1,revenue_candidate_VERIFY_scope_and_currency,USD,2021-01-01,2021-12-31,2022-03-24,13557000,10-K,0000950170-22-004458,365,False,
RKLB,us-gaap,DeferredRevenueRevenueRecognized1,revenue_candidate_VERIFY_scope_and_currency,USD,2021-01-01,2021-12-31,2023-03-07,13557000,10-K,0000950170-23-006499,365,False,
RKLB,us-gaap,DeferredRevenueRevenueRecognized1,revenue_candidate_VERIFY_scope_and_currency,USD,2021-01-01,2021-12-31,2024-02-28,13557000,10-K,0000950170-24-022160,365,False,
RKLB,us-gaap,DeferredRevenueRevenueRecognized1,revenue_candidate_VERIFY_scope_and_currency,USD,2022-01-01,2022-03-31,2022-05-16,12020000,10-Q,0000950170-22-010114,90,False,
RKLB,us-gaap,DeferredRevenueRevenueRecognized1,revenue_candidate_VERIFY_scope_and_currency,USD,2022-01-01,2022-06-30,2022-08-11,30364000,10-Q,0000950170-22-016921,181,False,
RKLB,us-gaap,DeferredRevenueRevenueRecognized1,revenue_candidate_VERIFY_scope_and_currency,USD,2022-01-01,2022-09-30,2022-11-09,52078000,10-Q,0000950170-22-023923,273,False,
RKLB,us-gaap,DeferredRevenueRevenueRecognized1,revenue_candidate_VERIFY_scope_and_currency,USD,2022-07-01,2022-09-30,2022-11-09,21714000,10-Q,0000950170-22-023923,92,False,
RKLB,us-gaap,DeferredRevenueRevenueRecognized1,revenue_candidate_VERIFY_scope_and_currency,USD,2022-01-01,2022-12-31,2023-03-07,73625000,10-K,0000950170-23-006499,365,False,
RKLB,us-gaap,DeferredRevenueRevenueRecognized1,revenue_candidate_VERIFY_scope_and_currency,USD,2022-01-01,2022-12-31,2024-02-28,73625000,10-K,0000950170-24-022160,365,False,
RKLB,us-gaap,DeferredRevenueRevenueRecognized1,revenue_candidate_VERIFY_scope_and_currency,USD,2023-01-01,2023-03-31,2023-05-09,17102000,10-Q,0000950170-23-019756,90,False,
RKLB,us-gaap,DeferredRevenueRevenueRecognized1,revenue_candidate_VERIFY_scope_and_currency,USD,2023-01-01,2023-06-30,2023-08-08,42353000,10-Q,0000950170-23-039896,181,False,
RKLB,us-gaap,DeferredRevenueRevenueRecognized1,revenue_candidate_VERIFY_scope_and_currency,USD,2023-04-01,2023-06-30,2023-08-08,25251000,10-Q,0000950170-23-039896,91,False,
RKLB,us-gaap,DeferredRevenueRevenueRecognized1,revenue_candidate_VERIFY_scope_and_currency,USD,2023-01-01,2023-09-30,2023-11-08,83262000,10-Q,0000950170-23-061189,273,False,
RKLB,us-gaap,DeferredRevenueRevenueRecognized1,revenue_candidate_VERIFY_scope_and_currency,USD,2023-07-01,2023-09-30,2023-11-08,40909000,10-Q,0000950170-23-061189,92,False,
RKLB,us-gaap,DeferredRevenueRevenueRecognized1,revenue_candidate_VERIFY_scope_and_currency,USD,2023-01-01,2023-12-31,2024-02-28,106164000,10-K,0000950170-24-022160,365,False,
RKLB,us-gaap,DeferredRevenueRevenueRecognized1,revenue_candidate_VERIFY_scope_and_currency,USD,2024-01-01,2024-03-31,2024-05-06,57173000,10-Q,0000950170-24-053646,91,False,
RKLB,us-gaap,DeferredRevenueRevenueRecognized1,revenue_candidate_VERIFY_scope_and_currency,USD,2024-01-01,2024-06-30,2024-08-08,90279000,10-Q,0000950170-24-094122,182,False,
RKLB,us-gaap,DeferredRevenueRevenueRecognized1,revenue_candidate_VERIFY_scope_and_currency,USD,2024-04-01,2024-06-30,2024-08-08,33106000,10-Q,0000950170-24-094122,91,False,
RKLB,us-gaap,DeferredRevenueRevenueRecognized1,revenue_candidate_VERIFY_scope_and_currency,USD,2024-01-01,2024-09-30,2024-11-12,141826000,10-Q,0000950170-24-125529,274,False,
RKLB,us-gaap,DeferredRevenueRevenueRecognized1,revenue_candidate_VERIFY_scope_and_currency,USD,2024-07-01,2024-09-30,2024-11-12,51547000,10-Q,0000950170-24-125529,92,False,
RKLB,us-gaap,PreferredStockSharesAuthorized,other_share_concept_NOT_automatically_outstanding,shares,,2020-09-30,2020-11-16,1000000,10-Q,0001213900-20-037159,,False,
RKLB,us-gaap,PreferredStockSharesAuthorized,other_share_concept_NOT_automatically_outstanding,shares,,2020-12-31,2021-03-31,1000000,10-K,0001193125-21-100852,,False,
RKLB,us-gaap,PreferredStockSharesAuthorized,other_share_concept_NOT_automatically_outstanding,shares,,2020-12-31,2021-05-03,1000000,10-K/A,0001213900-21-024067,,False,
RKLB,us-gaap,PreferredStockSharesAuthorized,other_share_concept_NOT_automatically_outstanding,shares,,2020-12-31,2021-05-24,1000000,10-Q,0001213900-21-028778,,False,
RKLB,us-gaap,PreferredStockSharesAuthorized,other_share_concept_NOT_automatically_outstanding,shares,,2020-12-31,2021-08-03,1000000,10-Q,0001193125-21-234954,,False,
RKLB,us-gaap,PreferredStockSharesAuthorized,other_share_concept_NOT_automatically_outstanding,shares,,2021-03-31,2021-05-24,1000000,10-Q,0001213900-21-028778,,False,
RKLB,us-gaap,PreferredStockSharesAuthorized,other_share_concept_NOT_automatically_outstanding,shares,,2021-06-30,2021-08-03,1000000,10-Q,0001193125-21-234954,,False,
RKLB,us-gaap,PreferredStockSharesAuthorized,other_share_concept_NOT_automatically_outstanding,shares,,2023-12-31,2025-02-27,100000000,10-K,0001628280-25-008724,,False,
RKLB,us-gaap,PreferredStockSharesAuthorized,other_share_concept_NOT_automatically_outstanding,shares,,2024-12-31,2025-02-27,100000000,10-K,0001628280-25-008724,,False,
RKLB,us-gaap,PreferredStockSharesAuthorized,other_share_concept_NOT_automatically_outstanding,shares,,2024-12-31,2025-05-08,100000000,10-Q,0001628280-25-023857,,False,
RKLB,us-gaap,PreferredStockSharesAuthorized,other_share_concept_NOT_automatically_outstanding,shares,,2024-12-31,2025-08-07,100000000,10-Q,0001628280-25-038936,,False,
RKLB,us-gaap,PreferredStockSharesAuthorized,other_share_concept_NOT_automatically_outstanding,shares,,2024-12-31,2025-11-10,100000000,10-Q,0001819994-25-000021,,False,
RKLB,us-gaap,PreferredStockSharesAuthorized,other_share_concept_NOT_automatically_outstanding,shares,,2024-12-31,2026-02-26,100000000,10-K,0001819994-26-000013,,False,
RKLB,us-gaap,PreferredStockSharesAuthorized,other_share_concept_NOT_automatically_outstanding,shares,,2025-03-31,2025-05-08,100000000,10-Q,0001628280-25-023857,,False,
RKLB,us-gaap,PreferredStockSharesAuthorized,other_share_concept_NOT_automatically_outstanding,shares,,2025-06-30,2025-08-07,100000000,10-Q,0001628280-25-038936,,False,
RKLB,us-gaap,PreferredStockSharesAuthorized,other_share_concept_NOT_automatically_outstanding,shares,,2025-09-30,2025-11-10,100000000,10-Q,0001819994-25-000021,,False,
RKLB,us-gaap,PreferredStockSharesAuthorized,other_share_concept_NOT_automatically_outstanding,shares,,2025-12-31,2026-02-26,100000000,10-K,0001819994-26-000013,,False,
RKLB,us-gaap,PreferredStockSharesAuthorized,other_share_concept_NOT_automatically_outstanding,shares,,2025-12-31,2026-05-07,100000000,10-Q,0001819994-26-000028,,False,
RKLB,us-gaap,PreferredStockSharesAuthorized,other_share_concept_NOT_automatically_outstanding,shares,,2025-12-31,2026-08-10,100000000,10-Q,0001819994-26-000062,,False,
RKLB,us-gaap,PreferredStockSharesAuthorized,other_share_concept_NOT_automatically_outstanding,shares,,2026-03-31,2026-05-07,100000000,10-Q,0001819994-26-000028,,False,
RKLB,us-gaap,PreferredStockSharesAuthorized,other_share_concept_NOT_automatically_outstanding,shares,,2026-06-30,2026-08-10,100000000,10-Q,0001819994-26-000062,,False,
RKLB,us-gaap,PreferredStockSharesIssued,other_share_concept_NOT_automatically_outstanding,shares,,2020-12-31,2021-03-31,0,10-K,0001193125-21-100852,,False,
RKLB,us-gaap,PreferredStockSharesIssued,other_share_concept_NOT_automatically_outstanding,shares,,2023-12-31,2025-02-27,0,10-K,0001628280-25-008724,,False,
RKLB,us-gaap,PreferredStockSharesIssued,other_share_concept_NOT_automatically_outstanding,shares,,2024-12-31,2025-02-27,0,10-K,0001628280-25-008724,,False,
RKLB,us-gaap,PreferredStockSharesIssued,other_share_concept_NOT_automatically_outstanding,shares,,2024-12-31,2025-05-08,0,10-Q,0001628280-25-023857,,False,
RKLB,us-gaap,PreferredStockSharesIssued,other_share_concept_NOT_automatically_outstanding,shares,,2024-12-31,2025-08-07,0,10-Q,0001628280-25-038936,,False,
RKLB,us-gaap,PreferredStockSharesIssued,other_share_concept_NOT_automatically_outstanding,shares,,2024-12-31,2025-11-10,0,10-Q,0001819994-25-000021,,False,
RKLB,us-gaap,PreferredStockSharesIssued,other_share_concept_NOT_automatically_outstanding,shares,,2024-12-31,2026-02-26,0,10-K,0001819994-26-000013,,False,
RKLB,us-gaap,PreferredStockSharesIssued,other_share_concept_NOT_automatically_outstanding,shares,,2025-03-31,2025-05-08,50951250,10-Q,0001628280-25-023857,,False,
RKLB,us-gaap,PreferredStockSharesIssued,other_share_concept_NOT_automatically_outstanding,shares,,2025-06-30,2025-08-07,45951250,10-Q,0001628280-25-038936,,False,
RKLB,us-gaap,PreferredStockSharesIssued,other_share_concept_NOT_automatically_outstanding,shares,,2025-09-30,2025-11-10,45951250,10-Q,0001819994-25-000021,,False,
RKLB,us-gaap,PreferredStockSharesIssued,other_share_concept_NOT_automatically_outstanding,shares,,2025-12-31,2026-02-26,45951250,10-K,0001819994-26-000013,,False,
RKLB,us-gaap,PreferredStockSharesIssued,other_share_concept_NOT_automatically_outstanding,shares,,2025-12-31,2026-05-07,45951250,10-Q,0001819994-26-000028,,False,
RKLB,us-gaap,PreferredStockSharesIssued,other_share_concept_NOT_automatically_outstanding,shares,,2025-12-31,2026-08-10,45951250,10-Q,0001819994-26-000062,,False,
RKLB,us-gaap,PreferredStockSharesIssued,other_share_concept_NOT_automatically_outstanding,shares,,2026-03-31,2026-05-07,45951250,10-Q,0001819994-26-000028,,False,
RKLB,us-gaap,PreferredStockSharesIssued,other_share_concept_NOT_automatically_outstanding,shares,,2026-06-30,2026-08-10,40951250,10-Q,0001819994-26-000062,,False,
RKLB,us-gaap,PreferredStockSharesOutstanding,shares_outstanding_candidate_VERIFY_classes_and_ADS,shares,,2020-12-31,2021-03-31,0,10-K,0001193125-21-100852,,False,
RKLB,us-gaap,PreferredStockSharesOutstanding,shares_outstanding_candidate_VERIFY_classes_and_ADS,shares,,2023-12-31,2025-02-27,0,10-K,0001628280-25-008724,,False,
RKLB,us-gaap,PreferredStockSharesOutstanding,shares_outstanding_candidate_VERIFY_classes_and_ADS,shares,,2024-12-31,2025-02-27,0,10-K,0001628280-25-008724,,False,
RKLB,us-gaap,PreferredStockSharesOutstanding,shares_outstanding_candidate_VERIFY_classes_and_ADS,shares,,2024-12-31,2025-05-08,0,10-Q,0001628280-25-023857,,False,
RKLB,us-gaap,PreferredStockSharesOutstanding,shares_outstanding_candidate_VERIFY_classes_and_ADS,shares,,2024-12-31,2025-08-07,0,10-Q,0001628280-25-038936,,False,
RKLB,us-gaap,PreferredStockSharesOutstanding,shares_outstanding_candidate_VERIFY_classes_and_ADS,shares,,2024-12-31,2025-11-10,0,10-Q,0001819994-25-000021,,False,
RKLB,us-gaap,PreferredStockSharesOutstanding,shares_outstanding_candidate_VERIFY_classes_and_ADS,shares,,2024-12-31,2026-02-26,0,10-K,0001819994-26-000013,,False,
RKLB,us-gaap,PreferredStockSharesOutstanding,shares_outstanding_candidate_VERIFY_classes_and_ADS,shares,,2025-03-31,2025-05-08,50951250,10-Q,0001628280-25-023857,,False,
RKLB,us-gaap,PreferredStockSharesOutstanding,shares_outstanding_candidate_VERIFY_classes_and_ADS,shares,,2025-06-30,2025-08-07,45951250,10-Q,0001628280-25-038936,,False,
RKLB,us-gaap,PreferredStockSharesOutstanding,shares_outstanding_candidate_VERIFY_classes_and_ADS,shares,,2025-09-30,2025-11-10,45951250,10-Q,0001819994-25-000021,,False,
RKLB,us-gaap,PreferredStockSharesOutstanding,shares_outstanding_candidate_VERIFY_classes_and_ADS,shares,,2025-12-31,2026-02-26,45951250,10-K,0001819994-26-000013,,False,
RKLB,us-gaap,PreferredStockSharesOutstanding,shares_outstanding_candidate_VERIFY_classes_and_ADS,shares,,2025-12-31,2026-05-07,45951250,10-Q,0001819994-26-000028,,False,
RKLB,us-gaap,PreferredStockSharesOutstanding,shares_outstanding_candidate_VERIFY_classes_and_ADS,shares,,2025-12-31,2026-08-10,45951250,10-Q,0001819994-26-000062,,False,
RKLB,us-gaap,PreferredStockSharesOutstanding,shares_outstanding_candidate_VERIFY_classes_and_ADS,shares,,2026-03-31,2026-05-07,45951250,10-Q,0001819994-26-000028,,False,
RKLB,us-gaap,PreferredStockSharesOutstanding,shares_outstanding_candidate_VERIFY_classes_and_ADS,shares,,2026-06-30,2026-08-10,40951250,10-Q,0001819994-26-000062,,False,
RKLB,us-gaap,RevenueFromContractWithCustomerExcludingAssessedTax,revenue_candidate_VERIFY_scope_and_currency,USD,2020-01-01,2020-09-30,2021-11-15,19423000,10-Q,0001193125-21-330184,274,True,
RKLB,us-gaap,RevenueFromContractWithCustomerExcludingAssessedTax,revenue_candidate_VERIFY_scope_and_currency,USD,2020-07-01,2020-09-30,2021-11-15,10670000,10-Q,0001193125-21-330184,92,True,
RKLB,us-gaap,RevenueFromContractWithCustomerExcludingAssessedTax,revenue_candidate_VERIFY_scope_and_currency,USD,2020-01-01,2020-12-31,2022-03-24,35160000,10-K,0000950170-22-004458,366,True,
RKLB,us-gaap,RevenueFromContractWithCustomerExcludingAssessedTax,revenue_candidate_VERIFY_scope_and_currency,USD,2020-01-01,2020-12-31,2023-03-07,35160000,10-K,0000950170-23-006499,366,True,
RKLB,us-gaap,RevenueFromContractWithCustomerExcludingAssessedTax,revenue_candidate_VERIFY_scope_and_currency,USD,2021-01-01,2021-03-31,2022-05-16,18192000,10-Q,0000950170-22-010114,90,True,
RKLB,us-gaap,RevenueFromContractWithCustomerExcludingAssessedTax,revenue_candidate_VERIFY_scope_and_currency,USD,2021-01-01,2021-06-30,2022-08-11,29472000,10-Q,0000950170-22-016921,181,True,
RKLB,us-gaap,RevenueFromContractWithCustomerExcludingAssessedTax,revenue_candidate_VERIFY_scope_and_currency,USD,2021-04-01,2021-06-30,2022-08-11,11280000,10-Q,0000950170-22-016921,91,True,
RKLB,us-gaap,RevenueFromContractWithCustomerExcludingAssessedTax,revenue_candidate_VERIFY_scope_and_currency,USD,2021-01-01,2021-09-30,2021-11-15,34759000,10-Q,0001193125-21-330184,273,True,
RKLB,us-gaap,RevenueFromContractWithCustomerExcludingAssessedTax,revenue_candidate_VERIFY_scope_and_currency,USD,2021-01-01,2021-09-30,2022-11-09,34759000,10-Q,0000950170-22-023923,273,True,
RKLB,us-gaap,RevenueFromContractWithCustomerExcludingAssessedTax,revenue_candidate_VERIFY_scope_and_currency,USD,2021-07-01,2021-09-30,2021-11-15,5287000,10-Q,0001193125-21-330184,92,True,
RKLB,us-gaap,RevenueFromContractWithCustomerExcludingAssessedTax,revenue_candidate_VERIFY_scope_and_currency,USD,2021-07-01,2021-09-30,2022-11-09,5287000,10-Q,0000950170-22-023923,92,True,
RKLB,us-gaap,RevenueFromContractWithCustomerExcludingAssessedTax,revenue_candidate_VERIFY_scope_and_currency,USD,2021-01-01,2021-12-31,2022-03-24,62237000,10-K,0000950170-22-004458,365,True,
RKLB,us-gaap,RevenueFromContractWithCustomerExcludingAssessedTax,revenue_candidate_VERIFY_scope_and_currency,USD,2021-01-01,2021-12-31,2023-03-07,62237000,10-K,0000950170-23-006499,365,True,
RKLB,us-gaap,RevenueFromContractWithCustomerExcludingAssessedTax,revenue_candidate_VERIFY_scope_and_currency,USD,2021-01-01,2021-12-31,2024-02-28,62237000,10-K,0000950170-24-022160,365,True,
RKLB,us-gaap,RevenueFromContractWithCustomerExcludingAssessedTax,revenue_candidate_VERIFY_scope_and_currency,USD,2022-01-01,2022-03-31,2022-05-16,40703000,10-Q,0000950170-22-010114,90,True,
RKLB,us-gaap,RevenueFromContractWithCustomerExcludingAssessedTax,revenue_candidate_VERIFY_scope_and_currency,USD,2022-01-01,2022-03-31,2023-05-09,40703000,10-Q,0000950170-23-019756,90,True,
RKLB,us-gaap,RevenueFromContractWithCustomerExcludingAssessedTax,revenue_candidate_VERIFY_scope_and_currency,USD,2022-01-01,2022-06-30,2022-08-11,96177000,10-Q,0000950170-22-016921,181,True,
RKLB,us-gaap,RevenueFromContractWithCustomerExcludingAssessedTax,revenue_candidate_VERIFY_scope_and_currency,USD,2022-01-01,2022-06-30,2023-08-08,96177000,10-Q,0000950170-23-039896,181,True,
RKLB,us-gaap,RevenueFromContractWithCustomerExcludingAssessedTax,revenue_candidate_VERIFY_scope_and_currency,USD,2022-04-01,2022-06-30,2022-08-11,55474000,10-Q,0000950170-22-016921,91,True,
RKLB,us-gaap,RevenueFromContractWithCustomerExcludingAssessedTax,revenue_candidate_VERIFY_scope_and_currency,USD,2022-04-01,2022-06-30,2023-08-08,55474000,10-Q,0000950170-23-039896,91,True,
RKLB,us-gaap,RevenueFromContractWithCustomerExcludingAssessedTax,revenue_candidate_VERIFY_scope_and_currency,USD,2022-01-01,2022-09-30,2022-11-09,159234000,10-Q,0000950170-22-023923,273,True,
RKLB,us-gaap,RevenueFromContractWithCustomerExcludingAssessedTax,revenue_candidate_VERIFY_scope_and_currency,USD,2022-01-01,2022-09-30,2023-11-08,159234000,10-Q,0000950170-23-061189,273,True,
RKLB,us-gaap,RevenueFromContractWithCustomerExcludingAssessedTax,revenue_candidate_VERIFY_scope_and_currency,USD,2022-07-01,2022-09-30,2022-11-09,63057000,10-Q,0000950170-22-023923,92,True,
RKLB,us-gaap,RevenueFromContractWithCustomerExcludingAssessedTax,revenue_candidate_VERIFY_scope_and_currency,USD,2022-07-01,2022-09-30,2023-11-08,63057000,10-Q,0000950170-23-061189,92,True,
RKLB,us-gaap,RevenueFromContractWithCustomerExcludingAssessedTax,revenue_candidate_VERIFY_scope_and_currency,USD,2022-01-01,2022-12-31,2023-03-07,210996000,10-K,0000950170-23-006499,365,True,
RKLB,us-gaap,RevenueFromContractWithCustomerExcludingAssessedTax,revenue_candidate_VERIFY_scope_and_currency,USD,2022-01-01,2022-12-31,2024-02-28,210996000,10-K,0000950170-24-022160,365,True,
RKLB,us-gaap,RevenueFromContractWithCustomerExcludingAssessedTax,revenue_candidate_VERIFY_scope_and_currency,USD,2022-01-01,2022-12-31,2025-02-27,210996000,10-K,0001628280-25-008724,365,True,
RKLB,us-gaap,RevenueFromContractWithCustomerExcludingAssessedTax,revenue_candidate_VERIFY_scope_and_currency,USD,2023-01-01,2023-03-31,2023-05-09,54895000,10-Q,0000950170-23-019756,90,True,
RKLB,us-gaap,RevenueFromContractWithCustomerExcludingAssessedTax,revenue_candidate_VERIFY_scope_and_currency,USD,2023-01-01,2023-03-31,2024-05-06,54895000,10-Q,0000950170-24-053646,90,True,
RKLB,us-gaap,RevenueFromContractWithCustomerExcludingAssessedTax,revenue_candidate_VERIFY_scope_and_currency,USD,2023-01-01,2023-06-30,2023-08-08,116940000,10-Q,0000950170-23-039896,181,True,
RKLB,us-gaap,RevenueFromContractWithCustomerExcludingAssessedTax,revenue_candidate_VERIFY_scope_and_currency,USD,2023-01-01,2023-06-30,2024-08-08,116940000,10-Q,0000950170-24-094122,181,True,
RKLB,us-gaap,RevenueFromContractWithCustomerExcludingAssessedTax,revenue_candidate_VERIFY_scope_and_currency,USD,2023-04-01,2023-06-30,2023-08-08,62045000,10-Q,0000950170-23-039896,91,True,
RKLB,us-gaap,RevenueFromContractWithCustomerExcludingAssessedTax,revenue_candidate_VERIFY_scope_and_currency,USD,2023-04-01,2023-06-30,2024-08-08,62045000,10-Q,0000950170-24-094122,91,True,
RKLB,us-gaap,RevenueFromContractWithCustomerExcludingAssessedTax,revenue_candidate_VERIFY_scope_and_currency,USD,2023-01-01,2023-09-30,2023-11-08,184601000,10-Q,0000950170-23-061189,273,True,
RKLB,us-gaap,RevenueFromContractWithCustomerExcludingAssessedTax,revenue_candidate_VERIFY_scope_and_currency,USD,2023-01-01,2023-09-30,2024-11-12,184601000,10-Q,0000950170-24-125529,273,True,
RKLB,us-gaap,RevenueFromContractWithCustomerExcludingAssessedTax,revenue_candidate_VERIFY_scope_and_currency,USD,2023-07-01,2023-09-30,2023-11-08,67661000,10-Q,0000950170-23-061189,92,True,
RKLB,us-gaap,RevenueFromContractWithCustomerExcludingAssessedTax,revenue_candidate_VERIFY_scope_and_currency,USD,2023-07-01,2023-09-30,2024-11-12,67661000,10-Q,0000950170-24-125529,92,True,
RKLB,us-gaap,RevenueFromContractWithCustomerExcludingAssessedTax,revenue_candidate_VERIFY_scope_and_currency,USD,2023-01-01,2023-12-31,2024-02-28,244592000,10-K,0000950170-24-022160,365,True,
RKLB,us-gaap,RevenueFromContractWithCustomerExcludingAssessedTax,revenue_candidate_VERIFY_scope_and_currency,USD,2023-01-01,2023-12-31,2025-02-27,244592000,10-K,0001628280-25-008724,365,True,
RKLB,us-gaap,RevenueFromContractWithCustomerExcludingAssessedTax,revenue_candidate_VERIFY_scope_and_currency,USD,2023-01-01,2023-12-31,2026-02-26,244592000,10-K,0001819994-26-000013,365,True,
RKLB,us-gaap,RevenueFromContractWithCustomerExcludingAssessedTax,revenue_candidate_VERIFY_scope_and_currency,USD,2024-01-01,2024-03-31,2024-05-06,92767000,10-Q,0000950170-24-053646,91,True,
RKLB,us-gaap,RevenueFromContractWithCustomerExcludingAssessedTax,revenue_candidate_VERIFY_scope_and_currency,USD,2024-01-01,2024-03-31,2025-05-08,92767000,10-Q,0001628280-25-023857,91,True,
RKLB,us-gaap,RevenueFromContractWithCustomerExcludingAssessedTax,revenue_candidate_VERIFY_scope_and_currency,USD,2024-01-01,2024-06-30,2024-08-08,199018000,10-Q,0000950170-24-094122,182,True,
RKLB,us-gaap,RevenueFromContractWithCustomerExcludingAssessedTax,revenue_candidate_VERIFY_scope_and_currency,USD,2024-01-01,2024-06-30,2025-08-07,199018000,10-Q,0001628280-25-038936,182,True,
RKLB,us-gaap,RevenueFromContractWithCustomerExcludingAssessedTax,revenue_candidate_VERIFY_scope_and_currency,USD,2024-04-01,2024-06-30,2024-08-08,106251000,10-Q,0000950170-24-094122,91,True,
RKLB,us-gaap,RevenueFromContractWithCustomerExcludingAssessedTax,revenue_candidate_VERIFY_scope_and_currency,USD,2024-04-01,2024-06-30,2025-08-07,106251000,10-Q,0001628280-25-038936,91,True,
RKLB,us-gaap,RevenueFromContractWithCustomerExcludingAssessedTax,revenue_candidate_VERIFY_scope_and_currency,USD,2024-01-01,2024-09-30,2024-11-12,303826000,10-Q,0000950170-24-125529,274,True,
RKLB,us-gaap,RevenueFromContractWithCustomerExcludingAssessedTax,revenue_candidate_VERIFY_scope_and_currency,USD,2024-01-01,2024-09-30,2025-11-10,303826000,10-Q,0001819994-25-000021,274,True,
RKLB,us-gaap,RevenueFromContractWithCustomerExcludingAssessedTax,revenue_candidate_VERIFY_scope_and_currency,USD,2024-07-01,2024-09-30,2024-11-12,104808000,10-Q,0000950170-24-125529,92,True,
RKLB,us-gaap,RevenueFromContractWithCustomerExcludingAssessedTax,revenue_candidate_VERIFY_scope_and_currency,USD,2024-07-01,2024-09-30,2025-11-10,104808000,10-Q,0001819994-25-000021,92,True,
RKLB,us-gaap,RevenueFromContractWithCustomerExcludingAssessedTax,revenue_candidate_VERIFY_scope_and_currency,USD,2024-01-01,2024-12-31,2025-02-27,436214000,10-K,0001628280-25-008724,366,True,
RKLB,us-gaap,RevenueFromContractWithCustomerExcludingAssessedTax,revenue_candidate_VERIFY_scope_and_currency,USD,2024-01-01,2024-12-31,2026-02-26,436214000,10-K,0001819994-26-000013,366,True,
RKLB,us-gaap,RevenueFromContractWithCustomerExcludingAssessedTax,revenue_candidate_VERIFY_scope_and_currency,USD,2025-01-01,2025-03-31,2025-05-08,122569000,10-Q,0001628280-25-023857,90,True,
RKLB,us-gaap,RevenueFromContractWithCustomerExcludingAssessedTax,revenue_candidate_VERIFY_scope_and_currency,USD,2025-01-01,2025-03-31,2026-05-07,122569000,10-Q,0001819994-26-000028,90,True,
RKLB,us-gaap,RevenueFromContractWithCustomerExcludingAssessedTax,revenue_candidate_VERIFY_scope_and_currency,USD,2025-01-01,2025-06-30,2025-08-07,267067000,10-Q,0001628280-25-038936,181,True,
RKLB,us-gaap,RevenueFromContractWithCustomerExcludingAssessedTax,revenue_candidate_VERIFY_scope_and_currency,USD,2025-01-01,2025-06-30,2026-08-10,267067000,10-Q,0001819994-26-000062,181,True,
RKLB,us-gaap,RevenueFromContractWithCustomerExcludingAssessedTax,revenue_candidate_VERIFY_scope_and_currency,USD,2025-04-01,2025-06-30,2025-08-07,144498000,10-Q,0001628280-25-038936,91,True,
RKLB,us-gaap,RevenueFromContractWithCustomerExcludingAssessedTax,revenue_candidate_VERIFY_scope_and_currency,USD,2025-04-01,2025-06-30,2026-08-10,144498000,10-Q,0001819994-26-000062,91,True,
RKLB,us-gaap,RevenueFromContractWithCustomerExcludingAssessedTax,revenue_candidate_VERIFY_scope_and_currency,USD,2025-01-01,2025-09-30,2025-11-10,422147000,10-Q,0001819994-25-000021,273,True,
RKLB,us-gaap,RevenueFromContractWithCustomerExcludingAssessedTax,revenue_candidate_VERIFY_scope_and_currency,USD,2025-07-01,2025-09-30,2025-11-10,155080000,10-Q,0001819994-25-000021,92,True,
RKLB,us-gaap,RevenueFromContractWithCustomerExcludingAssessedTax,revenue_candidate_VERIFY_scope_and_currency,USD,2025-01-01,2025-12-31,2026-02-26,601799000,10-K,0001819994-26-000013,365,True,
RKLB,us-gaap,RevenueFromContractWithCustomerExcludingAssessedTax,revenue_candidate_VERIFY_scope_and_currency,USD,2026-01-01,2026-03-31,2026-05-07,200348000,10-Q,0001819994-26-000028,90,True,
RKLB,us-gaap,RevenueFromContractWithCustomerExcludingAssessedTax,revenue_candidate_VERIFY_scope_and_currency,USD,2026-01-01,2026-06-30,2026-08-10,434414000,10-Q,0001819994-26-000062,181,True,
RKLB,us-gaap,RevenueFromContractWithCustomerExcludingAssessedTax,revenue_candidate_VERIFY_scope_and_currency,USD,2026-04-01,2026-06-30,2026-08-10,234066000,10-Q,0001819994-26-000062,91,True,
RKLB,us-gaap,RevenueRemainingPerformanceObligation,revenue_candidate_VERIFY_scope_and_currency,USD,,2020-12-31,2021-11-15,82039000,10-Q,0001193125-21-330184,,False,
RKLB,us-gaap,RevenueRemainingPerformanceObligation,revenue_candidate_VERIFY_scope_and_currency,USD,,2021-09-30,2021-11-15,183068000,10-Q,0001193125-21-330184,,False,
RKLB,us-gaap,RevenueRemainingPerformanceObligation,revenue_candidate_VERIFY_scope_and_currency,USD,,2021-12-31,2022-03-24,241463000,10-K,0000950170-22-004458,,False,
RKLB,us-gaap,RevenueRemainingPerformanceObligation,revenue_candidate_VERIFY_scope_and_currency,USD,,2022-03-31,2022-05-16,545914000,10-Q,0000950170-22-010114,,False,
RKLB,us-gaap,RevenueRemainingPerformanceObligation,revenue_candidate_VERIFY_scope_and_currency,USD,,2022-06-30,2022-08-11,531370000,10-Q,0000950170-22-016921,,False,
RKLB,us-gaap,RevenueRemainingPerformanceObligation,revenue_candidate_VERIFY_scope_and_currency,USD,,2022-09-30,2022-11-09,520627000,10-Q,0000950170-22-023923,,False,
RKLB,us-gaap,RevenueRemainingPerformanceObligation,revenue_candidate_VERIFY_scope_and_currency,USD,,2022-12-31,2023-03-07,503600000,10-K,0000950170-23-006499,,False,
RKLB,us-gaap,RevenueRemainingPerformanceObligation,revenue_candidate_VERIFY_scope_and_currency,USD,,2023-03-31,2023-05-09,494175000,10-Q,0000950170-23-019756,,False,
RKLB,us-gaap,RevenueRemainingPerformanceObligation,revenue_candidate_VERIFY_scope_and_currency,USD,,2023-06-30,2023-08-08,534312000,10-Q,0000950170-23-039896,,False,
RKLB,us-gaap,RevenueRemainingPerformanceObligation,revenue_candidate_VERIFY_scope_and_currency,USD,,2023-09-30,2023-11-08,582442000,10-Q,0000950170-23-061189,,False,
RKLB,us-gaap,RevenueRemainingPerformanceObligation,revenue_candidate_VERIFY_scope_and_currency,USD,,2023-12-31,2024-02-28,1046126000,10-K,0000950170-24-022160,,False,
RKLB,us-gaap,RevenueRemainingPerformanceObligation,revenue_candidate_VERIFY_scope_and_currency,USD,,2024-03-31,2024-05-06,1015339000,10-Q,0000950170-24-053646,,False,
RKLB,us-gaap,RevenueRemainingPerformanceObligation,revenue_candidate_VERIFY_scope_and_currency,USD,,2024-06-30,2024-08-08,1066627000,10-Q,0000950170-24-094122,,False,
RKLB,us-gaap,RevenueRemainingPerformanceObligation,revenue_candidate_VERIFY_scope_and_currency,USD,,2024-09-30,2024-11-12,1047555000,10-Q,0000950170-24-125529,,False,
RKLB,us-gaap,RevenueRemainingPerformanceObligation,revenue_candidate_VERIFY_scope_and_currency,USD,,2024-12-31,2025-02-27,1067037000,10-K,0001628280-25-008724,,False,
RKLB,us-gaap,RevenueRemainingPerformanceObligation,revenue_candidate_VERIFY_scope_and_currency,USD,,2025-03-31,2025-05-08,1066946000,10-Q,0001628280-25-023857,,False,
RKLB,us-gaap,RevenueRemainingPerformanceObligation,revenue_candidate_VERIFY_scope_and_currency,USD,,2025-06-30,2025-08-07,995410000,10-Q,0001628280-25-038936,,False,
RKLB,us-gaap,RevenueRemainingPerformanceObligation,revenue_candidate_VERIFY_scope_and_currency,USD,,2025-09-30,2025-11-10,1095977000,10-Q,0001819994-25-000021,,False,
RKLB,us-gaap,RevenueRemainingPerformanceObligation,revenue_candidate_VERIFY_scope_and_currency,USD,,2025-12-31,2026-02-26,1847322000,10-K,0001819994-26-000013,,False,
RKLB,us-gaap,RevenueRemainingPerformanceObligation,revenue_candidate_VERIFY_scope_and_currency,USD,,2026-03-31,2026-05-07,2219756000,10-Q,0001819994-26-000028,,False,
RKLB,us-gaap,RevenueRemainingPerformanceObligation,revenue_candidate_VERIFY_scope_and_currency,USD,,2026-06-30,2026-08-10,2355949000,10-Q,0001819994-26-000062,,False,
RKLB,us-gaap,SaleOfStockNumberOfSharesIssuedInTransaction,other_share_concept_NOT_automatically_outstanding,shares,2020-07-28,2020-12-31,2021-03-31,11.5,10-K,0001193125-21-100852,157,False,
RKLB,us-gaap,ShareBasedCompensationArrangementByShareBasedPaymentAwardOptionsGrantsInPeriodWeightedAverageGrantDateFairValue,weighted_average_NOT_outstanding,USD/shares,,2020-09-29,2021-05-03,11.5,10-K/A,0001213900-21-024067,,False,
RKLB,us-gaap,ShareBasedCompensationArrangementByShareBasedPaymentAwardOptionsGrantsInPeriodWeightedAverageGrantDateFairValue,weighted_average_NOT_outstanding,USD/shares,,2020-09-30,2021-05-03,11.5,10-K/A,0001213900-21-024067,,False,
RKLB,us-gaap,ShareBasedCompensationArrangementByShareBasedPaymentAwardOptionsGrantsInPeriodWeightedAverageGrantDateFairValue,weighted_average_NOT_outstanding,USD/shares,2020-01-01,2020-12-31,2022-03-24,0.78,10-K,0000950170-22-004458,366,False,
RKLB,us-gaap,ShareBasedCompensationArrangementByShareBasedPaymentAwardOptionsGrantsInPeriodWeightedAverageGrantDateFairValue,weighted_average_NOT_outstanding,USD/shares,2020-01-01,2020-12-31,2023-03-07,0.78,10-K,0000950170-23-006499,366,False,
RKLB,us-gaap,SharesIssuedPricePerShare,other_share_concept_NOT_automatically_outstanding,USD/shares,,2021-03-31,2021-05-24,10,10-Q,0001213900-21-028778,,False,
RKLB,us-gaap,SharesIssuedPricePerShare,other_share_concept_NOT_automatically_outstanding,USD/shares,,2021-06-30,2021-08-03,10,10-Q,0001193125-21-234954,,False,
RKLB,us-gaap,SharesOutstanding,shares_outstanding_candidate_VERIFY_classes_and_ADS,shares,,2021-08-25,2023-03-07,447919591,10-K,0000950170-23-006499,,False,
RKLB,us-gaap,SharesOutstanding,shares_outstanding_candidate_VERIFY_classes_and_ADS,shares,,2021-08-25,2024-02-28,447919591,10-K,0000950170-24-022160,,False,
RKLB,us-gaap,SharesOutstanding,shares_outstanding_candidate_VERIFY_classes_and_ADS,shares,,2021-09-30,2021-11-15,447919591,10-Q,0001193125-21-330184,,False,
RKLB,us-gaap,SharesOutstanding,shares_outstanding_candidate_VERIFY_classes_and_ADS,shares,,2021-12-31,2022-03-24,447919591,10-K,0000950170-22-004458,,False,
RKLB,us-gaap,SharesOutstanding,shares_outstanding_candidate_VERIFY_classes_and_ADS,shares,,2022-03-31,2022-05-16,447919591,10-Q,0000950170-22-010114,,False,
RKLB,us-gaap,SharesOutstanding,shares_outstanding_candidate_VERIFY_classes_and_ADS,shares,,2022-06-30,2022-08-11,447919591,10-Q,0000950170-22-016921,,False,
RKLB,us-gaap,SharesOutstanding,shares_outstanding_candidate_VERIFY_classes_and_ADS,shares,,2022-09-30,2022-11-09,447919591,10-Q,0000950170-22-023923,,False,
RKLB,us-gaap,StockDividendsShares,other_share_concept_NOT_automatically_outstanding,shares,2020-07-01,2020-07-30,2020-11-16,1125000,10-Q,0001213900-20-037159,30,False,
RKLB,us-gaap,StockDividendsShares,other_share_concept_NOT_automatically_outstanding,shares,2020-07-01,2020-07-30,2021-03-31,1125000,10-K,0001193125-21-100852,30,False,
RKLB,us-gaap,StockDividendsShares,other_share_concept_NOT_automatically_outstanding,shares,2020-07-01,2020-07-30,2021-05-03,1125000,10-K/A,0001213900-21-024067,30,False,
RKLB,us-gaap,StockDividendsShares,other_share_concept_NOT_automatically_outstanding,shares,2020-07-01,2020-07-30,2021-05-24,1125000,10-Q,0001213900-21-028778,30,False,
RKLB,us-gaap,StockDividendsShares,other_share_concept_NOT_automatically_outstanding,shares,2020-07-01,2020-07-30,2021-08-03,1125000,10-Q,0001193125-21-234954,30,False,
RKLB,us-gaap,WeightedAverageNumberOfShareOutstandingBasicAndDiluted,weighted_average_NOT_outstanding,shares,2020-01-01,2020-09-30,2021-11-15,74754779,10-Q,0001193125-21-330184,274,False,
RKLB,us-gaap,WeightedAverageNumberOfShareOutstandingBasicAndDiluted,weighted_average_NOT_outstanding,shares,2020-07-01,2020-09-30,2021-11-15,76053044,10-Q,0001193125-21-330184,92,False,
RKLB,us-gaap,WeightedAverageNumberOfShareOutstandingBasicAndDiluted,weighted_average_NOT_outstanding,shares,2020-01-01,2020-12-31,2022-03-24,75414888,10-K,0000950170-22-004458,366,False,
RKLB,us-gaap,WeightedAverageNumberOfShareOutstandingBasicAndDiluted,weighted_average_NOT_outstanding,shares,2021-01-01,2021-03-31,2022-05-16,78826075,10-Q,0000950170-22-010114,90,False,
RKLB,us-gaap,WeightedAverageNumberOfShareOutstandingBasicAndDiluted,weighted_average_NOT_outstanding,shares,2021-01-01,2021-09-30,2021-11-15,129232016,10-Q,0001193125-21-330184,273,False,
RKLB,us-gaap,WeightedAverageNumberOfShareOutstandingBasicAndDiluted,weighted_average_NOT_outstanding,shares,2021-07-01,2021-09-30,2021-11-15,228266647,10-Q,0001193125-21-330184,92,False,
RKLB,us-gaap,WeightedAverageNumberOfShareOutstandingBasicAndDiluted,weighted_average_NOT_outstanding,shares,2021-01-01,2021-12-31,2022-03-24,209895135,10-K,0000950170-22-004458,365,False,
RKLB,us-gaap,WeightedAverageNumberOfShareOutstandingBasicAndDiluted,weighted_average_NOT_outstanding,shares,2022-01-01,2022-03-31,2022-05-16,456495288,10-Q,0000950170-22-010114,90,False,
RKLB,us-gaap,OperatingLeaseWeightedAverageDiscountRatePercent,weighted_average_NOT_outstanding,pure,,2020-12-31,2022-03-24,0.055,10-K,0000950170-22-004458,,False,
RKLB,us-gaap,OperatingLeaseWeightedAverageDiscountRatePercent,weighted_average_NOT_outstanding,pure,,2021-12-31,2022-03-24,0.048,10-K,0000950170-22-004458,,False,
RKLB,us-gaap,OperatingLeaseWeightedAverageDiscountRatePercent,weighted_average_NOT_outstanding,pure,,2021-12-31,2023-03-07,0.048,10-K,0000950170-23-006499,,False,
RKLB,us-gaap,OperatingLeaseWeightedAverageDiscountRatePercent,weighted_average_NOT_outstanding,pure,,2022-12-31,2023-03-07,0.054,10-K,0000950170-23-006499,,False,
RKLB,us-gaap,OperatingLeaseWeightedAverageDiscountRatePercent,weighted_average_NOT_outstanding,pure,,2022-12-31,2024-02-28,0.054,10-K,0000950170-24-022160,,False,
RKLB,us-gaap,OperatingLeaseWeightedAverageDiscountRatePercent,weighted_average_NOT_outstanding,pure,,2023-12-31,2024-02-28,0.064,10-K,0000950170-24-022160,,False,
RKLB,us-gaap,OperatingLeaseWeightedAverageDiscountRatePercent,weighted_average_NOT_outstanding,pure,,2023-12-31,2025-02-27,0.064,10-K,0001628280-25-008724,,False,
RKLB,us-gaap,OperatingLeaseWeightedAverageDiscountRatePercent,weighted_average_NOT_outstanding,pure,,2024-12-31,2025-02-27,0.064,10-K,0001628280-25-008724,,False,
RKLB,us-gaap,OperatingLeaseWeightedAverageDiscountRatePercent,weighted_average_NOT_outstanding,pure,,2024-12-31,2026-02-26,0.064,10-K,0001819994-26-000013,,False,
RKLB,us-gaap,OperatingLeaseWeightedAverageDiscountRatePercent,weighted_average_NOT_outstanding,pure,,2025-12-31,2026-02-26,0.065,10-K,0001819994-26-000013,,False,
RKLB,us-gaap,RevenueFromContractWithCustomerIncludingAssessedTax,revenue_candidate_VERIFY_scope_and_currency,USD,2020-01-01,2020-12-31,2022-03-24,35160000,10-K,0000950170-22-004458,366,False,
RKLB,us-gaap,RevenueFromContractWithCustomerIncludingAssessedTax,revenue_candidate_VERIFY_scope_and_currency,USD,2020-01-01,2020-12-31,2023-03-07,35160000,10-K,0000950170-23-006499,366,False,
RKLB,us-gaap,RevenueFromContractWithCustomerIncludingAssessedTax,revenue_candidate_VERIFY_scope_and_currency,USD,2021-01-01,2021-12-31,2022-03-24,62237000,10-K,0000950170-22-004458,365,False,
RKLB,us-gaap,RevenueFromContractWithCustomerIncludingAssessedTax,revenue_candidate_VERIFY_scope_and_currency,USD,2021-01-01,2021-12-31,2023-03-07,62237000,10-K,0000950170-23-006499,365,False,
RKLB,us-gaap,RevenueFromContractWithCustomerIncludingAssessedTax,revenue_candidate_VERIFY_scope_and_currency,USD,2021-01-01,2021-12-31,2024-02-28,62237000,10-K,0000950170-24-022160,365,False,
RKLB,us-gaap,RevenueFromContractWithCustomerIncludingAssessedTax,revenue_candidate_VERIFY_scope_and_currency,USD,2022-01-01,2022-12-31,2023-03-07,210996000,10-K,0000950170-23-006499,365,False,
RKLB,us-gaap,RevenueFromContractWithCustomerIncludingAssessedTax,revenue_candidate_VERIFY_scope_and_currency,USD,2022-01-01,2022-12-31,2024-02-28,210996000,10-K,0000950170-24-022160,365,False,
RKLB,us-gaap,RevenueFromContractWithCustomerIncludingAssessedTax,revenue_candidate_VERIFY_scope_and_currency,USD,2023-01-01,2023-12-31,2024-02-28,244592000,10-K,0000950170-24-022160,365,False,
RKLB,us-gaap,ShareBasedCompensationArrangementByShareBasedPaymentAwardOptionsExpirationsInPeriod,other_share_concept_NOT_automatically_outstanding,shares,2020-01-01,2020-12-31,2022-03-24,986352,10-K,0000950170-22-004458,366,False,
RKLB,us-gaap,ShareBasedCompensationArrangementByShareBasedPaymentAwardOptionsExpirationsInPeriod,other_share_concept_NOT_automatically_outstanding,shares,2020-01-01,2020-12-31,2023-03-07,986352,10-K,0000950170-23-006499,366,False,
RKLB,us-gaap,ShareBasedCompensationArrangementByShareBasedPaymentAwardOptionsExpirationsInPeriod,other_share_concept_NOT_automatically_outstanding,shares,2021-01-01,2021-12-31,2022-03-24,177033,10-K,0000950170-22-004458,365,False,
RKLB,us-gaap,ShareBasedCompensationArrangementByShareBasedPaymentAwardOptionsExpirationsInPeriod,other_share_concept_NOT_automatically_outstanding,shares,2021-01-01,2021-12-31,2023-03-07,177033,10-K,0000950170-23-006499,365,False,
RKLB,us-gaap,ShareBasedCompensationArrangementByShareBasedPaymentAwardOptionsExpirationsInPeriod,other_share_concept_NOT_automatically_outstanding,shares,2021-01-01,2021-12-31,2024-02-28,177033,10-K,0000950170-24-022160,365,False,
RKLB,us-gaap,ShareBasedCompensationArrangementByShareBasedPaymentAwardOptionsExpirationsInPeriod,other_share_concept_NOT_automatically_outstanding,shares,2023-01-01,2023-12-31,2024-02-28,75596,10-K,0000950170-24-022160,365,False,
RKLB,us-gaap,ShareBasedCompensationArrangementByShareBasedPaymentAwardOptionsExpirationsInPeriod,other_share_concept_NOT_automatically_outstanding,shares,2023-01-01,2023-12-31,2025-02-27,75596,10-K,0001628280-25-008724,365,False,
RKLB,us-gaap,ShareBasedCompensationArrangementByShareBasedPaymentAwardOptionsExpirationsInPeriod,other_share_concept_NOT_automatically_outstanding,shares,2023-01-01,2023-12-31,2026-02-26,75596,10-K,0001819994-26-000013,365,False,
RKLB,us-gaap,ShareBasedCompensationArrangementByShareBasedPaymentAwardOptionsExpirationsInPeriod,other_share_concept_NOT_automatically_outstanding,shares,2025-01-01,2025-12-31,2026-02-26,543,10-K,0001819994-26-000013,365,False,
RKLB,us-gaap,ShareBasedCompensationArrangementByShareBasedPaymentAwardOptionsForfeituresInPeriod,other_share_concept_NOT_automatically_outstanding,shares,2020-01-01,2020-12-31,2022-03-24,1508243,10-K,0000950170-22-004458,366,False,
RKLB,us-gaap,ShareBasedCompensationArrangementByShareBasedPaymentAwardOptionsForfeituresInPeriod,other_share_concept_NOT_automatically_outstanding,shares,2020-01-01,2020-12-31,2023-03-07,1508243,10-K,0000950170-23-006499,366,False,
RKLB,us-gaap,ShareBasedCompensationArrangementByShareBasedPaymentAwardOptionsForfeituresInPeriod,other_share_concept_NOT_automatically_outstanding,shares,2021-01-01,2021-12-31,2022-03-24,857579,10-K,0000950170-22-004458,365,False,
RKLB,us-gaap,ShareBasedCompensationArrangementByShareBasedPaymentAwardOptionsForfeituresInPeriod,other_share_concept_NOT_automatically_outstanding,shares,2021-01-01,2021-12-31,2023-03-07,857579,10-K,0000950170-23-006499,365,False,
RKLB,us-gaap,ShareBasedCompensationArrangementByShareBasedPaymentAwardOptionsForfeituresInPeriod,other_share_concept_NOT_automatically_outstanding,shares,2021-01-01,2021-12-31,2024-02-28,857579,10-K,0000950170-24-022160,365,False,
RKLB,us-gaap,ShareBasedCompensationArrangementByShareBasedPaymentAwardOptionsForfeituresInPeriod,other_share_concept_NOT_automatically_outstanding,shares,2022-01-01,2022-12-31,2023-03-07,200173,10-K,0000950170-23-006499,365,False,
RKLB,us-gaap,ShareBasedCompensationArrangementByShareBasedPaymentAwardOptionsForfeituresInPeriod,other_share_concept_NOT_automatically_outstanding,shares,2022-01-01,2022-12-31,2024-02-28,200173,10-K,0000950170-24-022160,365,False,
RKLB,us-gaap,ShareBasedCompensationArrangementByShareBasedPaymentAwardOptionsForfeituresInPeriod,other_share_concept_NOT_automatically_outstanding,shares,2022-01-01,2022-12-31,2025-02-27,200173,10-K,0001628280-25-008724,365,False,
RKLB,us-gaap,ShareBasedCompensationArrangementByShareBasedPaymentAwardOptionsForfeituresInPeriod,other_share_concept_NOT_automatically_outstanding,shares,2023-01-01,2023-12-31,2024-02-28,7556,10-K,0000950170-24-022160,365,False,
RKLB,us-gaap,ShareBasedCompensationArrangementByShareBasedPaymentAwardOptionsForfeituresInPeriod,other_share_concept_NOT_automatically_outstanding,shares,2023-01-01,2023-12-31,2025-02-27,7556,10-K,0001628280-25-008724,365,False,
RKLB,us-gaap,ShareBasedCompensationArrangementByShareBasedPaymentAwardOptionsForfeituresInPeriod,other_share_concept_NOT_automatically_outstanding,shares,2023-01-01,2023-12-31,2026-02-26,7556,10-K,0001819994-26-000013,365,False,
RKLB,us-gaap,ShareBasedCompensationArrangementByShareBasedPaymentAwardOptionsGrantsInPeriodGross,other_share_concept_NOT_automatically_outstanding,shares,2020-01-01,2020-12-31,2022-03-24,90597,10-K,0000950170-22-004458,366,False,
RKLB,us-gaap,ShareBasedCompensationArrangementByShareBasedPaymentAwardOptionsGrantsInPeriodGross,other_share_concept_NOT_automatically_outstanding,shares,2020-01-01,2020-12-31,2023-03-07,90597,10-K,0000950170-23-006499,366,False,
RKLB,us-gaap,ShareBasedCompensationArrangementByShareBasedPaymentAwardOptionsGrantsInPeriodGross,other_share_concept_NOT_automatically_outstanding,shares,2021-01-01,2021-12-31,2022-03-24,0,10-K,0000950170-22-004458,365,False,
RKLB,us-gaap,ShareBasedCompensationArrangementByShareBasedPaymentAwardOptionsOutstandingNumber,other_share_concept_NOT_automatically_outstanding,shares,,2019-12-31,2022-03-24,27263775,10-K,0000950170-22-004458,,False,
RKLB,us-gaap,ShareBasedCompensationArrangementByShareBasedPaymentAwardOptionsOutstandingNumber,other_share_concept_NOT_automatically_outstanding,shares,,2019-12-31,2023-03-07,27263775,10-K,0000950170-23-006499,,False,
RKLB,us-gaap,ShareBasedCompensationArrangementByShareBasedPaymentAwardOptionsOutstandingNumber,other_share_concept_NOT_automatically_outstanding,shares,,2020-12-31,2022-03-24,22088726,10-K,0000950170-22-004458,,False,
RKLB,us-gaap,ShareBasedCompensationArrangementByShareBasedPaymentAwardOptionsOutstandingNumber,other_share_concept_NOT_automatically_outstanding,shares,,2020-12-31,2023-03-07,22088726,10-K,0000950170-23-006499,,False,
RKLB,us-gaap,ShareBasedCompensationArrangementByShareBasedPaymentAwardOptionsOutstandingNumber,other_share_concept_NOT_automatically_outstanding,shares,,2020-12-31,2024-02-28,22088726,10-K,0000950170-24-022160,,False,
RKLB,us-gaap,ShareBasedCompensationArrangementByShareBasedPaymentAwardOptionsOutstandingNumber,other_share_concept_NOT_automatically_outstanding,shares,,2021-12-31,2022-03-24,17345328,10-K,0000950170-22-004458,,False,
RKLB,us-gaap,ShareBasedCompensationArrangementByShareBasedPaymentAwardOptionsOutstandingNumber,other_share_concept_NOT_automatically_outstanding,shares,,2021-12-31,2023-03-07,17345328,10-K,0000950170-23-006499,,False,
RKLB,us-gaap,ShareBasedCompensationArrangementByShareBasedPaymentAwardOptionsOutstandingNumber,other_share_concept_NOT_automatically_outstanding,shares,,2021-12-31,2024-02-28,17345328,10-K,0000950170-24-022160,,False,
RKLB,us-gaap,ShareBasedCompensationArrangementByShareBasedPaymentAwardOptionsOutstandingNumber,other_share_concept_NOT_automatically_outstanding,shares,,2021-12-31,2025-02-27,17345328,10-K,0001628280-25-008724,,False,
RKLB,us-gaap,ShareBasedCompensationArrangementByShareBasedPaymentAwardOptionsOutstandingNumber,other_share_concept_NOT_automatically_outstanding,shares,,2022-12-31,2023-03-07,13257720,10-K,0000950170-23-006499,,False,
RKLB,us-gaap,ShareBasedCompensationArrangementByShareBasedPaymentAwardOptionsOutstandingNumber,other_share_concept_NOT_automatically_outstanding,shares,,2022-12-31,2024-02-28,13257720,10-K,0000950170-24-022160,,False,
RKLB,us-gaap,ShareBasedCompensationArrangementByShareBasedPaymentAwardOptionsOutstandingNumber,other_share_concept_NOT_automatically_outstanding,shares,,2022-12-31,2025-02-27,13257720,10-K,0001628280-25-008724,,False,
RKLB,us-gaap,ShareBasedCompensationArrangementByShareBasedPaymentAwardOptionsOutstandingNumber,other_share_concept_NOT_automatically_outstanding,shares,,2022-12-31,2026-02-26,13257720,10-K,0001819994-26-000013,,False,
RKLB,us-gaap,ShareBasedCompensationArrangementByShareBasedPaymentAwardOptionsOutstandingNumber,other_share_concept_NOT_automatically_outstanding,shares,,2023-12-31,2024-02-28,10551286,10-K,0000950170-24-022160,,False,
RKLB,us-gaap,ShareBasedCompensationArrangementByShareBasedPaymentAwardOptionsOutstandingNumber,other_share_concept_NOT_automatically_outstanding,shares,,2023-12-31,2025-02-27,10551286,10-K,0001628280-25-008724,,False,
RKLB,us-gaap,ShareBasedCompensationArrangementByShareBasedPaymentAwardOptionsOutstandingNumber,other_share_concept_NOT_automatically_outstanding,shares,,2023-12-31,2026-02-26,10551286,10-K,0001819994-26-000013,,False,
RKLB,us-gaap,ShareBasedCompensationArrangementByShareBasedPaymentAwardOptionsOutstandingNumber,other_share_concept_NOT_automatically_outstanding,shares,,2024-12-31,2025-02-27,7155236,10-K,0001628280-25-008724,,False,
RKLB,us-gaap,ShareBasedCompensationArrangementByShareBasedPaymentAwardOptionsOutstandingNumber,other_share_concept_NOT_automatically_outstanding,shares,,2024-12-31,2026-02-26,7155236,10-K,0001819994-26-000013,,False,
RKLB,us-gaap,ShareBasedCompensationArrangementByShareBasedPaymentAwardOptionsOutstandingNumber,other_share_concept_NOT_automatically_outstanding,shares,,2025-12-31,2026-02-26,4695595,10-K,0001819994-26-000013,,False,
RKLB,us-gaap,ShareBasedCompensationArrangementByShareBasedPaymentAwardOptionsOutstandingWeightedAverageExercisePrice,weighted_average_NOT_outstanding,USD/shares,,2019-12-31,2022-03-24,0.97,10-K,0000950170-22-004458,,False,
RKLB,us-gaap,ShareBasedCompensationArrangementByShareBasedPaymentAwardOptionsOutstandingWeightedAverageExercisePrice,weighted_average_NOT_outstanding,USD/shares,,2019-12-31,2023-03-07,0.97,10-K,0000950170-23-006499,,False,
RKLB,us-gaap,ShareBasedCompensationArrangementByShareBasedPaymentAwardOptionsOutstandingWeightedAverageExercisePrice,weighted_average_NOT_outstanding,USD/shares,,2020-12-31,2022-03-24,1.03,10-K,0000950170-22-004458,,False,
RKLB,us-gaap,ShareBasedCompensationArrangementByShareBasedPaymentAwardOptionsOutstandingWeightedAverageExercisePrice,weighted_average_NOT_outstanding,USD/shares,,2020-12-31,2023-03-07,1.03,10-K,0000950170-23-006499,,False,
RKLB,us-gaap,ShareBasedCompensationArrangementByShareBasedPaymentAwardOptionsOutstandingWeightedAverageExercisePrice,weighted_average_NOT_outstanding,USD/shares,,2020-12-31,2024-02-28,1.03,10-K,0000950170-24-022160,,False,
RKLB,us-gaap,ShareBasedCompensationArrangementByShareBasedPaymentAwardOptionsOutstandingWeightedAverageExercisePrice,weighted_average_NOT_outstanding,USD/shares,,2021-12-31,2022-03-24,1.03,10-K,0000950170-22-004458,,False,
RKLB,us-gaap,ShareBasedCompensationArrangementByShareBasedPaymentAwardOptionsOutstandingWeightedAverageExercisePrice,weighted_average_NOT_outstanding,USD/shares,,2021-12-31,2023-03-07,1.03,10-K,0000950170-23-006499,,False,
RKLB,us-gaap,ShareBasedCompensationArrangementByShareBasedPaymentAwardOptionsOutstandingWeightedAverageExercisePrice,weighted_average_NOT_outstanding,USD/shares,,2021-12-31,2024-02-28,1.03,10-K,0000950170-24-022160,,False,
RKLB,us-gaap,ShareBasedCompensationArrangementByShareBasedPaymentAwardOptionsOutstandingWeightedAverageExercisePrice,weighted_average_NOT_outstanding,USD/shares,,2021-12-31,2025-02-27,1.03,10-K,0001628280-25-008724,,False,
RKLB,us-gaap,ShareBasedCompensationArrangementByShareBasedPaymentAwardOptionsOutstandingWeightedAverageExercisePrice,weighted_average_NOT_outstanding,USD/shares,,2022-12-31,2023-03-07,1.03,10-K,0000950170-23-006499,,False,
RKLB,us-gaap,ShareBasedCompensationArrangementByShareBasedPaymentAwardOptionsOutstandingWeightedAverageExercisePrice,weighted_average_NOT_outstanding,USD/shares,,2022-12-31,2024-02-28,1.03,10-K,0000950170-24-022160,,False,
RKLB,us-gaap,ShareBasedCompensationArrangementByShareBasedPaymentAwardOptionsOutstandingWeightedAverageExercisePrice,weighted_average_NOT_outstanding,USD/shares,,2022-12-31,2025-02-27,1.03,10-K,0001628280-25-008724,,False,
RKLB,us-gaap,ShareBasedCompensationArrangementByShareBasedPaymentAwardOptionsOutstandingWeightedAverageExercisePrice,weighted_average_NOT_outstanding,USD/shares,,2022-12-31,2026-02-26,1.03,10-K,0001819994-26-000013,,False,
RKLB,us-gaap,ShareBasedCompensationArrangementByShareBasedPaymentAwardOptionsOutstandingWeightedAverageExercisePrice,weighted_average_NOT_outstanding,USD/shares,,2023-12-31,2024-02-28,1.06,10-K,0000950170-24-022160,,False,
RKLB,us-gaap,ShareBasedCompensationArrangementByShareBasedPaymentAwardOptionsOutstandingWeightedAverageExercisePrice,weighted_average_NOT_outstanding,USD/shares,,2023-12-31,2025-02-27,1.06,10-K,0001628280-25-008724,,False,
RKLB,us-gaap,ShareBasedCompensationArrangementByShareBasedPaymentAwardOptionsOutstandingWeightedAverageExercisePrice,weighted_average_NOT_outstanding,USD/shares,,2023-12-31,2026-02-26,1.06,10-K,0001819994-26-000013,,False,
RKLB,us-gaap,ShareBasedCompensationArrangementByShareBasedPaymentAwardOptionsOutstandingWeightedAverageExercisePrice,weighted_average_NOT_outstanding,USD/shares,,2024-12-31,2025-02-27,1.08,10-K,0001628280-25-008724,,False,
RKLB,us-gaap,ShareBasedCompensationArrangementByShareBasedPaymentAwardOptionsOutstandingWeightedAverageExercisePrice,weighted_average_NOT_outstanding,USD/shares,,2024-12-31,2026-02-26,1.08,10-K,0001819994-26-000013,,False,
RKLB,us-gaap,ShareBasedCompensationArrangementByShareBasedPaymentAwardOptionsOutstandingWeightedAverageExercisePrice,weighted_average_NOT_outstanding,USD/shares,,2025-12-31,2026-02-26,1.1,10-K,0001819994-26-000013,,False,
RKLB,us-gaap,ShareBasedCompensationArrangementByShareBasedPaymentAwardOptionsVestedAndExpectedToVestExercisableNumber,other_share_concept_NOT_automatically_outstanding,shares,,2020-12-31,2022-03-24,14739214,10-K,0000950170-22-004458,,False,
RKLB,us-gaap,ShareBasedCompensationArrangementByShareBasedPaymentAwardOptionsVestedAndExpectedToVestExercisableNumber,other_share_concept_NOT_automatically_outstanding,shares,,2020-12-31,2023-03-07,14739214,10-K,0000950170-23-006499,,False,
RKLB,us-gaap,ShareBasedCompensationArrangementByShareBasedPaymentAwardOptionsVestedAndExpectedToVestExercisableNumber,other_share_concept_NOT_automatically_outstanding,shares,,2021-12-31,2022-03-24,15112440,10-K,0000950170-22-004458,,False,
RKLB,us-gaap,ShareBasedCompensationArrangementByShareBasedPaymentAwardOptionsVestedAndExpectedToVestExercisableNumber,other_share_concept_NOT_automatically_outstanding,shares,,2021-12-31,2023-03-07,15112440,10-K,0000950170-23-006499,,False,
RKLB,us-gaap,ShareBasedCompensationArrangementByShareBasedPaymentAwardOptionsVestedAndExpectedToVestExercisableNumber,other_share_concept_NOT_automatically_outstanding,shares,,2021-12-31,2024-02-28,15112440,10-K,0000950170-24-022160,,False,
RKLB,us-gaap,ShareBasedCompensationArrangementByShareBasedPaymentAwardOptionsVestedAndExpectedToVestExercisableNumber,other_share_concept_NOT_automatically_outstanding,shares,,2022-12-31,2023-03-07,13185026,10-K,0000950170-23-006499,,False,
RKLB,us-gaap,ShareBasedCompensationArrangementByShareBasedPaymentAwardOptionsVestedAndExpectedToVestExercisableNumber,other_share_concept_NOT_automatically_outstanding,shares,,2022-12-31,2024-02-28,13185026,10-K,0000950170-24-022160,,False,
RKLB,us-gaap,ShareBasedCompensationArrangementByShareBasedPaymentAwardOptionsVestedAndExpectedToVestExercisableNumber,other_share_concept_NOT_automatically_outstanding,shares,,2022-12-31,2025-02-27,13185026,10-K,0001628280-25-008724,,False,
RKLB,us-gaap,ShareBasedCompensationArrangementByShareBasedPaymentAwardOptionsVestedAndExpectedToVestExercisableNumber,other_share_concept_NOT_automatically_outstanding,shares,,2023-12-31,2024-02-28,10551286,10-K,0000950170-24-022160,,False,
RKLB,us-gaap,ShareBasedCompensationArrangementByShareBasedPaymentAwardOptionsVestedAndExpectedToVestExercisableNumber,other_share_concept_NOT_automatically_outstanding,shares,,2023-12-31,2025-02-27,10551286,10-K,0001628280-25-008724,,False,
RKLB,us-gaap,ShareBasedCompensationArrangementByShareBasedPaymentAwardOptionsVestedAndExpectedToVestExercisableNumber,other_share_concept_NOT_automatically_outstanding,shares,,2023-12-31,2026-02-26,10551286,10-K,0001819994-26-000013,,False,
RKLB,us-gaap,ShareBasedCompensationArrangementByShareBasedPaymentAwardOptionsVestedAndExpectedToVestExercisableNumber,other_share_concept_NOT_automatically_outstanding,shares,,2024-12-31,2025-02-27,7155236,10-K,0001628280-25-008724,,False,
RKLB,us-gaap,ShareBasedCompensationArrangementByShareBasedPaymentAwardOptionsVestedAndExpectedToVestExercisableNumber,other_share_concept_NOT_automatically_outstanding,shares,,2024-12-31,2026-02-26,7155236,10-K,0001819994-26-000013,,False,
RKLB,us-gaap,ShareBasedCompensationArrangementByShareBasedPaymentAwardOptionsVestedAndExpectedToVestExercisableNumber,other_share_concept_NOT_automatically_outstanding,shares,,2025-12-31,2026-02-26,4695595,10-K,0001819994-26-000013,,False,
RKLB,us-gaap,ShareBasedCompensationArrangementByShareBasedPaymentAwardOptionsVestedAndExpectedToVestExercisableWeightedAverageExercisePrice,weighted_average_NOT_outstanding,USD/shares,,2020-12-31,2022-03-24,0.97,10-K,0000950170-22-004458,,False,
RKLB,us-gaap,ShareBasedCompensationArrangementByShareBasedPaymentAwardOptionsVestedAndExpectedToVestExercisableWeightedAverageExercisePrice,weighted_average_NOT_outstanding,USD/shares,,2020-12-31,2023-03-07,0.97,10-K,0000950170-23-006499,,False,
RKLB,us-gaap,ShareBasedCompensationArrangementByShareBasedPaymentAwardOptionsVestedAndExpectedToVestExercisableWeightedAverageExercisePrice,weighted_average_NOT_outstanding,USD/shares,,2021-12-31,2022-03-24,1.01,10-K,0000950170-22-004458,,False,
RKLB,us-gaap,ShareBasedCompensationArrangementByShareBasedPaymentAwardOptionsVestedAndExpectedToVestExercisableWeightedAverageExercisePrice,weighted_average_NOT_outstanding,USD/shares,,2021-12-31,2023-03-07,1.01,10-K,0000950170-23-006499,,False,
RKLB,us-gaap,ShareBasedCompensationArrangementByShareBasedPaymentAwardOptionsVestedAndExpectedToVestExercisableWeightedAverageExercisePrice,weighted_average_NOT_outstanding,USD/shares,,2021-12-31,2024-02-28,1.01,10-K,0000950170-24-022160,,False,
RKLB,us-gaap,ShareBasedCompensationArrangementByShareBasedPaymentAwardOptionsVestedAndExpectedToVestExercisableWeightedAverageExercisePrice,weighted_average_NOT_outstanding,USD/shares,,2022-12-31,2023-03-07,1.03,10-K,0000950170-23-006499,,False,
RKLB,us-gaap,ShareBasedCompensationArrangementByShareBasedPaymentAwardOptionsVestedAndExpectedToVestExercisableWeightedAverageExercisePrice,weighted_average_NOT_outstanding,USD/shares,,2022-12-31,2024-02-28,1.03,10-K,0000950170-24-022160,,False,
RKLB,us-gaap,ShareBasedCompensationArrangementByShareBasedPaymentAwardOptionsVestedAndExpectedToVestExercisableWeightedAverageExercisePrice,weighted_average_NOT_outstanding,USD/shares,,2022-12-31,2025-02-27,1.03,10-K,0001628280-25-008724,,False,
RKLB,us-gaap,ShareBasedCompensationArrangementByShareBasedPaymentAwardOptionsVestedAndExpectedToVestExercisableWeightedAverageExercisePrice,weighted_average_NOT_outstanding,USD/shares,,2023-12-31,2024-02-28,1.06,10-K,0000950170-24-022160,,False,
RKLB,us-gaap,ShareBasedCompensationArrangementByShareBasedPaymentAwardOptionsVestedAndExpectedToVestExercisableWeightedAverageExercisePrice,weighted_average_NOT_outstanding,USD/shares,,2023-12-31,2025-02-27,1.06,10-K,0001628280-25-008724,,False,
RKLB,us-gaap,ShareBasedCompensationArrangementByShareBasedPaymentAwardOptionsVestedAndExpectedToVestExercisableWeightedAverageExercisePrice,weighted_average_NOT_outstanding,USD/shares,,2023-12-31,2026-02-26,1.06,10-K,0001819994-26-000013,,False,
RKLB,us-gaap,ShareBasedCompensationArrangementByShareBasedPaymentAwardOptionsVestedAndExpectedToVestExercisableWeightedAverageExercisePrice,weighted_average_NOT_outstanding,USD/shares,,2024-12-31,2025-02-27,1.08,10-K,0001628280-25-008724,,False,
RKLB,us-gaap,ShareBasedCompensationArrangementByShareBasedPaymentAwardOptionsVestedAndExpectedToVestExercisableWeightedAverageExercisePrice,weighted_average_NOT_outstanding,USD/shares,,2024-12-31,2026-02-26,1.08,10-K,0001819994-26-000013,,False,
RKLB,us-gaap,ShareBasedCompensationArrangementByShareBasedPaymentAwardOptionsVestedAndExpectedToVestExercisableWeightedAverageExercisePrice,weighted_average_NOT_outstanding,USD/shares,,2025-12-31,2026-02-26,1.1,10-K,0001819994-26-000013,,False,
RKLB,us-gaap,ShareBasedCompensationArrangementsByShareBasedPaymentAwardOptionsExercisesInPeriodWeightedAverageExercisePrice,weighted_average_NOT_outstanding,USD/shares,2020-01-01,2020-12-31,2022-03-24,0.36,10-K,0000950170-22-004458,366,False,
RKLB,us-gaap,ShareBasedCompensationArrangementsByShareBasedPaymentAwardOptionsExercisesInPeriodWeightedAverageExercisePrice,weighted_average_NOT_outstanding,USD/shares,2020-01-01,2020-12-31,2023-03-07,0.36,10-K,0000950170-23-006499,366,False,
RKLB,us-gaap,ShareBasedCompensationArrangementsByShareBasedPaymentAwardOptionsExercisesInPeriodWeightedAverageExercisePrice,weighted_average_NOT_outstanding,USD/shares,2021-01-01,2021-12-31,2022-03-24,1,10-K,0000950170-22-004458,365,False,
RKLB,us-gaap,ShareBasedCompensationArrangementsByShareBasedPaymentAwardOptionsExercisesInPeriodWeightedAverageExercisePrice,weighted_average_NOT_outstanding,USD/shares,2021-01-01,2021-12-31,2023-03-07,1,10-K,0000950170-23-006499,365,False,
RKLB,us-gaap,ShareBasedCompensationArrangementsByShareBasedPaymentAwardOptionsExercisesInPeriodWeightedAverageExercisePrice,weighted_average_NOT_outstanding,USD/shares,2021-01-01,2021-12-31,2024-02-28,1,10-K,0000950170-24-022160,365,False,
RKLB,us-gaap,ShareBasedCompensationArrangementsByShareBasedPaymentAwardOptionsExercisesInPeriodWeightedAverageExercisePrice,weighted_average_NOT_outstanding,USD/shares,2022-01-01,2022-12-31,2023-03-07,1.02,10-K,0000950170-23-006499,365,False,
RKLB,us-gaap,ShareBasedCompensationArrangementsByShareBasedPaymentAwardOptionsExercisesInPeriodWeightedAverageExercisePrice,weighted_average_NOT_outstanding,USD/shares,2022-01-01,2022-12-31,2024-02-28,1.02,10-K,0000950170-24-022160,365,False,
RKLB,us-gaap,ShareBasedCompensationArrangementsByShareBasedPaymentAwardOptionsExercisesInPeriodWeightedAverageExercisePrice,weighted_average_NOT_outstanding,USD/shares,2022-01-01,2022-12-31,2025-02-27,1.02,10-K,0001628280-25-008724,365,False,
RKLB,us-gaap,ShareBasedCompensationArrangementsByShareBasedPaymentAwardOptionsExercisesInPeriodWeightedAverageExercisePrice,weighted_average_NOT_outstanding,USD/shares,2023-01-01,2023-12-31,2024-02-28,0.93,10-K,0000950170-24-022160,365,False,
RKLB,us-gaap,ShareBasedCompensationArrangementsByShareBasedPaymentAwardOptionsExercisesInPeriodWeightedAverageExercisePrice,weighted_average_NOT_outstanding,USD/shares,2023-01-01,2023-12-31,2025-02-27,0.93,10-K,0001628280-25-008724,365,False,
RKLB,us-gaap,ShareBasedCompensationArrangementsByShareBasedPaymentAwardOptionsExercisesInPeriodWeightedAverageExercisePrice,weighted_average_NOT_outstanding,USD/shares,2023-01-01,2023-12-31,2026-02-26,0.93,10-K,0001819994-26-000013,365,False,
RKLB,us-gaap,ShareBasedCompensationArrangementsByShareBasedPaymentAwardOptionsExercisesInPeriodWeightedAverageExercisePrice,weighted_average_NOT_outstanding,USD/shares,2024-01-01,2024-12-31,2025-02-27,1.01,10-K,0001628280-25-008724,366,False,
RKLB,us-gaap,ShareBasedCompensationArrangementsByShareBasedPaymentAwardOptionsExercisesInPeriodWeightedAverageExercisePrice,weighted_average_NOT_outstanding,USD/shares,2024-01-01,2024-12-31,2026-02-26,1.01,10-K,0001819994-26-000013,366,False,
RKLB,us-gaap,ShareBasedCompensationArrangementsByShareBasedPaymentAwardOptionsExercisesInPeriodWeightedAverageExercisePrice,weighted_average_NOT_outstanding,USD/shares,2025-01-01,2025-12-31,2026-02-26,1.05,10-K,0001819994-26-000013,365,False,
RKLB,us-gaap,ShareBasedCompensationArrangementsByShareBasedPaymentAwardOptionsExpirationsInPeriodWeightedAverageExercisePrice,weighted_average_NOT_outstanding,USD/shares,2020-01-01,2020-12-31,2022-03-24,1.05,10-K,0000950170-22-004458,366,False,
RKLB,us-gaap,ShareBasedCompensationArrangementsByShareBasedPaymentAwardOptionsExpirationsInPeriodWeightedAverageExercisePrice,weighted_average_NOT_outstanding,USD/shares,2020-01-01,2020-12-31,2023-03-07,1.05,10-K,0000950170-23-006499,366,False,
RKLB,us-gaap,ShareBasedCompensationArrangementsByShareBasedPaymentAwardOptionsExpirationsInPeriodWeightedAverageExercisePrice,weighted_average_NOT_outstanding,USD/shares,2021-01-01,2021-12-31,2022-03-24,1.16,10-K,0000950170-22-004458,365,False,
RKLB,us-gaap,ShareBasedCompensationArrangementsByShareBasedPaymentAwardOptionsExpirationsInPeriodWeightedAverageExercisePrice,weighted_average_NOT_outstanding,USD/shares,2021-01-01,2021-12-31,2023-03-07,1.16,10-K,0000950170-23-006499,365,False,
RKLB,us-gaap,ShareBasedCompensationArrangementsByShareBasedPaymentAwardOptionsExpirationsInPeriodWeightedAverageExercisePrice,weighted_average_NOT_outstanding,USD/shares,2021-01-01,2021-12-31,2024-02-28,1.16,10-K,0000950170-24-022160,365,False,
RKLB,us-gaap,ShareBasedCompensationArrangementsByShareBasedPaymentAwardOptionsExpirationsInPeriodWeightedAverageExercisePrice,weighted_average_NOT_outstanding,USD/shares,2023-01-01,2023-12-31,2024-02-28,1.22,10-K,0000950170-24-022160,365,False,
RKLB,us-gaap,ShareBasedCompensationArrangementsByShareBasedPaymentAwardOptionsExpirationsInPeriodWeightedAverageExercisePrice,weighted_average_NOT_outstanding,USD/shares,2023-01-01,2023-12-31,2025-02-27,1.22,10-K,0001628280-25-008724,365,False,
RKLB,us-gaap,ShareBasedCompensationArrangementsByShareBasedPaymentAwardOptionsExpirationsInPeriodWeightedAverageExercisePrice,weighted_average_NOT_outstanding,USD/shares,2023-01-01,2023-12-31,2026-02-26,1.22,10-K,0001819994-26-000013,365,False,
RKLB,us-gaap,ShareBasedCompensationArrangementsByShareBasedPaymentAwardOptionsExpirationsInPeriodWeightedAverageExercisePrice,weighted_average_NOT_outstanding,USD/shares,2025-01-01,2025-12-31,2026-02-26,0.1,10-K,0001819994-26-000013,365,False,
RKLB,us-gaap,ShareBasedCompensationArrangementsByShareBasedPaymentAwardOptionsForfeituresInPeriodWeightedAverageExercisePrice,weighted_average_NOT_outstanding,USD/shares,2020-01-01,2020-12-31,2022-03-24,1.26,10-K,0000950170-22-004458,366,False,
RKLB,us-gaap,ShareBasedCompensationArrangementsByShareBasedPaymentAwardOptionsForfeituresInPeriodWeightedAverageExercisePrice,weighted_average_NOT_outstanding,USD/shares,2020-01-01,2020-12-31,2023-03-07,1.26,10-K,0000950170-23-006499,366,False,
RKLB,us-gaap,ShareBasedCompensationArrangementsByShareBasedPaymentAwardOptionsForfeituresInPeriodWeightedAverageExercisePrice,weighted_average_NOT_outstanding,USD/shares,2021-01-01,2021-12-31,2022-03-24,1.21,10-K,0000950170-22-004458,365,False,
RKLB,us-gaap,ShareBasedCompensationArrangementsByShareBasedPaymentAwardOptionsForfeituresInPeriodWeightedAverageExercisePrice,weighted_average_NOT_outstanding,USD/shares,2021-01-01,2021-12-31,2023-03-07,1.21,10-K,0000950170-23-006499,365,False,
RKLB,us-gaap,ShareBasedCompensationArrangementsByShareBasedPaymentAwardOptionsForfeituresInPeriodWeightedAverageExercisePrice,weighted_average_NOT_outstanding,USD/shares,2021-01-01,2021-12-31,2024-02-28,1.21,10-K,0000950170-24-022160,365,False,
RKLB,us-gaap,ShareBasedCompensationArrangementsByShareBasedPaymentAwardOptionsForfeituresInPeriodWeightedAverageExercisePrice,weighted_average_NOT_outstanding,USD/shares,2022-01-01,2022-12-31,2023-03-07,1.22,10-K,0000950170-23-006499,365,False,
RKLB,us-gaap,ShareBasedCompensationArrangementsByShareBasedPaymentAwardOptionsForfeituresInPeriodWeightedAverageExercisePrice,weighted_average_NOT_outstanding,USD/shares,2022-01-01,2022-12-31,2024-02-28,1.22,10-K,0000950170-24-022160,365,False,
RKLB,us-gaap,ShareBasedCompensationArrangementsByShareBasedPaymentAwardOptionsForfeituresInPeriodWeightedAverageExercisePrice,weighted_average_NOT_outstanding,USD/shares,2022-01-01,2022-12-31,2025-02-27,1.22,10-K,0001628280-25-008724,365,False,
RKLB,us-gaap,ShareBasedCompensationArrangementsByShareBasedPaymentAwardOptionsForfeituresInPeriodWeightedAverageExercisePrice,weighted_average_NOT_outstanding,USD/shares,2023-01-01,2023-12-31,2024-02-28,1.42,10-K,0000950170-24-022160,365,False,
RKLB,us-gaap,ShareBasedCompensationArrangementsByShareBasedPaymentAwardOptionsForfeituresInPeriodWeightedAverageExercisePrice,weighted_average_NOT_outstanding,USD/shares,2023-01-01,2023-12-31,2025-02-27,1.42,10-K,0001628280-25-008724,365,False,
RKLB,us-gaap,ShareBasedCompensationArrangementsByShareBasedPaymentAwardOptionsForfeituresInPeriodWeightedAverageExercisePrice,weighted_average_NOT_outstanding,USD/shares,2023-01-01,2023-12-31,2026-02-26,1.42,10-K,0001819994-26-000013,365,False,
RKLB,us-gaap,ShareBasedCompensationArrangementsByShareBasedPaymentAwardOptionsGrantsInPeriodWeightedAverageExercisePrice,weighted_average_NOT_outstanding,USD/shares,2020-01-01,2020-12-31,2022-03-24,1.41,10-K,0000950170-22-004458,366,False,
RKLB,us-gaap,ShareBasedCompensationArrangementsByShareBasedPaymentAwardOptionsGrantsInPeriodWeightedAverageExercisePrice,weighted_average_NOT_outstanding,USD/shares,2020-01-01,2020-12-31,2023-03-07,1.41,10-K,0000950170-23-006499,366,False,
RKLB,us-gaap,SharebasedCompensationArrangementBySharebasedPaymentAwardOptionsNonvestedWeightedAverageGrantDateFairValue,weighted_average_NOT_outstanding,USD/shares,,2019-12-31,2022-03-24,0.5,10-K,0000950170-22-004458,,False,
RKLB,us-gaap,SharebasedCompensationArrangementBySharebasedPaymentAwardOptionsNonvestedWeightedAverageGrantDateFairValue,weighted_average_NOT_outstanding,USD/shares,,2019-12-31,2023-03-07,0.5,10-K,0000950170-23-006499,,False,
RKLB,us-gaap,SharebasedCompensationArrangementBySharebasedPaymentAwardOptionsNonvestedWeightedAverageGrantDateFairValue,weighted_average_NOT_outstanding,USD/shares,,2020-12-31,2022-03-24,0.53,10-K,0000950170-22-004458,,False,
RKLB,us-gaap,SharebasedCompensationArrangementBySharebasedPaymentAwardOptionsNonvestedWeightedAverageGrantDateFairValue,weighted_average_NOT_outstanding,USD/shares,,2020-12-31,2023-03-07,0.53,10-K,0000950170-23-006499,,False,
RKLB,us-gaap,SharebasedCompensationArrangementBySharebasedPaymentAwardOptionsNonvestedWeightedAverageGrantDateFairValue,weighted_average_NOT_outstanding,USD/shares,,2020-12-31,2024-02-28,0.53,10-K,0000950170-24-022160,,False,
RKLB,us-gaap,SharebasedCompensationArrangementBySharebasedPaymentAwardOptionsNonvestedWeightedAverageGrantDateFairValue,weighted_average_NOT_outstanding,USD/shares,,2021-12-31,2022-03-24,0.54,10-K,0000950170-22-004458,,False,
RKLB,us-gaap,SharebasedCompensationArrangementBySharebasedPaymentAwardOptionsNonvestedWeightedAverageGrantDateFairValue,weighted_average_NOT_outstanding,USD/shares,,2021-12-31,2023-03-07,0.54,10-K,0000950170-23-006499,,False,
RKLB,us-gaap,SharebasedCompensationArrangementBySharebasedPaymentAwardOptionsNonvestedWeightedAverageGrantDateFairValue,weighted_average_NOT_outstanding,USD/shares,,2021-12-31,2024-02-28,0.54,10-K,0000950170-24-022160,,False,
RKLB,us-gaap,SharebasedCompensationArrangementBySharebasedPaymentAwardOptionsNonvestedWeightedAverageGrantDateFairValue,weighted_average_NOT_outstanding,USD/shares,,2021-12-31,2025-02-27,0.54,10-K,0001628280-25-008724,,False,
RKLB,us-gaap,SharebasedCompensationArrangementBySharebasedPaymentAwardOptionsNonvestedWeightedAverageGrantDateFairValue,weighted_average_NOT_outstanding,USD/shares,,2022-12-31,2023-03-07,0.53,10-K,0000950170-23-006499,,False,
RKLB,us-gaap,SharebasedCompensationArrangementBySharebasedPaymentAwardOptionsNonvestedWeightedAverageGrantDateFairValue,weighted_average_NOT_outstanding,USD/shares,,2022-12-31,2024-02-28,0.53,10-K,0000950170-24-022160,,False,
RKLB,us-gaap,SharebasedCompensationArrangementBySharebasedPaymentAwardOptionsNonvestedWeightedAverageGrantDateFairValue,weighted_average_NOT_outstanding,USD/shares,,2022-12-31,2025-02-27,0.53,10-K,0001628280-25-008724,,False,
RKLB,us-gaap,SharebasedCompensationArrangementBySharebasedPaymentAwardOptionsNonvestedWeightedAverageGrantDateFairValue,weighted_average_NOT_outstanding,USD/shares,,2022-12-31,2026-02-26,0.53,10-K,0001819994-26-000013,,False,
RKLB,us-gaap,SharebasedCompensationArrangementBySharebasedPaymentAwardOptionsNonvestedWeightedAverageGrantDateFairValue,weighted_average_NOT_outstanding,USD/shares,,2023-12-31,2024-02-28,0.53,10-K,0000950170-24-022160,,False,
RKLB,us-gaap,SharebasedCompensationArrangementBySharebasedPaymentAwardOptionsNonvestedWeightedAverageGrantDateFairValue,weighted_average_NOT_outstanding,USD/shares,,2023-12-31,2025-02-27,0.53,10-K,0001628280-25-008724,,False,
RKLB,us-gaap,SharebasedCompensationArrangementBySharebasedPaymentAwardOptionsNonvestedWeightedAverageGrantDateFairValue,weighted_average_NOT_outstanding,USD/shares,,2023-12-31,2026-02-26,0.53,10-K,0001819994-26-000013,,False,
RKLB,us-gaap,SharebasedCompensationArrangementBySharebasedPaymentAwardOptionsNonvestedWeightedAverageGrantDateFairValue,weighted_average_NOT_outstanding,USD/shares,,2024-12-31,2025-02-27,0.53,10-K,0001628280-25-008724,,False,
RKLB,us-gaap,SharebasedCompensationArrangementBySharebasedPaymentAwardOptionsNonvestedWeightedAverageGrantDateFairValue,weighted_average_NOT_outstanding,USD/shares,,2024-12-31,2026-02-26,0.53,10-K,0001819994-26-000013,,False,
RKLB,us-gaap,SharebasedCompensationArrangementBySharebasedPaymentAwardOptionsNonvestedWeightedAverageGrantDateFairValue,weighted_average_NOT_outstanding,USD/shares,,2025-12-31,2026-02-26,0.54,10-K,0001819994-26-000013,,False,
RKLB,us-gaap,StockIssuedDuringPeriodSharesStockOptionsExercised,other_share_concept_NOT_automatically_outstanding,shares,2020-01-01,2020-12-31,2022-03-24,2771051,10-K,0000950170-22-004458,366,False,
RKLB,us-gaap,StockIssuedDuringPeriodSharesStockOptionsExercised,other_share_concept_NOT_automatically_outstanding,shares,2020-01-01,2020-12-31,2023-03-07,2771051,10-K,0000950170-23-006499,366,False,
RKLB,us-gaap,StockIssuedDuringPeriodSharesStockOptionsExercised,other_share_concept_NOT_automatically_outstanding,shares,2021-01-01,2021-12-31,2022-03-24,3708786,10-K,0000950170-22-004458,365,False,
RKLB,us-gaap,StockIssuedDuringPeriodSharesStockOptionsExercised,other_share_concept_NOT_automatically_outstanding,shares,2021-01-01,2021-12-31,2023-03-07,3708786,10-K,0000950170-23-006499,365,False,
RKLB,us-gaap,StockIssuedDuringPeriodSharesStockOptionsExercised,other_share_concept_NOT_automatically_outstanding,shares,2021-01-01,2021-12-31,2024-02-28,3708786,10-K,0000950170-24-022160,365,False,
RKLB,us-gaap,StockIssuedDuringPeriodSharesStockOptionsExercised,other_share_concept_NOT_automatically_outstanding,shares,2022-01-01,2022-12-31,2023-03-07,3887435,10-K,0000950170-23-006499,365,False,
RKLB,us-gaap,StockIssuedDuringPeriodSharesStockOptionsExercised,other_share_concept_NOT_automatically_outstanding,shares,2022-01-01,2022-12-31,2024-02-28,3887435,10-K,0000950170-24-022160,365,False,
RKLB,us-gaap,StockIssuedDuringPeriodSharesStockOptionsExercised,other_share_concept_NOT_automatically_outstanding,shares,2022-01-01,2022-12-31,2025-02-27,3887435,10-K,0001628280-25-008724,365,False,
RKLB,us-gaap,StockIssuedDuringPeriodSharesStockOptionsExercised,other_share_concept_NOT_automatically_outstanding,shares,2023-01-01,2023-12-31,2024-02-28,2623282,10-K,0000950170-24-022160,365,False,
RKLB,us-gaap,StockIssuedDuringPeriodSharesStockOptionsExercised,other_share_concept_NOT_automatically_outstanding,shares,2023-01-01,2023-12-31,2025-02-27,2623282,10-K,0001628280-25-008724,365,False,
RKLB,us-gaap,StockIssuedDuringPeriodSharesStockOptionsExercised,other_share_concept_NOT_automatically_outstanding,shares,2023-01-01,2023-12-31,2026-02-26,2623282,10-K,0001819994-26-000013,365,False,
RKLB,us-gaap,StockIssuedDuringPeriodSharesStockOptionsExercised,other_share_concept_NOT_automatically_outstanding,shares,2024-01-01,2024-12-31,2025-02-27,3396050,10-K,0001628280-25-008724,366,False,
RKLB,us-gaap,StockIssuedDuringPeriodSharesStockOptionsExercised,other_share_concept_NOT_automatically_outstanding,shares,2024-01-01,2024-12-31,2026-02-26,3396050,10-K,0001819994-26-000013,366,False,
RKLB,us-gaap,StockIssuedDuringPeriodSharesStockOptionsExercised,other_share_concept_NOT_automatically_outstanding,shares,2025-01-01,2025-12-31,2026-02-26,2459098,10-K,0001819994-26-000013,365,False,
RKLB,us-gaap,ClassOfWarrantOrRightNumberOfSecuritiesCalledByEachWarrantOrRight,other_share_concept_NOT_automatically_outstanding,shares,,2022-03-31,2022-05-16,2951781,10-Q,0000950170-22-010114,,False,
RKLB,us-gaap,ClassOfWarrantOrRightNumberOfSecuritiesCalledByEachWarrantOrRight,other_share_concept_NOT_automatically_outstanding,shares,,2022-06-30,2022-08-11,2951781,10-Q,0000950170-22-016921,,False,
RKLB,us-gaap,ClassOfWarrantOrRightNumberOfSecuritiesCalledByEachWarrantOrRight,other_share_concept_NOT_automatically_outstanding,shares,,2022-09-30,2022-11-09,2951781,10-Q,0000950170-22-023923,,False,
RKLB,us-gaap,ClassOfWarrantOrRightNumberOfSecuritiesCalledByEachWarrantOrRight,other_share_concept_NOT_automatically_outstanding,shares,,2022-12-31,2023-03-07,0,10-K,0000950170-23-006499,,False,
RKLB,us-gaap,RestrictedStockValueSharesIssuedNetOfTaxWithholdings,other_share_concept_NOT_automatically_outstanding,USD,2020-01-01,2020-12-31,2023-03-07,0,10-K,0000950170-23-006499,366,False,
RKLB,us-gaap,RestrictedStockValueSharesIssuedNetOfTaxWithholdings,other_share_concept_NOT_automatically_outstanding,USD,2021-01-01,2021-03-31,2022-05-16,0,10-Q,0000950170-22-010114,90,False,
RKLB,us-gaap,RestrictedStockValueSharesIssuedNetOfTaxWithholdings,other_share_concept_NOT_automatically_outstanding,USD,2021-01-01,2021-06-30,2022-08-11,0,10-Q,0000950170-22-016921,181,False,
RKLB,us-gaap,RestrictedStockValueSharesIssuedNetOfTaxWithholdings,other_share_concept_NOT_automatically_outstanding,USD,2021-01-01,2021-09-30,2022-11-09,0,10-Q,0000950170-22-023923,273,False,
RKLB,us-gaap,RestrictedStockValueSharesIssuedNetOfTaxWithholdings,other_share_concept_NOT_automatically_outstanding,USD,2021-01-01,2021-12-31,2023-03-07,0,10-K,0000950170-23-006499,365,False,
RKLB,us-gaap,RestrictedStockValueSharesIssuedNetOfTaxWithholdings,other_share_concept_NOT_automatically_outstanding,USD,2021-01-01,2021-12-31,2024-02-28,0,10-K,0000950170-24-022160,365,False,
RKLB,us-gaap,RestrictedStockValueSharesIssuedNetOfTaxWithholdings,other_share_concept_NOT_automatically_outstanding,USD,2022-01-01,2022-03-31,2022-05-16,-8756000,10-Q,0000950170-22-010114,90,False,
RKLB,us-gaap,RestrictedStockValueSharesIssuedNetOfTaxWithholdings,other_share_concept_NOT_automatically_outstanding,USD,2022-01-01,2022-03-31,2023-05-09,-8756000,10-Q,0000950170-23-019756,90,False,
RKLB,us-gaap,RestrictedStockValueSharesIssuedNetOfTaxWithholdings,other_share_concept_NOT_automatically_outstanding,USD,2022-01-01,2022-06-30,2022-08-11,-23741000,10-Q,0000950170-22-016921,181,False,
RKLB,us-gaap,RestrictedStockValueSharesIssuedNetOfTaxWithholdings,other_share_concept_NOT_automatically_outstanding,USD,2022-01-01,2022-06-30,2023-08-08,-23741000,10-Q,0000950170-23-039896,181,False,
RKLB,us-gaap,RestrictedStockValueSharesIssuedNetOfTaxWithholdings,other_share_concept_NOT_automatically_outstanding,USD,2022-01-01,2022-09-30,2022-11-09,-28308000,10-Q,0000950170-22-023923,273,False,
RKLB,us-gaap,RestrictedStockValueSharesIssuedNetOfTaxWithholdings,other_share_concept_NOT_automatically_outstanding,USD,2022-01-01,2022-09-30,2023-11-08,28308000,10-Q,0000950170-23-061189,273,False,
RKLB,us-gaap,RestrictedStockValueSharesIssuedNetOfTaxWithholdings,other_share_concept_NOT_automatically_outstanding,USD,2022-01-01,2022-12-31,2023-03-07,31164000,10-K,0000950170-23-006499,365,False,
RKLB,us-gaap,RestrictedStockValueSharesIssuedNetOfTaxWithholdings,other_share_concept_NOT_automatically_outstanding,USD,2022-01-01,2022-12-31,2024-02-28,31164000,10-K,0000950170-24-022160,365,False,
RKLB,us-gaap,RestrictedStockValueSharesIssuedNetOfTaxWithholdings,other_share_concept_NOT_automatically_outstanding,USD,2022-01-01,2022-12-31,2025-02-27,31164000,10-K,0001628280-25-008724,365,False,
RKLB,us-gaap,RestrictedStockValueSharesIssuedNetOfTaxWithholdings,other_share_concept_NOT_automatically_outstanding,USD,2023-01-01,2023-03-31,2023-05-09,-1915000,10-Q,0000950170-23-019756,90,False,
RKLB,us-gaap,RestrictedStockValueSharesIssuedNetOfTaxWithholdings,other_share_concept_NOT_automatically_outstanding,USD,2023-01-01,2023-03-31,2024-05-06,1915000,10-Q,0000950170-24-053646,90,False,
RKLB,us-gaap,RestrictedStockValueSharesIssuedNetOfTaxWithholdings,other_share_concept_NOT_automatically_outstanding,USD,2023-01-01,2023-06-30,2023-08-08,-6968000,10-Q,0000950170-23-039896,181,False,
RKLB,us-gaap,RestrictedStockValueSharesIssuedNetOfTaxWithholdings,other_share_concept_NOT_automatically_outstanding,USD,2023-01-01,2023-06-30,2024-08-08,6968000,10-Q,0000950170-24-094122,181,False,
RKLB,us-gaap,RestrictedStockValueSharesIssuedNetOfTaxWithholdings,other_share_concept_NOT_automatically_outstanding,USD,2023-01-01,2023-09-30,2023-11-08,12352000,10-Q,0000950170-23-061189,273,False,
RKLB,us-gaap,RestrictedStockValueSharesIssuedNetOfTaxWithholdings,other_share_concept_NOT_automatically_outstanding,USD,2023-01-01,2023-09-30,2024-11-12,12352000,10-Q,0000950170-24-125529,273,False,
RKLB,us-gaap,RestrictedStockValueSharesIssuedNetOfTaxWithholdings,other_share_concept_NOT_automatically_outstanding,USD,2023-01-01,2023-12-31,2024-02-28,15722000,10-K,0000950170-24-022160,365,False,
RKLB,us-gaap,RestrictedStockValueSharesIssuedNetOfTaxWithholdings,other_share_concept_NOT_automatically_outstanding,USD,2023-01-01,2023-12-31,2025-02-27,15722000,10-K,0001628280-25-008724,365,False,
RKLB,us-gaap,RestrictedStockValueSharesIssuedNetOfTaxWithholdings,other_share_concept_NOT_automatically_outstanding,USD,2023-01-01,2023-12-31,2026-02-26,15722000,10-K,0001819994-26-000013,365,False,
RKLB,us-gaap,RestrictedStockValueSharesIssuedNetOfTaxWithholdings,other_share_concept_NOT_automatically_outstanding,USD,2024-01-01,2024-03-31,2024-05-06,5163000,10-Q,0000950170-24-053646,91,False,
RKLB,us-gaap,RestrictedStockValueSharesIssuedNetOfTaxWithholdings,other_share_concept_NOT_automatically_outstanding,USD,2024-01-01,2024-03-31,2025-05-08,5163000,10-Q,0001628280-25-023857,91,False,
RKLB,us-gaap,RestrictedStockValueSharesIssuedNetOfTaxWithholdings,other_share_concept_NOT_automatically_outstanding,USD,2024-01-01,2024-06-30,2024-08-08,9479000,10-Q,0000950170-24-094122,182,False,
RKLB,us-gaap,RestrictedStockValueSharesIssuedNetOfTaxWithholdings,other_share_concept_NOT_automatically_outstanding,USD,2024-01-01,2024-06-30,2025-08-07,9479000,10-Q,0001628280-25-038936,182,False,
RKLB,us-gaap,RestrictedStockValueSharesIssuedNetOfTaxWithholdings,other_share_concept_NOT_automatically_outstanding,USD,2024-01-01,2024-09-30,2024-11-12,15169000,10-Q,0000950170-24-125529,274,False,
RKLB,us-gaap,RestrictedStockValueSharesIssuedNetOfTaxWithholdings,other_share_concept_NOT_automatically_outstanding,USD,2024-01-01,2024-09-30,2025-11-10,15169000,10-Q,0001819994-25-000021,274,False,
RKLB,us-gaap,RestrictedStockValueSharesIssuedNetOfTaxWithholdings,other_share_concept_NOT_automatically_outstanding,USD,2024-01-01,2024-12-31,2025-02-27,35336000,10-K,0001628280-25-008724,366,False,
RKLB,us-gaap,RestrictedStockValueSharesIssuedNetOfTaxWithholdings,other_share_concept_NOT_automatically_outstanding,USD,2024-01-01,2024-12-31,2026-02-26,35336000,10-K,0001819994-26-000013,366,False,
RKLB,us-gaap,RestrictedStockValueSharesIssuedNetOfTaxWithholdings,other_share_concept_NOT_automatically_outstanding,USD,2025-01-01,2025-03-31,2025-05-08,16577000,10-Q,0001628280-25-023857,90,False,
RKLB,us-gaap,RestrictedStockValueSharesIssuedNetOfTaxWithholdings,other_share_concept_NOT_automatically_outstanding,USD,2025-01-01,2025-03-31,2026-05-07,16577000,10-Q,0001819994-26-000028,90,False,
RKLB,us-gaap,RestrictedStockValueSharesIssuedNetOfTaxWithholdings,other_share_concept_NOT_automatically_outstanding,USD,2025-01-01,2025-06-30,2025-08-07,40421000,10-Q,0001628280-25-038936,181,False,
RKLB,us-gaap,RestrictedStockValueSharesIssuedNetOfTaxWithholdings,other_share_concept_NOT_automatically_outstanding,USD,2025-01-01,2025-06-30,2026-08-10,40421000,10-Q,0001819994-26-000062,181,False,
RKLB,us-gaap,RestrictedStockValueSharesIssuedNetOfTaxWithholdings,other_share_concept_NOT_automatically_outstanding,USD,2025-01-01,2025-09-30,2025-11-10,65672000,10-Q,0001819994-25-000021,273,False,
RKLB,us-gaap,RestrictedStockValueSharesIssuedNetOfTaxWithholdings,other_share_concept_NOT_automatically_outstanding,USD,2025-01-01,2025-12-31,2026-02-26,113487000,10-K,0001819994-26-000013,365,False,
RKLB,us-gaap,RestrictedStockValueSharesIssuedNetOfTaxWithholdings,other_share_concept_NOT_automatically_outstanding,USD,2026-01-01,2026-03-31,2026-05-07,39848000,10-Q,0001819994-26-000028,90,False,
RKLB,us-gaap,RestrictedStockValueSharesIssuedNetOfTaxWithholdings,other_share_concept_NOT_automatically_outstanding,USD,2026-01-01,2026-06-30,2026-08-10,151154000,10-Q,0001819994-26-000062,181,False,
RKLB,us-gaap,WeightedAverageNumberOfDilutedSharesOutstanding,weighted_average_NOT_outstanding,shares,2020-01-01,2020-12-31,2023-03-07,75414888,10-K,0000950170-23-006499,366,False,
RKLB,us-gaap,WeightedAverageNumberOfDilutedSharesOutstanding,weighted_average_NOT_outstanding,shares,2021-01-01,2021-06-30,2022-08-11,78893969,10-Q,0000950170-22-016921,181,False,
RKLB,us-gaap,WeightedAverageNumberOfDilutedSharesOutstanding,weighted_average_NOT_outstanding,shares,2021-04-01,2021-06-30,2022-08-11,78961096,10-Q,0000950170-22-016921,91,False,
RKLB,us-gaap,WeightedAverageNumberOfDilutedSharesOutstanding,weighted_average_NOT_outstanding,shares,2021-01-01,2021-09-30,2022-11-09,129232016,10-Q,0000950170-22-023923,273,False,
RKLB,us-gaap,WeightedAverageNumberOfDilutedSharesOutstanding,weighted_average_NOT_outstanding,shares,2021-07-01,2021-09-30,2022-11-09,228266647,10-Q,0000950170-22-023923,92,False,
RKLB,us-gaap,WeightedAverageNumberOfDilutedSharesOutstanding,weighted_average_NOT_outstanding,shares,2021-01-01,2021-12-31,2023-03-07,209895135,10-K,0000950170-23-006499,365,False,
RKLB,us-gaap,WeightedAverageNumberOfDilutedSharesOutstanding,weighted_average_NOT_outstanding,shares,2021-01-01,2021-12-31,2024-02-28,209895135,10-K,0000950170-24-022160,365,False,
RKLB,us-gaap,WeightedAverageNumberOfDilutedSharesOutstanding,weighted_average_NOT_outstanding,shares,2022-01-01,2022-03-31,2023-05-09,456495288,10-Q,0000950170-23-019756,90,False,
RKLB,us-gaap,WeightedAverageNumberOfDilutedSharesOutstanding,weighted_average_NOT_outstanding,shares,2022-01-01,2022-06-30,2022-08-11,460630324,10-Q,0000950170-22-016921,181,False,
RKLB,us-gaap,WeightedAverageNumberOfDilutedSharesOutstanding,weighted_average_NOT_outstanding,shares,2022-01-01,2022-06-30,2023-08-08,460630324,10-Q,0000950170-23-039896,181,False,
RKLB,us-gaap,WeightedAverageNumberOfDilutedSharesOutstanding,weighted_average_NOT_outstanding,shares,2022-04-01,2022-06-30,2022-08-11,464719924,10-Q,0000950170-22-016921,91,False,
RKLB,us-gaap,WeightedAverageNumberOfDilutedSharesOutstanding,weighted_average_NOT_outstanding,shares,2022-04-01,2022-06-30,2023-08-08,464719924,10-Q,0000950170-23-039896,91,False,
RKLB,us-gaap,WeightedAverageNumberOfDilutedSharesOutstanding,weighted_average_NOT_outstanding,shares,2022-01-01,2022-09-30,2022-11-09,463709955,10-Q,0000950170-22-023923,273,False,
RKLB,us-gaap,WeightedAverageNumberOfDilutedSharesOutstanding,weighted_average_NOT_outstanding,shares,2022-01-01,2022-09-30,2023-11-08,463709955,10-Q,0000950170-23-061189,273,False,
RKLB,us-gaap,WeightedAverageNumberOfDilutedSharesOutstanding,weighted_average_NOT_outstanding,shares,2022-07-01,2022-09-30,2022-11-09,469768797,10-Q,0000950170-22-023923,92,False,
RKLB,us-gaap,WeightedAverageNumberOfDilutedSharesOutstanding,weighted_average_NOT_outstanding,shares,2022-07-01,2022-09-30,2023-11-08,469768797,10-Q,0000950170-23-061189,92,False,
RKLB,us-gaap,WeightedAverageNumberOfDilutedSharesOutstanding,weighted_average_NOT_outstanding,shares,2022-01-01,2022-12-31,2023-03-07,466214095,10-K,0000950170-23-006499,365,False,
RKLB,us-gaap,WeightedAverageNumberOfDilutedSharesOutstanding,weighted_average_NOT_outstanding,shares,2022-01-01,2022-12-31,2024-02-28,466214095,10-K,0000950170-24-022160,365,False,
RKLB,us-gaap,WeightedAverageNumberOfDilutedSharesOutstanding,weighted_average_NOT_outstanding,shares,2022-01-01,2022-12-31,2025-02-27,466214095,10-K,0001628280-25-008724,365,False,
RKLB,us-gaap,WeightedAverageNumberOfDilutedSharesOutstanding,weighted_average_NOT_outstanding,shares,2023-01-01,2023-03-31,2023-05-09,476199710,10-Q,0000950170-23-019756,90,False,
RKLB,us-gaap,WeightedAverageNumberOfDilutedSharesOutstanding,weighted_average_NOT_outstanding,shares,2023-01-01,2023-03-31,2024-05-06,476199710,10-Q,0000950170-24-053646,90,False,
RKLB,us-gaap,WeightedAverageNumberOfDilutedSharesOutstanding,weighted_average_NOT_outstanding,shares,2023-01-01,2023-06-30,2023-08-08,477977551,10-Q,0000950170-23-039896,181,False,
RKLB,us-gaap,WeightedAverageNumberOfDilutedSharesOutstanding,weighted_average_NOT_outstanding,shares,2023-01-01,2023-06-30,2024-08-08,477977551,10-Q,0000950170-24-094122,181,False,
RKLB,us-gaap,WeightedAverageNumberOfDilutedSharesOutstanding,weighted_average_NOT_outstanding,shares,2023-04-01,2023-06-30,2023-08-08,479735858,10-Q,0000950170-23-039896,91,False,
RKLB,us-gaap,WeightedAverageNumberOfDilutedSharesOutstanding,weighted_average_NOT_outstanding,shares,2023-04-01,2023-06-30,2024-08-08,479735858,10-Q,0000950170-24-094122,91,False,
RKLB,us-gaap,WeightedAverageNumberOfDilutedSharesOutstanding,weighted_average_NOT_outstanding,shares,2023-01-01,2023-09-30,2023-11-08,480018578,10-Q,0000950170-23-061189,273,False,
RKLB,us-gaap,WeightedAverageNumberOfDilutedSharesOutstanding,weighted_average_NOT_outstanding,shares,2023-01-01,2023-09-30,2024-11-12,480018578,10-Q,0000950170-24-125529,273,False,
RKLB,us-gaap,WeightedAverageNumberOfDilutedSharesOutstanding,weighted_average_NOT_outstanding,shares,2023-07-01,2023-09-30,2023-11-08,484034071,10-Q,0000950170-23-061189,92,False,
RKLB,us-gaap,WeightedAverageNumberOfDilutedSharesOutstanding,weighted_average_NOT_outstanding,shares,2023-07-01,2023-09-30,2024-11-12,484034071,10-Q,0000950170-24-125529,92,False,
RKLB,us-gaap,WeightedAverageNumberOfDilutedSharesOutstanding,weighted_average_NOT_outstanding,shares,2023-01-01,2023-12-31,2024-02-28,481768060,10-K,0000950170-24-022160,365,False,
RKLB,us-gaap,WeightedAverageNumberOfDilutedSharesOutstanding,weighted_average_NOT_outstanding,shares,2023-01-01,2023-12-31,2025-02-27,481768060,10-K,0001628280-25-008724,365,False,
RKLB,us-gaap,WeightedAverageNumberOfDilutedSharesOutstanding,weighted_average_NOT_outstanding,shares,2023-01-01,2023-12-31,2026-02-26,481768060,10-K,0001819994-26-000013,365,False,
RKLB,us-gaap,WeightedAverageNumberOfDilutedSharesOutstanding,weighted_average_NOT_outstanding,shares,2024-01-01,2024-03-31,2024-05-06,489994709,10-Q,0000950170-24-053646,91,False,
RKLB,us-gaap,WeightedAverageNumberOfDilutedSharesOutstanding,weighted_average_NOT_outstanding,shares,2024-01-01,2024-03-31,2025-05-08,489994709,10-Q,0001628280-25-023857,91,False,
RKLB,us-gaap,WeightedAverageNumberOfDilutedSharesOutstanding,weighted_average_NOT_outstanding,shares,2024-01-01,2024-06-30,2024-08-08,492092709,10-Q,0000950170-24-094122,182,False,
RKLB,us-gaap,WeightedAverageNumberOfDilutedSharesOutstanding,weighted_average_NOT_outstanding,shares,2024-01-01,2024-06-30,2025-08-07,492092709,10-Q,0001628280-25-038936,182,False,
RKLB,us-gaap,WeightedAverageNumberOfDilutedSharesOutstanding,weighted_average_NOT_outstanding,shares,2024-04-01,2024-06-30,2024-08-08,494190708,10-Q,0000950170-24-094122,91,False,
RKLB,us-gaap,WeightedAverageNumberOfDilutedSharesOutstanding,weighted_average_NOT_outstanding,shares,2024-04-01,2024-06-30,2025-08-07,494190708,10-Q,0001628280-25-038936,91,False,
RKLB,us-gaap,WeightedAverageNumberOfDilutedSharesOutstanding,weighted_average_NOT_outstanding,shares,2024-01-01,2024-09-30,2024-11-12,493976025,10-Q,0000950170-24-125529,274,False,
RKLB,us-gaap,WeightedAverageNumberOfDilutedSharesOutstanding,weighted_average_NOT_outstanding,shares,2024-01-01,2024-09-30,2025-11-10,493976025,10-Q,0001819994-25-000021,274,False,
RKLB,us-gaap,WeightedAverageNumberOfDilutedSharesOutstanding,weighted_average_NOT_outstanding,shares,2024-07-01,2024-09-30,2024-11-12,497701715,10-Q,0000950170-24-125529,92,False,
RKLB,us-gaap,WeightedAverageNumberOfDilutedSharesOutstanding,weighted_average_NOT_outstanding,shares,2024-07-01,2024-09-30,2025-11-10,497701715,10-Q,0001819994-25-000021,92,False,
RKLB,us-gaap,WeightedAverageNumberOfDilutedSharesOutstanding,weighted_average_NOT_outstanding,shares,2024-01-01,2024-12-31,2025-02-27,495929861,10-K,0001628280-25-008724,366,False,
RKLB,us-gaap,WeightedAverageNumberOfDilutedSharesOutstanding,weighted_average_NOT_outstanding,shares,2024-01-01,2024-12-31,2026-02-26,495929861,10-K,0001819994-26-000013,366,False,
RKLB,us-gaap,WeightedAverageNumberOfDilutedSharesOutstanding,weighted_average_NOT_outstanding,shares,2025-01-01,2025-03-31,2025-05-08,505614185,10-Q,0001628280-25-023857,90,False,
RKLB,us-gaap,WeightedAverageNumberOfDilutedSharesOutstanding,weighted_average_NOT_outstanding,shares,2025-01-01,2025-03-31,2026-05-07,505614185,10-Q,0001819994-26-000028,90,False,
RKLB,us-gaap,WeightedAverageNumberOfDilutedSharesOutstanding,weighted_average_NOT_outstanding,shares,2025-01-01,2025-06-30,2025-08-07,510376584,10-Q,0001628280-25-038936,181,False,
RKLB,us-gaap,WeightedAverageNumberOfDilutedSharesOutstanding,weighted_average_NOT_outstanding,shares,2025-01-01,2025-06-30,2026-08-10,510376584,10-Q,0001819994-26-000062,181,False,
RKLB,us-gaap,WeightedAverageNumberOfDilutedSharesOutstanding,weighted_average_NOT_outstanding,shares,2025-04-01,2025-06-30,2025-08-07,515086631,10-Q,0001628280-25-038936,91,False,
RKLB,us-gaap,WeightedAverageNumberOfDilutedSharesOutstanding,weighted_average_NOT_outstanding,shares,2025-04-01,2025-06-30,2026-08-10,515086631,10-Q,0001819994-26-000062,91,False,
RKLB,us-gaap,WeightedAverageNumberOfDilutedSharesOutstanding,weighted_average_NOT_outstanding,shares,2025-01-01,2025-09-30,2025-11-10,516560266,10-Q,0001819994-25-000021,273,False,
RKLB,us-gaap,WeightedAverageNumberOfDilutedSharesOutstanding,weighted_average_NOT_outstanding,shares,2025-07-01,2025-09-30,2025-11-10,528725980,10-Q,0001819994-25-000021,92,False,
RKLB,us-gaap,WeightedAverageNumberOfDilutedSharesOutstanding,weighted_average_NOT_outstanding,shares,2025-01-01,2025-12-31,2026-02-26,530664781,10-K,0001819994-26-000013,365,False,
RKLB,us-gaap,WeightedAverageNumberOfDilutedSharesOutstanding,weighted_average_NOT_outstanding,shares,2026-01-01,2026-03-31,2026-05-07,605434642,10-Q,0001819994-26-000028,90,False,
RKLB,us-gaap,WeightedAverageNumberOfDilutedSharesOutstanding,weighted_average_NOT_outstanding,shares,2026-01-01,2026-06-30,2026-08-10,617625210,10-Q,0001819994-26-000062,181,False,
RKLB,us-gaap,WeightedAverageNumberOfDilutedSharesOutstanding,weighted_average_NOT_outstanding,shares,2026-04-01,2026-06-30,2026-08-10,629681803,10-Q,0001819994-26-000062,91,False,
RKLB,us-gaap,WeightedAverageNumberOfSharesOutstandingBasic,weighted_average_NOT_outstanding,shares,2020-01-01,2020-12-31,2023-03-07,75414888,10-K,0000950170-23-006499,366,False,
RKLB,us-gaap,WeightedAverageNumberOfSharesOutstandingBasic,weighted_average_NOT_outstanding,shares,2021-01-01,2021-06-30,2022-08-11,78893969,10-Q,0000950170-22-016921,181,False,
RKLB,us-gaap,WeightedAverageNumberOfSharesOutstandingBasic,weighted_average_NOT_outstanding,shares,2021-04-01,2021-06-30,2022-08-11,78961096,10-Q,0000950170-22-016921,91,False,
RKLB,us-gaap,WeightedAverageNumberOfSharesOutstandingBasic,weighted_average_NOT_outstanding,shares,2021-01-01,2021-09-30,2022-11-09,129232016,10-Q,0000950170-22-023923,273,False,
RKLB,us-gaap,WeightedAverageNumberOfSharesOutstandingBasic,weighted_average_NOT_outstanding,shares,2021-07-01,2021-09-30,2022-11-09,228266647,10-Q,0000950170-22-023923,92,False,
RKLB,us-gaap,WeightedAverageNumberOfSharesOutstandingBasic,weighted_average_NOT_outstanding,shares,2021-01-01,2021-12-31,2023-03-07,209895135,10-K,0000950170-23-006499,365,False,
RKLB,us-gaap,WeightedAverageNumberOfSharesOutstandingBasic,weighted_average_NOT_outstanding,shares,2021-01-01,2021-12-31,2024-02-28,209895135,10-K,0000950170-24-022160,365,False,
RKLB,us-gaap,WeightedAverageNumberOfSharesOutstandingBasic,weighted_average_NOT_outstanding,shares,2022-01-01,2022-03-31,2023-05-09,456495288,10-Q,0000950170-23-019756,90,False,
RKLB,us-gaap,WeightedAverageNumberOfSharesOutstandingBasic,weighted_average_NOT_outstanding,shares,2022-01-01,2022-06-30,2022-08-11,460630324,10-Q,0000950170-22-016921,181,False,
RKLB,us-gaap,WeightedAverageNumberOfSharesOutstandingBasic,weighted_average_NOT_outstanding,shares,2022-01-01,2022-06-30,2023-08-08,460630324,10-Q,0000950170-23-039896,181,False,
RKLB,us-gaap,WeightedAverageNumberOfSharesOutstandingBasic,weighted_average_NOT_outstanding,shares,2022-04-01,2022-06-30,2022-08-11,464719924,10-Q,0000950170-22-016921,91,False,
RKLB,us-gaap,WeightedAverageNumberOfSharesOutstandingBasic,weighted_average_NOT_outstanding,shares,2022-04-01,2022-06-30,2023-08-08,464719924,10-Q,0000950170-23-039896,91,False,
RKLB,us-gaap,WeightedAverageNumberOfSharesOutstandingBasic,weighted_average_NOT_outstanding,shares,2022-01-01,2022-09-30,2022-11-09,463709955,10-Q,0000950170-22-023923,273,False,
RKLB,us-gaap,WeightedAverageNumberOfSharesOutstandingBasic,weighted_average_NOT_outstanding,shares,2022-01-01,2022-09-30,2023-11-08,463709955,10-Q,0000950170-23-061189,273,False,
RKLB,us-gaap,WeightedAverageNumberOfSharesOutstandingBasic,weighted_average_NOT_outstanding,shares,2022-07-01,2022-09-30,2022-11-09,469768797,10-Q,0000950170-22-023923,92,False,
RKLB,us-gaap,WeightedAverageNumberOfSharesOutstandingBasic,weighted_average_NOT_outstanding,shares,2022-07-01,2022-09-30,2023-11-08,469768797,10-Q,0000950170-23-061189,92,False,
RKLB,us-gaap,WeightedAverageNumberOfSharesOutstandingBasic,weighted_average_NOT_outstanding,shares,2022-01-01,2022-12-31,2023-03-07,466214095,10-K,0000950170-23-006499,365,False,
RKLB,us-gaap,WeightedAverageNumberOfSharesOutstandingBasic,weighted_average_NOT_outstanding,shares,2022-01-01,2022-12-31,2024-02-28,466214095,10-K,0000950170-24-022160,365,False,
RKLB,us-gaap,WeightedAverageNumberOfSharesOutstandingBasic,weighted_average_NOT_outstanding,shares,2022-01-01,2022-12-31,2025-02-27,466214095,10-K,0001628280-25-008724,365,False,
RKLB,us-gaap,WeightedAverageNumberOfSharesOutstandingBasic,weighted_average_NOT_outstanding,shares,2023-01-01,2023-03-31,2023-05-09,476199710,10-Q,0000950170-23-019756,90,False,
RKLB,us-gaap,WeightedAverageNumberOfSharesOutstandingBasic,weighted_average_NOT_outstanding,shares,2023-01-01,2023-03-31,2024-05-06,476199710,10-Q,0000950170-24-053646,90,False,
RKLB,us-gaap,WeightedAverageNumberOfSharesOutstandingBasic,weighted_average_NOT_outstanding,shares,2023-01-01,2023-06-30,2023-08-08,477977551,10-Q,0000950170-23-039896,181,False,
RKLB,us-gaap,WeightedAverageNumberOfSharesOutstandingBasic,weighted_average_NOT_outstanding,shares,2023-01-01,2023-06-30,2024-08-08,477977551,10-Q,0000950170-24-094122,181,False,
RKLB,us-gaap,WeightedAverageNumberOfSharesOutstandingBasic,weighted_average_NOT_outstanding,shares,2023-04-01,2023-06-30,2023-08-08,479735858,10-Q,0000950170-23-039896,91,False,
RKLB,us-gaap,WeightedAverageNumberOfSharesOutstandingBasic,weighted_average_NOT_outstanding,shares,2023-04-01,2023-06-30,2024-08-08,479735858,10-Q,0000950170-24-094122,91,False,
RKLB,us-gaap,WeightedAverageNumberOfSharesOutstandingBasic,weighted_average_NOT_outstanding,shares,2023-01-01,2023-09-30,2023-11-08,480018578,10-Q,0000950170-23-061189,273,False,
RKLB,us-gaap,WeightedAverageNumberOfSharesOutstandingBasic,weighted_average_NOT_outstanding,shares,2023-01-01,2023-09-30,2024-11-12,480018578,10-Q,0000950170-24-125529,273,False,
RKLB,us-gaap,WeightedAverageNumberOfSharesOutstandingBasic,weighted_average_NOT_outstanding,shares,2023-07-01,2023-09-30,2023-11-08,484034071,10-Q,0000950170-23-061189,92,False,
RKLB,us-gaap,WeightedAverageNumberOfSharesOutstandingBasic,weighted_average_NOT_outstanding,shares,2023-07-01,2023-09-30,2024-11-12,484034071,10-Q,0000950170-24-125529,92,False,
RKLB,us-gaap,WeightedAverageNumberOfSharesOutstandingBasic,weighted_average_NOT_outstanding,shares,2023-01-01,2023-12-31,2024-02-28,481768060,10-K,0000950170-24-022160,365,False,
RKLB,us-gaap,WeightedAverageNumberOfSharesOutstandingBasic,weighted_average_NOT_outstanding,shares,2023-01-01,2023-12-31,2025-02-27,481768060,10-K,0001628280-25-008724,365,False,
RKLB,us-gaap,WeightedAverageNumberOfSharesOutstandingBasic,weighted_average_NOT_outstanding,shares,2023-01-01,2023-12-31,2026-02-26,481768060,10-K,0001819994-26-000013,365,False,
RKLB,us-gaap,WeightedAverageNumberOfSharesOutstandingBasic,weighted_average_NOT_outstanding,shares,2024-01-01,2024-03-31,2024-05-06,489994709,10-Q,0000950170-24-053646,91,False,
RKLB,us-gaap,WeightedAverageNumberOfSharesOutstandingBasic,weighted_average_NOT_outstanding,shares,2024-01-01,2024-03-31,2025-05-08,489994709,10-Q,0001628280-25-023857,91,False,
RKLB,us-gaap,WeightedAverageNumberOfSharesOutstandingBasic,weighted_average_NOT_outstanding,shares,2024-01-01,2024-06-30,2024-08-08,492092709,10-Q,0000950170-24-094122,182,False,
RKLB,us-gaap,WeightedAverageNumberOfSharesOutstandingBasic,weighted_average_NOT_outstanding,shares,2024-01-01,2024-06-30,2025-08-07,492092709,10-Q,0001628280-25-038936,182,False,
RKLB,us-gaap,WeightedAverageNumberOfSharesOutstandingBasic,weighted_average_NOT_outstanding,shares,2024-04-01,2024-06-30,2024-08-08,494190708,10-Q,0000950170-24-094122,91,False,
RKLB,us-gaap,WeightedAverageNumberOfSharesOutstandingBasic,weighted_average_NOT_outstanding,shares,2024-04-01,2024-06-30,2025-08-07,494190708,10-Q,0001628280-25-038936,91,False,
RKLB,us-gaap,WeightedAverageNumberOfSharesOutstandingBasic,weighted_average_NOT_outstanding,shares,2024-01-01,2024-09-30,2024-11-12,493976025,10-Q,0000950170-24-125529,274,False,
RKLB,us-gaap,WeightedAverageNumberOfSharesOutstandingBasic,weighted_average_NOT_outstanding,shares,2024-01-01,2024-09-30,2025-11-10,493976025,10-Q,0001819994-25-000021,274,False,
RKLB,us-gaap,WeightedAverageNumberOfSharesOutstandingBasic,weighted_average_NOT_outstanding,shares,2024-07-01,2024-09-30,2024-11-12,497701715,10-Q,0000950170-24-125529,92,False,
RKLB,us-gaap,WeightedAverageNumberOfSharesOutstandingBasic,weighted_average_NOT_outstanding,shares,2024-07-01,2024-09-30,2025-11-10,497701715,10-Q,0001819994-25-000021,92,False,
RKLB,us-gaap,WeightedAverageNumberOfSharesOutstandingBasic,weighted_average_NOT_outstanding,shares,2024-01-01,2024-12-31,2025-02-27,495929861,10-K,0001628280-25-008724,366,False,
RKLB,us-gaap,WeightedAverageNumberOfSharesOutstandingBasic,weighted_average_NOT_outstanding,shares,2024-01-01,2024-12-31,2026-02-26,495929861,10-K,0001819994-26-000013,366,False,
RKLB,us-gaap,WeightedAverageNumberOfSharesOutstandingBasic,weighted_average_NOT_outstanding,shares,2025-01-01,2025-03-31,2025-05-08,505614185,10-Q,0001628280-25-023857,90,False,
RKLB,us-gaap,WeightedAverageNumberOfSharesOutstandingBasic,weighted_average_NOT_outstanding,shares,2025-01-01,2025-03-31,2026-05-07,505614185,10-Q,0001819994-26-000028,90,False,
RKLB,us-gaap,WeightedAverageNumberOfSharesOutstandingBasic,weighted_average_NOT_outstanding,shares,2025-01-01,2025-06-30,2025-08-07,510376584,10-Q,0001628280-25-038936,181,False,
RKLB,us-gaap,WeightedAverageNumberOfSharesOutstandingBasic,weighted_average_NOT_outstanding,shares,2025-01-01,2025-06-30,2026-08-10,510376584,10-Q,0001819994-26-000062,181,False,
RKLB,us-gaap,WeightedAverageNumberOfSharesOutstandingBasic,weighted_average_NOT_outstanding,shares,2025-04-01,2025-06-30,2025-08-07,515086631,10-Q,0001628280-25-038936,91,False,
RKLB,us-gaap,WeightedAverageNumberOfSharesOutstandingBasic,weighted_average_NOT_outstanding,shares,2025-04-01,2025-06-30,2026-08-10,515086631,10-Q,0001819994-26-000062,91,False,
RKLB,us-gaap,WeightedAverageNumberOfSharesOutstandingBasic,weighted_average_NOT_outstanding,shares,2025-01-01,2025-09-30,2025-11-10,516560266,10-Q,0001819994-25-000021,273,False,
RKLB,us-gaap,WeightedAverageNumberOfSharesOutstandingBasic,weighted_average_NOT_outstanding,shares,2025-07-01,2025-09-30,2025-11-10,528725980,10-Q,0001819994-25-000021,92,False,
RKLB,us-gaap,WeightedAverageNumberOfSharesOutstandingBasic,weighted_average_NOT_outstanding,shares,2025-01-01,2025-12-31,2026-02-26,530664781,10-K,0001819994-26-000013,365,False,
RKLB,us-gaap,WeightedAverageNumberOfSharesOutstandingBasic,weighted_average_NOT_outstanding,shares,2026-01-01,2026-03-31,2026-05-07,605434642,10-Q,0001819994-26-000028,90,False,
RKLB,us-gaap,WeightedAverageNumberOfSharesOutstandingBasic,weighted_average_NOT_outstanding,shares,2026-01-01,2026-06-30,2026-08-10,617625210,10-Q,0001819994-26-000062,181,False,
RKLB,us-gaap,WeightedAverageNumberOfSharesOutstandingBasic,weighted_average_NOT_outstanding,shares,2026-04-01,2026-06-30,2026-08-10,629681803,10-Q,0001819994-26-000062,91,False,
RKLB,us-gaap,AvailableForSaleSecuritiesDebtSecurities,revenue_candidate_VERIFY_scope_and_currency,USD,,2022-09-30,2022-11-09,475354000,10-Q,0000950170-22-023923,,False,
RKLB,us-gaap,AvailableForSaleSecuritiesDebtSecurities,revenue_candidate_VERIFY_scope_and_currency,USD,,2022-12-31,2023-03-07,450935000,10-K,0000950170-23-006499,,False,
RKLB,us-gaap,AvailableForSaleSecuritiesDebtSecurities,revenue_candidate_VERIFY_scope_and_currency,USD,,2023-03-31,2023-05-09,390362000,10-Q,0000950170-23-019756,,False,
RKLB,us-gaap,AvailableForSaleSecuritiesDebtSecurities,revenue_candidate_VERIFY_scope_and_currency,USD,,2023-06-30,2023-08-08,373498000,10-Q,0000950170-23-039896,,False,
RKLB,us-gaap,AvailableForSaleSecuritiesDebtSecurities,revenue_candidate_VERIFY_scope_and_currency,USD,,2023-09-30,2023-11-08,318673000,10-Q,0000950170-23-061189,,False,
RKLB,us-gaap,AvailableForSaleSecuritiesDebtSecurities,revenue_candidate_VERIFY_scope_and_currency,USD,,2023-12-31,2024-02-28,282993000,10-K,0000950170-24-022160,,False,
RKLB,us-gaap,AvailableForSaleSecuritiesDebtSecurities,revenue_candidate_VERIFY_scope_and_currency,USD,,2024-03-31,2024-05-06,524238000,10-Q,0000950170-24-053646,,False,
RKLB,us-gaap,AvailableForSaleSecuritiesDebtSecurities,revenue_candidate_VERIFY_scope_and_currency,USD,,2024-06-30,2024-08-08,512622000,10-Q,0000950170-24-094122,,False,
RKLB,us-gaap,AvailableForSaleSecuritiesDebtSecurities,revenue_candidate_VERIFY_scope_and_currency,USD,,2024-09-30,2024-11-12,448827000,10-Q,0000950170-24-125529,,False,
RKLB,us-gaap,AvailableForSaleSecuritiesDebtSecurities,revenue_candidate_VERIFY_scope_and_currency,USD,,2024-12-31,2025-02-27,420254000,10-K,0001628280-25-008724,,False,
RKLB,us-gaap,AvailableForSaleSecuritiesDebtSecurities,revenue_candidate_VERIFY_scope_and_currency,USD,,2025-03-31,2025-05-08,415824000,10-Q,0001628280-25-023857,,False,
RKLB,us-gaap,AvailableForSaleSecuritiesDebtSecurities,revenue_candidate_VERIFY_scope_and_currency,USD,,2025-06-30,2025-08-07,675651000,10-Q,0001628280-25-038936,,False,
RKLB,us-gaap,AvailableForSaleSecuritiesDebtSecurities,revenue_candidate_VERIFY_scope_and_currency,USD,,2025-09-30,2025-11-10,907385000,10-Q,0001819994-25-000021,,False,
RKLB,us-gaap,AvailableForSaleSecuritiesDebtSecurities,revenue_candidate_VERIFY_scope_and_currency,USD,,2025-12-31,2026-02-26,1013218000,10-K,0001819994-26-000013,,False,
RKLB,us-gaap,AvailableForSaleSecuritiesDebtSecurities,revenue_candidate_VERIFY_scope_and_currency,USD,,2026-03-31,2026-05-07,1372205000,10-Q,0001819994-26-000028,,False,
RKLB,us-gaap,AvailableForSaleSecuritiesDebtSecurities,revenue_candidate_VERIFY_scope_and_currency,USD,,2026-06-30,2026-08-10,2297120000,10-Q,0001819994-26-000062,,False,
RKLB,us-gaap,FinanceLeaseWeightedAverageDiscountRatePercent,weighted_average_NOT_outstanding,pure,,2022-12-31,2023-03-07,0.062,10-K,0000950170-23-006499,,False,
RKLB,us-gaap,FinanceLeaseWeightedAverageDiscountRatePercent,weighted_average_NOT_outstanding,pure,,2022-12-31,2024-02-28,0.062,10-K,0000950170-24-022160,,False,
RKLB,us-gaap,FinanceLeaseWeightedAverageDiscountRatePercent,weighted_average_NOT_outstanding,pure,,2023-12-31,2024-02-28,0.062,10-K,0000950170-24-022160,,False,
RKLB,us-gaap,FinanceLeaseWeightedAverageDiscountRatePercent,weighted_average_NOT_outstanding,pure,,2023-12-31,2025-02-27,0.062,10-K,0001628280-25-008724,,False,
RKLB,us-gaap,FinanceLeaseWeightedAverageDiscountRatePercent,weighted_average_NOT_outstanding,pure,,2024-12-31,2025-02-27,0.062,10-K,0001628280-25-008724,,False,
RKLB,us-gaap,FinanceLeaseWeightedAverageDiscountRatePercent,weighted_average_NOT_outstanding,pure,,2024-12-31,2026-02-26,0.062,10-K,0001819994-26-000013,,False,
RKLB,us-gaap,FinanceLeaseWeightedAverageDiscountRatePercent,weighted_average_NOT_outstanding,pure,,2025-12-31,2026-02-26,0.062,10-K,0001819994-26-000013,,False,
RKLB,us-gaap,ShareBasedCompensationArrangementByShareBasedPaymentAwardNumberOfSharesAvailableForGrant,other_share_concept_NOT_automatically_outstanding,shares,,2024-03-31,2024-05-06,76406661,10-Q,0000950170-24-053646,,False,
RKLB,us-gaap,ShareBasedCompensationArrangementByShareBasedPaymentAwardNumberOfSharesAvailableForGrant,other_share_concept_NOT_automatically_outstanding,shares,,2024-06-30,2024-08-08,95254696,10-Q,0000950170-24-094122,,False,
RKLB,us-gaap,ShareBasedCompensationArrangementByShareBasedPaymentAwardNumberOfSharesAvailableForGrant,other_share_concept_NOT_automatically_outstanding,shares,,2024-09-30,2024-11-12,92990555,10-Q,0000950170-24-125529,,False,
RKLB,us-gaap,GainsLossesOnSalesOfAssets,revenue_candidate_VERIFY_scope_and_currency,USD,2024-01-01,2024-06-30,2024-08-08,1230000,10-Q,0000950170-24-094122,182,False,
RKLB,us-gaap,GainsLossesOnSalesOfAssets,revenue_candidate_VERIFY_scope_and_currency,USD,2024-04-01,2024-06-30,2024-08-08,1230000,10-Q,0000950170-24-094122,91,False,
RKLB,us-gaap,GainsLossesOnSalesOfAssets,revenue_candidate_VERIFY_scope_and_currency,USD,2024-01-01,2024-09-30,2024-11-12,2056000,10-Q,0000950170-24-125529,274,False,
RKLB,us-gaap,StockIssuedDuringPeriodSharesAcquisitions,other_share_concept_NOT_automatically_outstanding,shares,2023-01-01,2023-03-31,2024-08-08,123933,10-Q,0000950170-24-094122,90,False,
RKLB,us-gaap,ShareBasedCompensationArrangementByShareBasedPaymentAwardNumberOfSharesAuthorized,other_share_concept_NOT_automatically_outstanding,shares,,2024-09-30,2024-11-12,115888766,10-Q,0000950170-24-125529,,False,
RKLB,us-gaap,AvailableForSaleSecuritiesDebtMaturitiesWithinOneYearAmortizedCost,revenue_candidate_VERIFY_scope_and_currency,USD,,2024-12-31,2025-02-27,359492000,10-K,0001628280-25-008724,,False,
RKLB,us-gaap,AvailableForSaleSecuritiesDebtMaturitiesWithinOneYearAmortizedCost,revenue_candidate_VERIFY_scope_and_currency,USD,,2025-03-31,2025-05-08,331763000,10-Q,0001628280-25-023857,,False,
RKLB,us-gaap,AvailableForSaleSecuritiesDebtMaturitiesWithinOneYearAmortizedCost,revenue_candidate_VERIFY_scope_and_currency,USD,,2025-06-30,2025-08-07,614394000,10-Q,0001628280-25-038936,,False,
RKLB,us-gaap,AvailableForSaleSecuritiesDebtMaturitiesWithinOneYearAmortizedCost,revenue_candidate_VERIFY_scope_and_currency,USD,,2025-09-30,2025-11-10,860917000,10-Q,0001819994-25-000021,,False,
RKLB,us-gaap,AvailableForSaleSecuritiesDebtMaturitiesWithinOneYearAmortizedCost,revenue_candidate_VERIFY_scope_and_currency,USD,,2025-12-31,2026-02-26,930713000,10-K,0001819994-26-000013,,False,
RKLB,us-gaap,AvailableForSaleSecuritiesDebtMaturitiesWithinOneYearAmortizedCost,revenue_candidate_VERIFY_scope_and_currency,USD,,2026-03-31,2026-05-07,1278754000,10-Q,0001819994-26-000028,,False,
RKLB,us-gaap,AvailableForSaleSecuritiesDebtMaturitiesWithinOneYearAmortizedCost,revenue_candidate_VERIFY_scope_and_currency,USD,,2026-06-30,2026-08-10,2211898000,10-Q,0001819994-26-000062,,False,
RKLB,us-gaap,AvailableForSaleSecuritiesDebtMaturitiesWithinOneYearFairValue,revenue_candidate_VERIFY_scope_and_currency,USD,,2024-12-31,2025-02-27,359568000,10-K,0001628280-25-008724,,False,
RKLB,us-gaap,AvailableForSaleSecuritiesDebtMaturitiesWithinOneYearFairValue,revenue_candidate_VERIFY_scope_and_currency,USD,,2025-03-31,2025-05-08,331877000,10-Q,0001628280-25-023857,,False,
RKLB,us-gaap,AvailableForSaleSecuritiesDebtMaturitiesWithinOneYearFairValue,revenue_candidate_VERIFY_scope_and_currency,USD,,2025-06-30,2025-08-07,614488000,10-Q,0001628280-25-038936,,False,
RKLB,us-gaap,AvailableForSaleSecuritiesDebtMaturitiesWithinOneYearFairValue,revenue_candidate_VERIFY_scope_and_currency,USD,,2025-09-30,2025-11-10,861183000,10-Q,0001819994-25-000021,,False,
RKLB,us-gaap,AvailableForSaleSecuritiesDebtMaturitiesWithinOneYearFairValue,revenue_candidate_VERIFY_scope_and_currency,USD,,2025-12-31,2026-02-26,930971000,10-K,0001819994-26-000013,,False,
RKLB,us-gaap,AvailableForSaleSecuritiesDebtMaturitiesWithinOneYearFairValue,revenue_candidate_VERIFY_scope_and_currency,USD,,2026-03-31,2026-05-07,1278711000,10-Q,0001819994-26-000028,,False,
RKLB,us-gaap,AvailableForSaleSecuritiesDebtMaturitiesWithinOneYearFairValue,revenue_candidate_VERIFY_scope_and_currency,USD,,2026-06-30,2026-08-10,2211715000,10-Q,0001819994-26-000062,,False,
RKLB,us-gaap,BusinessAcquisitionsProFormaRevenue,revenue_candidate_VERIFY_scope_and_currency,USD,2022-01-01,2022-12-31,2025-02-27,210996000,10-K,0001628280-25-008724,365,False,
RKLB,us-gaap,BusinessAcquisitionsProFormaRevenue,revenue_candidate_VERIFY_scope_and_currency,USD,2023-01-01,2023-12-31,2025-02-27,244592000,10-K,0001628280-25-008724,365,False,
RKLB,us-gaap,BusinessAcquisitionsProFormaRevenue,revenue_candidate_VERIFY_scope_and_currency,USD,2024-01-01,2024-12-31,2025-02-27,436214000,10-K,0001628280-25-008724,366,False,
RKLB,us-gaap,TreasuryStockCommonShares,other_share_concept_NOT_automatically_outstanding,shares,,2024-12-31,2025-05-08,0,10-Q,0001628280-25-023857,,False,
RKLB,us-gaap,TreasuryStockCommonShares,other_share_concept_NOT_automatically_outstanding,shares,,2024-12-31,2025-08-07,0,10-Q,0001628280-25-038936,,False,
RKLB,us-gaap,TreasuryStockCommonShares,other_share_concept_NOT_automatically_outstanding,shares,,2024-12-31,2025-11-10,0,10-Q,0001819994-25-000021,,False,
RKLB,us-gaap,TreasuryStockCommonShares,other_share_concept_NOT_automatically_outstanding,shares,,2024-12-31,2026-02-26,0,10-K,0001819994-26-000013,,False,
RKLB,us-gaap,TreasuryStockCommonShares,other_share_concept_NOT_automatically_outstanding,shares,,2025-03-31,2025-05-08,50951250,10-Q,0001628280-25-023857,,False,
RKLB,us-gaap,TreasuryStockCommonShares,other_share_concept_NOT_automatically_outstanding,shares,,2025-06-30,2025-08-07,45951250,10-Q,0001628280-25-038936,,False,
RKLB,us-gaap,TreasuryStockCommonShares,other_share_concept_NOT_automatically_outstanding,shares,,2025-09-30,2025-11-10,45951250,10-Q,0001819994-25-000021,,False,
RKLB,us-gaap,TreasuryStockCommonShares,other_share_concept_NOT_automatically_outstanding,shares,,2025-12-31,2026-02-26,45951250,10-K,0001819994-26-000013,,False,
RKLB,us-gaap,TreasuryStockCommonShares,other_share_concept_NOT_automatically_outstanding,shares,,2025-12-31,2026-05-07,45951250,10-Q,0001819994-26-000028,,False,
RKLB,us-gaap,TreasuryStockCommonShares,other_share_concept_NOT_automatically_outstanding,shares,,2025-12-31,2026-08-10,45951250,10-Q,0001819994-26-000062,,False,
RKLB,us-gaap,TreasuryStockCommonShares,other_share_concept_NOT_automatically_outstanding,shares,,2026-03-31,2026-05-07,45951250,10-Q,0001819994-26-000028,,False,
RKLB,us-gaap,TreasuryStockCommonShares,other_share_concept_NOT_automatically_outstanding,shares,,2026-06-30,2026-08-10,40951250,10-Q,0001819994-26-000062,,False,
RKLB,us-gaap,ContractWithCustomerLiabilityCumulativeCatchUpAdjustmentToRevenueChangeInEstimateOfTransactionPrice,revenue_candidate_VERIFY_scope_and_currency,USD,2025-04-01,2025-06-30,2025-08-07,6421000,10-Q,0001628280-25-038936,91,False,
RKLB,us-gaap,ContractWithCustomerLiabilityCumulativeCatchUpAdjustmentToRevenueChangeInEstimateOfTransactionPrice,revenue_candidate_VERIFY_scope_and_currency,USD,2025-01-01,2025-09-30,2025-11-10,-4712000,10-Q,0001819994-25-000021,273,False,
RKLB,us-gaap,ContractWithCustomerLiabilityCumulativeCatchUpAdjustmentToRevenueChangeInEstimateOfTransactionPrice,revenue_candidate_VERIFY_scope_and_currency,USD,2025-07-01,2025-09-30,2025-11-10,10302000,10-Q,0001819994-25-000021,92,False,
RKLB,us-gaap,ContractWithCustomerLiabilityCumulativeCatchUpAdjustmentToRevenueChangeInEstimateOfTransactionPrice,revenue_candidate_VERIFY_scope_and_currency,USD,2025-01-01,2025-12-31,2026-02-26,-7915000,10-K,0001819994-26-000013,365,False,
RKLB,us-gaap,ContractWithCustomerLiabilityRevenueRecognized,revenue_candidate_VERIFY_scope_and_currency,USD,2026-01-01,2026-06-30,2026-08-10,126544000,10-Q,0001819994-26-000062,181,False,
RKLB,us-gaap,ContractWithCustomerLiabilityRevenueRecognized,revenue_candidate_VERIFY_scope_and_currency,USD,2026-04-01,2026-06-30,2026-08-10,41323000,10-Q,0001819994-26-000062,91,False,
SPCX,us-gaap,CommonStockSharesAuthorized,other_share_concept_NOT_automatically_outstanding,shares,,2026-06-30,2026-08-04,52257000000,10-Q,0001628280-26-052535,,False,
SPCX,us-gaap,ContractWithCustomerLiabilityRevenueRecognized,revenue_candidate_VERIFY_scope_and_currency,USD,2026-01-01,2026-06-30,2026-08-04,2480000000,10-Q,0001628280-26-052535,181,False,
SPCX,us-gaap,ContractWithCustomerLiabilityRevenueRecognized,revenue_candidate_VERIFY_scope_and_currency,USD,2026-04-01,2026-06-30,2026-08-04,1315000000,10-Q,0001628280-26-052535,91,False,
SPCX,us-gaap,CostOfRevenue,revenue_candidate_VERIFY_scope_and_currency,USD,2025-01-01,2025-06-30,2026-08-04,4244000000,10-Q,0001628280-26-052535,181,False,
SPCX,us-gaap,CostOfRevenue,revenue_candidate_VERIFY_scope_and_currency,USD,2025-04-01,2025-06-30,2026-08-04,2282000000,10-Q,0001628280-26-052535,91,False,
SPCX,us-gaap,CostOfRevenue,revenue_candidate_VERIFY_scope_and_currency,USD,2026-01-01,2026-06-30,2026-08-04,5883000000,10-Q,0001628280-26-052535,181,False,
SPCX,us-gaap,CostOfRevenue,revenue_candidate_VERIFY_scope_and_currency,USD,2026-04-01,2026-06-30,2026-08-04,3495000000,10-Q,0001628280-26-052535,91,False,
SPCX,us-gaap,GainLossOnSalesOfAssetsAndAssetImpairmentCharges,revenue_candidate_VERIFY_scope_and_currency,USD,2025-01-01,2025-06-30,2026-08-04,-54000000,10-Q,0001628280-26-052535,181,False,
SPCX,us-gaap,GainLossOnSalesOfAssetsAndAssetImpairmentCharges,revenue_candidate_VERIFY_scope_and_currency,USD,2026-01-01,2026-06-30,2026-08-04,-40000000,10-Q,0001628280-26-052535,181,False,
SPCX,us-gaap,OtherComprehensiveIncomeAvailableforsaleSecuritiesAdjustmentNetOfTaxPortionAttributableToParent,revenue_candidate_VERIFY_scope_and_currency,USD,2025-01-01,2025-06-30,2026-08-04,0,10-Q,0001628280-26-052535,181,False,
SPCX,us-gaap,OtherComprehensiveIncomeAvailableforsaleSecuritiesAdjustmentNetOfTaxPortionAttributableToParent,revenue_candidate_VERIFY_scope_and_currency,USD,2025-04-01,2025-06-30,2026-08-04,-2000000,10-Q,0001628280-26-052535,91,False,
SPCX,us-gaap,OtherComprehensiveIncomeAvailableforsaleSecuritiesAdjustmentNetOfTaxPortionAttributableToParent,revenue_candidate_VERIFY_scope_and_currency,USD,2026-01-01,2026-06-30,2026-08-04,-1000000,10-Q,0001628280-26-052535,181,False,
SPCX,us-gaap,OtherComprehensiveIncomeAvailableforsaleSecuritiesAdjustmentNetOfTaxPortionAttributableToParent,revenue_candidate_VERIFY_scope_and_currency,USD,2026-04-01,2026-06-30,2026-08-04,2000000,10-Q,0001628280-26-052535,91,False,
SPCX,us-gaap,PreferredStockSharesAuthorized,other_share_concept_NOT_automatically_outstanding,shares,,2026-06-30,2026-08-04,2400000000,10-Q,0001628280-26-052535,,False,
SPCX,us-gaap,PreferredStockSharesIssued,other_share_concept_NOT_automatically_outstanding,shares,,2025-12-31,2026-08-04,0,10-Q,0001628280-26-052535,,False,
SPCX,us-gaap,PreferredStockSharesIssued,other_share_concept_NOT_automatically_outstanding,shares,,2026-06-30,2026-08-04,0,10-Q,0001628280-26-052535,,False,
SPCX,us-gaap,PreferredStockSharesOutstanding,shares_outstanding_candidate_VERIFY_classes_and_ADS,shares,,2025-12-31,2026-08-04,0,10-Q,0001628280-26-052535,,False,
SPCX,us-gaap,PreferredStockSharesOutstanding,shares_outstanding_candidate_VERIFY_classes_and_ADS,shares,,2026-06-30,2026-08-04,0,10-Q,0001628280-26-052535,,False,
SPCX,us-gaap,ProceedsFromIssuanceOfSharesUnderIncentiveAndShareBasedCompensationPlansIncludingStockOptions,other_share_concept_NOT_automatically_outstanding,USD,2025-01-01,2025-06-30,2026-08-04,155000000,10-Q,0001628280-26-052535,181,False,
SPCX,us-gaap,ProceedsFromIssuanceOfSharesUnderIncentiveAndShareBasedCompensationPlansIncludingStockOptions,other_share_concept_NOT_automatically_outstanding,USD,2026-01-01,2026-06-30,2026-08-04,316000000,10-Q,0001628280-26-052535,181,False,
SPCX,us-gaap,RevenueFromContractWithCustomerExcludingAssessedTax,revenue_candidate_VERIFY_scope_and_currency,USD,2025-01-01,2025-06-30,2026-08-04,8138000000,10-Q,0001628280-26-052535,181,True,
SPCX,us-gaap,RevenueFromContractWithCustomerExcludingAssessedTax,revenue_candidate_VERIFY_scope_and_currency,USD,2025-04-01,2025-06-30,2026-08-04,4071000000,10-Q,0001628280-26-052535,91,True,
SPCX,us-gaap,RevenueFromContractWithCustomerExcludingAssessedTax,revenue_candidate_VERIFY_scope_and_currency,USD,2026-01-01,2026-06-30,2026-08-04,12508000000,10-Q,0001628280-26-052535,181,True,
SPCX,us-gaap,RevenueFromContractWithCustomerExcludingAssessedTax,revenue_candidate_VERIFY_scope_and_currency,USD,2026-04-01,2026-06-30,2026-08-04,7814000000,10-Q,0001628280-26-052535,91,True,
SPCX,us-gaap,RevenueRemainingPerformanceObligation,revenue_candidate_VERIFY_scope_and_currency,USD,,2026-06-30,2026-08-04,47461000000,10-Q,0001628280-26-052535,,False,
SPCX,us-gaap,StockRepurchasedAndRetiredDuringPeriodShares,other_share_concept_NOT_automatically_outstanding,shares,2025-01-01,2025-06-30,2026-08-04,28200000,10-Q,0001628280-26-052535,181,False,
SPCX,us-gaap,StockRepurchasedAndRetiredDuringPeriodShares,other_share_concept_NOT_automatically_outstanding,shares,2025-04-01,2025-06-30,2026-08-04,300000,10-Q,0001628280-26-052535,91,False,
SPCX,us-gaap,StockRepurchasedAndRetiredDuringPeriodShares,other_share_concept_NOT_automatically_outstanding,shares,2026-04-01,2026-06-30,2026-08-04,10500000,10-Q,0001628280-26-052535,91,False,
SPCX,us-gaap,TemporaryEquitySharesIssued,other_share_concept_NOT_automatically_outstanding,shares,,2025-12-31,2026-08-04,2351000000,10-Q,0001628280-26-052535,,False,
SPCX,us-gaap,TemporaryEquitySharesIssued,other_share_concept_NOT_automatically_outstanding,shares,,2026-06-30,2026-08-04,0,10-Q,0001628280-26-052535,,False,
SPCX,us-gaap,TemporaryEquitySharesOutstanding,shares_outstanding_candidate_VERIFY_classes_and_ADS,shares,,2024-12-31,2026-08-04,1748000000,10-Q,0001628280-26-052535,,False,
SPCX,us-gaap,TemporaryEquitySharesOutstanding,shares_outstanding_candidate_VERIFY_classes_and_ADS,shares,,2025-03-31,2026-08-04,1748000000,10-Q,0001628280-26-052535,,False,
SPCX,us-gaap,TemporaryEquitySharesOutstanding,shares_outstanding_candidate_VERIFY_classes_and_ADS,shares,,2025-06-30,2026-08-04,1893000000,10-Q,0001628280-26-052535,,False,
SPCX,us-gaap,TemporaryEquitySharesOutstanding,shares_outstanding_candidate_VERIFY_classes_and_ADS,shares,,2025-12-31,2026-08-04,2046000000,10-Q,0001628280-26-052535,,False,
SPCX,us-gaap,TemporaryEquitySharesOutstanding,shares_outstanding_candidate_VERIFY_classes_and_ADS,shares,,2026-03-31,2026-08-04,135000000,10-Q,0001628280-26-052535,,False,
SPCX,us-gaap,TemporaryEquitySharesOutstanding,shares_outstanding_candidate_VERIFY_classes_and_ADS,shares,,2026-06-30,2026-08-04,0,10-Q,0001628280-26-052535,,False,
SPCX,us-gaap,WeightedAverageNumberOfDilutedSharesOutstanding,weighted_average_NOT_outstanding,shares,2025-01-01,2025-06-30,2026-08-04,2902000000,10-Q,0001628280-26-052535,181,False,
SPCX,us-gaap,WeightedAverageNumberOfDilutedSharesOutstanding,weighted_average_NOT_outstanding,shares,2025-04-01,2025-06-30,2026-08-04,2929000000,10-Q,0001628280-26-052535,91,False,
SPCX,us-gaap,WeightedAverageNumberOfDilutedSharesOutstanding,weighted_average_NOT_outstanding,shares,2026-01-01,2026-06-30,2026-08-04,4879000000,10-Q,0001628280-26-052535,181,False,
SPCX,us-gaap,WeightedAverageNumberOfDilutedSharesOutstanding,weighted_average_NOT_outstanding,shares,2026-04-01,2026-06-30,2026-08-04,5864000000,10-Q,0001628280-26-052535,91,False,
SPCX,us-gaap,WeightedAverageNumberOfSharesOutstandingBasic,weighted_average_NOT_outstanding,shares,2025-01-01,2025-06-30,2026-08-04,2902000000,10-Q,0001628280-26-052535,181,False,
SPCX,us-gaap,WeightedAverageNumberOfSharesOutstandingBasic,weighted_average_NOT_outstanding,shares,2025-04-01,2025-06-30,2026-08-04,2929000000,10-Q,0001628280-26-052535,91,False,
SPCX,us-gaap,WeightedAverageNumberOfSharesOutstandingBasic,weighted_average_NOT_outstanding,shares,2026-01-01,2026-06-30,2026-08-04,4879000000,10-Q,0001628280-26-052535,181,False,
SPCX,us-gaap,WeightedAverageNumberOfSharesOutstandingBasic,weighted_average_NOT_outstanding,shares,2026-04-01,2026-06-30,2026-08-04,5864000000,10-Q,0001628280-26-052535,91,False,
